solid ITK-SNAP coord sys for 3D Slicer: SPACE=RAS
 facet normal 0.23825666166376355 0.80155332858338235 0.54840315882545665
  outer loop
   vertex -48.391082763671875 52.945453643798828 -42.640678405761719
   vertex -48.681442260742188 53.031761169433594 -42.640678405761719
   vertex -48.681442260742188 52.945453643798828 -42.514530181884766
  endloop
 endfacet
 facet normal -0.06387066258455619 0.82363557619614192 0.56351129188780158
  outer loop
   vertex -48.681442260742188 52.945453643798828 -42.514530181884766
   vertex -48.681442260742188 53.031761169433594 -42.640678405761719
   vertex -49.036781311035156 52.945453643798828 -42.554805755615234
  endloop
 endfacet
 facet normal -0.069275918406383655 0.78843842655312302 0.61120020833061539
  outer loop
   vertex -48.681442260742188 52.945453643798828 -42.514530181884766
   vertex -49.036781311035156 52.945453643798828 -42.554805755615234
   vertex -48.681442260742188 52.767784118652344 -42.28533935546875
  endloop
 endfacet
 facet normal -0.043511404821359179 0.80674509536417338 0.58929543418927199
  outer loop
   vertex -48.681442260742188 52.767784118652344 -42.28533935546875
   vertex -49.036781311035156 52.945453643798828 -42.554805755615234
   vertex -49.036781311035156 52.748619079589844 -42.28533935546875
  endloop
 endfacet
 facet normal -0.039542413901976187 0.73315602208779485 0.67890989444786087
  outer loop
   vertex -48.681442260742188 52.767784118652344 -42.28533935546875
   vertex -49.036781311035156 52.748619079589844 -42.28533935546875
   vertex -49.036781311035156 52.590114593505859 -42.114170074462891
  endloop
 endfacet
 facet normal -0.030576965678260543 0.73338679654159522 0.67912359392703137
  outer loop
   vertex -49.036781311035156 52.590114593505859 -42.114170074462891
   vertex -49.036781311035156 52.748619079589844 -42.28533935546875
   vertex -49.392120361328125 52.590114593505859 -42.130168914794922
  endloop
 endfacet
 facet normal -0.031244647038242965 0.71934206693339631 0.69395299752320749
  outer loop
   vertex -49.036781311035156 52.590114593505859 -42.114170074462891
   vertex -49.392120361328125 52.590114593505859 -42.130168914794922
   vertex -49.036781311035156 52.412445068359375 -41.930000305175781
  endloop
 endfacet
 facet normal 0 0.74788801912813263 0.66382490978013031
  outer loop
   vertex -49.036781311035156 52.412445068359375 -41.930000305175781
   vertex -49.392120361328125 52.590114593505859 -42.130168914794922
   vertex -49.392120361328125 52.412445068359375 -41.930000305175781
  endloop
 endfacet
 facet normal -0 0.70710678118654746 0.70710678118654746
  outer loop
   vertex -49.036781311035156 52.412445068359375 -41.930000305175781
   vertex -49.392120361328125 52.412445068359375 -41.930000305175781
   vertex -49.392120361328125 52.234775543212891 -41.752330780029297
  endloop
 endfacet
 facet normal 0 0.70710678118654746 0.70710678118654746
  outer loop
   vertex -49.392120361328125 52.234775543212891 -41.752330780029297
   vertex -49.392120361328125 52.412445068359375 -41.930000305175781
   vertex -49.747459411621094 52.234775543212891 -41.752330780029297
  endloop
 endfacet
 facet normal -0 0.69429197389458752 0.71969344514561007
  outer loop
   vertex -49.392120361328125 52.234775543212891 -41.752330780029297
   vertex -49.747459411621094 52.234775543212891 -41.752330780029297
   vertex -49.392120361328125 52.050605773925781 -41.574661254882812
  endloop
 endfacet
 facet normal 0.012934075856591551 0.70704763265346415 0.70704763265346415
  outer loop
   vertex -49.392120361328125 52.050605773925781 -41.574661254882812
   vertex -49.747459411621094 52.234775543212891 -41.752330780029297
   vertex -49.747459411621094 52.057106018066406 -41.574661254882812
  endloop
 endfacet
 facet normal 0.012934075856591551 0.70704763265346415 0.70704763265346415
  outer loop
   vertex -49.392120361328125 52.050605773925781 -41.574661254882812
   vertex -49.747459411621094 52.057106018066406 -41.574661254882812
   vertex -49.747459411621094 51.879436492919922 -41.396991729736328
  endloop
 endfacet
 facet normal 0 0.70710678118654746 0.70710678118654746
  outer loop
   vertex -49.747459411621094 51.879436492919922 -41.396991729736328
   vertex -49.747459411621094 52.057106018066406 -41.574661254882812
   vertex -50.102798461914062 51.879436492919922 -41.396991729736328
  endloop
 endfacet
 facet normal -0 0.69429197389458752 0.71969344514561007
  outer loop
   vertex -49.747459411621094 51.879436492919922 -41.396991729736328
   vertex -50.102798461914062 51.879436492919922 -41.396991729736328
   vertex -49.747459411621094 51.695266723632812 -41.219322204589844
  endloop
 endfacet
 facet normal 0.012934075856591551 0.70704763265346415 0.70704763265346415
  outer loop
   vertex -49.747459411621094 51.695266723632812 -41.219322204589844
   vertex -50.102798461914062 51.879436492919922 -41.396991729736328
   vertex -50.102798461914062 51.701766967773438 -41.219322204589844
  endloop
 endfacet
 facet normal 0.012934075856591551 0.70704763265346415 0.70704763265346415
  outer loop
   vertex -49.747459411621094 51.695266723632812 -41.219322204589844
   vertex -50.102798461914062 51.701766967773438 -41.219322204589844
   vertex -50.102798461914062 51.524097442626953 -41.041652679443359
  endloop
 endfacet
 facet normal -0.012934075856591551 0.70704763265346415 0.70704763265346415
  outer loop
   vertex -50.102798461914062 51.524097442626953 -41.041652679443359
   vertex -50.102798461914062 51.701766967773438 -41.219322204589844
   vertex -50.458137512207031 51.524097442626953 -41.048152923583984
  endloop
 endfacet
 facet normal -0.013920916368571986 0.64860983021805152 0.76099375571154959
  outer loop
   vertex -50.102798461914062 51.524097442626953 -41.041652679443359
   vertex -50.458137512207031 51.524097442626953 -41.048152923583984
   vertex -50.102798461914062 51.315643310546875 -40.863983154296875
  endloop
 endfacet
 facet normal 0 0.66210592369902477 0.74941026534379762
  outer loop
   vertex -50.102798461914062 51.315643310546875 -40.863983154296875
   vertex -50.458137512207031 51.524097442626953 -41.048152923583984
   vertex -50.458137512207031 51.315643310546875 -40.863983154296875
  endloop
 endfacet
 facet normal -0 0.58718629588266025 0.80945182310474839
  outer loop
   vertex -50.102798461914062 51.315643310546875 -40.863983154296875
   vertex -50.458137512207031 51.315643310546875 -40.863983154296875
   vertex -50.458137512207031 51.168758392333984 -40.757431030273438
  endloop
 endfacet
 facet normal -0.12693895947852271 0.58243627026601563 0.80290378729030965
  outer loop
   vertex -50.458137512207031 51.168758392333984 -40.757431030273438
   vertex -50.458137512207031 51.315643310546875 -40.863983154296875
   vertex -50.8134765625 51.168758392333984 -40.813610076904297
  endloop
 endfacet
 facet normal -0.13912235824558705 0.45420941853779256 0.87996521155540397
  outer loop
   vertex -50.458137512207031 51.168758392333984 -40.757431030273438
   vertex -50.8134765625 51.168758392333984 -40.813610076904297
   vertex -50.8134765625 50.813419342041016 -40.630195617675781
  endloop
 endfacet
 facet normal -0.13897413097038219 0.45421896480096158 0.8799837060628849
  outer loop
   vertex -50.8134765625 50.813419342041016 -40.630195617675781
   vertex -50.8134765625 51.168758392333984 -40.813610076904297
   vertex -51.168815612792969 50.813419342041016 -40.686313629150391
  endloop
 endfacet
 facet normal -0.13109084634353055 0.5420372108367274 0.83006677567125764
  outer loop
   vertex -50.8134765625 50.813419342041016 -40.630195617675781
   vertex -51.168815612792969 50.813419342041016 -40.686313629150391
   vertex -50.8134765625 50.627277374267578 -40.508644104003906
  endloop
 endfacet
 facet normal -0.12300228261028284 0.5522297390181149 0.82456822265755836
  outer loop
   vertex -50.8134765625 50.627277374267578 -40.508644104003906
   vertex -51.168815612792969 50.813419342041016 -40.686313629150391
   vertex -51.168815612792969 50.548130035400391 -40.508644104003906
  endloop
 endfacet
 facet normal -0.1230001258056642 0.55222005585105172 0.82457502931367743
  outer loop
   vertex -50.8134765625 50.627277374267578 -40.508644104003906
   vertex -51.168815612792969 50.548130035400391 -40.508644104003906
   vertex -51.168815612792969 50.458080291748047 -40.448337554931641
  endloop
 endfacet
 facet normal -0.29530652257939233 0.53162930145117493 0.79382891328081695
  outer loop
   vertex -51.168815612792969 50.458080291748047 -40.448337554931641
   vertex -51.168815612792969 50.548130035400391 -40.508644104003906
   vertex -51.330928802490234 50.458080291748047 -40.508644104003906
  endloop
 endfacet
 facet normal -0.30928925385553185 0.46161299103688608 0.83141662477693323
  outer loop
   vertex -51.168815612792969 50.458080291748047 -40.448337554931641
   vertex -51.330928802490234 50.458080291748047 -40.508644104003906
   vertex -51.524154663085938 50.102741241455078 -40.383235931396484
  endloop
 endfacet
 facet normal -0.28061969420673522 0.45151772086826208 0.84698543964182071
  outer loop
   vertex -51.524154663085938 50.102741241455078 -40.383235931396484
   vertex -51.330928802490234 50.458080291748047 -40.508644104003906
   vertex -51.524154663085938 50.337989807128906 -40.508644104003906
  endloop
 endfacet
 facet normal -0.21576135664025792 0.45933942914713444 0.8616578937209014
  outer loop
   vertex -51.524154663085938 50.102741241455078 -40.383235931396484
   vertex -51.524154663085938 50.337989807128906 -40.508644104003906
   vertex -51.879493713378906 50.102741241455078 -40.472213745117188
  endloop
 endfacet
 facet normal -0.25422127078913664 0.51114229476155493 0.82103903682117818
  outer loop
   vertex -51.879493713378906 50.102741241455078 -40.472213745117188
   vertex -51.524154663085938 50.337989807128906 -40.508644104003906
   vertex -51.879493713378906 50.161258697509766 -40.508644104003906
  endloop
 endfacet
 facet normal -0.42218170608524414 0.47909642369830052 0.76956430780439056
  outer loop
   vertex -51.879493713378906 50.102741241455078 -40.472213745117188
   vertex -51.879493713378906 50.161258697509766 -40.508644104003906
   vertex -51.945899963378906 50.102741241455078 -40.508644104003906
  endloop
 endfacet
 facet normal -0.39180671421031082 0.44462655025900205 0.80547795097351904
  outer loop
   vertex -51.945899963378906 50.102741241455078 -40.508644104003906
   vertex -51.879493713378906 50.161258697509766 -40.508644104003906
   vertex -52.234832763671875 50.102741241455078 -40.649188995361328
  endloop
 endfacet
 facet normal -0.43710231727934218 0.038278803826745485 0.89859684920804317
  outer loop
   vertex -51.945899963378906 50.102741241455078 -40.508644104003906
   vertex -52.234832763671875 50.102741241455078 -40.649188995361328
   vertex -52.234832763671875 49.747406005859375 -40.634052276611328
  endloop
 endfacet
 facet normal -0.14538022392632596 0.042107658504171495 0.98847940574724558
  outer loop
   vertex -52.234832763671875 49.747406005859375 -40.634052276611328
   vertex -52.234832763671875 50.102741241455078 -40.649188995361328
   vertex -52.590171813964844 49.747406005859375 -40.686313629150391
  endloop
 endfacet
 facet normal -0.14399288659414911 -0.14399288659414911 0.97904652454342989
  outer loop
   vertex -52.234832763671875 49.747406005859375 -40.634052276611328
   vertex -52.590171813964844 49.747406005859375 -40.686313629150391
   vertex -52.590171813964844 49.392066955566406 -40.738574981689453
  endloop
 endfacet
 facet normal -0.17835371066880923 -0.14317624728481698 0.97349397332705856
  outer loop
   vertex -52.590171813964844 49.392066955566406 -40.738574981689453
   vertex -52.590171813964844 49.747406005859375 -40.686313629150391
   vertex -52.945510864257812 49.392066955566406 -40.803676605224609
  endloop
 endfacet
 facet normal -0.1504925138213753 -0.55010806400804235 0.82142140293338273
  outer loop
   vertex -52.590171813964844 49.392066955566406 -40.738574981689453
   vertex -52.945510864257812 49.392066955566406 -40.803676605224609
   vertex -52.945510864257812 49.302017211914062 -40.863983154296875
  endloop
 endfacet
 facet normal -0.34552923406653152 -0.52217274828812366 0.77970838737993842
  outer loop
   vertex -52.945510864257812 49.302017211914062 -40.863983154296875
   vertex -52.945510864257812 49.392066955566406 -40.803676605224609
   vertex -53.081596374511719 49.392066955566406 -40.863983154296875
  endloop
 endfacet
 facet normal -0.34553465149133245 -0.52218093524111642 0.77970050371246802
  outer loop
   vertex -52.945510864257812 49.302017211914062 -40.863983154296875
   vertex -53.081596374511719 49.392066955566406 -40.863983154296875
   vertex -52.945510864257812 49.036727905273438 -41.041652679443359
  endloop
 endfacet
 facet normal -0.34554286307802601 -0.52218192804707209 0.77969619968092896
  outer loop
   vertex -52.945510864257812 49.036727905273438 -41.041652679443359
   vertex -53.081596374511719 49.392066955566406 -40.863983154296875
   vertex -53.300849914550781 49.392066955566406 -40.961151123046875
  endloop
 endfacet
 facet normal -0.26849711255195624 -0.46021068271551335 0.8462360356695896
  outer loop
   vertex -52.945510864257812 49.036727905273438 -41.041652679443359
   vertex -53.300849914550781 49.392066955566406 -40.961151123046875
   vertex -53.300849914550781 49.036727905273438 -41.154396057128906
  endloop
 endfacet
 facet normal -0.43108292092958905 -0.43108292092958905 0.79267586727844019
  outer loop
   vertex -53.300849914550781 49.036727905273438 -41.154396057128906
   vertex -53.300849914550781 49.392066955566406 -40.961151123046875
   vertex -53.65618896484375 49.392066955566406 -41.154396057128906
  endloop
 endfacet
 facet normal -0.47050034359896065 -0.47050034359896065 0.74649772494396782
  outer loop
   vertex -53.300849914550781 49.036727905273438 -41.154396057128906
   vertex -53.65618896484375 49.392066955566406 -41.154396057128906
   vertex -53.65618896484375 49.289054870605469 -41.219322204589844
  endloop
 endfacet
 facet normal -0.57589391297825732 -0.43590844250020661 0.69161407645567441
  outer loop
   vertex -53.65618896484375 49.289054870605469 -41.219322204589844
   vertex -53.65618896484375 49.392066955566406 -41.154396057128906
   vertex -53.734161376953125 49.392066955566406 -41.219322204589844
  endloop
 endfacet
 facet normal -0.60134428419908625 -0.45517246219187246 0.6566605527388385
  outer loop
   vertex -53.65618896484375 49.289054870605469 -41.219322204589844
   vertex -53.734161376953125 49.392066955566406 -41.219322204589844
   vertex -54.011528015136719 49.392066955566406 -41.473323822021484
  endloop
 endfacet
 facet normal -0.66512129645896267 -0.17348134212310207 0.72630426470723397
  outer loop
   vertex -54.011528015136719 49.392066955566406 -41.473323822021484
   vertex -53.734161376953125 49.392066955566406 -41.219322204589844
   vertex -53.82684326171875 49.747406005859375 -41.219322204589844
  endloop
 endfacet
 facet normal -0.63813750499984478 -0.19982560851616321 0.74353900428539599
  outer loop
   vertex -54.011528015136719 49.392066955566406 -41.473323822021484
   vertex -53.82684326171875 49.747406005859375 -41.219322204589844
   vertex -54.011528015136719 49.747406005859375 -41.377826690673828
  endloop
 endfacet
 facet normal -0.65127213807780138 0.0013284276399615912 0.75884309145143736
  outer loop
   vertex -54.011528015136719 49.747406005859375 -41.377826690673828
   vertex -53.82684326171875 49.747406005859375 -41.219322204589844
   vertex -53.826118469238281 50.102741241455078 -41.219322204589844
  endloop
 endfacet
 facet normal -0.59558330535556681 -0.046944929158986515 0.80192063198797636
  outer loop
   vertex -54.011528015136719 49.747406005859375 -41.377826690673828
   vertex -53.826118469238281 50.102741241455078 -41.219322204589844
   vertex -54.011528015136719 50.102741241455078 -41.357025146484375
  endloop
 endfacet
 facet normal -0.58189972678117308 0.21800468776392248 0.78349643527265045
  outer loop
   vertex -54.011528015136719 50.102741241455078 -41.357025146484375
   vertex -53.826118469238281 50.102741241455078 -41.219322204589844
   vertex -53.6929931640625 50.458080291748047 -41.219322204589844
  endloop
 endfacet
 facet normal -0.5725576752227125 0.20569906662830909 0.79364072635658334
  outer loop
   vertex -54.011528015136719 50.102741241455078 -41.357025146484375
   vertex -53.6929931640625 50.458080291748047 -41.219322204589844
   vertex -54.011528015136719 50.458080291748047 -41.449123382568359
  endloop
 endfacet
 facet normal -0.48074233202217376 0.5699425337693429 0.66637250723785391
  outer loop
   vertex -54.011528015136719 50.458080291748047 -41.449123382568359
   vertex -53.6929931640625 50.458080291748047 -41.219322204589844
   vertex -53.65618896484375 50.813419342041016 -41.496688842773438
  endloop
 endfacet
 facet normal -0.49205470837801668 0.57906953967254537 0.65004663847023414
  outer loop
   vertex -54.011528015136719 50.458080291748047 -41.449123382568359
   vertex -53.65618896484375 50.813419342041016 -41.496688842773438
   vertex -53.759197235107422 50.813419342041016 -41.574661254882812
  endloop
 endfacet
 facet normal -0.43593376830298608 0.69158801160246364 0.57590604429968362
  outer loop
   vertex -53.759197235107422 50.813419342041016 -41.574661254882812
   vertex -53.65618896484375 50.813419342041016 -41.496688842773438
   vertex -53.65618896484375 50.878349304199219 -41.574661254882812
  endloop
 endfacet
 facet normal -0.45764660520242062 0.72603438577527557 0.51325788393225702
  outer loop
   vertex -53.759197235107422 50.813419342041016 -41.574661254882812
   vertex -53.65618896484375 50.878349304199219 -41.574661254882812
   vertex -54.011528015136719 50.813419342041016 -41.799652099609375
  endloop
 endfacet
 facet normal -0.45204636353072575 0.73804142235228098 0.50094804532093806
  outer loop
   vertex -54.011528015136719 50.813419342041016 -41.799652099609375
   vertex -53.65618896484375 50.878349304199219 -41.574661254882812
   vertex -54.011528015136719 50.901893615722656 -41.930000305175781
  endloop
 endfacet
 facet normal -0.50780676377348999 0.71278615076298746 0.48380594658021564
  outer loop
   vertex -54.011528015136719 50.813419342041016 -41.799652099609375
   vertex -54.011528015136719 50.901893615722656 -41.930000305175781
   vertex -54.135715484619141 50.813419342041016 -41.930000305175781
  endloop
 endfacet
 facet normal -0.53246066183751939 0.74739174949857479 0.39735527727338715
  outer loop
   vertex -54.135715484619141 50.813419342041016 -41.930000305175781
   vertex -54.011528015136719 50.901893615722656 -41.930000305175781
   vertex -54.366867065429688 50.813419342041016 -42.23974609375
  endloop
 endfacet
 facet normal -0.62537383212756537 0.62538415284961912 0.46669286629929091
  outer loop
   vertex -54.135715484619141 50.813419342041016 -41.930000305175781
   vertex -54.366867065429688 50.813419342041016 -42.23974609375
   vertex -54.366867065429688 50.582271575927734 -41.930000305175781
  endloop
 endfacet
 facet normal -0.72160222776627536 0.55484345988651251 0.41405188069119114
  outer loop
   vertex -54.366867065429688 50.582271575927734 -41.930000305175781
   vertex -54.366867065429688 50.813419342041016 -42.23974609375
   vertex -54.393028259277344 50.813419342041016 -42.28533935546875
  endloop
 endfacet
 facet normal -0.74621336353600598 0.53158189971516923 0.40073220481450234
  outer loop
   vertex -54.366867065429688 50.582271575927734 -41.930000305175781
   vertex -54.393028259277344 50.813419342041016 -42.28533935546875
   vertex -54.455337524414062 50.458080291748047 -41.930000305175781
  endloop
 endfacet
 facet normal -0.84269956878580088 0.44734093695459237 0.29957223318060128
  outer loop
   vertex -54.455337524414062 50.458080291748047 -41.930000305175781
   vertex -54.393028259277344 50.813419342041016 -42.28533935546875
   vertex -54.581657409667969 50.458080291748047 -42.28533935546875
  endloop
 endfacet
 facet normal -0.91520590423754844 0.23779633387290805 0.32534759326808566
  outer loop
   vertex -54.455337524414062 50.458080291748047 -41.930000305175781
   vertex -54.581657409667969 50.458080291748047 -42.28533935546875
   vertex -54.547664642333984 50.102741241455078 -41.930000305175781
  endloop
 endfacet
 facet normal -0.91295365638748771 0.24155293414198628 0.32888873695539372
  outer loop
   vertex -54.547664642333984 50.102741241455078 -41.930000305175781
   vertex -54.581657409667969 50.458080291748047 -42.28533935546875
   vertex -54.675674438476562 50.102741241455078 -42.28533935546875
  endloop
 endfacet
 facet normal -0.93551534313974893 -0.10597599438330665 0.33701651497306018
  outer loop
   vertex -54.547664642333984 50.102741241455078 -41.930000305175781
   vertex -54.675674438476562 50.102741241455078 -42.28533935546875
   vertex -54.507411956787109 49.747406005859375 -41.930000305175781
  endloop
 endfacet
 facet normal -0.94806871288215389 -0.21045010441619658 0.23848788062538517
  outer loop
   vertex -54.507411956787109 49.747406005859375 -41.930000305175781
   vertex -54.675674438476562 50.102741241455078 -42.28533935546875
   vertex -54.596797943115234 49.747406005859375 -42.28533935546875
  endloop
 endfacet
 facet normal -0.92506853558319457 -0.30016313996781596 0.23270215701326266
  outer loop
   vertex -54.507411956787109 49.747406005859375 -41.930000305175781
   vertex -54.596797943115234 49.747406005859375 -42.28533935546875
   vertex -54.392112731933594 49.392066955566406 -41.930000305175781
  endloop
 endfacet
 facet normal -0.92335142646447799 -0.32060069979753747 0.21127549440326232
  outer loop
   vertex -54.392112731933594 49.392066955566406 -41.930000305175781
   vertex -54.596797943115234 49.747406005859375 -42.28533935546875
   vertex -54.473419189453125 49.392066955566406 -42.28533935546875
  endloop
 endfacet
 facet normal -0.79591534775803263 -0.5773667703824793 0.18211636846070539
  outer loop
   vertex -54.392112731933594 49.392066955566406 -41.930000305175781
   vertex -54.473419189453125 49.392066955566406 -42.28533935546875
   vertex -54.366867065429688 49.245182037353516 -42.28533935546875
  endloop
 endfacet
 facet normal -0.80945182310474839 -0.58718629588266025 0
  outer loop
   vertex -54.366867065429688 49.245182037353516 -42.28533935546875
   vertex -54.473419189453125 49.392066955566406 -42.28533935546875
   vertex -54.366867065429688 49.245182037353516 -42.640678405761719
  endloop
 endfacet
 facet normal -0.76106750364821352 -0.64867268702379988 0
  outer loop
   vertex -54.366867065429688 49.245182037353516 -42.28533935546875
   vertex -54.366867065429688 49.245182037353516 -42.640678405761719
   vertex -54.189197540283203 49.036727905273438 -42.28533935546875
  endloop
 endfacet
 facet normal -0.76106750364821352 -0.64867268702379988 0
  outer loop
   vertex -54.189197540283203 49.036727905273438 -42.28533935546875
   vertex -54.366867065429688 49.245182037353516 -42.640678405761719
   vertex -54.189197540283203 49.036727905273438 -42.640678405761719
  endloop
 endfacet
 facet normal -0.70710678118654746 -0.70710678118654746 0
  outer loop
   vertex -54.189197540283203 49.036727905273438 -42.28533935546875
   vertex -54.189197540283203 49.036727905273438 -42.640678405761719
   vertex -54.011528015136719 48.859058380126953 -42.640678405761719
  endloop
 endfacet
 facet normal -0.70704763265346404 -0.70704763265346404 -0.012934075856591549
  outer loop
   vertex -54.011528015136719 48.859058380126953 -42.640678405761719
   vertex -54.189197540283203 49.036727905273438 -42.640678405761719
   vertex -54.011528015136719 48.865558624267578 -42.996017456054688
  endloop
 endfacet
 facet normal -0.69422436243198304 -0.71963826555482857 -0.013164397257170456
  outer loop
   vertex -54.011528015136719 48.859058380126953 -42.640678405761719
   vertex -54.011528015136719 48.865558624267578 -42.996017456054688
   vertex -53.827354431152344 48.681388854980469 -42.640678405761719
  endloop
 endfacet
 facet normal -0.71963100855560869 -0.69423174099458296 0.013171990011672708
  outer loop
   vertex -53.827354431152344 48.681388854980469 -42.640678405761719
   vertex -54.011528015136719 48.865558624267578 -42.996017456054688
   vertex -53.833858489990234 48.681388854980469 -42.996017456054688
  endloop
 endfacet
 facet normal -0.70704756321865581 -0.70704756321865581 0.012941665005773572
  outer loop
   vertex -53.827354431152344 48.681388854980469 -42.640678405761719
   vertex -53.833858489990234 48.681388854980469 -42.996017456054688
   vertex -53.65618896484375 48.503719329833984 -42.996017456054688
  endloop
 endfacet
 facet normal -0.69908863699294899 -0.69908863699294899 -0.15016709111746557
  outer loop
   vertex -53.65618896484375 48.503719329833984 -42.996017456054688
   vertex -53.833858489990234 48.681388854980469 -42.996017456054688
   vertex -53.65618896484375 48.580047607421875 -43.351356506347656
  endloop
 endfacet
 facet normal -0.67250323945645207 -0.72358893910641298 -0.1554298559589932
  outer loop
   vertex -53.65618896484375 48.503719329833984 -42.996017456054688
   vertex -53.65618896484375 48.580047607421875 -43.351356506347656
   vertex -53.465023040771484 48.3260498046875 -42.996017456054688
  endloop
 endfacet
 facet normal -0.66647097753098061 -0.72778903004141537 -0.16167734491967331
  outer loop
   vertex -53.465023040771484 48.3260498046875 -42.996017456054688
   vertex -53.65618896484375 48.580047607421875 -43.351356506347656
   vertex -53.378822326660156 48.3260498046875 -43.351356506347656
  endloop
 endfacet
 facet normal -0.63233715042116578 -0.75935440659236408 -0.15339691452567991
  outer loop
   vertex -53.465023040771484 48.3260498046875 -42.996017456054688
   vertex -53.378822326660156 48.3260498046875 -43.351356506347656
   vertex -53.300849914550781 48.261119842529297 -43.351356506347656
  endloop
 endfacet
 facet normal -0.58882129958385998 -0.70709754794043234 -0.39153867606278991
  outer loop
   vertex -53.300849914550781 48.261119842529297 -43.351356506347656
   vertex -53.378822326660156 48.3260498046875 -43.351356506347656
   vertex -53.300849914550781 48.3260498046875 -43.468616485595703
  endloop
 endfacet
 facet normal -0.6497145263471571 -0.66503111125782455 -0.36824537378312344
  outer loop
   vertex -53.300849914550781 48.261119842529297 -43.351356506347656
   vertex -53.300849914550781 48.3260498046875 -43.468616485595703
   vertex -52.945510864257812 48.110725402832031 -43.706695556640625
  endloop
 endfacet
 facet normal -0.65579048013616825 -0.64067544249564179 -0.39934173779582244
  outer loop
   vertex -52.945510864257812 48.110725402832031 -43.706695556640625
   vertex -53.300849914550781 48.3260498046875 -43.468616485595703
   vertex -53.155872344970703 48.3260498046875 -43.706695556640625
  endloop
 endfacet
 facet normal -0.69171357845285575 -0.67577056450027861 -0.25468896626850546
  outer loop
   vertex -52.945510864257812 48.110725402832031 -43.706695556640625
   vertex -53.155872344970703 48.3260498046875 -43.706695556640625
   vertex -52.945510864257812 48.244647979736328 -44.062034606933594
  endloop
 endfacet
 facet normal -0.74459484995197822 -0.59388932687486151 -0.30475232049832712
  outer loop
   vertex -52.945510864257812 48.244647979736328 -44.062034606933594
   vertex -53.155872344970703 48.3260498046875 -43.706695556640625
   vertex -53.01043701171875 48.3260498046875 -44.062034606933594
  endloop
 endfacet
 facet normal -0.70126756720066841 -0.55933145853860888 -0.44200918393346572
  outer loop
   vertex -52.945510864257812 48.244647979736328 -44.062034606933594
   vertex -53.01043701171875 48.3260498046875 -44.062034606933594
   vertex -52.945510864257812 48.3260498046875 -44.165042877197266
  endloop
 endfacet
 facet normal -0.72605131379143761 -0.51324839789206034 -0.45763038776174014
  outer loop
   vertex -52.945510864257812 48.3260498046875 -44.165042877197266
   vertex -53.01043701171875 48.3260498046875 -44.062034606933594
   vertex -52.945510864257812 48.551036834716797 -44.417373657226562
  endloop
 endfacet
 facet normal -0.67228887869934517 -0.55254465328459379 -0.49266831611519879
  outer loop
   vertex -52.945510864257812 48.3260498046875 -44.165042877197266
   vertex -52.945510864257812 48.551036834716797 -44.417373657226562
   vertex -52.760597229003906 48.3260498046875 -44.417373657226562
  endloop
 endfacet
 facet normal -0.61136114130419272 -0.50246901377743669 -0.61136114130419272
  outer loop
   vertex -52.760597229003906 48.3260498046875 -44.417373657226562
   vertex -52.945510864257812 48.551036834716797 -44.417373657226562
   vertex -52.590171813964844 48.551036834716797 -44.772712707519531
  endloop
 endfacet
 facet normal -0.61136114130419272 -0.50246901377743669 -0.61136114130419272
  outer loop
   vertex -52.760597229003906 48.3260498046875 -44.417373657226562
   vertex -52.590171813964844 48.551036834716797 -44.772712707519531
   vertex -52.590171813964844 48.3260498046875 -44.587799072265625
  endloop
 endfacet
 facet normal -0.51666436579249553 -0.54363684044067706 -0.66145061708030473
  outer loop
   vertex -52.590171813964844 48.3260498046875 -44.587799072265625
   vertex -52.590171813964844 48.551036834716797 -44.772712707519531
   vertex -52.353439331054688 48.3260498046875 -44.772712707519531
  endloop
 endfacet
 facet normal -0.49105449329959727 -0.6030315361055365 -0.62866402081912798
  outer loop
   vertex -52.590171813964844 48.3260498046875 -44.587799072265625
   vertex -52.353439331054688 48.3260498046875 -44.772712707519531
   vertex -52.590171813964844 48.148380279541016 -44.417373657226562
  endloop
 endfacet
 facet normal -0.5455399157797961 -0.5455399157797961 -0.63621725894693071
  outer loop
   vertex -52.590171813964844 48.148380279541016 -44.417373657226562
   vertex -52.353439331054688 48.3260498046875 -44.772712707519531
   vertex -52.234832763671875 48.207443237304688 -44.772712707519531
  endloop
 endfacet
 facet normal -0.5455399157797961 -0.5455399157797961 -0.63621725894693071
  outer loop
   vertex -52.590171813964844 48.148380279541016 -44.417373657226562
   vertex -52.234832763671875 48.207443237304688 -44.772712707519531
   vertex -52.412502288818359 47.970710754394531 -44.417373657226562
  endloop
 endfacet
 facet normal -0.6030315361055365 -0.49105449329959727 -0.62866402081912798
  outer loop
   vertex -52.412502288818359 47.970710754394531 -44.417373657226562
   vertex -52.234832763671875 48.207443237304688 -44.772712707519531
   vertex -52.234832763671875 47.970710754394531 -44.587799072265625
  endloop
 endfacet
 facet normal -0.56133397207900393 -0.58519405832168525 -0.58519405832168525
  outer loop
   vertex -52.412502288818359 47.970710754394531 -44.417373657226562
   vertex -52.234832763671875 47.970710754394531 -44.587799072265625
   vertex -52.234832763671875 47.800285339355469 -44.417373657226562
  endloop
 endfacet
 facet normal -0.43954710172223493 -0.63513712903891206 -0.63513712903891206
  outer loop
   vertex -52.234832763671875 47.800285339355469 -44.417373657226562
   vertex -52.234832763671875 47.970710754394531 -44.587799072265625
   vertex -51.967636108398438 47.970710754394531 -44.772712707519531
  endloop
 endfacet
 facet normal -0.45928212167093774 -0.61544816466558527 -0.6405337534612866
  outer loop
   vertex -52.234832763671875 47.800285339355469 -44.417373657226562
   vertex -51.967636108398438 47.970710754394531 -44.772712707519531
   vertex -51.879493713378906 47.904933929443359 -44.772712707519531
  endloop
 endfacet
 facet normal -0.41318679969843441 -0.55367941737702409 -0.72299085148292508
  outer loop
   vertex -51.879493713378906 47.904933929443359 -44.772712707519531
   vertex -51.967636108398438 47.970710754394531 -44.772712707519531
   vertex -51.879493713378906 47.970710754394531 -44.823085784912109
  endloop
 endfacet
 facet normal -0.13745715347550908 -0.60223572956322236 -0.78639535667236982
  outer loop
   vertex -51.879493713378906 47.904933929443359 -44.772712707519531
   vertex -51.879493713378906 47.970710754394531 -44.823085784912109
   vertex -51.524154663085938 47.823829650878906 -44.772712707519531
  endloop
 endfacet
 facet normal -0.12693784110774742 -0.58244626533557275 -0.80289671346415914
  outer loop
   vertex -51.524154663085938 47.823829650878906 -44.772712707519531
   vertex -51.879493713378906 47.970710754394531 -44.823085784912109
   vertex -51.524154663085938 47.970710754394531 -44.879264831542969
  endloop
 endfacet
 facet normal 0.1328367454558686 -0.5819925139557951 -0.80227122144328855
  outer loop
   vertex -51.524154663085938 47.823829650878906 -44.772712707519531
   vertex -51.524154663085938 47.970710754394531 -44.879264831542969
   vertex -51.168815612792969 47.904933929443359 -44.772712707519531
  endloop
 endfacet
 facet normal 0.12454317682516491 -0.60327327873313208 -0.78775018138549002
  outer loop
   vertex -51.168815612792969 47.904933929443359 -44.772712707519531
   vertex -51.524154663085938 47.970710754394531 -44.879264831542969
   vertex -51.168815612792969 47.970710754394531 -44.823085784912109
  endloop
 endfacet
 facet normal 0.31931081163204905 -0.5761779616725381 -0.75236929898671523
  outer loop
   vertex -51.168815612792969 47.904933929443359 -44.772712707519531
   vertex -51.168815612792969 47.970710754394531 -44.823085784912109
   vertex -51.050125122070312 47.970710754394531 -44.772712707519531
  endloop
 endfacet
 facet normal 0.32482627995123003 -0.55561164395760743 -0.76536500374120198
  outer loop
   vertex -51.050125122070312 47.970710754394531 -44.772712707519531
   vertex -51.168815612792969 47.970710754394531 -44.823085784912109
   vertex -50.8134765625 48.109062194824219 -44.772712707519531
  endloop
 endfacet
 facet normal 0.34320192272210287 -0.58704297115882798 -0.73320733101413238
  outer loop
   vertex -51.050125122070312 47.970710754394531 -44.772712707519531
   vertex -50.8134765625 48.109062194824219 -44.772712707519531
   vertex -50.8134765625 47.970710754394531 -44.661941528320312
  endloop
 endfacet
 facet normal 0.080329278245989094 -0.62298495284438304 -0.77809829429575328
  outer loop
   vertex -50.8134765625 47.970710754394531 -44.661941528320312
   vertex -50.8134765625 48.109062194824219 -44.772712707519531
   vertex -50.458137512207031 48.154880523681641 -44.772712707519531
  endloop
 endfacet
 facet normal 0.14452601249947841 -0.69968286805916602 -0.69968286805916602
  outer loop
   vertex -50.8134765625 47.970710754394531 -44.661941528320312
   vertex -50.458137512207031 48.154880523681641 -44.772712707519531
   vertex -50.458137512207031 47.970710754394531 -44.588542938232422
  endloop
 endfacet
 facet normal 0.18234049802918226 -0.69525245155212145 -0.69525245155212145
  outer loop
   vertex -50.458137512207031 47.970710754394531 -44.588542938232422
   vertex -50.458137512207031 48.154880523681641 -44.772712707519531
   vertex -50.102798461914062 48.248073577880859 -44.772712707519531
  endloop
 endfacet
 facet normal 0.18234650139527331 -0.69525644530893671 -0.6952468832618276
  outer loop
   vertex -50.458137512207031 47.970710754394531 -44.588542938232422
   vertex -50.102798461914062 48.248073577880859 -44.772712707519531
   vertex -50.102798461914062 47.970710754394531 -44.495346069335938
  endloop
 endfacet
 facet normal 0.5608113767560422 -0.58544855773187143 -0.585440505901893
  outer loop
   vertex -50.102798461914062 47.970710754394531 -44.495346069335938
   vertex -50.102798461914062 48.248073577880859 -44.772712707519531
   vertex -50.021396636962891 48.3260498046875 -44.772712707519531
  endloop
 endfacet
 facet normal 0.57549295228485597 -0.58104709253288689 -0.57549295228485597
  outer loop
   vertex -50.102798461914062 47.970710754394531 -44.495346069335938
   vertex -50.021396636962891 48.3260498046875 -44.772712707519531
   vertex -49.747459411621094 48.3260498046875 -44.498775482177734
  endloop
 endfacet
 facet normal 0.68151613204231853 -0.26659242962273755 -0.68151613204231853
  outer loop
   vertex -49.747459411621094 48.3260498046875 -44.498775482177734
   vertex -50.021396636962891 48.3260498046875 -44.772712707519531
   vertex -49.882396697998047 48.681388854980469 -44.772712707519531
  endloop
 endfacet
 facet normal 0.71927142032597724 -0.23176075903771567 -0.65493173268098215
  outer loop
   vertex -49.747459411621094 48.3260498046875 -44.498775482177734
   vertex -49.882396697998047 48.681388854980469 -44.772712707519531
   vertex -49.747459411621094 48.681388854980469 -44.624519348144531
  endloop
 endfacet
 facet normal 0.73882903428062319 -0.039404215161633234 -0.6727398947077966
  outer loop
   vertex -49.747459411621094 48.681388854980469 -44.624519348144531
   vertex -49.882396697998047 48.681388854980469 -44.772712707519531
   vertex -49.863445281982422 49.036727905273438 -44.772712707519531
  endloop
 endfacet
 facet normal 0.67210427636307846 -0.087272423479677452 -0.73529542756258637
  outer loop
   vertex -49.747459411621094 48.681388854980469 -44.624519348144531
   vertex -49.863445281982422 49.036727905273438 -44.772712707519531
   vertex -49.747459411621094 49.036727905273438 -44.666694641113281
  endloop
 endfacet
 facet normal 0.66554248787414561 -0.16400996037735924 -0.72811670062656153
  outer loop
   vertex -49.747459411621094 49.036727905273438 -44.666694641113281
   vertex -49.863445281982422 49.036727905273438 -44.772712707519531
   vertex -49.77587890625 49.392066955566406 -44.772712707519531
  endloop
 endfacet
 facet normal 0.66825291770535478 -0.16311163752023075 -0.72583237161465131
  outer loop
   vertex -49.747459411621094 49.036727905273438 -44.666694641113281
   vertex -49.77587890625 49.392066955566406 -44.772712707519531
   vertex -49.747459411621094 49.392066955566406 -44.746547698974609
  endloop
 endfacet
 facet normal 0.6477919417912138 -0.29206305775505587 -0.70360839281885745
  outer loop
   vertex -49.747459411621094 49.392066955566406 -44.746547698974609
   vertex -49.77587890625 49.392066955566406 -44.772712707519531
   vertex -49.747459411621094 49.455101013183594 -44.772712707519531
  endloop
 endfacet
 facet normal 0.58630808725732975 -0.31056898381342829 -0.74819097368903476
  outer loop
   vertex -49.747459411621094 49.392066955566406 -44.746547698974609
   vertex -49.747459411621094 49.455101013183594 -44.772712707519531
   vertex -49.592624664306641 49.747406005859375 -44.772712707519531
  endloop
 endfacet
 facet normal 0.6078605902489137 -0.32198540309572676 -0.72583118079586839
  outer loop
   vertex -49.592624664306641 49.747406005859375 -44.772712707519531
   vertex -49.747459411621094 49.455101013183594 -44.772712707519531
   vertex -49.747459411621094 49.747406005859375 -44.902381896972656
  endloop
 endfacet
 facet normal 0.63906064856235012 -0.096439849454540094 -0.76308639281293322
  outer loop
   vertex -49.592624664306641 49.747406005859375 -44.772712707519531
   vertex -49.747459411621094 49.747406005859375 -44.902381896972656
   vertex -49.53900146484375 50.102741241455078 -44.772712707519531
  endloop
 endfacet
 facet normal 0.64526462959266606 -0.10227026321031753 -0.757082790095992
  outer loop
   vertex -49.53900146484375 50.102741241455078 -44.772712707519531
   vertex -49.747459411621094 49.747406005859375 -44.902381896972656
   vertex -49.747459411621094 50.102741241455078 -44.950382232666016
  endloop
 endfacet
 facet normal 0.64038723882743964 -0.15925464720813354 -0.75136019437389723
  outer loop
   vertex -49.53900146484375 50.102741241455078 -44.772712707519531
   vertex -49.747459411621094 50.102741241455078 -44.950382232666016
   vertex -49.450634002685547 50.458080291748047 -44.772712707519531
  endloop
 endfacet
 facet normal 0.51359059210349667 0 -0.8580353743889465
  outer loop
   vertex -49.450634002685547 50.458080291748047 -44.772712707519531
   vertex -49.747459411621094 50.102741241455078 -44.950382232666016
   vertex -49.747459411621094 50.458080291748047 -44.950382232666016
  endloop
 endfacet
 facet normal 0.47274580762835094 -0.39080829658912825 -0.78979761754953548
  outer loop
   vertex -49.450634002685547 50.458080291748047 -44.772712707519531
   vertex -49.747459411621094 50.458080291748047 -44.950382232666016
   vertex -49.392120361328125 50.528861999511719 -44.772712707519531
  endloop
 endfacet
 facet normal 0.47369556824295472 -0.35516879394492223 -0.80589554933297258
  outer loop
   vertex -49.392120361328125 50.528861999511719 -44.772712707519531
   vertex -49.747459411621094 50.458080291748047 -44.950382232666016
   vertex -49.392120361328125 50.813419342041016 -44.898120880126953
  endloop
 endfacet
 facet normal 0.12042741812339054 -0.40035024975709599 -0.9084145058746943
  outer loop
   vertex -49.392120361328125 50.528861999511719 -44.772712707519531
   vertex -49.392120361328125 50.813419342041016 -44.898120880126953
   vertex -49.036781311035156 50.635749816894531 -44.772712707519531
  endloop
 endfacet
 facet normal 0.045461370099243587 -0.51378797880318505 -0.8567118399240421
  outer loop
   vertex -49.036781311035156 50.635749816894531 -44.772712707519531
   vertex -49.392120361328125 50.813419342041016 -44.898120880126953
   vertex -49.036781311035156 50.813419342041016 -44.879264831542969
  endloop
 endfacet
 facet normal 0.10240011475752113 -0.51161610650413503 -0.85309036805205818
  outer loop
   vertex -49.036781311035156 50.635749816894531 -44.772712707519531
   vertex -49.036781311035156 50.813419342041016 -44.879264831542969
   vertex -48.681442260742188 50.706871032714844 -44.772712707519531
  endloop
 endfacet
 facet normal 0.11253083412316156 -0.48946935084062809 -0.86472918648510966
  outer loop
   vertex -48.681442260742188 50.706871032714844 -44.772712707519531
   vertex -49.036781311035156 50.813419342041016 -44.879264831542969
   vertex -48.681442260742188 50.813419342041016 -44.833023071289062
  endloop
 endfacet
 facet normal 0.28330761016323314 -0.4724160231768495 -0.8346016409457675
  outer loop
   vertex -48.681442260742188 50.706871032714844 -44.772712707519531
   vertex -48.681442260742188 50.813419342041016 -44.833023071289062
   vertex -48.503772735595703 50.813419342041016 -44.772712707519531
  endloop
 endfacet
 facet normal 0.28330987377986783 -0.47240288455167351 -0.83460830937997121
  outer loop
   vertex -48.503772735595703 50.813419342041016 -44.772712707519531
   vertex -48.681442260742188 50.813419342041016 -44.833023071289062
   vertex -48.326103210449219 50.919971466064453 -44.772712707519531
  endloop
 endfacet
 facet normal 0.28329739110232705 -0.47238207040637553 -0.83462432731930425
  outer loop
   vertex -48.503772735595703 50.813419342041016 -44.772712707519531
   vertex -48.326103210449219 50.919971466064453 -44.772712707519531
   vertex -48.326103210449219 50.813419342041016 -44.712406158447266
  endloop
 endfacet
 facet normal 0.10966510253679765 -0.48959042901043376 -0.86502877241567688
  outer loop
   vertex -48.326103210449219 50.813419342041016 -44.712406158447266
   vertex -48.326103210449219 50.919971466064453 -44.772712707519531
   vertex -47.97076416015625 50.999565124511719 -44.772712707519531
  endloop
 endfacet
 facet normal 0.14283388981069414 -0.54114167741387431 -0.82871235352638795
  outer loop
   vertex -48.326103210449219 50.813419342041016 -44.712406158447266
   vertex -47.97076416015625 50.999565124511719 -44.772712707519531
   vertex -47.97076416015625 50.813419342041016 -44.651161193847656
  endloop
 endfacet
 facet normal 0.19289085760333868 -0.53647985745106297 -0.82157317361409488
  outer loop
   vertex -47.97076416015625 50.813419342041016 -44.651161193847656
   vertex -47.97076416015625 50.999565124511719 -44.772712707519531
   vertex -47.615425109863281 51.127326965332031 -44.772712707519531
  endloop
 endfacet
 facet normal 0.13616060716180953 -0.48798134753696665 -0.86216848325216211
  outer loop
   vertex -47.97076416015625 50.813419342041016 -44.651161193847656
   vertex -47.615425109863281 51.127326965332031 -44.772712707519531
   vertex -47.615425109863281 50.813419342041016 -44.595043182373047
  endloop
 endfacet
 facet normal 0.50354601397776511 -0.42556383963740957 -0.75188884165158987
  outer loop
   vertex -47.615425109863281 50.813419342041016 -44.595043182373047
   vertex -47.615425109863281 51.127326965332031 -44.772712707519531
   vertex -47.580410003662109 51.168758392333984 -44.772712707519531
  endloop
 endfacet
 facet normal 0.63402938031934752 -0.39491194221341203 -0.6648693877665709
  outer loop
   vertex -47.615425109863281 50.813419342041016 -44.595043182373047
   vertex -47.580410003662109 51.168758392333984 -44.772712707519531
   vertex -47.260086059570312 51.168758392333984 -44.467247009277344
  endloop
 endfacet
 facet normal 0.67918391607212902 0.1773455797691825 -0.71222029842265777
  outer loop
   vertex -47.260086059570312 51.168758392333984 -44.467247009277344
   vertex -47.580410003662109 51.168758392333984 -44.772712707519531
   vertex -47.615425109863281 51.3028564453125 -44.772712707519531
  endloop
 endfacet
 facet normal 0.68328010406890349 0.23885370595314021 -0.68998348279943578
  outer loop
   vertex -47.260086059570312 51.168758392333984 -44.467247009277344
   vertex -47.615425109863281 51.3028564453125 -44.772712707519531
   vertex -47.615425109863281 51.524097442626953 -44.696125030517578
  endloop
 endfacet
 facet normal 0.5256065141602636 0.2782958573173332 -0.80392114543175641
  outer loop
   vertex -47.615425109863281 51.524097442626953 -44.696125030517578
   vertex -47.615425109863281 51.3028564453125 -44.772712707519531
   vertex -47.732566833496094 51.524097442626953 -44.772712707519531
  endloop
 endfacet
 facet normal 0.31028055327197318 0.82371235523185871 -0.47457763758906968
  outer loop
   vertex -47.615425109863281 51.524097442626953 -44.696125030517578
   vertex -47.732566833496094 51.524097442626953 -44.772712707519531
   vertex -47.97076416015625 51.613822937011719 -44.772712707519531
  endloop
 endfacet
 facet normal 0.2435320700129438 0.64651288277489205 -0.72298908932383577
  outer loop
   vertex -47.97076416015625 51.613822937011719 -44.772712707519531
   vertex -47.732566833496094 51.524097442626953 -44.772712707519531
   vertex -47.97076416015625 51.524097442626953 -44.852947235107422
  endloop
 endfacet
 facet normal 0.10148220018503122 0.66314043824873092 -0.74158352341788614
  outer loop
   vertex -47.97076416015625 51.613822937011719 -44.772712707519531
   vertex -47.97076416015625 51.524097442626953 -44.852947235107422
   vertex -48.326103210449219 51.668201446533203 -44.772712707519531
  endloop
 endfacet
 facet normal 0.043152807435413519 0.56512700606866628 -0.82387456704422413
  outer loop
   vertex -48.326103210449219 51.668201446533203 -44.772712707519531
   vertex -47.97076416015625 51.524097442626953 -44.852947235107422
   vertex -48.326103210449219 51.524097442626953 -44.871559143066406
  endloop
 endfacet
 facet normal 0.053355868571797353 0.5648481824597027 -0.8234680819928113
  outer loop
   vertex -48.326103210449219 51.668201446533203 -44.772712707519531
   vertex -48.326103210449219 51.524097442626953 -44.871559143066406
   vertex -48.681442260742188 51.701766967773438 -44.772712707519531
  endloop
 endfacet
 facet normal 0.018594197488269976 0.51423081608154153 -0.85745024556056837
  outer loop
   vertex -48.681442260742188 51.701766967773438 -44.772712707519531
   vertex -48.326103210449219 51.524097442626953 -44.871559143066406
   vertex -48.681442260742188 51.524097442626953 -44.879264831542969
  endloop
 endfacet
 facet normal 0 0.51431973529565989 -0.85759851322480873
  outer loop
   vertex -48.681442260742188 51.701766967773438 -44.772712707519531
   vertex -48.681442260742188 51.524097442626953 -44.879264831542969
   vertex -49.036781311035156 51.701766967773438 -44.772712707519531
  endloop
 endfacet
 facet normal 0 0.51431973529565989 -0.85759851322480873
  outer loop
   vertex -49.036781311035156 51.701766967773438 -44.772712707519531
   vertex -48.681442260742188 51.524097442626953 -44.879264831542969
   vertex -49.036781311035156 51.524097442626953 -44.879264831542969
  endloop
 endfacet
 facet normal 0.10239467995518234 0.51161639424047822 -0.85309084783582523
  outer loop
   vertex -49.036781311035156 51.701766967773438 -44.772712707519531
   vertex -49.036781311035156 51.524097442626953 -44.879264831542969
   vertex -49.392120361328125 51.772884368896484 -44.772712707519531
  endloop
 endfacet
 facet normal 0.04733206599139398 0.4496203870955171 -0.89196478800290302
  outer loop
   vertex -49.392120361328125 51.772884368896484 -44.772712707519531
   vertex -49.036781311035156 51.524097442626953 -44.879264831542969
   vertex -49.392120361328125 51.524097442626953 -44.898120880126953
  endloop
 endfacet
 facet normal 0.26062022178034872 0.43456919767362673 -0.86210597517501408
  outer loop
   vertex -49.392120361328125 51.772884368896484 -44.772712707519531
   vertex -49.392120361328125 51.524097442626953 -44.898120880126953
   vertex -49.569789886474609 51.879436492919922 -44.772712707519531
  endloop
 endfacet
 facet normal 0.28808645585900045 0.44356385526551029 -0.84867973950872522
  outer loop
   vertex -49.569789886474609 51.879436492919922 -44.772712707519531
   vertex -49.392120361328125 51.524097442626953 -44.898120880126953
   vertex -49.747459411621094 51.879436492919922 -44.833023071289062
  endloop
 endfacet
 facet normal 0.26765191814378686 0.55376873917404268 -0.78848121995868903
  outer loop
   vertex -49.569789886474609 51.879436492919922 -44.772712707519531
   vertex -49.747459411621094 51.879436492919922 -44.833023071289062
   vertex -49.747459411621094 51.965309143066406 -44.772712707519531
  endloop
 endfacet
 facet normal 0 0.57473765617966843 -0.81833772158510532
  outer loop
   vertex -49.747459411621094 51.965309143066406 -44.772712707519531
   vertex -49.747459411621094 51.879436492919922 -44.833023071289062
   vertex -50.102798461914062 51.965309143066406 -44.772712707519531
  endloop
 endfacet
 facet normal 0 0.6031012653518848 -0.79766463111445252
  outer loop
   vertex -49.747459411621094 51.965309143066406 -44.772712707519531
   vertex -50.102798461914062 51.965309143066406 -44.772712707519531
   vertex -49.747459411621094 52.234775543212891 -44.568973541259766
  endloop
 endfacet
 facet normal -0.036779683545769909 0.6331007662945215 -0.77319510771574518
  outer loop
   vertex -49.747459411621094 52.234775543212891 -44.568973541259766
   vertex -50.102798461914062 51.965309143066406 -44.772712707519531
   vertex -50.102798461914062 52.234775543212891 -44.552070617675781
  endloop
 endfacet
 facet normal -0.030721725325079774 0.76285219203421939 -0.64584263462676172
  outer loop
   vertex -49.747459411621094 52.234775543212891 -44.568973541259766
   vertex -50.102798461914062 52.234775543212891 -44.552070617675781
   vertex -50.102798461914062 52.348812103271484 -44.417373657226562
  endloop
 endfacet
 facet normal -0.053524194466732136 0.76211842167167509 -0.6452214131252636
  outer loop
   vertex -50.102798461914062 52.348812103271484 -44.417373657226562
   vertex -50.102798461914062 52.234775543212891 -44.552070617675781
   vertex -50.458137512207031 52.323856353759766 -44.417373657226562
  endloop
 endfacet
 facet normal -0.063981571718101996 0.9110185578632225 -0.40737150821982615
  outer loop
   vertex -50.102798461914062 52.348812103271484 -44.417373657226562
   vertex -50.458137512207031 52.323856353759766 -44.417373657226562
   vertex -50.102798461914062 52.507705688476562 -44.062034606933594
  endloop
 endfacet
 facet normal -0.21119616722630455 0.93819080438410363 -0.27421559678112295
  outer loop
   vertex -50.102798461914062 52.507705688476562 -44.062034606933594
   vertex -50.458137512207031 52.323856353759766 -44.417373657226562
   vertex -50.458137512207031 52.427715301513672 -44.062034606933594
  endloop
 endfacet
 facet normal -0.21450250490041939 0.95287845540913096 -0.21450250490041939
  outer loop
   vertex -50.102798461914062 52.507705688476562 -44.062034606933594
   vertex -50.458137512207031 52.427715301513672 -44.062034606933594
   vertex -50.458137512207031 52.507705688476562 -43.706695556640625
  endloop
 endfacet
 facet normal -0.0835455655128967 0.97217606839804216 -0.21884659128543796
  outer loop
   vertex -50.458137512207031 52.507705688476562 -43.706695556640625
   vertex -50.458137512207031 52.427715301513672 -44.062034606933594
   vertex -50.8134765625 52.397178649902344 -44.062034606933594
  endloop
 endfacet
 facet normal -0.34853118247801651 0.9355294829792018 0.057537825099171734
  outer loop
   vertex -50.458137512207031 52.507705688476562 -43.706695556640625
   vertex -50.8134765625 52.397178649902344 -44.062034606933594
   vertex -50.8134765625 52.375324249267578 -43.706695556640625
  endloop
 endfacet
 facet normal -0.21922011138676917 0.9738353462576923 0.059893748778425321
  outer loop
   vertex -50.8134765625 52.375324249267578 -43.706695556640625
   vertex -50.8134765625 52.397178649902344 -44.062034606933594
   vertex -51.168815612792969 52.317188262939453 -44.062034606933594
  endloop
 endfacet
 facet normal -0.47715740001871293 0.80830425674384765 0.34491309649991275
  outer loop
   vertex -50.8134765625 52.375324249267578 -43.706695556640625
   vertex -51.168815612792969 52.317188262939453 -44.062034606933594
   vertex -51.168815612792969 52.234775543212891 -43.868900299072266
  endloop
 endfacet
 facet normal -0.36534332483263537 0.85618252142897133 0.36534332483263537
  outer loop
   vertex -51.168815612792969 52.234775543212891 -43.868900299072266
   vertex -51.168815612792969 52.317188262939453 -44.062034606933594
   vertex -51.361949920654297 52.234775543212891 -44.062034606933594
  endloop
 endfacet
 facet normal -0.38613363295383901 0.8377360174922287 0.38613363295383901
  outer loop
   vertex -51.168815612792969 52.234775543212891 -43.868900299072266
   vertex -51.361949920654297 52.234775543212891 -44.062034606933594
   vertex -51.168815612792969 52.160011291503906 -43.706695556640625
  endloop
 endfacet
 facet normal -0.38613363295383907 0.8377360174922287 0.38613363295383907
  outer loop
   vertex -51.168815612792969 52.160011291503906 -43.706695556640625
   vertex -51.361949920654297 52.234775543212891 -44.062034606933594
   vertex -51.524154663085938 52.160011291503906 -44.062034606933594
  endloop
 endfacet
 facet normal -0.41689618823546593 0.80770980956620664 0.41689618823546593
  outer loop
   vertex -51.168815612792969 52.160011291503906 -43.706695556640625
   vertex -51.524154663085938 52.160011291503906 -44.062034606933594
   vertex -51.524154663085938 51.976604461669922 -43.706695556640625
  endloop
 endfacet
 facet normal -0.24922054629848384 0.86057584103290963 0.44418277896963243
  outer loop
   vertex -51.524154663085938 51.976604461669922 -43.706695556640625
   vertex -51.524154663085938 52.160011291503906 -44.062034606933594
   vertex -51.879493713378906 52.057106018066406 -44.062034606933594
  endloop
 endfacet
 facet normal -0.34554014971949998 0.77969882156308878 0.52217980867221991
  outer loop
   vertex -51.524154663085938 51.976604461669922 -43.706695556640625
   vertex -51.879493713378906 52.057106018066406 -44.062034606933594
   vertex -51.879493713378906 51.879436492919922 -43.796745300292969
  endloop
 endfacet
 facet normal -0.12299644390561199 0.82456882392364006 0.55223014169796869
  outer loop
   vertex -51.879493713378906 51.879436492919922 -43.796745300292969
   vertex -51.879493713378906 52.057106018066406 -44.062034606933594
   vertex -52.234832763671875 51.879436492919922 -43.875888824462891
  endloop
 endfacet
 facet normal -0.12299428720022791 0.82457563056363647 0.55222045850972334
  outer loop
   vertex -51.879493713378906 51.879436492919922 -43.796745300292969
   vertex -52.234832763671875 51.879436492919922 -43.875888824462891
   vertex -51.879493713378906 51.819129943847656 -43.706695556640625
  endloop
 endfacet
 facet normal -0.1094643736216466 0.84109596658058083 0.52969342634159544
  outer loop
   vertex -51.879493713378906 51.819129943847656 -43.706695556640625
   vertex -52.234832763671875 51.879436492919922 -43.875888824462891
   vertex -52.234832763671875 51.772884368896484 -43.706695556640625
  endloop
 endfacet
 facet normal -0.12411736691879738 0.95368578144732952 0.27400421437332129
  outer loop
   vertex -51.879493713378906 51.819129943847656 -43.706695556640625
   vertex -52.234832763671875 51.772884368896484 -43.706695556640625
   vertex -51.879493713378906 51.717037200927734 -43.351356506347656
  endloop
 endfacet
 facet normal -0.042100686125217592 0.97968496441769126 0.19607371756993042
  outer loop
   vertex -51.879493713378906 51.717037200927734 -43.351356506347656
   vertex -52.234832763671875 51.772884368896484 -43.706695556640625
   vertex -52.234832763671875 51.701766967773438 -43.351356506347656
  endloop
 endfacet
 facet normal -0.042894556306751291 0.99815836122255375 0.042894556306751291
  outer loop
   vertex -51.879493713378906 51.717037200927734 -43.351356506347656
   vertex -52.234832763671875 51.701766967773438 -43.351356506347656
   vertex -51.879493713378906 51.701766967773438 -42.996017456054688
  endloop
 endfacet
 facet normal 0 1 0
  outer loop
   vertex -51.879493713378906 51.701766967773438 -42.996017456054688
   vertex -52.234832763671875 51.701766967773438 -43.351356506347656
   vertex -52.234832763671875 51.701766967773438 -42.996017456054688
  endloop
 endfacet
 facet normal 0 1 0
  outer loop
   vertex -51.879493713378906 51.701766967773438 -42.996017456054688
   vertex -52.234832763671875 51.701766967773438 -42.996017456054688
   vertex -51.879493713378906 51.701766967773438 -42.640678405761719
  endloop
 endfacet
 facet normal -0.042883880121850286 0.99815927869823939 0.042883880121850286
  outer loop
   vertex -51.879493713378906 51.701766967773438 -42.640678405761719
   vertex -52.234832763671875 51.701766967773438 -42.996017456054688
   vertex -52.234832763671875 51.686500549316406 -42.640678405761719
  endloop
 endfacet
 facet normal -0.042467356976190161 0.98846434341132272 0.14537800863913172
  outer loop
   vertex -51.879493713378906 51.701766967773438 -42.640678405761719
   vertex -52.234832763671875 51.686500549316406 -42.640678405761719
   vertex -51.879493713378906 51.649505615234375 -42.28533935546875
  endloop
 endfacet
 facet normal -0.17340836664588316 0.94655665707963765 0.27195594002600476
  outer loop
   vertex -51.879493713378906 51.649505615234375 -42.28533935546875
   vertex -52.234832763671875 51.686500549316406 -42.640678405761719
   vertex -52.234832763671875 51.584407806396484 -42.28533935546875
  endloop
 endfacet
 facet normal -0.15528285537849223 0.84761781298016714 0.50737685988249448
  outer loop
   vertex -51.879493713378906 51.649505615234375 -42.28533935546875
   vertex -52.234832763671875 51.584407806396484 -42.28533935546875
   vertex -52.234832763671875 51.524097442626953 -42.184585571289062
  endloop
 endfacet
 facet normal -0.27963920913847284 0.82379482388515957 0.49311661993125749
  outer loop
   vertex -52.234832763671875 51.524097442626953 -42.184585571289062
   vertex -52.234832763671875 51.584407806396484 -42.28533935546875
   vertex -52.412502288818359 51.524097442626953 -42.28533935546875
  endloop
 endfacet
 facet normal -0.26432407699080274 0.8443188801824143 0.4661098699775344
  outer loop
   vertex -52.234832763671875 51.524097442626953 -42.184585571289062
   vertex -52.412502288818359 51.524097442626953 -42.28533935546875
   vertex -52.234832763671875 51.383552551269531 -41.930000305175781
  endloop
 endfacet
 facet normal -0.28338033970082444 0.83486870273678904 0.4719002354964833
  outer loop
   vertex -52.234832763671875 51.383552551269531 -41.930000305175781
   vertex -52.412502288818359 51.524097442626953 -42.28533935546875
   vertex -52.590171813964844 51.463790893554688 -42.28533935546875
  endloop
 endfacet
 facet normal -0.18819340805715973 0.90069444384341724 0.39157727205933296
  outer loop
   vertex -52.234832763671875 51.383552551269531 -41.930000305175781
   vertex -52.590171813964844 51.463790893554688 -42.28533935546875
   vertex -52.590171813964844 51.309307098388672 -41.930000305175781
  endloop
 endfacet
 facet normal -0.16569574073461477 0.90440397570780295 0.39318999253074499
  outer loop
   vertex -52.590171813964844 51.309307098388672 -41.930000305175781
   vertex -52.590171813964844 51.463790893554688 -42.28533935546875
   vertex -52.945510864257812 51.398689270019531 -42.28533935546875
  endloop
 endfacet
 facet normal -0.090013700379266218 0.94084113446237072 0.32667337425567855
  outer loop
   vertex -52.590171813964844 51.309307098388672 -41.930000305175781
   vertex -52.945510864257812 51.398689270019531 -42.28533935546875
   vertex -52.945510864257812 51.275310516357422 -41.930000305175781
  endloop
 endfacet
 facet normal -0.13761595655803777 0.93568805499132968 0.32488415204062887
  outer loop
   vertex -52.945510864257812 51.275310516357422 -41.930000305175781
   vertex -52.945510864257812 51.398689270019531 -42.28533935546875
   vertex -53.300849914550781 51.346427917480469 -42.28533935546875
  endloop
 endfacet
 facet normal -0.12263634692876764 0.94238374166100525 0.31124461419431915
  outer loop
   vertex -52.945510864257812 51.275310516357422 -41.930000305175781
   vertex -53.300849914550781 51.346427917480469 -42.28533935546875
   vertex -53.300849914550781 51.229068756103516 -41.930000305175781
  endloop
 endfacet
 facet normal -0.24668255876891179 0.92020665369124721 0.30392010414182741
  outer loop
   vertex -53.300849914550781 51.229068756103516 -41.930000305175781
   vertex -53.300849914550781 51.346427917480469 -42.28533935546875
   vertex -53.65618896484375 51.251171112060547 -42.28533935546875
  endloop
 endfacet
 facet normal -0.36176177251051045 0.83543917991136729 0.41372671731358573
  outer loop
   vertex -53.300849914550781 51.229068756103516 -41.930000305175781
   vertex -53.65618896484375 51.251171112060547 -42.28533935546875
   vertex -53.65618896484375 51.168758392333984 -42.118923187255859
  endloop
 endfacet
 facet normal -0.40563427103870303 0.81909808711643306 0.40563427103870303
  outer loop
   vertex -53.65618896484375 51.168758392333984 -42.118923187255859
   vertex -53.65618896484375 51.251171112060547 -42.28533935546875
   vertex -53.822605133056641 51.168758392333984 -42.28533935546875
  endloop
 endfacet
 facet normal -0.41592475366464537 0.80871082506542979 0.41592475366464537
  outer loop
   vertex -53.65618896484375 51.168758392333984 -42.118923187255859
   vertex -53.822605133056641 51.168758392333984 -42.28533935546875
   vertex -53.65618896484375 51.07159423828125 -41.930000305175781
  endloop
 endfacet
 facet normal -0.41592475366464537 0.80871082506542979 0.41592475366464537
  outer loop
   vertex -53.65618896484375 51.07159423828125 -41.930000305175781
   vertex -53.822605133056641 51.168758392333984 -42.28533935546875
   vertex -54.011528015136719 51.07159423828125 -42.28533935546875
  endloop
 endfacet
 facet normal -0.39576457892017258 0.82869825397684838 0.39576457892017258
  outer loop
   vertex -53.65618896484375 51.07159423828125 -41.930000305175781
   vertex -54.011528015136719 51.07159423828125 -42.28533935546875
   vertex -54.011528015136719 50.901893615722656 -41.930000305175781
  endloop
 endfacet
 facet normal -0.50394550367668656 0.7794136226918269 0.3722275299953689
  outer loop
   vertex -54.011528015136719 50.901893615722656 -41.930000305175781
   vertex -54.011528015136719 51.07159423828125 -42.28533935546875
   vertex -54.366867065429688 50.841842651367188 -42.28533935546875
  endloop
 endfacet
 facet normal -0.55801222734594502 0.70419941251291707 0.43900517257645127
  outer loop
   vertex -54.011528015136719 50.901893615722656 -41.930000305175781
   vertex -54.366867065429688 50.841842651367188 -42.28533935546875
   vertex -54.366867065429688 50.813419342041016 -42.23974609375
  endloop
 endfacet
 facet normal -0.67784512055480561 0.62389770994025728 0.38894426345087491
  outer loop
   vertex -54.366867065429688 50.813419342041016 -42.23974609375
   vertex -54.366867065429688 50.841842651367188 -42.28533935546875
   vertex -54.393028259277344 50.813419342041016 -42.28533935546875
  endloop
 endfacet
 facet normal -0.059763853761760542 0.81687497841643353 0.57371033755780798
  outer loop
   vertex -49.036781311035156 52.945453643798828 -42.554805755615234
   vertex -48.681442260742188 53.031761169433594 -42.640678405761719
   vertex -49.036781311035156 53.005764007568359 -42.640678405761719
  endloop
 endfacet
 facet normal -0.072773078048779333 0.99468998096020467 0.072773078048779333
  outer loop
   vertex -49.036781311035156 53.005764007568359 -42.640678405761719
   vertex -48.681442260742188 53.031761169433594 -42.640678405761719
   vertex -49.036781311035156 53.031761169433594 -42.996017456054688
  endloop
 endfacet
 facet normal -0.28422498327391882 0.95620193709956269 0.069957232435142458
  outer loop
   vertex -49.036781311035156 53.005764007568359 -42.640678405761719
   vertex -49.036781311035156 53.031761169433594 -42.996017456054688
   vertex -49.327140808105469 52.945453643798828 -42.996017456054688
  endloop
 endfacet
 facet normal -0.25166072788788618 0.84664786580836882 -0.46888620086442478
  outer loop
   vertex -49.327140808105469 52.945453643798828 -42.996017456054688
   vertex -49.036781311035156 53.031761169433594 -42.996017456054688
   vertex -49.036781311035156 52.945453643798828 -43.151859283447266
  endloop
 endfacet
 facet normal -0.27119981198371595 0.81922638718400731 -0.50529079599913163
  outer loop
   vertex -49.327140808105469 52.945453643798828 -42.996017456054688
   vertex -49.036781311035156 52.945453643798828 -43.151859283447266
   vertex -49.392120361328125 52.923942565917969 -42.996017456054688
  endloop
 endfacet
 facet normal -0.25164880202732548 0.85368452317441323 -0.45595571641409088
  outer loop
   vertex -49.392120361328125 52.923942565917969 -42.996017456054688
   vertex -49.036781311035156 52.945453643798828 -43.151859283447266
   vertex -49.036781311035156 52.838901519775391 -43.351356506347656
  endloop
 endfacet
 facet normal -0.050866521689799341 0.95857100857875954 -0.28027525485401067
  outer loop
   vertex -49.392120361328125 52.923942565917969 -42.996017456054688
   vertex -49.036781311035156 52.838901519775391 -43.351356506347656
   vertex -49.392120361328125 52.820045471191406 -43.351356506347656
  endloop
 endfacet
 facet normal -0.052427969701152523 0.98799623258392832 -0.14530916142136144
  outer loop
   vertex -49.392120361328125 52.820045471191406 -43.351356506347656
   vertex -49.036781311035156 52.838901519775391 -43.351356506347656
   vertex -49.392120361328125 52.767784118652344 -43.706695556640625
  endloop
 endfacet
 facet normal -0.042467356976190161 0.98846434341132272 -0.14537800863913172
  outer loop
   vertex -49.392120361328125 52.820045471191406 -43.351356506347656
   vertex -49.392120361328125 52.767784118652344 -43.706695556640625
   vertex -49.747459411621094 52.752517700195312 -43.706695556640625
  endloop
 endfacet
 facet normal -0.0412573007676314 0.96029924200521366 -0.27590433294455752
  outer loop
   vertex -49.747459411621094 52.752517700195312 -43.706695556640625
   vertex -49.392120361328125 52.767784118652344 -43.706695556640625
   vertex -49.747459411621094 52.650424957275391 -44.062034606933594
  endloop
 endfacet
 facet normal -0.21146444570685352 0.93938257034638772 -0.26989474750596215
  outer loop
   vertex -49.747459411621094 52.752517700195312 -43.706695556640625
   vertex -49.747459411621094 52.650424957275391 -44.062034606933594
   vertex -50.102798461914062 52.672527313232422 -43.706695556640625
  endloop
 endfacet
 facet normal -0.34800367262936649 0.84753532010886312 -0.40072100644268643
  outer loop
   vertex -50.102798461914062 52.672527313232422 -43.706695556640625
   vertex -49.747459411621094 52.650424957275391 -44.062034606933594
   vertex -49.894340515136719 52.590114593505859 -44.062034606933594
  endloop
 endfacet
 facet normal -0.3375860991235401 0.85390344254327777 -0.39608652652077236
  outer loop
   vertex -50.102798461914062 52.672527313232422 -43.706695556640625
   vertex -49.894340515136719 52.590114593505859 -44.062034606933594
   vertex -50.102798461914062 52.590114593505859 -43.884365081787109
  endloop
 endfacet
 facet normal -0.33757470512701698 0.85391414786700781 -0.39607315805412707
  outer loop
   vertex -50.102798461914062 52.590114593505859 -43.884365081787109
   vertex -49.894340515136719 52.590114593505859 -44.062034606933594
   vertex -50.102798461914062 52.507705688476562 -44.062034606933594
  endloop
 endfacet
 facet normal -0.38783811080231245 0.83615979311288724 -0.38783811080231245
  outer loop
   vertex -50.102798461914062 52.590114593505859 -43.884365081787109
   vertex -50.102798461914062 52.507705688476562 -44.062034606933594
   vertex -50.458137512207031 52.507705688476562 -43.706695556640625
  endloop
 endfacet
 facet normal -0.318514598174922 0.77571702012189725 0.54480414411297573
  outer loop
   vertex -49.036781311035156 52.945453643798828 -42.554805755615234
   vertex -49.036781311035156 53.005764007568359 -42.640678405761719
   vertex -49.183662414550781 52.945453643798828 -42.640678405761719
  endloop
 endfacet
 facet normal -0.37544375927715695 0.91436347294166043 0.15159624985434705
  outer loop
   vertex -49.183662414550781 52.945453643798828 -42.640678405761719
   vertex -49.036781311035156 53.005764007568359 -42.640678405761719
   vertex -49.327140808105469 52.945453643798828 -42.996017456054688
  endloop
 endfacet
 facet normal -0.36365580745535692 0.91988775883930174 0.14683652420838308
  outer loop
   vertex -49.183662414550781 52.945453643798828 -42.640678405761719
   vertex -49.327140808105469 52.945453643798828 -42.996017456054688
   vertex -49.392120361328125 52.863044738769531 -42.640678405761719
  endloop
 endfacet
 facet normal -0.31019231873324388 0.93701293798582652 0.16058480453038901
  outer loop
   vertex -49.392120361328125 52.863044738769531 -42.640678405761719
   vertex -49.327140808105469 52.945453643798828 -42.996017456054688
   vertex -49.392120361328125 52.923942565917969 -42.996017456054688
  endloop
 endfacet
 facet normal -0.31936032919343343 0.93401615900685475 0.16007121806103519
  outer loop
   vertex -49.392120361328125 52.863044738769531 -42.640678405761719
   vertex -49.392120361328125 52.923942565917969 -42.996017456054688
   vertex -49.747459411621094 52.802444458007812 -42.996017456054688
  endloop
 endfacet
 facet normal -0.32310172051822406 0.94495840710431933 -0.051564397029643105
  outer loop
   vertex -49.747459411621094 52.802444458007812 -42.996017456054688
   vertex -49.392120361328125 52.923942565917969 -42.996017456054688
   vertex -49.747459411621094 52.783054351806641 -43.351356506347656
  endloop
 endfacet
 facet normal -0.13041467467838441 0.9899867122721463 -0.05402149713880107
  outer loop
   vertex -49.747459411621094 52.802444458007812 -42.996017456054688
   vertex -49.747459411621094 52.783054351806641 -43.351356506347656
   vertex -50.102798461914062 52.736244201660156 -43.351356506347656
  endloop
 endfacet
 facet normal -0.12858918537177344 0.97612929813223814 -0.17503261048526864
  outer loop
   vertex -50.102798461914062 52.736244201660156 -43.351356506347656
   vertex -49.747459411621094 52.783054351806641 -43.351356506347656
   vertex -50.102798461914062 52.672527313232422 -43.706695556640625
  endloop
 endfacet
 facet normal -0.36285877640400399 0.91721513722919257 -0.16446853931443051
  outer loop
   vertex -50.102798461914062 52.736244201660156 -43.351356506347656
   vertex -50.102798461914062 52.672527313232422 -43.706695556640625
   vertex -50.458137512207031 52.595668792724609 -43.351356506347656
  endloop
 endfacet
 facet normal -0.41056336340411587 0.88511334246189122 -0.21911662562717349
  outer loop
   vertex -50.458137512207031 52.595668792724609 -43.351356506347656
   vertex -50.102798461914062 52.672527313232422 -43.706695556640625
   vertex -50.280467987060547 52.590114593505859 -43.706695556640625
  endloop
 endfacet
 facet normal -0.45202531325034306 0.85926705757448474 -0.23944360494324399
  outer loop
   vertex -50.458137512207031 52.595668792724609 -43.351356506347656
   vertex -50.280467987060547 52.590114593505859 -43.706695556640625
   vertex -50.458137512207031 52.590114593505859 -43.371288299560547
  endloop
 endfacet
 facet normal -0.4106951600204915 0.88543846123012504 -0.21755049278310368
  outer loop
   vertex -50.458137512207031 52.590114593505859 -43.371288299560547
   vertex -50.280467987060547 52.590114593505859 -43.706695556640625
   vertex -50.458137512207031 52.507705688476562 -43.706695556640625
  endloop
 endfacet
 facet normal -0.51428878866545447 0.83284696625325128 -0.2046288656465054
  outer loop
   vertex -50.458137512207031 52.590114593505859 -43.371288299560547
   vertex -50.458137512207031 52.507705688476562 -43.706695556640625
   vertex -50.8134765625 52.375587463378906 -43.351356506347656
  endloop
 endfacet
 facet normal -0.34910945870661858 0.9370816954880421 -0.00069413458925040152
  outer loop
   vertex -50.8134765625 52.375587463378906 -43.351356506347656
   vertex -50.458137512207031 52.507705688476562 -43.706695556640625
   vertex -50.8134765625 52.375324249267578 -43.706695556640625
  endloop
 endfacet
 facet normal -0.50308710118432531 0.86423547647539634 -0.0006401744270188121
  outer loop
   vertex -50.8134765625 52.375587463378906 -43.351356506347656
   vertex -50.8134765625 52.375324249267578 -43.706695556640625
   vertex -51.054920196533203 52.234775543212891 -43.706695556640625
  endloop
 endfacet
 facet normal -0.47435991582100212 0.81488606427257326 0.33308163041009525
  outer loop
   vertex -51.054920196533203 52.234775543212891 -43.706695556640625
   vertex -50.8134765625 52.375324249267578 -43.706695556640625
   vertex -51.168815612792969 52.234775543212891 -43.868900299072266
  endloop
 endfacet
 facet normal -0.51206202999330186 0.78007225008980119 0.35955495001317028
  outer loop
   vertex -51.054920196533203 52.234775543212891 -43.706695556640625
   vertex -51.168815612792969 52.234775543212891 -43.868900299072266
   vertex -51.168815612792969 52.160011291503906 -43.706695556640625
  endloop
 endfacet
 facet normal 0.28422498327391882 0.95620193709956269 -0.069957232435142458
  outer loop
   vertex -48.391082763671875 52.945453643798828 -42.640678405761719
   vertex -48.681442260742188 53.005764007568359 -42.996017456054688
   vertex -48.681442260742188 53.031761169433594 -42.640678405761719
  endloop
 endfacet
 facet normal 0.072773078048779333 0.99468998096020467 -0.072773078048779333
  outer loop
   vertex -48.681442260742188 53.031761169433594 -42.640678405761719
   vertex -48.681442260742188 53.005764007568359 -42.996017456054688
   vertex -49.036781311035156 53.031761169433594 -42.996017456054688
  endloop
 endfacet
 facet normal 0.37544375927715695 0.91436347294166043 -0.15159624985434705
  outer loop
   vertex -48.391082763671875 52.945453643798828 -42.640678405761719
   vertex -48.534561157226562 52.945453643798828 -42.996017456054688
   vertex -48.681442260742188 53.005764007568359 -42.996017456054688
  endloop
 endfacet
 facet normal 0.33649802366353027 0.819514225372585 -0.46385936929473609
  outer loop
   vertex -48.681442260742188 53.005764007568359 -42.996017456054688
   vertex -48.534561157226562 52.945453643798828 -42.996017456054688
   vertex -48.681442260742188 52.945453643798828 -43.102569580078125
  endloop
 endfacet
 facet normal 0.063541245331548757 0.86850579642461734 -0.49158945444197338
  outer loop
   vertex -48.681442260742188 53.005764007568359 -42.996017456054688
   vertex -48.681442260742188 52.945453643798828 -43.102569580078125
   vertex -49.036781311035156 53.031761169433594 -42.996017456054688
  endloop
 endfacet
 facet normal 0.06705167911011993 0.87283420421430769 -0.48338858517975941
  outer loop
   vertex -49.036781311035156 53.031761169433594 -42.996017456054688
   vertex -48.681442260742188 52.945453643798828 -43.102569580078125
   vertex -49.036781311035156 52.945453643798828 -43.151859283447266
  endloop
 endfacet
 facet normal 0.54803179247566758 0.71561622095099864 0.43307571941603745
  outer loop
   vertex -47.549648284912109 52.590114593505859 -42.28533935546875
   vertex -47.615425109863281 52.640487670898438 -42.28533935546875
   vertex -47.615425109863281 52.590114593505859 -42.202102661132812
  endloop
 endfacet
 facet normal 0.28472698797715756 0.82012044412940321 0.49631945301231756
  outer loop
   vertex -47.615425109863281 52.590114593505859 -42.202102661132812
   vertex -47.615425109863281 52.640487670898438 -42.28533935546875
   vertex -47.97076416015625 52.590114593505859 -41.998252868652344
  endloop
 endfacet
 facet normal 0.33034721586090859 0.74784807502777662 0.57584196933724385
  outer loop
   vertex -47.615425109863281 52.590114593505859 -42.202102661132812
   vertex -47.97076416015625 52.590114593505859 -41.998252868652344
   vertex -47.615425109863281 52.380596160888672 -41.930000305175781
  endloop
 endfacet
 facet normal 0.30643985564222698 0.72185091424927783 0.62050453058092403
  outer loop
   vertex -47.615425109863281 52.380596160888672 -41.930000305175781
   vertex -47.97076416015625 52.590114593505859 -41.998252868652344
   vertex -47.97076416015625 52.531444549560547 -41.930000305175781
  endloop
 endfacet
 facet normal 0.24354382196374469 0.5736927730103889 0.7820249414046474
  outer loop
   vertex -47.615425109863281 52.380596160888672 -41.930000305175781
   vertex -47.97076416015625 52.531444549560547 -41.930000305175781
   vertex -47.97076416015625 52.234775543212891 -41.712364196777344
  endloop
 endfacet
 facet normal -0.047139837853350887 0.59084541673632807 0.8054064372779961
  outer loop
   vertex -47.97076416015625 52.234775543212891 -41.712364196777344
   vertex -47.97076416015625 52.531444549560547 -41.930000305175781
   vertex -48.326103210449219 52.234775543212891 -41.733161926269531
  endloop
 endfacet
 facet normal -0.04766126829497537 0.57846258135553064 0.81431532312490018
  outer loop
   vertex -47.97076416015625 52.234775543212891 -41.712364196777344
   vertex -48.326103210449219 52.234775543212891 -41.733161926269531
   vertex -47.97076416015625 52.040927886962891 -41.574661254882812
  endloop
 endfacet
 facet normal -0.014347801269621279 0.61703494379742474 0.78680494325571981
  outer loop
   vertex -47.97076416015625 52.040927886962891 -41.574661254882812
   vertex -48.326103210449219 52.234775543212891 -41.733161926269531
   vertex -48.326103210449219 52.032665252685547 -41.574661254882812
  endloop
 endfacet
 facet normal -0.013274179615143541 0.57086326461247494 0.82093783520528052
  outer loop
   vertex -47.97076416015625 52.040927886962891 -41.574661254882812
   vertex -48.326103210449219 52.032665252685547 -41.574661254882812
   vertex -48.326103210449219 51.879436492919922 -41.468109130859375
  endloop
 endfacet
 facet normal 0 0.57091356541090954 0.82101017096611106
  outer loop
   vertex -48.326103210449219 51.879436492919922 -41.468109130859375
   vertex -48.326103210449219 52.032665252685547 -41.574661254882812
   vertex -48.681442260742188 51.879436492919922 -41.468109130859375
  endloop
 endfacet
 facet normal -0 0.37161405455859814 0.92838730843033357
  outer loop
   vertex -48.326103210449219 51.879436492919922 -41.468109130859375
   vertex -48.681442260742188 51.879436492919922 -41.468109130859375
   vertex -48.681442260742188 51.524097442626953 -41.325874328613281
  endloop
 endfacet
 facet normal 0.11994274649754527 0.36893130225272014 0.92168510445853347
  outer loop
   vertex -48.681442260742188 51.524097442626953 -41.325874328613281
   vertex -48.681442260742188 51.879436492919922 -41.468109130859375
   vertex -49.036781311035156 51.524097442626953 -41.279632568359375
  endloop
 endfacet
 facet normal 0.11091429707095898 0.51114636954067416 0.85230710874111781
  outer loop
   vertex -48.681442260742188 51.524097442626953 -41.325874328613281
   vertex -49.036781311035156 51.524097442626953 -41.279632568359375
   vertex -48.681442260742188 51.346427917480469 -41.219322204589844
  endloop
 endfacet
 facet normal 0.11050169711202378 0.51047575312363691 0.8527624994148244
  outer loop
   vertex -48.681442260742188 51.346427917480469 -41.219322204589844
   vertex -49.036781311035156 51.524097442626953 -41.279632568359375
   vertex -49.036781311035156 51.423347473144531 -41.219322204589844
  endloop
 endfacet
 facet normal 0.1040497248957029 0.48067009889083145 0.87070655836590938
  outer loop
   vertex -48.681442260742188 51.346427917480469 -41.219322204589844
   vertex -49.036781311035156 51.423347473144531 -41.219322204589844
   vertex -49.036781311035156 51.168758392333984 -41.078777313232422
  endloop
 endfacet
 facet normal 0.3058359422863457 0.46013599368325758 0.83351019413258765
  outer loop
   vertex -49.036781311035156 51.168758392333984 -41.078777313232422
   vertex -49.036781311035156 51.423347473144531 -41.219322204589844
   vertex -49.392120361328125 51.524097442626953 -41.144557952880859
  endloop
 endfacet
 facet normal 0.28219826483224292 0.44001330873583289 0.85249775803870365
  outer loop
   vertex -49.036781311035156 51.168758392333984 -41.078777313232422
   vertex -49.392120361328125 51.524097442626953 -41.144557952880859
   vertex -49.392120361328125 51.168758392333984 -40.961151123046875
  endloop
 endfacet
 facet normal 0.20495843757057386 0.44891789531026471 0.86974982732900352
  outer loop
   vertex -49.392120361328125 51.168758392333984 -40.961151123046875
   vertex -49.392120361328125 51.524097442626953 -41.144557952880859
   vertex -49.747459411621094 51.524097442626953 -41.060821533203125
  endloop
 endfacet
 facet normal 0.33790856649819201 0.55177666106540391 0.76246987939895117
  outer loop
   vertex -49.392120361328125 51.168758392333984 -40.961151123046875
   vertex -49.747459411621094 51.524097442626953 -41.060821533203125
   vertex -49.611373901367188 51.168758392333984 -40.863983154296875
  endloop
 endfacet
 facet normal 0.34883354069409162 0.552809192426859 0.75678078573335061
  outer loop
   vertex -49.611373901367188 51.168758392333984 -40.863983154296875
   vertex -49.747459411621094 51.524097442626953 -41.060821533203125
   vertex -49.747459411621094 51.254631042480469 -40.863983154296875
  endloop
 endfacet
 facet normal 0.34092850333682428 0.54028179236985785 0.7693265499423031
  outer loop
   vertex -49.611373901367188 51.168758392333984 -40.863983154296875
   vertex -49.747459411621094 51.254631042480469 -40.863983154296875
   vertex -49.747459411621094 51.168758392333984 -40.803676605224609
  endloop
 endfacet
 facet normal 0.10590576426516207 0.57148122131376877 0.81375253165881778
  outer loop
   vertex -49.747459411621094 51.168758392333984 -40.803676605224609
   vertex -49.747459411621094 51.254631042480469 -40.863983154296875
   vertex -50.102798461914062 51.168758392333984 -40.757431030273438
  endloop
 endfacet
 facet normal 0.12546244203624468 0.23435593499222643 0.96402099114709172
  outer loop
   vertex -49.747459411621094 51.168758392333984 -40.803676605224609
   vertex -50.102798461914062 51.168758392333984 -40.757431030273438
   vertex -50.102798461914062 50.813419342041016 -40.671047210693359
  endloop
 endfacet
 facet normal 0.1006514416739548 0.23502288066680826 0.96676446606814703
  outer loop
   vertex -50.102798461914062 50.813419342041016 -40.671047210693359
   vertex -50.102798461914062 51.168758392333984 -40.757431030273438
   vertex -50.458137512207031 50.813419342041016 -40.634052276611328
  endloop
 endfacet
 facet normal 0.099566312309456978 0.27476729390987803 0.95634171907877064
  outer loop
   vertex -50.102798461914062 50.813419342041016 -40.671047210693359
   vertex -50.458137512207031 50.813419342041016 -40.634052276611328
   vertex -50.102798461914062 50.458080291748047 -40.568954467773438
  endloop
 endfacet
 facet normal 0.28808645585900045 0.44356385526551029 0.84867973950872522
  outer loop
   vertex -50.102798461914062 50.458080291748047 -40.568954467773438
   vertex -50.458137512207031 50.813419342041016 -40.634052276611328
   vertex -50.280467987060547 50.458080291748047 -40.508644104003906
  endloop
 endfacet
 facet normal 0.28330761016323314 0.4724160231768495 0.8346016409457675
  outer loop
   vertex -50.102798461914062 50.458080291748047 -40.568954467773438
   vertex -50.280467987060547 50.458080291748047 -40.508644104003906
   vertex -50.102798461914062 50.351531982421875 -40.508644104003906
  endloop
 endfacet
 facet normal 0.28329512778488275 0.47239520878525343 0.83461765934473486
  outer loop
   vertex -50.102798461914062 50.351531982421875 -40.508644104003906
   vertex -50.280467987060547 50.458080291748047 -40.508644104003906
   vertex -50.458137512207031 50.458080291748047 -40.448337554931641
  endloop
 endfacet
 facet normal 0.27543603409359196 0.43270849219252461 0.8584278373324491
  outer loop
   vertex -50.102798461914062 50.351531982421875 -40.508644104003906
   vertex -50.458137512207031 50.458080291748047 -40.448337554931641
   vertex -50.102798461914062 50.102741241455078 -40.383235931396484
  endloop
 endfacet
 facet normal 0.099556147387025007 0.27476757476734559 0.95634269661765281
  outer loop
   vertex -50.102798461914062 50.102741241455078 -40.383235931396484
   vertex -50.458137512207031 50.458080291748047 -40.448337554931641
   vertex -50.458137512207031 50.102741241455078 -40.346244812011719
  endloop
 endfacet
 facet normal 0.10344693074026434 0.042704187820789746 0.99371780947258148
  outer loop
   vertex -50.102798461914062 50.102741241455078 -40.383235931396484
   vertex -50.458137512207031 50.102741241455078 -40.346244812011719
   vertex -50.458137512207031 49.747406005859375 -40.330974578857422
  endloop
 endfacet
 facet normal 0 0.042934532682994013 0.99907788780619766
  outer loop
   vertex -50.458137512207031 49.747406005859375 -40.330974578857422
   vertex -50.458137512207031 50.102741241455078 -40.346244812011719
   vertex -50.8134765625 49.747406005859375 -40.330974578857422
  endloop
 endfacet
 facet normal 0 -0.042934072614399806 0.99907790757715265
  outer loop
   vertex -50.458137512207031 49.747406005859375 -40.330974578857422
   vertex -50.8134765625 49.747406005859375 -40.330974578857422
   vertex -50.8134765625 49.392066955566406 -40.346244812011719
  endloop
 endfacet
 facet normal -0.10344693276548973 -0.042703730211431923 0.99371782892702565
  outer loop
   vertex -50.8134765625 49.392066955566406 -40.346244812011719
   vertex -50.8134765625 49.747406005859375 -40.330974578857422
   vertex -51.168815612792969 49.392066955566406 -40.383235931396484
  endloop
 endfacet
 facet normal -0.099556147387025007 -0.27476757476734559 0.95634269661765281
  outer loop
   vertex -50.8134765625 49.392066955566406 -40.346244812011719
   vertex -51.168815612792969 49.392066955566406 -40.383235931396484
   vertex -50.8134765625 49.036727905273438 -40.448337554931641
  endloop
 endfacet
 facet normal -0.27544137475280056 -0.43271309392134405 0.85842380408706365
  outer loop
   vertex -50.8134765625 49.036727905273438 -40.448337554931641
   vertex -51.168815612792969 49.392066955566406 -40.383235931396484
   vertex -51.168815612792969 49.143280029296875 -40.508644104003906
  endloop
 endfacet
 facet normal -0.28329739110232705 -0.47238207040637553 0.83462432731930425
  outer loop
   vertex -50.8134765625 49.036727905273438 -40.448337554931641
   vertex -51.168815612792969 49.143280029296875 -40.508644104003906
   vertex -50.991146087646484 49.036727905273438 -40.508644104003906
  endloop
 endfacet
 facet normal -0.28330987377986783 -0.47240288455167351 0.83460830937997121
  outer loop
   vertex -50.991146087646484 49.036727905273438 -40.508644104003906
   vertex -51.168815612792969 49.143280029296875 -40.508644104003906
   vertex -51.168815612792969 49.036727905273438 -40.568954467773438
  endloop
 endfacet
 facet normal -0.28339562674331725 -0.47190480502580279 0.83486093077609125
  outer loop
   vertex -50.991146087646484 49.036727905273438 -40.508644104003906
   vertex -51.168815612792969 49.036727905273438 -40.568954467773438
   vertex -50.8134765625 48.681388854980469 -40.649188995361328
  endloop
 endfacet
 facet normal -0.18820273486762126 -0.3915765594910634 0.9006928048149877
  outer loop
   vertex -50.8134765625 48.681388854980469 -40.649188995361328
   vertex -51.168815612792969 49.036727905273438 -40.568954467773438
   vertex -51.168815612792969 48.681388854980469 -40.723438262939453
  endloop
 endfacet
 facet normal -0.1882020222782407 -0.39158474610687383 0.90068939453442876
  outer loop
   vertex -50.8134765625 48.681388854980469 -40.649188995361328
   vertex -51.168815612792969 48.681388854980469 -40.723438262939453
   vertex -50.8134765625 48.3260498046875 -40.803676605224609
  endloop
 endfacet
 facet normal -0.27462662910480057 -0.46471119411856743 0.84179790962405532
  outer loop
   vertex -50.8134765625 48.3260498046875 -40.803676605224609
   vertex -51.168815612792969 48.681388854980469 -40.723438262939453
   vertex -51.168815612792969 48.426799774169922 -40.863983154296875
  endloop
 endfacet
 facet normal -0.27962463107367808 -0.49310958283505191 0.82380398458198212
  outer loop
   vertex -50.8134765625 48.3260498046875 -40.803676605224609
   vertex -51.168815612792969 48.426799774169922 -40.863983154296875
   vertex -50.991146087646484 48.3260498046875 -40.863983154296875
  endloop
 endfacet
 facet normal -0.27963663450907245 -0.49313075053046262 0.82378723923213459
  outer loop
   vertex -50.991146087646484 48.3260498046875 -40.863983154296875
   vertex -51.168815612792969 48.426799774169922 -40.863983154296875
   vertex -51.168815612792969 48.3260498046875 -40.924293518066406
  endloop
 endfacet
 facet normal -0.26515450576254906 -0.56527720535905857 0.7811240421183252
  outer loop
   vertex -50.991146087646484 48.3260498046875 -40.863983154296875
   vertex -51.168815612792969 48.3260498046875 -40.924293518066406
   vertex -50.8134765625 47.970710754394531 -41.060821533203125
  endloop
 endfacet
 facet normal -0.093036574047414389 -0.43680892436302049 0.89473021603516933
  outer loop
   vertex -50.8134765625 47.970710754394531 -41.060821533203125
   vertex -51.168815612792969 48.3260498046875 -40.924293518066406
   vertex -51.168815612792969 47.970710754394531 -41.097770690917969
  endloop
 endfacet
 facet normal -0.081584971562765021 -0.61461044834081235 0.78460046469869515
  outer loop
   vertex -50.8134765625 47.970710754394531 -41.060821533203125
   vertex -51.168815612792969 47.970710754394531 -41.097770690917969
   vertex -51.168815612792969 47.815540313720703 -41.219322204589844
  endloop
 endfacet
 facet normal -0.17044648156072056 -0.60764245693984165 0.77570525423493397
  outer loop
   vertex -51.168815612792969 47.815540313720703 -41.219322204589844
   vertex -51.168815612792969 47.970710754394531 -41.097770690917969
   vertex -51.524154663085938 47.915214538574219 -41.219322204589844
  endloop
 endfacet
 facet normal -0.1830593818618749 -0.65260750202585815 0.73525010099415677
  outer loop
   vertex -51.168815612792969 47.815540313720703 -41.219322204589844
   vertex -51.524154663085938 47.915214538574219 -41.219322204589844
   vertex -51.168815612792969 47.615371704101562 -41.396991729736328
  endloop
 endfacet
 facet normal -0.045050438055009745 -0.54822888820173965 0.83511409051227015
  outer loop
   vertex -51.168815612792969 47.615371704101562 -41.396991729736328
   vertex -51.524154663085938 47.915214538574219 -41.219322204589844
   vertex -51.524154663085938 47.615371704101562 -41.416160583496094
  endloop
 endfacet
 facet normal -0.039550711021697493 -0.67890087482817285 0.73316392670072061
  outer loop
   vertex -51.168815612792969 47.615371704101562 -41.396991729736328
   vertex -51.524154663085938 47.615371704101562 -41.416160583496094
   vertex -51.524154663085938 47.444202423095703 -41.574661254882812
  endloop
 endfacet
 facet normal -0.22592933284697395 -0.66186487261992089 0.71476627435206896
  outer loop
   vertex -51.524154663085938 47.444202423095703 -41.574661254882812
   vertex -51.524154663085938 47.615371704101562 -41.416160583496094
   vertex -51.879493713378906 47.565498352050781 -41.574661254882812
  endloop
 endfacet
 facet normal -0.24783441750057311 -0.72603629242313383 0.64144321930052484
  outer loop
   vertex -51.524154663085938 47.444202423095703 -41.574661254882812
   vertex -51.879493713378906 47.565498352050781 -41.574661254882812
   vertex -51.524154663085938 47.260032653808594 -41.783119201660156
  endloop
 endfacet
 facet normal -0.16342097436145839 -0.678713400485911 0.71599001748600011
  outer loop
   vertex -51.524154663085938 47.260032653808594 -41.783119201660156
   vertex -51.879493713378906 47.565498352050781 -41.574661254882812
   vertex -51.879493713378906 47.260032653808594 -41.864223480224609
  endloop
 endfacet
 facet normal -0.13745715347550908 -0.78639535667236982 0.60223572956322236
  outer loop
   vertex -51.524154663085938 47.260032653808594 -41.783119201660156
   vertex -51.879493713378906 47.260032653808594 -41.864223480224609
   vertex -51.879493713378906 47.209659576416016 -41.930000305175781
  endloop
 endfacet
 facet normal -0.43307571941603745 -0.71561622095099864 0.54803179247566758
  outer loop
   vertex -51.879493713378906 47.209659576416016 -41.930000305175781
   vertex -51.879493713378906 47.260032653808594 -41.864223480224609
   vertex -51.962730407714844 47.260032653808594 -41.930000305175781
  endloop
 endfacet
 facet normal -0.47046623470461935 -0.77740047264330137 0.41750452349265593
  outer loop
   vertex -51.879493713378906 47.209659576416016 -41.930000305175781
   vertex -51.962730407714844 47.260032653808594 -41.930000305175781
   vertex -52.234832763671875 47.233867645263672 -42.28533935546875
  endloop
 endfacet
 facet normal -0.4929679971079306 -0.75461494096973458 0.43305755355684483
  outer loop
   vertex -52.234832763671875 47.233867645263672 -42.28533935546875
   vertex -51.962730407714844 47.260032653808594 -41.930000305175781
   vertex -52.234832763671875 47.260032653808594 -42.23974609375
  endloop
 endfacet
 facet normal -0.62399064729258003 -0.67775627968067076 0.38894999350148268
  outer loop
   vertex -52.234832763671875 47.233867645263672 -42.28533935546875
   vertex -52.234832763671875 47.260032653808594 -42.23974609375
   vertex -52.263252258300781 47.260032653808594 -42.28533935546875
  endloop
 endfacet
 facet normal -0.72249634374052496 -0.52457870093673487 0.45035121827869062
  outer loop
   vertex -52.263252258300781 47.260032653808594 -42.28533935546875
   vertex -52.234832763671875 47.260032653808594 -42.23974609375
   vertex -52.299758911132812 47.615371704101562 -41.930000305175781
  endloop
 endfacet
 facet normal -0.76386935739515482 -0.49389504731288658 0.41541700383170965
  outer loop
   vertex -52.263252258300781 47.260032653808594 -42.28533935546875
   vertex -52.299758911132812 47.615371704101562 -41.930000305175781
   vertex -52.493003845214844 47.615371704101562 -42.28533935546875
  endloop
 endfacet
 facet normal -0.813510006092098 -0.37745466949329554 0.44241320331308109
  outer loop
   vertex -52.493003845214844 47.615371704101562 -42.28533935546875
   vertex -52.299758911132812 47.615371704101562 -41.930000305175781
   vertex -52.464630126953125 47.970710754394531 -41.930000305175781
  endloop
 endfacet
 facet normal -0.73145446933030522 -0.45208085416692634 0.5104872776009447
  outer loop
   vertex -52.493003845214844 47.615371704101562 -42.28533935546875
   vertex -52.464630126953125 47.970710754394531 -41.930000305175781
   vertex -52.590171813964844 47.772586822509766 -42.28533935546875
  endloop
 endfacet
 facet normal -0.69971823531718258 -0.48965406612133416 0.52022426576953529
  outer loop
   vertex -52.590171813964844 47.772586822509766 -42.28533935546875
   vertex -52.464630126953125 47.970710754394531 -41.930000305175781
   vertex -52.590171813964844 47.970710754394531 -42.098857879638672
  endloop
 endfacet
 facet normal -0.69971688675359145 -0.48965497138955433 0.52022522755567724
  outer loop
   vertex -52.590171813964844 47.772586822509766 -42.28533935546875
   vertex -52.590171813964844 47.970710754394531 -42.098857879638672
   vertex -52.728816986083984 47.970710754394531 -42.28533935546875
  endloop
 endfacet
 facet normal -0.62588111793933943 -0.62589213619717232 0.46532984006352235
  outer loop
   vertex -52.728816986083984 47.970710754394531 -42.28533935546875
   vertex -52.590171813964844 47.970710754394531 -42.098857879638672
   vertex -52.945510864257812 48.187400817871094 -42.28533935546875
  endloop
 endfacet
 facet normal -0.66741460386171425 -0.66742635329139988 0.3303026029026328
  outer loop
   vertex -52.728816986083984 47.970710754394531 -42.28533935546875
   vertex -52.945510864257812 48.187400817871094 -42.28533935546875
   vertex -52.945510864257812 48.011547088623047 -42.640678405761719
  endloop
 endfacet
 facet normal -0.51743062962952047 -0.76694507359360065 0.37955341865369185
  outer loop
   vertex -52.945510864257812 48.011547088623047 -42.640678405761719
   vertex -52.945510864257812 48.187400817871094 -42.28533935546875
   vertex -53.300849914550781 48.25128173828125 -42.640678405761719
  endloop
 endfacet
 facet normal -0.55275925879948951 -0.81930980916815099 0.15227816131109176
  outer loop
   vertex -52.945510864257812 48.011547088623047 -42.640678405761719
   vertex -53.300849914550781 48.25128173828125 -42.640678405761719
   vertex -53.300849914550781 48.185237884521484 -42.996017456054688
  endloop
 endfacet
 facet normal -0.60076770321062301 -0.78596354314932626 0.1460803738330036
  outer loop
   vertex -53.300849914550781 48.185237884521484 -42.996017456054688
   vertex -53.300849914550781 48.25128173828125 -42.640678405761719
   vertex -53.398666381835938 48.3260498046875 -42.640678405761719
  endloop
 endfacet
 facet normal -0.64627811252943945 -0.75349798523364364 0.1206871472619388
  outer loop
   vertex -53.300849914550781 48.185237884521484 -42.996017456054688
   vertex -53.398666381835938 48.3260498046875 -42.640678405761719
   vertex -53.465023040771484 48.3260498046875 -42.996017456054688
  endloop
 endfacet
 facet normal -0.67534123919665057 -0.72664252323911438 0.12611444826436646
  outer loop
   vertex -53.465023040771484 48.3260498046875 -42.996017456054688
   vertex -53.398666381835938 48.3260498046875 -42.640678405761719
   vertex -53.65618896484375 48.503719329833984 -42.996017456054688
  endloop
 endfacet
 facet normal 0.26271864106481213 0.84111501684781753 0.47276256627418589
  outer loop
   vertex -47.97076416015625 52.590114593505859 -41.998252868652344
   vertex -47.615425109863281 52.640487670898438 -42.28533935546875
   vertex -47.97076416015625 52.751476287841797 -42.28533935546875
  endloop
 endfacet
 facet normal 0.29677593785121964 0.95015221209283762 0.095576234324314419
  outer loop
   vertex -47.97076416015625 52.751476287841797 -42.28533935546875
   vertex -47.615425109863281 52.640487670898438 -42.28533935546875
   vertex -47.97076416015625 52.787220001220703 -42.640678405761719
  endloop
 endfacet
 facet normal 0.35752983169778091 0.9292124612217374 0.093469895455154911
  outer loop
   vertex -47.97076416015625 52.751476287841797 -42.28533935546875
   vertex -47.97076416015625 52.787220001220703 -42.640678405761719
   vertex -48.326103210449219 52.923942565917969 -42.640678405761719
  endloop
 endfacet
 facet normal 0.35459471347218352 0.9215841511100108 -0.15794062682039947
  outer loop
   vertex -48.326103210449219 52.923942565917969 -42.640678405761719
   vertex -47.97076416015625 52.787220001220703 -42.640678405761719
   vertex -48.326103210449219 52.863044738769531 -42.996017456054688
  endloop
 endfacet
 facet normal 0.31019231873324388 0.93701293798582652 -0.16058480453038901
  outer loop
   vertex -48.326103210449219 52.923942565917969 -42.640678405761719
   vertex -48.326103210449219 52.863044738769531 -42.996017456054688
   vertex -48.391082763671875 52.945453643798828 -42.640678405761719
  endloop
 endfacet
 facet normal 0.36365580745535692 0.91988775883930174 -0.14683652420838308
  outer loop
   vertex -48.391082763671875 52.945453643798828 -42.640678405761719
   vertex -48.326103210449219 52.863044738769531 -42.996017456054688
   vertex -48.534561157226562 52.945453643798828 -42.996017456054688
  endloop
 endfacet
 facet normal 0.035709034140053442 0.77808105968326968 0.62714809211456957
  outer loop
   vertex -48.326103210449219 52.590114593505859 -42.064910888671875
   vertex -47.97076416015625 52.751476287841797 -42.28533935546875
   vertex -48.326103210449219 52.767784118652344 -42.28533935546875
  endloop
 endfacet
 facet normal 0.041978484958902981 0.91468909331504389 0.4019722246263514
  outer loop
   vertex -48.326103210449219 52.767784118652344 -42.28533935546875
   vertex -47.97076416015625 52.751476287841797 -42.28533935546875
   vertex -48.326103210449219 52.923942565917969 -42.640678405761719
  endloop
 endfacet
 facet normal 0 0.91549608948410011 0.40232686977048976
  outer loop
   vertex -48.326103210449219 52.767784118652344 -42.28533935546875
   vertex -48.326103210449219 52.923942565917969 -42.640678405761719
   vertex -48.681442260742188 52.767784118652344 -42.28533935546875
  endloop
 endfacet
 facet normal 0.25647251235797602 0.76390160837475962 0.59217918160573935
  outer loop
   vertex -48.681442260742188 52.767784118652344 -42.28533935546875
   vertex -48.326103210449219 52.923942565917969 -42.640678405761719
   vertex -48.681442260742188 52.945453643798828 -42.514530181884766
  endloop
 endfacet
 facet normal -0.091528391201917567 0.86807782423874724 0.48791745681919541
  outer loop
   vertex -47.97076416015625 52.751476287841797 -42.28533935546875
   vertex -48.326103210449219 52.590114593505859 -42.064910888671875
   vertex -47.97076416015625 52.590114593505859 -41.998252868652344
  endloop
 endfacet
 facet normal -0.12137930239537163 0.75272738954818585 0.64704601225414149
  outer loop
   vertex -47.97076416015625 52.590114593505859 -41.998252868652344
   vertex -48.326103210449219 52.590114593505859 -42.064910888671875
   vertex -47.97076416015625 52.531444549560547 -41.930000305175781
  endloop
 endfacet
 facet normal -0 0.70710678118654746 0.70710678118654746
  outer loop
   vertex -48.326103210449219 52.767784118652344 -42.28533935546875
   vertex -48.681442260742188 52.767784118652344 -42.28533935546875
   vertex -48.681442260742188 52.590114593505859 -42.107669830322266
  endloop
 endfacet
 facet normal -0.012934075856591551 0.70704763265346415 0.70704763265346415
  outer loop
   vertex -48.681442260742188 52.590114593505859 -42.107669830322266
   vertex -48.681442260742188 52.767784118652344 -42.28533935546875
   vertex -49.036781311035156 52.590114593505859 -42.114170074462891
  endloop
 endfacet
 facet normal -0.012934075856591551 0.70704763265346415 0.70704763265346415
  outer loop
   vertex -48.681442260742188 52.590114593505859 -42.107669830322266
   vertex -49.036781311035156 52.590114593505859 -42.114170074462891
   vertex -48.681442260742188 52.412445068359375 -41.930000305175781
  endloop
 endfacet
 facet normal 0 0.71969344514561007 0.69429197389458752
  outer loop
   vertex -48.681442260742188 52.412445068359375 -41.930000305175781
   vertex -49.036781311035156 52.590114593505859 -42.114170074462891
   vertex -49.036781311035156 52.412445068359375 -41.930000305175781
  endloop
 endfacet
 facet normal -0 0.70710678118654746 0.70710678118654746
  outer loop
   vertex -48.681442260742188 52.412445068359375 -41.930000305175781
   vertex -49.036781311035156 52.412445068359375 -41.930000305175781
   vertex -49.036781311035156 52.234775543212891 -41.752330780029297
  endloop
 endfacet
 facet normal 0 0.70710678118654746 0.70710678118654746
  outer loop
   vertex -49.036781311035156 52.234775543212891 -41.752330780029297
   vertex -49.036781311035156 52.412445068359375 -41.930000305175781
   vertex -49.392120361328125 52.234775543212891 -41.752330780029297
  endloop
 endfacet
 facet normal -0 0.66383198587437409 0.74788173833172633
  outer loop
   vertex -49.036781311035156 52.234775543212891 -41.752330780029297
   vertex -49.392120361328125 52.234775543212891 -41.752330780029297
   vertex -49.036781311035156 52.034610748291016 -41.574661254882812
  endloop
 endfacet
 facet normal 0.031237204464080459 0.69395315903388854 0.7193422343531316
  outer loop
   vertex -49.036781311035156 52.034610748291016 -41.574661254882812
   vertex -49.392120361328125 52.234775543212891 -41.752330780029297
   vertex -49.392120361328125 52.050605773925781 -41.574661254882812
  endloop
 endfacet
 facet normal 0.030569286131598393 0.67911495424717161 0.73339511701624149
  outer loop
   vertex -49.036781311035156 52.034610748291016 -41.574661254882812
   vertex -49.392120361328125 52.050605773925781 -41.574661254882812
   vertex -49.392120361328125 51.879436492919922 -41.416160583496094
  endloop
 endfacet
 facet normal 0.039550711021697493 0.67890087482817285 0.73316392670072061
  outer loop
   vertex -49.392120361328125 51.879436492919922 -41.416160583496094
   vertex -49.392120361328125 52.050605773925781 -41.574661254882812
   vertex -49.747459411621094 51.879436492919922 -41.396991729736328
  endloop
 endfacet
 facet normal 0.042819567412423952 0.60672230578487196 0.79375974218254552
  outer loop
   vertex -49.392120361328125 51.879436492919922 -41.416160583496094
   vertex -49.747459411621094 51.879436492919922 -41.396991729736328
   vertex -49.392120361328125 51.621917724609375 -41.219322204589844
  endloop
 endfacet
 facet normal 0.14186606429067014 0.6872698090636532 0.71241436632923483
  outer loop
   vertex -49.392120361328125 51.621917724609375 -41.219322204589844
   vertex -49.747459411621094 51.879436492919922 -41.396991729736328
   vertex -49.747459411621094 51.695266723632812 -41.219322204589844
  endloop
 endfacet
 facet normal 0.13888899360723225 0.67284739725991705 0.72662660800119705
  outer loop
   vertex -49.392120361328125 51.621917724609375 -41.219322204589844
   vertex -49.747459411621094 51.695266723632812 -41.219322204589844
   vertex -49.747459411621094 51.524097442626953 -41.060821533203125
  endloop
 endfacet
 facet normal 0.039550711021697493 0.67890087482817285 0.73316392670072061
  outer loop
   vertex -49.747459411621094 51.524097442626953 -41.060821533203125
   vertex -49.747459411621094 51.695266723632812 -41.219322204589844
   vertex -50.102798461914062 51.524097442626953 -41.041652679443359
  endloop
 endfacet
 facet normal 0.043519756233006239 0.58930266665002773 0.80673936181184702
  outer loop
   vertex -49.747459411621094 51.524097442626953 -41.060821533203125
   vertex -50.102798461914062 51.524097442626953 -41.041652679443359
   vertex -49.747459411621094 51.254631042480469 -40.863983154296875
  endloop
 endfacet
 facet normal 0.11069364433045986 0.64468631795562936 0.75639042071251461
  outer loop
   vertex -49.747459411621094 51.254631042480469 -40.863983154296875
   vertex -50.102798461914062 51.524097442626953 -41.041652679443359
   vertex -50.102798461914062 51.315643310546875 -40.863983154296875
  endloop
 endfacet
 facet normal 0.10031226133393124 0.58422453065247559 0.80536895148122489
  outer loop
   vertex -49.747459411621094 51.254631042480469 -40.863983154296875
   vertex -50.102798461914062 51.315643310546875 -40.863983154296875
   vertex -50.102798461914062 51.168758392333984 -40.757431030273438
  endloop
 endfacet
 facet normal 0 0.58718629588266025 0.80945182310474839
  outer loop
   vertex -50.102798461914062 51.168758392333984 -40.757431030273438
   vertex -50.102798461914062 51.315643310546875 -40.863983154296875
   vertex -50.458137512207031 51.168758392333984 -40.757431030273438
  endloop
 endfacet
 facet normal -0 0.32800490122642006 0.94467602106301307
  outer loop
   vertex -50.102798461914062 51.168758392333984 -40.757431030273438
   vertex -50.458137512207031 51.168758392333984 -40.757431030273438
   vertex -50.458137512207031 50.813419342041016 -40.634052276611328
  endloop
 endfacet
 facet normal 0.010252466569393348 0.32798766197219492 0.9446263708595356
  outer loop
   vertex -50.458137512207031 50.813419342041016 -40.634052276611328
   vertex -50.458137512207031 51.168758392333984 -40.757431030273438
   vertex -50.8134765625 50.813419342041016 -40.630195617675781
  endloop
 endfacet
 facet normal 0.0096913133693600165 0.45010374399650604 0.89292367987723598
  outer loop
   vertex -50.458137512207031 50.813419342041016 -40.634052276611328
   vertex -50.8134765625 50.813419342041016 -40.630195617675781
   vertex -50.458137512207031 50.564632415771484 -40.508644104003906
  endloop
 endfacet
 facet normal 0.095946273761220308 0.5442330654523001 0.83342947093304154
  outer loop
   vertex -50.458137512207031 50.564632415771484 -40.508644104003906
   vertex -50.8134765625 50.813419342041016 -40.630195617675781
   vertex -50.8134765625 50.627277374267578 -40.508644104003906
  endloop
 endfacet
 facet normal 0.093534176861563345 0.53055100320634663 0.84247670042296652
  outer loop
   vertex -50.458137512207031 50.564632415771484 -40.508644104003906
   vertex -50.8134765625 50.627277374267578 -40.508644104003906
   vertex -50.8134765625 50.458080291748047 -40.402091979980469
  endloop
 endfacet
 facet normal -0.10946506607160847 0.52968483459693938 0.84110128718719201
  outer loop
   vertex -50.8134765625 50.458080291748047 -40.402091979980469
   vertex -50.8134765625 50.627277374267578 -40.508644104003906
   vertex -51.168815612792969 50.458080291748047 -40.448337554931641
  endloop
 endfacet
 facet normal -0.12411736691879738 0.27400421437332129 0.95368578144732952
  outer loop
   vertex -50.8134765625 50.458080291748047 -40.402091979980469
   vertex -51.168815612792969 50.458080291748047 -40.448337554931641
   vertex -51.168815612792969 50.102741241455078 -40.346244812011719
  endloop
 endfacet
 facet normal -0.099556147387025007 0.27476757476734559 0.95634269661765281
  outer loop
   vertex -51.168815612792969 50.102741241455078 -40.346244812011719
   vertex -51.168815612792969 50.458080291748047 -40.448337554931641
   vertex -51.524154663085938 50.102741241455078 -40.383235931396484
  endloop
 endfacet
 facet normal -0.10299077263459946 0.10299187829083448 0.98933592563812933
  outer loop
   vertex -51.168815612792969 50.102741241455078 -40.346244812011719
   vertex -51.524154663085938 50.102741241455078 -40.383235931396484
   vertex -51.524154663085938 49.747406005859375 -40.346244812011719
  endloop
 endfacet
 facet normal -0.2747675455308235 0.099557205577539346 0.95634259485843176
  outer loop
   vertex -51.524154663085938 49.747406005859375 -40.346244812011719
   vertex -51.524154663085938 50.102741241455078 -40.383235931396484
   vertex -51.879493713378906 49.747406005859375 -40.448337554931641
  endloop
 endfacet
 facet normal -0.26617745573208385 -0.26617745573208385 0.92644434485833471
  outer loop
   vertex -51.524154663085938 49.747406005859375 -40.346244812011719
   vertex -51.879493713378906 49.747406005859375 -40.448337554931641
   vertex -51.524154663085938 49.392066955566406 -40.448337554931641
  endloop
 endfacet
 facet normal -0.35505820683328837 -0.35505820683328837 0.86479323512655881
  outer loop
   vertex -51.524154663085938 49.392066955566406 -40.448337554931641
   vertex -51.879493713378906 49.747406005859375 -40.448337554931641
   vertex -51.879493713378906 49.600521087646484 -40.508644104003906
  endloop
 endfacet
 facet normal -0.35506428392562545 -0.35507078157927946 0.86478557709357207
  outer loop
   vertex -51.524154663085938 49.392066955566406 -40.448337554931641
   vertex -51.879493713378906 49.600521087646484 -40.508644104003906
   vertex -51.671035766601562 49.392066955566406 -40.508644104003906
  endloop
 endfacet
 facet normal -0.34507184445888767 -0.34507815925153951 0.87283817868452018
  outer loop
   vertex -51.671035766601562 49.392066955566406 -40.508644104003906
   vertex -51.879493713378906 49.600521087646484 -40.508644104003906
   vertex -51.879493713378906 49.392066955566406 -40.591056823730469
  endloop
 endfacet
 facet normal -0.32621762713952057 -0.46120876043404524 0.82514758621858186
  outer loop
   vertex -51.671035766601562 49.392066955566406 -40.508644104003906
   vertex -51.879493713378906 49.392066955566406 -40.591056823730469
   vertex -51.524154663085938 49.036727905273438 -40.649188995361328
  endloop
 endfacet
 facet normal -0.1921573391205762 -0.34260358299945315 0.91961858503296712
  outer loop
   vertex -51.524154663085938 49.036727905273438 -40.649188995361328
   vertex -51.879493713378906 49.392066955566406 -40.591056823730469
   vertex -51.879493713378906 49.036727905273438 -40.723438262939453
  endloop
 endfacet
 facet normal -0.18631551912682109 -0.4125858767675834 0.89166104637604737
  outer loop
   vertex -51.524154663085938 49.036727905273438 -40.649188995361328
   vertex -51.879493713378906 49.036727905273438 -40.723438262939453
   vertex -51.524154663085938 48.681388854980469 -40.813610076904297
  endloop
 endfacet
 facet normal -0.31393190636777957 -0.51615280258703522 0.79688960499296302
  outer loop
   vertex -51.524154663085938 48.681388854980469 -40.813610076904297
   vertex -51.879493713378906 49.036727905273438 -40.723438262939453
   vertex -51.879493713378906 48.819740295410156 -40.863983154296875
  endloop
 endfacet
 facet normal -0.32482627995123003 -0.55561164395760743 0.76536500374120198
  outer loop
   vertex -51.524154663085938 48.681388854980469 -40.813610076904297
   vertex -51.879493713378906 48.819740295410156 -40.863983154296875
   vertex -51.642845153808594 48.681388854980469 -40.863983154296875
  endloop
 endfacet
 facet normal -0.34320192272210287 -0.58704297115882798 0.73320733101413238
  outer loop
   vertex -51.642845153808594 48.681388854980469 -40.863983154296875
   vertex -51.879493713378906 48.819740295410156 -40.863983154296875
   vertex -51.879493713378906 48.681388854980469 -40.974754333496094
  endloop
 endfacet
 facet normal -0.3541738217471771 -0.54958676823308905 0.75664740016212817
  outer loop
   vertex -51.642845153808594 48.681388854980469 -40.863983154296875
   vertex -51.879493713378906 48.681388854980469 -40.974754333496094
   vertex -51.524154663085938 48.604900360107422 -40.863983154296875
  endloop
 endfacet
 facet normal -0.3540495040224837 -0.5025414523367584 0.78873381909532381
  outer loop
   vertex -51.524154663085938 48.604900360107422 -40.863983154296875
   vertex -51.879493713378906 48.681388854980469 -40.974754333496094
   vertex -51.524154663085938 48.3260498046875 -41.041652679443359
  endloop
 endfacet
 facet normal -0.26832550471801769 -0.51764178067362254 0.81243363447044847
  outer loop
   vertex -51.524154663085938 48.604900360107422 -40.863983154296875
   vertex -51.524154663085938 48.3260498046875 -41.041652679443359
   vertex -51.168815612792969 48.3260498046875 -40.924293518066406
  endloop
 endfacet
 facet normal -0.2934093507491356 -0.35311169223100097 0.88838228578846035
  outer loop
   vertex -51.168815612792969 48.3260498046875 -40.924293518066406
   vertex -51.524154663085938 48.3260498046875 -41.041652679443359
   vertex -51.524154663085938 47.970710754394531 -41.182891845703125
  endloop
 endfacet
 facet normal -0.21044479268752192 -0.42888712880961488 0.87850373930459202
  outer loop
   vertex -51.168815612792969 48.3260498046875 -40.924293518066406
   vertex -51.524154663085938 47.970710754394531 -41.182891845703125
   vertex -51.168815612792969 47.970710754394531 -41.097770690917969
  endloop
 endfacet
 facet normal -0.19635785065836445 -0.53808858538159943 0.81969766912371822
  outer loop
   vertex -51.168815612792969 47.970710754394531 -41.097770690917969
   vertex -51.524154663085938 47.970710754394531 -41.182891845703125
   vertex -51.524154663085938 47.915214538574219 -41.219322204589844
  endloop
 endfacet
 facet normal -0.075300251641647734 0.77636715868694306 0.62576665540364762
  outer loop
   vertex -48.326103210449219 52.767784118652344 -42.28533935546875
   vertex -48.681442260742188 52.590114593505859 -42.107669830322266
   vertex -48.326103210449219 52.590114593505859 -42.064910888671875
  endloop
 endfacet
 facet normal -0.083097758328818189 0.71847973443400059 0.69056616900075063
  outer loop
   vertex -48.326103210449219 52.590114593505859 -42.064910888671875
   vertex -48.681442260742188 52.590114593505859 -42.107669830322266
   vertex -48.326103210449219 52.460445404052734 -41.930000305175781
  endloop
 endfacet
 facet normal -0.142583494546934 0.71360694804679259 0.68588269462213913
  outer loop
   vertex -48.326103210449219 52.590114593505859 -42.064910888671875
   vertex -48.326103210449219 52.460445404052734 -41.930000305175781
   vertex -47.97076416015625 52.531444549560547 -41.930000305175781
  endloop
 endfacet
 facet normal -0.13021984744033854 0.65172892698622042 0.74718953222191531
  outer loop
   vertex -47.97076416015625 52.531444549560547 -41.930000305175781
   vertex -48.326103210449219 52.460445404052734 -41.930000305175781
   vertex -48.326103210449219 52.234775543212891 -41.733161926269531
  endloop
 endfacet
 facet normal -0.081584004379345154 0.78459116332190804 0.61462245050649256
  outer loop
   vertex -49.392120361328125 52.590114593505859 -42.130168914794922
   vertex -49.036781311035156 52.748619079589844 -42.28533935546875
   vertex -49.392120361328125 52.711669921875 -42.28533935546875
  endloop
 endfacet
 facet normal -0.095229340033244805 0.91581798720800667 0.39013944571538511
  outer loop
   vertex -49.392120361328125 52.711669921875 -42.28533935546875
   vertex -49.036781311035156 52.748619079589844 -42.28533935546875
   vertex -49.392120361328125 52.863044738769531 -42.640678405761719
  endloop
 endfacet
 facet normal -0.20279760200857994 0.90088209390525165 0.38377673913417282
  outer loop
   vertex -49.392120361328125 52.711669921875 -42.28533935546875
   vertex -49.392120361328125 52.863044738769531 -42.640678405761719
   vertex -49.747459411621094 52.783054351806641 -42.640678405761719
  endloop
 endfacet
 facet normal -0.21930383405095813 0.97420726509832367 0.053160445823883837
  outer loop
   vertex -49.747459411621094 52.783054351806641 -42.640678405761719
   vertex -49.392120361328125 52.863044738769531 -42.640678405761719
   vertex -49.747459411621094 52.802444458007812 -42.996017456054688
  endloop
 endfacet
 facet normal -0.23727743999228842 0.96999883855357094 0.05293080081983683
  outer loop
   vertex -49.747459411621094 52.783054351806641 -42.640678405761719
   vertex -49.747459411621094 52.802444458007812 -42.996017456054688
   vertex -50.102798461914062 52.715522766113281 -42.996017456054688
  endloop
 endfacet
 facet normal -0.23723024365734746 0.96980589821302177 0.056553791079904825
  outer loop
   vertex -50.102798461914062 52.715522766113281 -42.996017456054688
   vertex -49.747459411621094 52.802444458007812 -42.996017456054688
   vertex -50.102798461914062 52.736244201660156 -43.351356506347656
  endloop
 endfacet
 facet normal -0.36732863634970681 0.92851381172763803 0.054145861785341164
  outer loop
   vertex -50.102798461914062 52.715522766113281 -42.996017456054688
   vertex -50.102798461914062 52.736244201660156 -43.351356506347656
   vertex -50.458137512207031 52.595668792724609 -43.351356506347656
  endloop
 endfacet
 facet normal -0.034156606453940586 0.80897225811964546 0.58685365452415161
  outer loop
   vertex -49.747459411621094 52.590114593505859 -42.138458251953125
   vertex -49.392120361328125 52.711669921875 -42.28533935546875
   vertex -49.747459411621094 52.696666717529297 -42.28533935546875
  endloop
 endfacet
 facet normal -0.040992704315395319 0.97087983904883646 0.23603376097799197
  outer loop
   vertex -49.747459411621094 52.696666717529297 -42.28533935546875
   vertex -49.392120361328125 52.711669921875 -42.28533935546875
   vertex -49.747459411621094 52.783054351806641 -42.640678405761719
  endloop
 endfacet
 facet normal -0.22990442187791302 0.94566797217732046 0.22990442187791302
  outer loop
   vertex -49.747459411621094 52.696666717529297 -42.28533935546875
   vertex -49.747459411621094 52.783054351806641 -42.640678405761719
   vertex -50.102798461914062 52.696666717529297 -42.640678405761719
  endloop
 endfacet
 facet normal -0.23591891098451312 0.97040742551476633 0.051494620550933866
  outer loop
   vertex -50.102798461914062 52.696666717529297 -42.640678405761719
   vertex -49.747459411621094 52.783054351806641 -42.640678405761719
   vertex -50.102798461914062 52.715522766113281 -42.996017456054688
  endloop
 endfacet
 facet normal -0.46990472478335993 0.88147694213429728 0.046775528985183376
  outer loop
   vertex -50.102798461914062 52.696666717529297 -42.640678405761719
   vertex -50.102798461914062 52.715522766113281 -42.996017456054688
   vertex -50.338047027587891 52.590114593505859 -42.996017456054688
  endloop
 endfacet
 facet normal -0.46374820438699499 0.86992815258833744 0.16781719894599675
  outer loop
   vertex -50.338047027587891 52.590114593505859 -42.996017456054688
   vertex -50.102798461914062 52.715522766113281 -42.996017456054688
   vertex -50.458137512207031 52.590114593505859 -43.327877044677734
  endloop
 endfacet
 facet normal -0.51910366091143578 0.83381306950114342 0.1878487539416393
  outer loop
   vertex -50.338047027587891 52.590114593505859 -42.996017456054688
   vertex -50.458137512207031 52.590114593505859 -43.327877044677734
   vertex -50.458137512207031 52.515350341796875 -42.996017456054688
  endloop
 endfacet
 facet normal -0.5313040321325242 0.82646711779937387 0.18619379322662138
  outer loop
   vertex -50.458137512207031 52.515350341796875 -42.996017456054688
   vertex -50.458137512207031 52.590114593505859 -43.327877044677734
   vertex -50.466365814208984 52.590114593505859 -43.351356506347656
  endloop
 endfacet
 facet normal -0.51638315821946601 0.83552203559691796 0.18775346052542549
  outer loop
   vertex -50.458137512207031 52.515350341796875 -42.996017456054688
   vertex -50.466365814208984 52.590114593505859 -43.351356506347656
   vertex -50.8134765625 52.375587463378906 -43.351356506347656
  endloop
 endfacet
 facet normal -0.51377157853023381 0.83129642842259655 -0.21209670715592616
  outer loop
   vertex -50.8134765625 52.375587463378906 -43.351356506347656
   vertex -50.466365814208984 52.590114593505859 -43.351356506347656
   vertex -50.458137512207031 52.590114593505859 -43.371288299560547
  endloop
 endfacet
 facet normal -0.014384358716623509 0.78713392475004673 0.61661436468176711
  outer loop
   vertex -49.392120361328125 52.711669921875 -42.28533935546875
   vertex -49.747459411621094 52.590114593505859 -42.138458251953125
   vertex -49.392120361328125 52.590114593505859 -42.130168914794922
  endloop
 endfacet
 facet normal -0.015483828241346269 0.74779836107516129 0.66374532935177399
  outer loop
   vertex -49.392120361328125 52.590114593505859 -42.130168914794922
   vertex -49.747459411621094 52.590114593505859 -42.138458251953125
   vertex -49.392120361328125 52.412445068359375 -41.930000305175781
  endloop
 endfacet
 facet normal -0.16276549152717734 0.82480717744296428 0.54147993019731278
  outer loop
   vertex -50.102798461914062 52.590114593505859 -42.229846954345703
   vertex -49.747459411621094 52.696666717529297 -42.28533935546875
   vertex -50.102798461914062 52.626544952392578 -42.28533935546875
  endloop
 endfacet
 facet normal -0.19007448995080969 0.963194360728861 0.19007448995080969
  outer loop
   vertex -50.102798461914062 52.626544952392578 -42.28533935546875
   vertex -49.747459411621094 52.696666717529297 -42.28533935546875
   vertex -50.102798461914062 52.696666717529297 -42.640678405761719
  endloop
 endfacet
 facet normal -0.56357447388799564 0.81043591195256781 0.15992950009138057
  outer loop
   vertex -50.102798461914062 52.626544952392578 -42.28533935546875
   vertex -50.102798461914062 52.696666717529297 -42.640678405761719
   vertex -50.256023406982422 52.590114593505859 -42.640678405761719
  endloop
 endfacet
 facet normal -0.56602893820944411 0.81396550053912142 0.13065758700353694
  outer loop
   vertex -50.256023406982422 52.590114593505859 -42.640678405761719
   vertex -50.102798461914062 52.696666717529297 -42.640678405761719
   vertex -50.338047027587891 52.590114593505859 -42.996017456054688
  endloop
 endfacet
 facet normal -0.61092442487327925 0.77902788936368117 0.1410209015955475
  outer loop
   vertex -50.256023406982422 52.590114593505859 -42.640678405761719
   vertex -50.338047027587891 52.590114593505859 -42.996017456054688
   vertex -50.458137512207031 52.431613922119141 -42.640678405761719
  endloop
 endfacet
 facet normal -0.51824380146725191 0.83243191560745733 0.19616439054749649
  outer loop
   vertex -50.458137512207031 52.431613922119141 -42.640678405761719
   vertex -50.338047027587891 52.590114593505859 -42.996017456054688
   vertex -50.458137512207031 52.515350341796875 -42.996017456054688
  endloop
 endfacet
 facet normal -0.49108337482530562 0.84788820160844502 0.19980669794425096
  outer loop
   vertex -50.458137512207031 52.431613922119141 -42.640678405761719
   vertex -50.458137512207031 52.515350341796875 -42.996017456054688
   vertex -50.8134765625 52.309543609619141 -42.996017456054688
  endloop
 endfacet
 facet normal -0.49483060902364817 0.85435805139020271 0.15879228066257198
  outer loop
   vertex -50.8134765625 52.309543609619141 -42.996017456054688
   vertex -50.458137512207031 52.515350341796875 -42.996017456054688
   vertex -50.8134765625 52.375587463378906 -43.351356506347656
  endloop
 endfacet
 facet normal -0.63000150405728161 0.76351819915765584 0.14190864822347285
  outer loop
   vertex -50.8134765625 52.309543609619141 -42.996017456054688
   vertex -50.8134765625 52.375587463378906 -43.351356506347656
   vertex -50.984130859375 52.234775543212891 -43.351356506347656
  endloop
 endfacet
 facet normal -0.63138771042261543 0.7651981852861085 0.12578273475375709
  outer loop
   vertex -50.984130859375 52.234775543212891 -43.351356506347656
   vertex -50.8134765625 52.375587463378906 -43.351356506347656
   vertex -51.054920196533203 52.234775543212891 -43.706695556640625
  endloop
 endfacet
 facet normal -0.64585054527767194 0.75254412272137683 0.12866396745805431
  outer loop
   vertex -50.984130859375 52.234775543212891 -43.351356506347656
   vertex -51.054920196533203 52.234775543212891 -43.706695556640625
   vertex -51.168815612792969 52.076274871826172 -43.351356506347656
  endloop
 endfacet
 facet normal -0.53841279864424385 0.82021485428446295 0.19328541348790387
  outer loop
   vertex -51.168815612792969 52.076274871826172 -43.351356506347656
   vertex -51.054920196533203 52.234775543212891 -43.706695556640625
   vertex -51.168815612792969 52.160011291503906 -43.706695556640625
  endloop
 endfacet
 facet normal -0.44891789531026471 0.86974982732900352 0.20495843757057386
  outer loop
   vertex -51.168815612792969 52.076274871826172 -43.351356506347656
   vertex -51.168815612792969 52.160011291503906 -43.706695556640625
   vertex -51.524154663085938 51.976604461669922 -43.706695556640625
  endloop
 endfacet
 facet normal -0.14932621463338711 0.80036907103902633 0.58061263484993986
  outer loop
   vertex -49.747459411621094 52.696666717529297 -42.28533935546875
   vertex -50.102798461914062 52.590114593505859 -42.229846954345703
   vertex -49.747459411621094 52.590114593505859 -42.138458251953125
  endloop
 endfacet
 facet normal -0.16455442255370584 0.75069841590097341 0.63982320244094415
  outer loop
   vertex -49.747459411621094 52.590114593505859 -42.138458251953125
   vertex -50.102798461914062 52.590114593505859 -42.229846954345703
   vertex -49.747459411621094 52.412445068359375 -41.930000305175781
  endloop
 endfacet
 facet normal -0 0.76107336391067626 0.64866581129707113
  outer loop
   vertex -49.747459411621094 52.590114593505859 -42.138458251953125
   vertex -49.747459411621094 52.412445068359375 -41.930000305175781
   vertex -49.392120361328125 52.412445068359375 -41.930000305175781
  endloop
 endfacet
 facet normal -0 0.70710678118654746 0.70710678118654746
  outer loop
   vertex -49.392120361328125 52.412445068359375 -41.930000305175781
   vertex -49.747459411621094 52.412445068359375 -41.930000305175781
   vertex -49.747459411621094 52.234775543212891 -41.752330780029297
  endloop
 endfacet
 facet normal -0.48110971102405337 0.73284847814313137 0.48110971102405337
  outer loop
   vertex -50.102798461914062 52.590114593505859 -42.229846954345703
   vertex -50.102798461914062 52.626544952392578 -42.28533935546875
   vertex -50.158290863037109 52.590114593505859 -42.28533935546875
  endloop
 endfacet
 facet normal -0.54265137451949619 0.82659157540681794 0.14925097386140088
  outer loop
   vertex -50.158290863037109 52.590114593505859 -42.28533935546875
   vertex -50.102798461914062 52.626544952392578 -42.28533935546875
   vertex -50.256023406982422 52.590114593505859 -42.640678405761719
  endloop
 endfacet
 facet normal -0.54262766691629105 0.82660831610343666 0.14924445331610711
  outer loop
   vertex -50.158290863037109 52.590114593505859 -42.28533935546875
   vertex -50.256023406982422 52.590114593505859 -42.640678405761719
   vertex -50.458137512207031 52.393280029296875 -42.28533935546875
  endloop
 endfacet
 facet normal -0.61487973908799021 0.78407155754750868 0.084585454447610467
  outer loop
   vertex -50.458137512207031 52.393280029296875 -42.28533935546875
   vertex -50.256023406982422 52.590114593505859 -42.640678405761719
   vertex -50.458137512207031 52.431613922119141 -42.640678405761719
  endloop
 endfacet
 facet normal -0.60505526379217023 0.79159051837367878 0.085396598165723009
  outer loop
   vertex -50.458137512207031 52.393280029296875 -42.28533935546875
   vertex -50.458137512207031 52.431613922119141 -42.640678405761719
   vertex -50.715660095214844 52.234775543212891 -42.640678405761719
  endloop
 endfacet
 facet normal -0.57593681590668222 0.75349501101217642 0.31708366792225756
  outer loop
   vertex -50.715660095214844 52.234775543212891 -42.640678405761719
   vertex -50.458137512207031 52.431613922119141 -42.640678405761719
   vertex -50.8134765625 52.234775543212891 -42.818347930908203
  endloop
 endfacet
 facet normal -0.57592744734446655 0.75350434230352625 0.31707851003342585
  outer loop
   vertex -50.715660095214844 52.234775543212891 -42.640678405761719
   vertex -50.8134765625 52.234775543212891 -42.818347930908203
   vertex -50.8134765625 52.160011291503906 -42.640678405761719
  endloop
 endfacet
 facet normal -0.57592744734446655 0.75350434230352625 0.31707851003342585
  outer loop
   vertex -50.8134765625 52.160011291503906 -42.640678405761719
   vertex -50.8134765625 52.234775543212891 -42.818347930908203
   vertex -50.911293029785156 52.234775543212891 -42.996017456054688
  endloop
 endfacet
 facet normal -0.57593074719801252 0.7535016740991769 0.3170788570082792
  outer loop
   vertex -50.8134765625 52.160011291503906 -42.640678405761719
   vertex -50.911293029785156 52.234775543212891 -42.996017456054688
   vertex -51.168815612792969 52.037940979003906 -42.996017456054688
  endloop
 endfacet
 facet normal -0.60261542221110831 0.78841376620918047 0.12352484027588731
  outer loop
   vertex -51.168815612792969 52.037940979003906 -42.996017456054688
   vertex -50.911293029785156 52.234775543212891 -42.996017456054688
   vertex -50.984130859375 52.234775543212891 -43.351356506347656
  endloop
 endfacet
 facet normal -0.64909226498523842 0.75632136984344966 0.081591770752086151
  outer loop
   vertex -51.168815612792969 52.037940979003906 -42.996017456054688
   vertex -50.984130859375 52.234775543212891 -43.351356506347656
   vertex -51.168815612792969 52.076274871826172 -43.351356506347656
  endloop
 endfacet
 facet normal 0.60800710707786798 0.7939315825326525 -0
  outer loop
   vertex -47.549648284912109 52.590114593505859 -42.28533935546875
   vertex -47.615425109863281 52.640487670898438 -42.640678405761719
   vertex -47.615425109863281 52.640487670898438 -42.28533935546875
  endloop
 endfacet
 facet normal 0.38167538751980712 0.92429643435512887 -0
  outer loop
   vertex -47.615425109863281 52.640487670898438 -42.28533935546875
   vertex -47.615425109863281 52.640487670898438 -42.640678405761719
   vertex -47.97076416015625 52.787220001220703 -42.640678405761719
  endloop
 endfacet
 facet normal 0.60800710707786798 0.7939315825326525 -0
  outer loop
   vertex -47.549648284912109 52.590114593505859 -42.28533935546875
   vertex -47.549648284912109 52.590114593505859 -42.640678405761719
   vertex -47.615425109863281 52.640487670898438 -42.640678405761719
  endloop
 endfacet
 facet normal 0.5761779616725381 0.75236929898671523 -0.31931081163204905
  outer loop
   vertex -47.615425109863281 52.640487670898438 -42.640678405761719
   vertex -47.549648284912109 52.590114593505859 -42.640678405761719
   vertex -47.615425109863281 52.590114593505859 -42.759368896484375
  endloop
 endfacet
 facet normal 0.52955587922912972 0.78086034578082308 -0.33140261188004655
  outer loop
   vertex -47.615425109863281 52.640487670898438 -42.640678405761719
   vertex -47.615425109863281 52.590114593505859 -42.759368896484375
   vertex -47.97076416015625 52.730659484863281 -42.996017456054688
  endloop
 endfacet
 facet normal 0.51810271024398125 0.79988600986314617 -0.30290584818232891
  outer loop
   vertex -47.97076416015625 52.730659484863281 -42.996017456054688
   vertex -47.615425109863281 52.590114593505859 -42.759368896484375
   vertex -47.753780364990234 52.590114593505859 -42.996017456054688
  endloop
 endfacet
 facet normal 0.54189885459383569 0.8366242908599183 -0.080033913643078172
  outer loop
   vertex -47.97076416015625 52.730659484863281 -42.996017456054688
   vertex -47.753780364990234 52.590114593505859 -42.996017456054688
   vertex -47.97076416015625 52.696666717529297 -43.351356506347656
  endloop
 endfacet
 facet normal 0.58329544062636818 0.8040672936373221 -0.1150748289038193
  outer loop
   vertex -47.97076416015625 52.696666717529297 -43.351356506347656
   vertex -47.753780364990234 52.590114593505859 -42.996017456054688
   vertex -47.823883056640625 52.590114593505859 -43.351356506347656
  endloop
 endfacet
 facet normal 0.58244626533557275 0.80289671346415914 -0.12693784110774742
  outer loop
   vertex -47.97076416015625 52.696666717529297 -43.351356506347656
   vertex -47.823883056640625 52.590114593505859 -43.351356506347656
   vertex -47.97076416015625 52.640487670898438 -43.706695556640625
  endloop
 endfacet
 facet normal 0.60223572956322236 0.78639535667236982 -0.13745715347550908
  outer loop
   vertex -47.97076416015625 52.640487670898438 -43.706695556640625
   vertex -47.823883056640625 52.590114593505859 -43.351356506347656
   vertex -47.904987335205078 52.590114593505859 -43.706695556640625
  endloop
 endfacet
 facet normal 0.55367941737702409 0.72299085148292508 -0.41318679969843441
  outer loop
   vertex -47.97076416015625 52.640487670898438 -43.706695556640625
   vertex -47.904987335205078 52.590114593505859 -43.706695556640625
   vertex -47.97076416015625 52.590114593505859 -43.794837951660156
  endloop
 endfacet
 facet normal 0.59167029397461246 0.6745151538617522 -0.44153773387882983
  outer loop
   vertex -47.97076416015625 52.590114593505859 -43.794837951660156
   vertex -47.904987335205078 52.590114593505859 -43.706695556640625
   vertex -47.615425109863281 52.336116790771484 -43.706695556640625
  endloop
 endfacet
 facet normal 0.58246799675648664 0.64173196247744224 -0.49890993284292906
  outer loop
   vertex -47.97076416015625 52.590114593505859 -43.794837951660156
   vertex -47.615425109863281 52.336116790771484 -43.706695556640625
   vertex -47.615425109863281 52.234775543212891 -43.837047576904297
  endloop
 endfacet
 facet normal 0.6196618747384417 0.61963854936485363 -0.48173356654551236
  outer loop
   vertex -47.615425109863281 52.234775543212891 -43.837047576904297
   vertex -47.615425109863281 52.336116790771484 -43.706695556640625
   vertex -47.514087677001953 52.234775543212891 -43.706695556640625
  endloop
 endfacet
 facet normal 0.65998310407960536 0.54879083602003753 -0.51307983845584604
  outer loop
   vertex -47.615425109863281 52.234775543212891 -43.837047576904297
   vertex -47.514087677001953 52.234775543212891 -43.706695556640625
   vertex -47.260086059570312 51.929309844970703 -43.706695556640625
  endloop
 endfacet
 facet normal 0.75862683343213455 0.6308153217453254 -0.16296428273727334
  outer loop
   vertex -47.260086059570312 51.929309844970703 -43.706695556640625
   vertex -47.514087677001953 52.234775543212891 -43.706695556640625
   vertex -47.437755584716797 52.234775543212891 -43.351356506347656
  endloop
 endfacet
 facet normal 0.70029494921299384 0.67557814494076496 -0.23061039478992487
  outer loop
   vertex -47.260086059570312 51.929309844970703 -43.706695556640625
   vertex -47.437755584716797 52.234775543212891 -43.351356506347656
   vertex -47.260086059570312 52.050605773925781 -43.351356506347656
  endloop
 endfacet
 facet normal 0.71317674883326188 0.68800528339255518 -0.13426710299827069
  outer loop
   vertex -47.260086059570312 52.050605773925781 -43.351356506347656
   vertex -47.437755584716797 52.234775543212891 -43.351356506347656
   vertex -47.370857238769531 52.234775543212891 -42.996017456054688
  endloop
 endfacet
 facet normal 0.73099184121208138 0.67170472722750607 -0.12026507182716421
  outer loop
   vertex -47.260086059570312 52.050605773925781 -43.351356506347656
   vertex -47.370857238769531 52.234775543212891 -42.996017456054688
   vertex -47.260086059570312 52.114227294921875 -42.996017456054688
  endloop
 endfacet
 facet normal 0.69614699209036024 0.639685970580674 -0.32585460629827651
  outer loop
   vertex -47.260086059570312 52.114227294921875 -42.996017456054688
   vertex -47.370857238769531 52.234775543212891 -42.996017456054688
   vertex -47.260086059570312 52.234775543212891 -42.759368896484375
  endloop
 endfacet
 facet normal 0.7304394053226767 0.60856884279905754 -0.31000361082747147
  outer loop
   vertex -47.260086059570312 52.114227294921875 -42.996017456054688
   vertex -47.260086059570312 52.234775543212891 -42.759368896484375
   vertex -47.209712982177734 52.234775543212891 -42.640678405761719
  endloop
 endfacet
 facet normal 0.75238378357935154 0.57615564034825661 -0.31931695899483631
  outer loop
   vertex -47.209712982177734 52.234775543212891 -42.640678405761719
   vertex -47.260086059570312 52.234775543212891 -42.759368896484375
   vertex -47.260086059570312 52.300556182861328 -42.640678405761719
  endloop
 endfacet
 facet normal 0.79394860269696621 0.60798488161757358 0
  outer loop
   vertex -47.209712982177734 52.234775543212891 -42.640678405761719
   vertex -47.260086059570312 52.300556182861328 -42.640678405761719
   vertex -47.209712982177734 52.234775543212891 -42.28533935546875
  endloop
 endfacet
 facet normal 0.79394860269696621 0.60798488161757358 -0
  outer loop
   vertex -47.209712982177734 52.234775543212891 -42.28533935546875
   vertex -47.260086059570312 52.300556182861328 -42.640678405761719
   vertex -47.260086059570312 52.300556182861328 -42.28533935546875
  endloop
 endfacet
 facet normal 0.72300370466129327 0.55365715147601358 0.41319414524592651
  outer loop
   vertex -47.209712982177734 52.234775543212891 -42.28533935546875
   vertex -47.260086059570312 52.300556182861328 -42.28533935546875
   vertex -47.260086059570312 52.234775543212891 -42.197196960449219
  endloop
 endfacet
 facet normal 0.61858018481094645 0.62969401189300245 0.46994042850700835
  outer loop
   vertex -47.260086059570312 52.234775543212891 -42.197196960449219
   vertex -47.260086059570312 52.300556182861328 -42.28533935546875
   vertex -47.463077545166016 52.234775543212891 -41.930000305175781
  endloop
 endfacet
 facet normal 0.62291616595588217 0.62291616595588217 0.47323450886600366
  outer loop
   vertex -47.260086059570312 52.234775543212891 -42.197196960449219
   vertex -47.463077545166016 52.234775543212891 -41.930000305175781
   vertex -47.260086059570312 52.031784057617188 -41.930000305175781
  endloop
 endfacet
 facet normal 0.53258711344561505 0.53258711344561505 0.65780083093846498
  outer loop
   vertex -47.260086059570312 52.031784057617188 -41.930000305175781
   vertex -47.463077545166016 52.234775543212891 -41.930000305175781
   vertex -47.615425109863281 51.9482421875 -41.574661254882812
  endloop
 endfacet
 facet normal 0.48034152340417369 0.61533354991278133 0.62500931452698538
  outer loop
   vertex -47.260086059570312 52.031784057617188 -41.930000305175781
   vertex -47.615425109863281 51.9482421875 -41.574661254882812
   vertex -47.52728271484375 51.879436492919922 -41.574661254882812
  endloop
 endfacet
 facet normal 0.41875041608438857 0.53643328236657328 0.73272602151047961
  outer loop
   vertex -47.52728271484375 51.879436492919922 -41.574661254882812
   vertex -47.615425109863281 51.9482421875 -41.574661254882812
   vertex -47.615425109863281 51.879436492919922 -41.524288177490234
  endloop
 endfacet
 facet normal 0.42748368960893146 0.50768354083602629 0.74800743143536308
  outer loop
   vertex -47.52728271484375 51.879436492919922 -41.574661254882812
   vertex -47.615425109863281 51.879436492919922 -41.524288177490234
   vertex -47.260086059570312 51.654449462890625 -41.574661254882812
  endloop
 endfacet
 facet normal 0.42748135159339706 0.50767883379994816 0.74801196230502021
  outer loop
   vertex -47.260086059570312 51.654449462890625 -41.574661254882812
   vertex -47.615425109863281 51.879436492919922 -41.524288177490234
   vertex -47.260086059570312 51.524097442626953 -41.486190795898438
  endloop
 endfacet
 facet normal 0.50778754180431673 0.48378833545934669 0.71281179764493507
  outer loop
   vertex -47.260086059570312 51.654449462890625 -41.574661254882812
   vertex -47.260086059570312 51.524097442626953 -41.486190795898438
   vertex -47.135894775390625 51.524097442626953 -41.574661254882812
  endloop
 endfacet
 facet normal 0.53243905311405415 0.39733748764600907 0.74741660112026342
  outer loop
   vertex -47.135894775390625 51.524097442626953 -41.574661254882812
   vertex -47.260086059570312 51.524097442626953 -41.486190795898438
   vertex -46.904747009277344 51.21435546875 -41.574661254882812
  endloop
 endfacet
 facet normal 0.66247933895378597 0.49438123409197021 0.56276844335575082
  outer loop
   vertex -47.135894775390625 51.524097442626953 -41.574661254882812
   vertex -46.904747009277344 51.21435546875 -41.574661254882812
   vertex -46.904747009277344 51.524097442626953 -41.846763610839844
  endloop
 endfacet
 facet normal 0.75464438146326196 0.433038217389485 0.49293991500594436
  outer loop
   vertex -46.904747009277344 51.524097442626953 -41.846763610839844
   vertex -46.904747009277344 51.21435546875 -41.574661254882812
   vertex -46.878582000732422 51.168758392333984 -41.574661254882812
  endloop
 endfacet
 facet normal 0.77740047264330137 0.41750452349265593 0.47046623470461935
  outer loop
   vertex -46.904747009277344 51.524097442626953 -41.846763610839844
   vertex -46.878582000732422 51.168758392333984 -41.574661254882812
   vertex -46.854373931884766 51.524097442626953 -41.930000305175781
  endloop
 endfacet
 facet normal 0.89571896878928903 0.28239908400862951 0.3434214412382251
  outer loop
   vertex -46.854373931884766 51.524097442626953 -41.930000305175781
   vertex -46.878582000732422 51.168758392333984 -41.574661254882812
   vertex -46.742343902587891 51.168758392333984 -41.930000305175781
  endloop
 endfacet
 facet normal 0.94306274278244095 0.29732546033316937 0.14909806777194856
  outer loop
   vertex -46.854373931884766 51.524097442626953 -41.930000305175781
   vertex -46.742343902587891 51.168758392333984 -41.930000305175781
   vertex -46.798194885253906 51.524097442626953 -42.28533935546875
  endloop
 endfacet
 facet normal 0.97968539815346056 0.19607380437761637 0.04209018747622275
  outer loop
   vertex -46.798194885253906 51.524097442626953 -42.28533935546875
   vertex -46.742343902587891 51.168758392333984 -41.930000305175781
   vertex -46.727077484130859 51.168758392333984 -42.28533935546875
  endloop
 endfacet
 facet normal 0.98055435032059635 0.19624771608187738 0
  outer loop
   vertex -46.798194885253906 51.524097442626953 -42.28533935546875
   vertex -46.727077484130859 51.168758392333984 -42.28533935546875
   vertex -46.798194885253906 51.524097442626953 -42.640678405761719
  endloop
 endfacet
 facet normal 0.98055435032059635 0.19624771608187738 0
  outer loop
   vertex -46.798194885253906 51.524097442626953 -42.640678405761719
   vertex -46.727077484130859 51.168758392333984 -42.28533935546875
   vertex -46.727077484130859 51.168758392333984 -42.640678405761719
  endloop
 endfacet
 facet normal 0.98055435032059635 0.19624771608187738 0
  outer loop
   vertex -46.798194885253906 51.524097442626953 -42.640678405761719
   vertex -46.727077484130859 51.168758392333984 -42.640678405761719
   vertex -46.798194885253906 51.524097442626953 -42.996017456054688
  endloop
 endfacet
 facet normal 0.98055435032059635 0.19624771608187738 0
  outer loop
   vertex -46.798194885253906 51.524097442626953 -42.996017456054688
   vertex -46.727077484130859 51.168758392333984 -42.640678405761719
   vertex -46.727077484130859 51.168758392333984 -42.996017456054688
  endloop
 endfacet
 facet normal 0.97266621759773619 0.1946689886706881 -0.12658757440619814
  outer loop
   vertex -46.798194885253906 51.524097442626953 -42.996017456054688
   vertex -46.727077484130859 51.168758392333984 -42.996017456054688
   vertex -46.844440460205078 51.524097442626953 -43.351356506347656
  endloop
 endfacet
 facet normal 0.96029651054364462 0.27591385730746221 -0.041257183415949174
  outer loop
   vertex -46.844440460205078 51.524097442626953 -43.351356506347656
   vertex -46.727077484130859 51.168758392333984 -42.996017456054688
   vertex -46.742343902587891 51.168758392333984 -43.351356506347656
  endloop
 endfacet
 facet normal 0.93452001552634667 0.268507715464811 -0.23361495525009673
  outer loop
   vertex -46.844440460205078 51.524097442626953 -43.351356506347656
   vertex -46.742343902587891 51.168758392333984 -43.351356506347656
   vertex -46.831172943115234 51.168758392333984 -43.706695556640625
  endloop
 endfacet
 facet normal 0.96930457810889437 0.041644196689122871 -0.24231053575784986
  outer loop
   vertex -46.831172943115234 51.168758392333984 -43.706695556640625
   vertex -46.742343902587891 51.168758392333984 -43.351356506347656
   vertex -46.727077484130859 50.813419342041016 -43.351356506347656
  endloop
 endfacet
 facet normal 0.96930457810889437 0.24231053575784986 -0.041644196689122871
  outer loop
   vertex -46.831172943115234 51.168758392333984 -43.706695556640625
   vertex -46.727077484130859 50.813419342041016 -43.351356506347656
   vertex -46.742343902587891 50.813419342041016 -43.706695556640625
  endloop
 endfacet
 facet normal 0.99907836758367441 0 -0.042923366903594898
  outer loop
   vertex -46.742343902587891 50.813419342041016 -43.706695556640625
   vertex -46.727077484130859 50.813419342041016 -43.351356506347656
   vertex -46.727077484130859 50.458080291748047 -43.351356506347656
  endloop
 endfacet
 facet normal 0.99907836758367441 0.042923366903594898 0
  outer loop
   vertex -46.742343902587891 50.813419342041016 -43.706695556640625
   vertex -46.727077484130859 50.458080291748047 -43.351356506347656
   vertex -46.727077484130859 50.458080291748047 -43.706695556640625
  endloop
 endfacet
 facet normal 1 0 0
  outer loop
   vertex -46.727077484130859 50.458080291748047 -43.706695556640625
   vertex -46.727077484130859 50.458080291748047 -43.351356506347656
   vertex -46.727077484130859 50.102741241455078 -43.351356506347656
  endloop
 endfacet
 facet normal 0.99665004400446611 -0.057830311195320873 -0.057830311195320873
  outer loop
   vertex -46.727077484130859 50.458080291748047 -43.706695556640625
   vertex -46.727077484130859 50.102741241455078 -43.351356506347656
   vertex -46.747695922851562 50.102741241455078 -43.706695556640625
  endloop
 endfacet
 facet normal 0.9974037852960902 -0.042851881917733446 -0.05787404680113116
  outer loop
   vertex -46.747695922851562 50.102741241455078 -43.706695556640625
   vertex -46.727077484130859 50.102741241455078 -43.351356506347656
   vertex -46.742343902587891 49.747406005859375 -43.351356506347656
  endloop
 endfacet
 facet normal 0.97456030377136971 -0.15097215411245279 -0.1656490959700708
  outer loop
   vertex -46.747695922851562 50.102741241455078 -43.706695556640625
   vertex -46.742343902587891 49.747406005859375 -43.351356506347656
   vertex -46.802742004394531 49.747406005859375 -43.706695556640625
  endloop
 endfacet
 facet normal 0.94143341712359585 -0.29681177234659972 -0.16001841431366498
  outer loop
   vertex -46.802742004394531 49.747406005859375 -43.706695556640625
   vertex -46.742343902587891 49.747406005859375 -43.351356506347656
   vertex -46.854373931884766 49.392066955566406 -43.351356506347656
  endloop
 endfacet
 facet normal 0.9037452087006711 -0.36114334217787969 -0.22982620423087399
  outer loop
   vertex -46.802742004394531 49.747406005859375 -43.706695556640625
   vertex -46.854373931884766 49.392066955566406 -43.351356506347656
   vertex -46.904747009277344 49.392066955566406 -43.5494384765625
  endloop
 endfacet
 facet normal 0.80481639987402942 -0.55711892222355619 -0.20466819243416706
  outer loop
   vertex -46.904747009277344 49.392066955566406 -43.5494384765625
   vertex -46.854373931884766 49.392066955566406 -43.351356506347656
   vertex -46.904747009277344 49.319297790527344 -43.351356506347656
  endloop
 endfacet
 facet normal 0.76877621881057301 -0.60029182298787087 -0.22052857557517669
  outer loop
   vertex -46.904747009277344 49.392066955566406 -43.5494384765625
   vertex -46.904747009277344 49.319297790527344 -43.351356506347656
   vertex -47.125389099121094 49.036727905273438 -43.351356506347656
  endloop
 endfacet
 facet normal 0.73743059592547344 -0.57581588233832903 0.35303283960551407
  outer loop
   vertex -47.125389099121094 49.036727905273438 -43.351356506347656
   vertex -46.904747009277344 49.319297790527344 -43.351356506347656
   vertex -46.904747009277344 49.392066955566406 -43.232666015625
  endloop
 endfacet
 facet normal 0.75738869106429241 -0.57415930069986321 0.31097181233636262
  outer loop
   vertex -47.125389099121094 49.036727905273438 -43.351356506347656
   vertex -46.904747009277344 49.392066955566406 -43.232666015625
   vertex -47.001911163330078 49.392066955566406 -42.996017456054688
  endloop
 endfacet
 facet normal 0.83533688606589707 -0.42962736905307458 0.3429761078242386
  outer loop
   vertex -47.001911163330078 49.392066955566406 -42.996017456054688
   vertex -46.904747009277344 49.392066955566406 -43.232666015625
   vertex -46.904747009277344 49.580986022949219 -42.996017456054688
  endloop
 endfacet
 facet normal 0.82734347576277756 -0.42551622791280402 0.36665885083497574
  outer loop
   vertex -47.001911163330078 49.392066955566406 -42.996017456054688
   vertex -46.904747009277344 49.580986022949219 -42.996017456054688
   vertex -46.904747009277344 49.747406005859375 -42.802883148193359
  endloop
 endfacet
 facet normal 0.83702809398294375 -0.41450407881555762 0.35716990148743838
  outer loop
   vertex -46.904747009277344 49.747406005859375 -42.802883148193359
   vertex -46.904747009277344 49.580986022949219 -42.996017456054688
   vertex -46.822334289550781 49.747406005859375 -42.996017456054688
  endloop
 endfacet
 facet normal 0.81264088009745117 -0.46836931551905958 0.34676358556608533
  outer loop
   vertex -46.904747009277344 49.747406005859375 -42.802883148193359
   vertex -46.822334289550781 49.747406005859375 -42.996017456054688
   vertex -46.904747009277344 49.867496490478516 -42.640678405761719
  endloop
 endfacet
 facet normal 0.82930823790866404 -0.44210138680105293 0.3417516793307861
  outer loop
   vertex -46.904747009277344 49.867496490478516 -42.640678405761719
   vertex -46.822334289550781 49.747406005859375 -42.996017456054688
   vertex -46.779338836669922 50.102741241455078 -42.640678405761719
  endloop
 endfacet
 facet normal 0.87728301271919351 -0.46767657526015899 0.10794969452140289
  outer loop
   vertex -46.904747009277344 49.867496490478516 -42.640678405761719
   vertex -46.779338836669922 50.102741241455078 -42.640678405761719
   vertex -46.904747009277344 49.949516296386719 -42.28533935546875
  endloop
 endfacet
 facet normal 0.82022546707009591 -0.57038209839425202 0.043525222584299347
  outer loop
   vertex -46.904747009277344 49.949516296386719 -42.28533935546875
   vertex -46.779338836669922 50.102741241455078 -42.640678405761719
   vertex -46.798194885253906 50.102741241455078 -42.28533935546875
  endloop
 endfacet
 facet normal 0.81301781253560879 -0.56536991908145062 0.13913623215269108
  outer loop
   vertex -46.904747009277344 49.949516296386719 -42.28533935546875
   vertex -46.798194885253906 50.102741241455078 -42.28533935546875
   vertex -46.904747009277344 50.036964416503906 -41.930000305175781
  endloop
 endfacet
 facet normal 0.78775018138549002 -0.60327327873313208 0.12454317682516491
  outer loop
   vertex -46.904747009277344 50.036964416503906 -41.930000305175781
   vertex -46.798194885253906 50.102741241455078 -42.28533935546875
   vertex -46.854373931884766 50.102741241455078 -41.930000305175781
  endloop
 endfacet
 facet normal 0.71561622095099864 -0.54803179247566758 0.43307571941603745
  outer loop
   vertex -46.904747009277344 50.036964416503906 -41.930000305175781
   vertex -46.854373931884766 50.102741241455078 -41.930000305175781
   vertex -46.904747009277344 50.102741241455078 -41.846763610839844
  endloop
 endfacet
 facet normal 0.77876491371330514 -0.41401581188945802 0.47129196542549012
  outer loop
   vertex -46.904747009277344 50.102741241455078 -41.846763610839844
   vertex -46.854373931884766 50.102741241455078 -41.930000305175781
   vertex -46.904747009277344 50.412487030029297 -41.574661254882812
  endloop
 endfacet
 facet normal 0.66248133306900148 -0.49437663361145684 0.56277013733328296
  outer loop
   vertex -46.904747009277344 50.102741241455078 -41.846763610839844
   vertex -46.904747009277344 50.412487030029297 -41.574661254882812
   vertex -47.135894775390625 50.102741241455078 -41.574661254882812
  endloop
 endfacet
 facet normal 0.57829662929348202 -0.43155380619484773 0.69233974384440544
  outer loop
   vertex -47.135894775390625 50.102741241455078 -41.574661254882812
   vertex -46.904747009277344 50.412487030029297 -41.574661254882812
   vertex -46.904747009277344 50.458080291748047 -41.546241760253906
  endloop
 endfacet
 facet normal 0.53056858263587015 -0.40470171737016664 0.74479090963665873
  outer loop
   vertex -47.135894775390625 50.102741241455078 -41.574661254882812
   vertex -46.904747009277344 50.458080291748047 -41.546241760253906
   vertex -47.260086059570312 50.102741241455078 -41.486190795898438
  endloop
 endfacet
 facet normal 0.50394550367668656 -0.3722275299953689 0.7794136226918269
  outer loop
   vertex -47.260086059570312 50.102741241455078 -41.486190795898438
   vertex -46.904747009277344 50.458080291748047 -41.546241760253906
   vertex -47.260086059570312 50.458080291748047 -41.316490173339844
  endloop
 endfacet
 facet normal 0.30546332628386674 -0.41035305852526333 0.85924532216041627
  outer loop
   vertex -47.260086059570312 50.102741241455078 -41.486190795898438
   vertex -47.260086059570312 50.458080291748047 -41.316490173339844
   vertex -47.615425109863281 50.102741241455078 -41.359867095947266
  endloop
 endfacet
 facet normal 0.35229195255455775 -0.45230950526038866 0.81933295528521233
  outer loop
   vertex -47.615425109863281 50.102741241455078 -41.359867095947266
   vertex -47.260086059570312 50.458080291748047 -41.316490173339844
   vertex -47.615425109863281 50.357330322265625 -41.219322204589844
  endloop
 endfacet
 facet normal 0.24253079920610957 -0.46886402013218303 0.84932051786232832
  outer loop
   vertex -47.615425109863281 50.102741241455078 -41.359867095947266
   vertex -47.615425109863281 50.357330322265625 -41.219322204589844
   vertex -47.97076416015625 50.17352294921875 -41.219322204589844
  endloop
 endfacet
 facet normal 0.25676334405894824 -0.49637858000770024 0.82926527146456896
  outer loop
   vertex -47.97076416015625 50.17352294921875 -41.219322204589844
   vertex -47.615425109863281 50.357330322265625 -41.219322204589844
   vertex -47.615425109863281 50.458080291748047 -41.159015655517578
  endloop
 endfacet
 facet normal 0.16534312212564625 -0.39773452865629866 0.9024793054027862
  outer loop
   vertex -47.97076416015625 50.17352294921875 -41.219322204589844
   vertex -47.615425109863281 50.458080291748047 -41.159015655517578
   vertex -47.97076416015625 50.458080291748047 -41.093914031982422
  endloop
 endfacet
 facet normal 0.17533091492406852 -0.2311273639427382 0.95699488604107485
  outer loop
   vertex -47.97076416015625 50.458080291748047 -41.093914031982422
   vertex -47.615425109863281 50.458080291748047 -41.159015655517578
   vertex -47.615425109863281 50.813419342041016 -41.073196411132812
  endloop
 endfacet
 facet normal 0.087489230286332778 -0.14495131877164821 0.98556316376489284
  outer loop
   vertex -47.97076416015625 50.458080291748047 -41.093914031982422
   vertex -47.615425109863281 50.813419342041016 -41.073196411132812
   vertex -47.97076416015625 50.813419342041016 -41.041652679443359
  endloop
 endfacet
 facet normal 0.085970397931757606 0.23389479287347331 0.96845356963879803
  outer loop
   vertex -47.97076416015625 50.813419342041016 -41.041652679443359
   vertex -47.615425109863281 50.813419342041016 -41.073196411132812
   vertex -47.615425109863281 51.168758392333984 -41.159015655517578
  endloop
 endfacet
 facet normal 0.12658757440619814 0.1946689886706881 0.97266621759773619
  outer loop
   vertex -47.97076416015625 50.813419342041016 -41.041652679443359
   vertex -47.615425109863281 51.168758392333984 -41.159015655517578
   vertex -47.97076416015625 51.168758392333984 -41.112770080566406
  endloop
 endfacet
 facet normal 0.1109797259033736 0.5104103975383224 0.85273954201924029
  outer loop
   vertex -47.97076416015625 51.168758392333984 -41.112770080566406
   vertex -47.615425109863281 51.168758392333984 -41.159015655517578
   vertex -47.615425109863281 51.269512176513672 -41.219322204589844
  endloop
 endfacet
 facet normal 0.11064472203104828 0.51116182399405574 0.85233287815133707
  outer loop
   vertex -47.97076416015625 51.168758392333984 -41.112770080566406
   vertex -47.615425109863281 51.269512176513672 -41.219322204589844
   vertex -47.97076416015625 51.346427917480469 -41.219322204589844
  endloop
 endfacet
 facet normal 0.11064472203104828 0.51116182399405574 0.85233287815133707
  outer loop
   vertex -47.97076416015625 51.346427917480469 -41.219322204589844
   vertex -47.615425109863281 51.269512176513672 -41.219322204589844
   vertex -47.97076416015625 51.524097442626953 -41.325874328613281
  endloop
 endfacet
 facet normal 0 0.51431973529565989 0.85759851322480873
  outer loop
   vertex -47.97076416015625 51.346427917480469 -41.219322204589844
   vertex -47.97076416015625 51.524097442626953 -41.325874328613281
   vertex -48.326103210449219 51.524097442626953 -41.325874328613281
  endloop
 endfacet
 facet normal 0 0.37161405455859814 0.92838730843033357
  outer loop
   vertex -48.326103210449219 51.524097442626953 -41.325874328613281
   vertex -47.97076416015625 51.524097442626953 -41.325874328613281
   vertex -47.97076416015625 51.879436492919922 -41.468109130859375
  endloop
 endfacet
 facet normal 0 0.37161405455859814 0.92838730843033357
  outer loop
   vertex -48.326103210449219 51.524097442626953 -41.325874328613281
   vertex -47.97076416015625 51.879436492919922 -41.468109130859375
   vertex -48.326103210449219 51.879436492919922 -41.468109130859375
  endloop
 endfacet
 facet normal 0 0.55072628718242811 0.83468590296365852
  outer loop
   vertex -48.326103210449219 51.879436492919922 -41.468109130859375
   vertex -47.97076416015625 51.879436492919922 -41.468109130859375
   vertex -47.97076416015625 52.040927886962891 -41.574661254882812
  endloop
 endfacet
 facet normal 0.25463439113090947 0.76918641931617515 0.58610031495721993
  outer loop
   vertex -48.681442260742188 52.945453643798828 -42.514530181884766
   vertex -48.326103210449219 52.923942565917969 -42.640678405761719
   vertex -48.391082763671875 52.945453643798828 -42.640678405761719
  endloop
 endfacet
 facet normal -0.32601182606881146 0.76339211984908617 0.55762779756356962
  outer loop
   vertex -49.036781311035156 52.945453643798828 -42.554805755615234
   vertex -49.183662414550781 52.945453643798828 -42.640678405761719
   vertex -49.036781311035156 52.748619079589844 -42.28533935546875
  endloop
 endfacet
 facet normal -0.30583337043557585 0.77362266170543348 0.55495398622211567
  outer loop
   vertex -49.036781311035156 52.748619079589844 -42.28533935546875
   vertex -49.183662414550781 52.945453643798828 -42.640678405761719
   vertex -49.392120361328125 52.863044738769531 -42.640678405761719
  endloop
 endfacet
 facet normal 0.37761052141176582 0.91445262107125924 -0.14555651113927601
  outer loop
   vertex -47.615425109863281 52.640487670898438 -42.640678405761719
   vertex -47.97076416015625 52.730659484863281 -42.996017456054688
   vertex -47.97076416015625 52.787220001220703 -42.640678405761719
  endloop
 endfacet
 facet normal 0.34529839006447016 0.92682529490852339 -0.14752591140750057
  outer loop
   vertex -47.97076416015625 52.787220001220703 -42.640678405761719
   vertex -47.97076416015625 52.730659484863281 -42.996017456054688
   vertex -48.326103210449219 52.863044738769531 -42.996017456054688
  endloop
 endfacet
 facet normal 0.34160079713593772 0.91690047986435563 -0.20640350147370556
  outer loop
   vertex -48.326103210449219 52.863044738769531 -42.996017456054688
   vertex -47.97076416015625 52.730659484863281 -42.996017456054688
   vertex -48.326103210449219 52.783054351806641 -43.351356506347656
  endloop
 endfacet
 facet normal 0.23521828841173731 0.96752554824487025 -0.092556308753730956
  outer loop
   vertex -48.326103210449219 52.783054351806641 -43.351356506347656
   vertex -47.97076416015625 52.730659484863281 -42.996017456054688
   vertex -47.97076416015625 52.696666717529297 -43.351356506347656
  endloop
 endfacet
 facet normal 0.2354129880269249 0.96832640796202663 -0.083214738547890743
  outer loop
   vertex -48.326103210449219 52.783054351806641 -43.351356506347656
   vertex -47.97076416015625 52.696666717529297 -43.351356506347656
   vertex -48.326103210449219 52.752517700195312 -43.706695556640625
  endloop
 endfacet
 facet normal 0.29732546033316937 0.94306274278244095 -0.14909806777194856
  outer loop
   vertex -48.326103210449219 52.752517700195312 -43.706695556640625
   vertex -47.97076416015625 52.696666717529297 -43.351356506347656
   vertex -47.97076416015625 52.640487670898438 -43.706695556640625
  endloop
 endfacet
 facet normal 0.28795088902289351 0.91332829312457542 -0.28795088902289351
  outer loop
   vertex -48.326103210449219 52.752517700195312 -43.706695556640625
   vertex -47.97076416015625 52.640487670898438 -43.706695556640625
   vertex -48.326103210449219 52.640487670898438 -44.062034606933594
  endloop
 endfacet
 facet normal 0.44447644119222074 0.77774120789000012 -0.44447644119222074
  outer loop
   vertex -48.326103210449219 52.640487670898438 -44.062034606933594
   vertex -47.97076416015625 52.640487670898438 -43.706695556640625
   vertex -47.97076416015625 52.590114593505859 -43.794837951660156
  endloop
 endfacet
 facet normal 0.44447644119222085 0.77774120789000034 -0.44447644119222085
  outer loop
   vertex -48.326103210449219 52.640487670898438 -44.062034606933594
   vertex -47.97076416015625 52.590114593505859 -43.794837951660156
   vertex -48.237960815429688 52.590114593505859 -44.062034606933594
  endloop
 endfacet
 facet normal 0.51759777248522276 0.6813113031769481 -0.51759777248522276
  outer loop
   vertex -48.237960815429688 52.590114593505859 -44.062034606933594
   vertex -47.97076416015625 52.590114593505859 -43.794837951660156
   vertex -47.97076416015625 52.387123107910156 -44.062034606933594
  endloop
 endfacet
 facet normal 0.46992962196565263 0.61856596021577759 -0.6297160497093528
  outer loop
   vertex -48.237960815429688 52.590114593505859 -44.062034606933594
   vertex -47.97076416015625 52.387123107910156 -44.062034606933594
   vertex -48.326103210449219 52.590114593505859 -44.127811431884766
  endloop
 endfacet
 facet normal 0.45159572660217928 0.56740512124882381 -0.68855844203325056
  outer loop
   vertex -48.326103210449219 52.590114593505859 -44.127811431884766
   vertex -47.97076416015625 52.387123107910156 -44.062034606933594
   vertex -47.97076416015625 52.234775543212891 -44.187576293945312
  endloop
 endfacet
 facet normal 0.47909926639981637 0.58861663904821859 -0.65114848166200689
  outer loop
   vertex -48.326103210449219 52.590114593505859 -44.127811431884766
   vertex -47.97076416015625 52.234775543212891 -44.187576293945312
   vertex -48.326103210449219 52.269790649414062 -44.417373657226562
  endloop
 endfacet
 facet normal 0.49836881700227786 0.52383291714108038 -0.69081661615744039
  outer loop
   vertex -48.326103210449219 52.269790649414062 -44.417373657226562
   vertex -47.97076416015625 52.234775543212891 -44.187576293945312
   vertex -48.289299011230469 52.234775543212891 -44.417373657226562
  endloop
 endfacet
 facet normal 0.48621063313809343 0.51105351220354345 -0.7088184026165496
  outer loop
   vertex -48.326103210449219 52.269790649414062 -44.417373657226562
   vertex -48.289299011230469 52.234775543212891 -44.417373657226562
   vertex -48.326103210449219 52.234775543212891 -44.442619323730469
  endloop
 endfacet
 facet normal 0.50319216506540554 0.45679936709533814 -0.73357479730296649
  outer loop
   vertex -48.326103210449219 52.234775543212891 -44.442619323730469
   vertex -48.289299011230469 52.234775543212891 -44.417373657226562
   vertex -47.97076416015625 51.879436492919922 -44.420146942138672
  endloop
 endfacet
 facet normal 0.44131793293036403 0.39021412653222015 -0.80806646850909936
  outer loop
   vertex -48.326103210449219 52.234775543212891 -44.442619323730469
   vertex -47.97076416015625 51.879436492919922 -44.420146942138672
   vertex -48.326103210449219 51.879436492919922 -44.614212036132812
  endloop
 endfacet
 facet normal 0.40031009395141959 0.54999302676334172 -0.73297987638973006
  outer loop
   vertex -48.326103210449219 51.879436492919922 -44.614212036132812
   vertex -47.97076416015625 51.879436492919922 -44.420146942138672
   vertex -48.326103210449219 51.668201446533203 -44.772712707519531
  endloop
 endfacet
 facet normal 0.05660246448721841 0.59921804375319865 -0.79858242971816185
  outer loop
   vertex -48.326103210449219 51.879436492919922 -44.614212036132812
   vertex -48.326103210449219 51.668201446533203 -44.772712707519531
   vertex -48.681442260742188 51.701766967773438 -44.772712707519531
  endloop
 endfacet
 facet normal 0.31040520692184431 0.84885698755723482 -0.42789066616492527
  outer loop
   vertex -48.681442260742188 52.945453643798828 -43.102569580078125
   vertex -48.534561157226562 52.945453643798828 -42.996017456054688
   vertex -48.681442260742188 52.820045471191406 -43.351356506347656
  endloop
 endfacet
 facet normal 0.33141393763724403 0.83833014100471404 -0.43285953451759979
  outer loop
   vertex -48.681442260742188 52.820045471191406 -43.351356506347656
   vertex -48.534561157226562 52.945453643798828 -42.996017456054688
   vertex -48.326103210449219 52.863044738769531 -42.996017456054688
  endloop
 endfacet
 facet normal 0.10103973038928568 0.97059408948767256 -0.2184904719534837
  outer loop
   vertex -48.681442260742188 52.820045471191406 -43.351356506347656
   vertex -48.326103210449219 52.863044738769531 -42.996017456054688
   vertex -48.326103210449219 52.783054351806641 -43.351356506347656
  endloop
 endfacet
 facet normal 0.065210359608512833 0.88019332547557605 -0.47011415506020982
  outer loop
   vertex -49.036781311035156 52.945453643798828 -43.151859283447266
   vertex -48.681442260742188 52.945453643798828 -43.102569580078125
   vertex -49.036781311035156 52.838901519775391 -43.351356506347656
  endloop
 endfacet
 facet normal 0.04733206599139398 0.89196478800290302 -0.4496203870955171
  outer loop
   vertex -49.036781311035156 52.838901519775391 -43.351356506347656
   vertex -48.681442260742188 52.945453643798828 -43.102569580078125
   vertex -48.681442260742188 52.820045471191406 -43.351356506347656
  endloop
 endfacet
 facet normal 0.05196277110337235 0.97922964359278453 -0.19598258986044317
  outer loop
   vertex -49.036781311035156 52.838901519775391 -43.351356506347656
   vertex -48.681442260742188 52.820045471191406 -43.351356506347656
   vertex -49.036781311035156 52.767784118652344 -43.706695556640625
  endloop
 endfacet
 facet normal 0 0.98935688691580492 -0.14550927912771366
  outer loop
   vertex -49.036781311035156 52.767784118652344 -43.706695556640625
   vertex -48.681442260742188 52.820045471191406 -43.351356506347656
   vertex -48.681442260742188 52.767784118652344 -43.706695556640625
  endloop
 endfacet
 facet normal 0 0.98055435032059635 -0.19624771608187738
  outer loop
   vertex -49.036781311035156 52.767784118652344 -43.706695556640625
   vertex -48.681442260742188 52.767784118652344 -43.706695556640625
   vertex -49.036781311035156 52.696666717529297 -44.062034606933594
  endloop
 endfacet
 facet normal 0 0.98055435032059635 -0.19624771608187738
  outer loop
   vertex -49.036781311035156 52.696666717529297 -44.062034606933594
   vertex -48.681442260742188 52.767784118652344 -43.706695556640625
   vertex -48.681442260742188 52.696666717529297 -44.062034606933594
  endloop
 endfacet
 facet normal 0 0.80944457479431142 -0.58719628774035704
  outer loop
   vertex -49.036781311035156 52.696666717529297 -44.062034606933594
   vertex -48.681442260742188 52.696666717529297 -44.062034606933594
   vertex -48.681442260742188 52.590114593505859 -44.208915710449219
  endloop
 endfacet
 facet normal 0.1328367454558686 0.80227122144328855 -0.5819925139557951
  outer loop
   vertex -48.681442260742188 52.590114593505859 -44.208915710449219
   vertex -48.681442260742188 52.696666717529297 -44.062034606933594
   vertex -48.326103210449219 52.590114593505859 -44.127811431884766
  endloop
 endfacet
 facet normal 0.15933163982905374 0.69807357368309852 -0.69807357368309852
  outer loop
   vertex -48.681442260742188 52.590114593505859 -44.208915710449219
   vertex -48.326103210449219 52.590114593505859 -44.127811431884766
   vertex -48.681442260742188 52.381656646728516 -44.417373657226562
  endloop
 endfacet
 facet normal 0.20655855800704628 0.65612718425767647 -0.72583102730053017
  outer loop
   vertex -48.681442260742188 52.381656646728516 -44.417373657226562
   vertex -48.326103210449219 52.590114593505859 -44.127811431884766
   vertex -48.326103210449219 52.269790649414062 -44.417373657226562
  endloop
 endfacet
 facet normal 0.18107141495857282 0.57516802398605482 -0.79774362226775419
  outer loop
   vertex -48.681442260742188 52.381656646728516 -44.417373657226562
   vertex -48.326103210449219 52.269790649414062 -44.417373657226562
   vertex -48.326103210449219 52.234775543212891 -44.442619323730469
  endloop
 endfacet
 facet normal -0.099422404562856156 0.9550579545251161 -0.27924807782550792
  outer loop
   vertex -49.392120361328125 52.923942565917969 -42.996017456054688
   vertex -49.392120361328125 52.820045471191406 -43.351356506347656
   vertex -49.747459411621094 52.783054351806641 -43.351356506347656
  endloop
 endfacet
 facet normal -0.10316521196580028 0.99101160097084617 -0.08516422829599167
  outer loop
   vertex -49.747459411621094 52.783054351806641 -43.351356506347656
   vertex -49.392120361328125 52.820045471191406 -43.351356506347656
   vertex -49.747459411621094 52.752517700195312 -43.706695556640625
  endloop
 endfacet
 facet normal -0.21884659128543796 0.97217606839804216 -0.0835455655128967
  outer loop
   vertex -49.747459411621094 52.783054351806641 -43.351356506347656
   vertex -49.747459411621094 52.752517700195312 -43.706695556640625
   vertex -50.102798461914062 52.672527313232422 -43.706695556640625
  endloop
 endfacet
 facet normal -0.4875650367298161 0.84963797998466728 0.20098666106542251
  outer loop
   vertex -50.102798461914062 52.715522766113281 -42.996017456054688
   vertex -50.458137512207031 52.595668792724609 -43.351356506347656
   vertex -50.458137512207031 52.590114593505859 -43.327877044677734
  endloop
 endfacet
 facet normal -0.54902598558371074 0.81335786463191218 0.19240439494785769
  outer loop
   vertex -50.458137512207031 52.590114593505859 -43.327877044677734
   vertex -50.458137512207031 52.595668792724609 -43.351356506347656
   vertex -50.466365814208984 52.590114593505859 -43.351356506347656
  endloop
 endfacet
 facet normal 0.10245101105930401 0.98415094154626892 -0.14474361673842065
  outer loop
   vertex -48.681442260742188 52.820045471191406 -43.351356506347656
   vertex -48.326103210449219 52.783054351806641 -43.351356506347656
   vertex -48.681442260742188 52.767784118652344 -43.706695556640625
  endloop
 endfacet
 facet normal 0.042766031350166864 0.99541624694353914 -0.085542748865088891
  outer loop
   vertex -48.681442260742188 52.767784118652344 -43.706695556640625
   vertex -48.326103210449219 52.783054351806641 -43.351356506347656
   vertex -48.326103210449219 52.752517700195312 -43.706695556640625
  endloop
 endfacet
 facet normal 0.04209018747622275 0.97968539815346056 -0.19607380437761637
  outer loop
   vertex -48.681442260742188 52.767784118652344 -43.706695556640625
   vertex -48.326103210449219 52.752517700195312 -43.706695556640625
   vertex -48.681442260742188 52.696666717529297 -44.062034606933594
  endloop
 endfacet
 facet normal 0.14909806777194856 0.94306274278244095 -0.29732546033316937
  outer loop
   vertex -48.681442260742188 52.696666717529297 -44.062034606933594
   vertex -48.326103210449219 52.752517700195312 -43.706695556640625
   vertex -48.326103210449219 52.640487670898438 -44.062034606933594
  endloop
 endfacet
 facet normal 0.12454317682516491 0.78775018138549002 -0.60327327873313208
  outer loop
   vertex -48.681442260742188 52.696666717529297 -44.062034606933594
   vertex -48.326103210449219 52.640487670898438 -44.062034606933594
   vertex -48.326103210449219 52.590114593505859 -44.127811431884766
  endloop
 endfacet
 facet normal 0.41318679969843441 0.72299085148292508 -0.55367941737702409
  outer loop
   vertex -48.326103210449219 52.590114593505859 -44.127811431884766
   vertex -48.326103210449219 52.640487670898438 -44.062034606933594
   vertex -48.237960815429688 52.590114593505859 -44.062034606933594
  endloop
 endfacet
 facet normal 0 0.98055435032059635 -0.19624771608187738
  outer loop
   vertex -49.036781311035156 52.838901519775391 -43.351356506347656
   vertex -49.036781311035156 52.767784118652344 -43.706695556640625
   vertex -49.392120361328125 52.767784118652344 -43.706695556640625
  endloop
 endfacet
 facet normal 0 0.98055435032059635 -0.19624771608187738
  outer loop
   vertex -49.392120361328125 52.767784118652344 -43.706695556640625
   vertex -49.036781311035156 52.767784118652344 -43.706695556640625
   vertex -49.392120361328125 52.696666717529297 -44.062034606933594
  endloop
 endfacet
 facet normal -0.12657729977700835 0.97266750323612661 -0.19466924597778967
  outer loop
   vertex -49.392120361328125 52.767784118652344 -43.706695556640625
   vertex -49.392120361328125 52.696666717529297 -44.062034606933594
   vertex -49.747459411621094 52.650424957275391 -44.062034606933594
  endloop
 endfacet
 facet normal -0.104756840705612 0.80499090180892241 -0.58396545474046391
  outer loop
   vertex -49.747459411621094 52.650424957275391 -44.062034606933594
   vertex -49.392120361328125 52.696666717529297 -44.062034606933594
   vertex -49.392120361328125 52.590114593505859 -44.208915710449219
  endloop
 endfacet
 facet normal -0.098200241391631443 0.8143824300583572 -0.57195976274810656
  outer loop
   vertex -49.747459411621094 52.650424957275391 -44.062034606933594
   vertex -49.392120361328125 52.590114593505859 -44.208915710449219
   vertex -49.747459411621094 52.590114593505859 -44.147907257080078
  endloop
 endfacet
 facet normal -0.10299626225433736 0.79342244564812303 -0.59989381785728291
  outer loop
   vertex -49.747459411621094 52.590114593505859 -44.147907257080078
   vertex -49.392120361328125 52.590114593505859 -44.208915710449219
   vertex -49.747459411621094 52.386375427246094 -44.417373657226562
  endloop
 endfacet
 facet normal -0.31401032105276611 0.75731841039357028 -0.57259614350019394
  outer loop
   vertex -49.747459411621094 52.590114593505859 -44.147907257080078
   vertex -49.747459411621094 52.386375427246094 -44.417373657226562
   vertex -50.102798461914062 52.507705688476562 -44.062034606933594
  endloop
 endfacet
 facet normal -0.096056369779421141 0.90866770031005173 -0.40632029759543298
  outer loop
   vertex -50.102798461914062 52.507705688476562 -44.062034606933594
   vertex -49.747459411621094 52.386375427246094 -44.417373657226562
   vertex -50.102798461914062 52.348812103271484 -44.417373657226562
  endloop
 endfacet
 facet normal -0.54512834718336889 0.80758368466657049 -0.22504150141139265
  outer loop
   vertex -50.466365814208984 52.590114593505859 -43.351356506347656
   vertex -50.458137512207031 52.595668792724609 -43.351356506347656
   vertex -50.458137512207031 52.590114593505859 -43.371288299560547
  endloop
 endfacet
 facet normal 0 0.98055435032059635 -0.19624771608187738
  outer loop
   vertex -49.036781311035156 52.767784118652344 -43.706695556640625
   vertex -49.036781311035156 52.696666717529297 -44.062034606933594
   vertex -49.392120361328125 52.696666717529297 -44.062034606933594
  endloop
 endfacet
 facet normal 0 0.80944457479431142 -0.58719628774035704
  outer loop
   vertex -49.392120361328125 52.696666717529297 -44.062034606933594
   vertex -49.036781311035156 52.696666717529297 -44.062034606933594
   vertex -49.036781311035156 52.590114593505859 -44.208915710449219
  endloop
 endfacet
 facet normal 0 0.80944457479431142 -0.58719628774035704
  outer loop
   vertex -49.392120361328125 52.696666717529297 -44.062034606933594
   vertex -49.036781311035156 52.590114593505859 -44.208915710449219
   vertex -49.392120361328125 52.590114593505859 -44.208915710449219
  endloop
 endfacet
 facet normal 0 0.72130923945620185 -0.6926131539864917
  outer loop
   vertex -49.392120361328125 52.590114593505859 -44.208915710449219
   vertex -49.036781311035156 52.590114593505859 -44.208915710449219
   vertex -49.392120361328125 52.389949798583984 -44.417373657226562
  endloop
 endfacet
 facet normal -0.0072554907954680116 0.72129025357294052 -0.69259492342494122
  outer loop
   vertex -49.392120361328125 52.590114593505859 -44.208915710449219
   vertex -49.392120361328125 52.389949798583984 -44.417373657226562
   vertex -49.747459411621094 52.386375427246094 -44.417373657226562
  endloop
 endfacet
 facet normal -0.006202858671592276 0.61664491489735374 -0.78721697992074302
  outer loop
   vertex -49.747459411621094 52.386375427246094 -44.417373657226562
   vertex -49.392120361328125 52.389949798583984 -44.417373657226562
   vertex -49.392120361328125 52.234775543212891 -44.538925170898438
  endloop
 endfacet
 facet normal 0.059688131312560906 0.70584606217659629 -0.70584606217659629
  outer loop
   vertex -49.747459411621094 52.386375427246094 -44.417373657226562
   vertex -49.392120361328125 52.234775543212891 -44.538925170898438
   vertex -49.747459411621094 52.234775543212891 -44.568973541259766
  endloop
 endfacet
 facet normal 0.075771470332007415 0.43745831614684544 -0.89604068318223828
  outer loop
   vertex -49.747459411621094 52.234775543212891 -44.568973541259766
   vertex -49.392120361328125 52.234775543212891 -44.538925170898438
   vertex -49.392120361328125 51.879436492919922 -44.712406158447266
  endloop
 endfacet
 facet normal 0.27063309329478252 0.58059507554536249 -0.76789783634684905
  outer loop
   vertex -49.747459411621094 52.234775543212891 -44.568973541259766
   vertex -49.392120361328125 51.879436492919922 -44.712406158447266
   vertex -49.747459411621094 51.965309143066406 -44.772712707519531
  endloop
 endfacet
 facet normal 0.26764139278799715 0.55374696233401299 -0.78850008660262938
  outer loop
   vertex -49.747459411621094 51.965309143066406 -44.772712707519531
   vertex -49.392120361328125 51.879436492919922 -44.712406158447266
   vertex -49.569789886474609 51.879436492919922 -44.772712707519531
  endloop
 endfacet
 facet normal -0.38785066259930107 0.83614814897993184 -0.38785066259930107
  outer loop
   vertex -50.102798461914062 52.672527313232422 -43.706695556640625
   vertex -50.102798461914062 52.590114593505859 -43.884365081787109
   vertex -50.280467987060547 52.590114593505859 -43.706695556640625
  endloop
 endfacet
 facet normal -0.38783811080231245 0.83615979311288724 -0.38783811080231245
  outer loop
   vertex -50.280467987060547 52.590114593505859 -43.706695556640625
   vertex -50.102798461914062 52.590114593505859 -43.884365081787109
   vertex -50.458137512207031 52.507705688476562 -43.706695556640625
  endloop
 endfacet
 facet normal 0 0.80944457479431142 -0.58719628774035704
  outer loop
   vertex -49.036781311035156 52.696666717529297 -44.062034606933594
   vertex -48.681442260742188 52.590114593505859 -44.208915710449219
   vertex -49.036781311035156 52.590114593505859 -44.208915710449219
  endloop
 endfacet
 facet normal 0 0.70710678118654746 -0.70710678118654746
  outer loop
   vertex -49.036781311035156 52.590114593505859 -44.208915710449219
   vertex -48.681442260742188 52.590114593505859 -44.208915710449219
   vertex -49.036781311035156 52.381656646728516 -44.417373657226562
  endloop
 endfacet
 facet normal 0.016500706945197348 0.70701051147430216 -0.70701051147430216
  outer loop
   vertex -49.036781311035156 52.590114593505859 -44.208915710449219
   vertex -49.036781311035156 52.381656646728516 -44.417373657226562
   vertex -49.392120361328125 52.389949798583984 -44.417373657226562
  endloop
 endfacet
 facet normal 0.013703111865530599 0.58714115467993344 -0.8093685743876613
  outer loop
   vertex -49.392120361328125 52.389949798583984 -44.417373657226562
   vertex -49.036781311035156 52.381656646728516 -44.417373657226562
   vertex -49.036781311035156 52.234775543212891 -44.52392578125
  endloop
 endfacet
 facet normal 0.033211906432119929 0.61631658856328775 -0.78679783421972826
  outer loop
   vertex -49.392120361328125 52.389949798583984 -44.417373657226562
   vertex -49.036781311035156 52.234775543212891 -44.52392578125
   vertex -49.392120361328125 52.234775543212891 -44.538925170898438
  endloop
 endfacet
 facet normal 0.037904996673889135 0.43840425578292369 -0.89797824012532368
  outer loop
   vertex -49.392120361328125 52.234775543212891 -44.538925170898438
   vertex -49.036781311035156 52.234775543212891 -44.52392578125
   vertex -49.392120361328125 51.879436492919922 -44.712406158447266
  endloop
 endfacet
 facet normal -0.318514598174922 0.77571702012189725 -0.54480414411297573
  outer loop
   vertex -49.747459411621094 52.650424957275391 -44.062034606933594
   vertex -49.747459411621094 52.590114593505859 -44.147907257080078
   vertex -49.894340515136719 52.590114593505859 -44.062034606933594
  endloop
 endfacet
 facet normal -0.31122153757987486 0.78725233266628902 -0.53232970916332023
  outer loop
   vertex -49.894340515136719 52.590114593505859 -44.062034606933594
   vertex -49.747459411621094 52.590114593505859 -44.147907257080078
   vertex -50.102798461914062 52.507705688476562 -44.062034606933594
  endloop
 endfacet
 facet normal 0.5296829974249565 0.55339166714174881 0.64280135732354338
  outer loop
   vertex -47.463077545166016 52.234775543212891 -41.930000305175781
   vertex -47.615425109863281 52.380596160888672 -41.930000305175781
   vertex -47.615425109863281 52.234775543212891 -41.804462432861328
  endloop
 endfacet
 facet normal 0.19273865612946889 0.64020090183642064 0.74363607747421723
  outer loop
   vertex -47.615425109863281 52.234775543212891 -41.804462432861328
   vertex -47.615425109863281 52.380596160888672 -41.930000305175781
   vertex -47.97076416015625 52.234775543212891 -41.712364196777344
  endloop
 endfacet
 facet normal 0.19818053895635562 0.61323889804047793 0.76463228280596973
  outer loop
   vertex -47.615425109863281 52.234775543212891 -41.804462432861328
   vertex -47.97076416015625 52.234775543212891 -41.712364196777344
   vertex -47.615425109863281 51.9482421875 -41.574661254882812
  endloop
 endfacet
 facet normal 0.14936186030470133 0.57262449221644363 0.80609690831821146
  outer loop
   vertex -47.615425109863281 51.9482421875 -41.574661254882812
   vertex -47.97076416015625 52.234775543212891 -41.712364196777344
   vertex -47.97076416015625 52.040927886962891 -41.574661254882812
  endloop
 endfacet
 facet normal 0.14219040933675403 0.54513053585704563 0.82620493000759598
  outer loop
   vertex -47.615425109863281 51.9482421875 -41.574661254882812
   vertex -47.97076416015625 52.040927886962891 -41.574661254882812
   vertex -47.97076416015625 51.879436492919922 -41.468109130859375
  endloop
 endfacet
 facet normal -0.0950854637405327 0.7039029601391259 0.7039029601391259
  outer loop
   vertex -48.681442260742188 52.234775543212891 -41.752330780029297
   vertex -48.326103210449219 52.460445404052734 -41.930000305175781
   vertex -48.681442260742188 52.412445068359375 -41.930000305175781
  endloop
 endfacet
 facet normal -0.0950854637405327 0.7039029601391259 0.7039029601391259
  outer loop
   vertex -48.681442260742188 52.412445068359375 -41.930000305175781
   vertex -48.326103210449219 52.460445404052734 -41.930000305175781
   vertex -48.681442260742188 52.590114593505859 -42.107669830322266
  endloop
 endfacet
 facet normal -0.040619931825205458 0.65678345187118614 0.75298440786425636
  outer loop
   vertex -48.326103210449219 52.460445404052734 -41.930000305175781
   vertex -48.681442260742188 52.234775543212891 -41.752330780029297
   vertex -48.326103210449219 52.234775543212891 -41.733161926269531
  endloop
 endfacet
 facet normal -0.042410565970423815 0.61654324108957248 0.78617795425770709
  outer loop
   vertex -48.326103210449219 52.234775543212891 -41.733161926269531
   vertex -48.681442260742188 52.234775543212891 -41.752330780029297
   vertex -48.326103210449219 52.032665252685547 -41.574661254882812
  endloop
 endfacet
 facet normal -0 0.70710678118654746 0.70710678118654746
  outer loop
   vertex -48.681442260742188 52.412445068359375 -41.930000305175781
   vertex -49.036781311035156 52.234775543212891 -41.752330780029297
   vertex -48.681442260742188 52.234775543212891 -41.752330780029297
  endloop
 endfacet
 facet normal -0 0.64867268702379988 0.76106750364821352
  outer loop
   vertex -48.681442260742188 52.234775543212891 -41.752330780029297
   vertex -49.036781311035156 52.234775543212891 -41.752330780029297
   vertex -48.681442260742188 52.026321411132812 -41.574661254882812
  endloop
 endfacet
 facet normal -0.011579928601532915 0.64862919376595973 0.76101647436051245
  outer loop
   vertex -48.681442260742188 52.234775543212891 -41.752330780029297
   vertex -48.681442260742188 52.026321411132812 -41.574661254882812
   vertex -48.326103210449219 52.032665252685547 -41.574661254882812
  endloop
 endfacet
 facet normal -0.010482417172856792 0.58715403466723404 0.8094073501668998
  outer loop
   vertex -48.326103210449219 52.032665252685547 -41.574661254882812
   vertex -48.681442260742188 52.026321411132812 -41.574661254882812
   vertex -48.681442260742188 51.879436492919922 -41.468109130859375
  endloop
 endfacet
 facet normal -0.039542413901976187 0.73315602208779485 0.67890989444786087
  outer loop
   vertex -50.102798461914062 52.234775543212891 -41.758831024169922
   vertex -49.747459411621094 52.412445068359375 -41.930000305175781
   vertex -50.102798461914062 52.393280029296875 -41.930000305175781
  endloop
 endfacet
 facet normal -0.045041925559008815 0.83512248523520516 0.54821679981236537
  outer loop
   vertex -50.102798461914062 52.393280029296875 -41.930000305175781
   vertex -49.747459411621094 52.412445068359375 -41.930000305175781
   vertex -50.102798461914062 52.590114593505859 -42.229846954345703
  endloop
 endfacet
 facet normal -0.48109318899482578 0.73287017063432025 0.48109318899482578
  outer loop
   vertex -50.102798461914062 52.393280029296875 -41.930000305175781
   vertex -50.102798461914062 52.590114593505859 -42.229846954345703
   vertex -50.158290863037109 52.590114593505859 -42.28533935546875
  endloop
 endfacet
 facet normal -0.012934075856591551 0.70704763265346415 0.70704763265346415
  outer loop
   vertex -49.747459411621094 52.412445068359375 -41.930000305175781
   vertex -50.102798461914062 52.234775543212891 -41.758831024169922
   vertex -49.747459411621094 52.234775543212891 -41.752330780029297
  endloop
 endfacet
 facet normal -0.012934075856591551 0.70704763265346415 0.70704763265346415
  outer loop
   vertex -49.747459411621094 52.234775543212891 -41.752330780029297
   vertex -50.102798461914062 52.234775543212891 -41.758831024169922
   vertex -49.747459411621094 52.057106018066406 -41.574661254882812
  endloop
 endfacet
 facet normal -0.25460143626628379 0.75923180165202608 0.59895340387325968
  outer loop
   vertex -50.458137512207031 52.234775543212891 -41.880126953125
   vertex -50.102798461914062 52.393280029296875 -41.930000305175781
   vertex -50.458137512207031 52.274120330810547 -41.930000305175781
  endloop
 endfacet
 facet normal -0.30299461192524324 0.90354221278728453 0.30299461192524324
  outer loop
   vertex -50.458137512207031 52.274120330810547 -41.930000305175781
   vertex -50.102798461914062 52.393280029296875 -41.930000305175781
   vertex -50.458137512207031 52.393280029296875 -42.28533935546875
  endloop
 endfacet
 facet normal -0.64580212651065083 0.72388712768004537 0.24274892332089723
  outer loop
   vertex -50.458137512207031 52.274120330810547 -41.930000305175781
   vertex -50.458137512207031 52.393280029296875 -42.28533935546875
   vertex -50.635807037353516 52.234775543212891 -42.28533935546875
  endloop
 endfacet
 facet normal -0.65838739958114845 0.73799410689254141 0.14795516302127945
  outer loop
   vertex -50.635807037353516 52.234775543212891 -42.28533935546875
   vertex -50.458137512207031 52.393280029296875 -42.28533935546875
   vertex -50.715660095214844 52.234775543212891 -42.640678405761719
  endloop
 endfacet
 facet normal -0.65837876953819474 0.73800219473505224 0.14795322364726818
  outer loop
   vertex -50.635807037353516 52.234775543212891 -42.28533935546875
   vertex -50.715660095214844 52.234775543212891 -42.640678405761719
   vertex -50.8134765625 52.076274871826172 -42.28533935546875
  endloop
 endfacet
 facet normal -0.59689115852239882 0.78093183768719576 0.18402828522889569
  outer loop
   vertex -50.8134765625 52.076274871826172 -42.28533935546875
   vertex -50.715660095214844 52.234775543212891 -42.640678405761719
   vertex -50.8134765625 52.160011291503906 -42.640678405761719
  endloop
 endfacet
 facet normal -0.49108337482530562 0.84788820160844502 0.19980669794425096
  outer loop
   vertex -50.8134765625 52.076274871826172 -42.28533935546875
   vertex -50.8134765625 52.160011291503906 -42.640678405761719
   vertex -51.168815612792969 51.954204559326172 -42.640678405761719
  endloop
 endfacet
 facet normal -0.49108337482530562 0.84788820160844502 0.19980669794425096
  outer loop
   vertex -51.168815612792969 51.954204559326172 -42.640678405761719
   vertex -50.8134765625 52.160011291503906 -42.640678405761719
   vertex -51.168815612792969 52.037940979003906 -42.996017456054688
  endloop
 endfacet
 facet normal -0.60676427930318899 0.77368980400090392 0.18232168424716952
  outer loop
   vertex -51.168815612792969 51.954204559326172 -42.640678405761719
   vertex -51.168815612792969 52.037940979003906 -42.996017456054688
   vertex -51.370925903320312 51.879436492919922 -42.996017456054688
  endloop
 endfacet
 facet normal -0.61292847471497103 0.78154981702843718 0.11618333953883245
  outer loop
   vertex -51.370925903320312 51.879436492919922 -42.996017456054688
   vertex -51.168815612792969 52.037940979003906 -42.996017456054688
   vertex -51.438282012939453 51.879436492919922 -43.351356506347656
  endloop
 endfacet
 facet normal -0.56759954724954231 0.81624440118572295 0.10759103817268029
  outer loop
   vertex -51.370925903320312 51.879436492919922 -42.996017456054688
   vertex -51.438282012939453 51.879436492919922 -43.351356506347656
   vertex -51.524154663085938 51.772884368896484 -42.996017456054688
  endloop
 endfacet
 facet normal -0.57148122131376877 0.81375253165881778 0.10590576426516207
  outer loop
   vertex -51.524154663085938 51.772884368896484 -42.996017456054688
   vertex -51.438282012939453 51.879436492919922 -43.351356506347656
   vertex -51.524154663085938 51.819129943847656 -43.351356506347656
  endloop
 endfacet
 facet normal -0.27400421437332129 0.95368578144732952 0.12411736691879738
  outer loop
   vertex -51.524154663085938 51.772884368896484 -42.996017456054688
   vertex -51.524154663085938 51.819129943847656 -43.351356506347656
   vertex -51.879493713378906 51.717037200927734 -43.351356506347656
  endloop
 endfacet
 facet normal -0.26617745573208379 0.92644434485833449 0.26617745573208379
  outer loop
   vertex -51.879493713378906 51.717037200927734 -43.351356506347656
   vertex -51.524154663085938 51.819129943847656 -43.351356506347656
   vertex -51.879493713378906 51.819129943847656 -43.706695556640625
  endloop
 endfacet
 facet normal -0.22593211078164566 0.71475786047059342 0.66187301063969217
  outer loop
   vertex -50.102798461914062 52.393280029296875 -41.930000305175781
   vertex -50.458137512207031 52.234775543212891 -41.880126953125
   vertex -50.102798461914062 52.234775543212891 -41.758831024169922
  endloop
 endfacet
 facet normal -0.23061039478992487 0.70029494921299384 0.67557814494076496
  outer loop
   vertex -50.102798461914062 52.234775543212891 -41.758831024169922
   vertex -50.458137512207031 52.234775543212891 -41.880126953125
   vertex -50.102798461914062 52.057106018066406 -41.574661254882812
  endloop
 endfacet
 facet normal -0 0.71969344514561007 0.69429197389458752
  outer loop
   vertex -50.102798461914062 52.234775543212891 -41.758831024169922
   vertex -50.102798461914062 52.057106018066406 -41.574661254882812
   vertex -49.747459411621094 52.057106018066406 -41.574661254882812
  endloop
 endfacet
 facet normal -0 0.70710678118654746 0.70710678118654746
  outer loop
   vertex -49.747459411621094 52.057106018066406 -41.574661254882812
   vertex -50.102798461914062 52.057106018066406 -41.574661254882812
   vertex -50.102798461914062 51.879436492919922 -41.396991729736328
  endloop
 endfacet
 facet normal -0.52654897607570217 0.66745213430422057 0.52654897607570217
  outer loop
   vertex -50.458137512207031 52.234775543212891 -41.880126953125
   vertex -50.458137512207031 52.274120330810547 -41.930000305175781
   vertex -50.508010864257812 52.234775543212891 -41.930000305175781
  endloop
 endfacet
 facet normal -0.6045471551420345 0.76632242644240434 0.21742280455623506
  outer loop
   vertex -50.508010864257812 52.234775543212891 -41.930000305175781
   vertex -50.458137512207031 52.274120330810547 -41.930000305175781
   vertex -50.635807037353516 52.234775543212891 -42.28533935546875
  endloop
 endfacet
 facet normal -0.60977887366139261 0.76162675808066749 0.21930436979635332
  outer loop
   vertex -50.508010864257812 52.234775543212891 -41.930000305175781
   vertex -50.635807037353516 52.234775543212891 -42.28533935546875
   vertex -50.8134765625 51.990211486816406 -41.930000305175781
  endloop
 endfacet
 facet normal -0.65509206310189938 0.7343179985311904 0.17785237106669016
  outer loop
   vertex -50.8134765625 51.990211486816406 -41.930000305175781
   vertex -50.635807037353516 52.234775543212891 -42.28533935546875
   vertex -50.8134765625 52.076274871826172 -42.28533935546875
  endloop
 endfacet
 facet normal -0.57889383481464818 0.79248995343937856 0.19194166226028792
  outer loop
   vertex -50.8134765625 51.990211486816406 -41.930000305175781
   vertex -50.8134765625 52.076274871826172 -42.28533935546875
   vertex -51.082942962646484 51.879436492919922 -42.28533935546875
  endloop
 endfacet
 facet normal -0.56301832778860206 0.77075681505153215 0.29823530077062427
  outer loop
   vertex -51.082942962646484 51.879436492919922 -42.28533935546875
   vertex -50.8134765625 52.076274871826172 -42.28533935546875
   vertex -51.168815612792969 51.879436492919922 -42.447452545166016
  endloop
 endfacet
 facet normal -0.54980059237726453 0.78288070940632559 0.29123376085381558
  outer loop
   vertex -51.082942962646484 51.879436492919922 -42.28533935546875
   vertex -51.168815612792969 51.879436492919922 -42.447452545166016
   vertex -51.168815612792969 51.819129943847656 -42.28533935546875
  endloop
 endfacet
 facet normal -0.48926298888849767 0.8174093190256263 0.30407849788164165
  outer loop
   vertex -51.168815612792969 51.819129943847656 -42.28533935546875
   vertex -51.168815612792969 51.879436492919922 -42.447452545166016
   vertex -51.288906097412109 51.879436492919922 -42.640678405761719
  endloop
 endfacet
 facet normal -0.44948370215493511 0.8431698989564318 0.2950066490621765
  outer loop
   vertex -51.168815612792969 51.819129943847656 -42.28533935546875
   vertex -51.288906097412109 51.879436492919922 -42.640678405761719
   vertex -51.524154663085938 51.7540283203125 -42.640678405761719
  endloop
 endfacet
 facet normal -0.46767073865136566 0.87728628994345459 0.1079483473080302
  outer loop
   vertex -51.524154663085938 51.7540283203125 -42.640678405761719
   vertex -51.288906097412109 51.879436492919922 -42.640678405761719
   vertex -51.370925903320312 51.879436492919922 -42.996017456054688
  endloop
 endfacet
 facet normal -0.57037251810415646 0.82023211038263477 0.043525575111340462
  outer loop
   vertex -51.524154663085938 51.7540283203125 -42.640678405761719
   vertex -51.370925903320312 51.879436492919922 -42.996017456054688
   vertex -51.524154663085938 51.772884368896484 -42.996017456054688
  endloop
 endfacet
 facet normal 0.61127604616982467 0.63863682979867853 0.46742335735784535
  outer loop
   vertex -47.463077545166016 52.234775543212891 -41.930000305175781
   vertex -47.260086059570312 52.300556182861328 -42.28533935546875
   vertex -47.615425109863281 52.380596160888672 -41.930000305175781
  endloop
 endfacet
 facet normal 0.62014267413147128 0.62015084400834708 0.48045394617674086
  outer loop
   vertex -47.615425109863281 52.380596160888672 -41.930000305175781
   vertex -47.260086059570312 52.300556182861328 -42.28533935546875
   vertex -47.549648284912109 52.590114593505859 -42.28533935546875
  endloop
 endfacet
 facet normal 0.61110513760380569 0.62716827603143244 0.482918693295253
  outer loop
   vertex -47.615425109863281 52.380596160888672 -41.930000305175781
   vertex -47.549648284912109 52.590114593505859 -42.28533935546875
   vertex -47.615425109863281 52.590114593505859 -42.202102661132812
  endloop
 endfacet
 facet normal -0.48109318899482578 0.73287017063432025 0.48109318899482578
  outer loop
   vertex -50.158290863037109 52.590114593505859 -42.28533935546875
   vertex -50.458137512207031 52.393280029296875 -42.28533935546875
   vertex -50.102798461914062 52.393280029296875 -41.930000305175781
  endloop
 endfacet
 facet normal 0.70710212342265355 0.7071114389197608 0
  outer loop
   vertex -47.549648284912109 52.590114593505859 -42.640678405761719
   vertex -47.549648284912109 52.590114593505859 -42.28533935546875
   vertex -47.260086059570312 52.300556182861328 -42.640678405761719
  endloop
 endfacet
 facet normal 0.70710212342265355 0.7071114389197608 0
  outer loop
   vertex -47.260086059570312 52.300556182861328 -42.640678405761719
   vertex -47.549648284912109 52.590114593505859 -42.28533935546875
   vertex -47.260086059570312 52.300556182861328 -42.28533935546875
  endloop
 endfacet
 facet normal 0.67129187850716943 0.67129187850716943 -0.31422034896013901
  outer loop
   vertex -47.370857238769531 52.234775543212891 -42.996017456054688
   vertex -47.615425109863281 52.479343414306641 -42.996017456054688
   vertex -47.260086059570312 52.234775543212891 -42.759368896484375
  endloop
 endfacet
 facet normal 0.67129187850716943 0.67129187850716943 -0.31422034896013901
  outer loop
   vertex -47.260086059570312 52.234775543212891 -42.759368896484375
   vertex -47.615425109863281 52.479343414306641 -42.996017456054688
   vertex -47.615425109863281 52.590114593505859 -42.759368896484375
  endloop
 endfacet
 facet normal 0.65835655626230527 0.65835655626230527 -0.36487434775943922
  outer loop
   vertex -47.260086059570312 52.234775543212891 -42.759368896484375
   vertex -47.615425109863281 52.590114593505859 -42.759368896484375
   vertex -47.260086059570312 52.300556182861328 -42.640678405761719
  endloop
 endfacet
 facet normal 0.65835787967015691 0.65836655300137803 -0.364853921680032
  outer loop
   vertex -47.260086059570312 52.300556182861328 -42.640678405761719
   vertex -47.615425109863281 52.590114593505859 -42.759368896484375
   vertex -47.549648284912109 52.590114593505859 -42.640678405761719
  endloop
 endfacet
 facet normal 0.58703236314567986 0.73321429777982861 -0.34320518374702852
  outer loop
   vertex -47.615425109863281 52.590114593505859 -42.759368896484375
   vertex -47.615425109863281 52.479343414306641 -42.996017456054688
   vertex -47.753780364990234 52.590114593505859 -42.996017456054688
  endloop
 endfacet
 facet normal 0.6183519952471741 0.77233309854741228 -0.14540424636850208
  outer loop
   vertex -47.753780364990234 52.590114593505859 -42.996017456054688
   vertex -47.615425109863281 52.479343414306641 -42.996017456054688
   vertex -47.615425109863281 52.412445068359375 -43.351356506347656
  endloop
 endfacet
 facet normal 0.64341867982431766 0.75491695496896749 -0.12693617905669871
  outer loop
   vertex -47.753780364990234 52.590114593505859 -42.996017456054688
   vertex -47.615425109863281 52.412445068359375 -43.351356506347656
   vertex -47.823883056640625 52.590114593505859 -43.351356506347656
  endloop
 endfacet
 facet normal 0.64016757766353771 0.75110246804083047 -0.16133987421394499
  outer loop
   vertex -47.823883056640625 52.590114593505859 -43.351356506347656
   vertex -47.615425109863281 52.412445068359375 -43.351356506347656
   vertex -47.615425109863281 52.336116790771484 -43.706695556640625
  endloop
 endfacet
 facet normal 0.65208696554074586 0.74339128459241555 -0.14883543719121628
  outer loop
   vertex -47.823883056640625 52.590114593505859 -43.351356506347656
   vertex -47.615425109863281 52.336116790771484 -43.706695556640625
   vertex -47.904987335205078 52.590114593505859 -43.706695556640625
  endloop
 endfacet
 facet normal -0.57593789076323776 0.75349177703083703 0.31708940053256912
  outer loop
   vertex -50.458137512207031 52.431613922119141 -42.640678405761719
   vertex -50.8134765625 52.309543609619141 -42.996017456054688
   vertex -50.8134765625 52.234775543212891 -42.818347930908203
  endloop
 endfacet
 facet normal -0.57594413099236696 0.75348772484215676 0.31708769526368807
  outer loop
   vertex -50.8134765625 52.234775543212891 -42.818347930908203
   vertex -50.8134765625 52.309543609619141 -42.996017456054688
   vertex -50.911293029785156 52.234775543212891 -42.996017456054688
  endloop
 endfacet
 facet normal 0.70092314673763145 0.70092314673763145 -0.13196016343894626
  outer loop
   vertex -47.615425109863281 52.479343414306641 -42.996017456054688
   vertex -47.370857238769531 52.234775543212891 -42.996017456054688
   vertex -47.615425109863281 52.412445068359375 -43.351356506347656
  endloop
 endfacet
 facet normal 0.70092314673763145 0.70092314673763145 -0.13196016343894623
  outer loop
   vertex -47.615425109863281 52.412445068359375 -43.351356506347656
   vertex -47.370857238769531 52.234775543212891 -42.996017456054688
   vertex -47.437755584716797 52.234775543212891 -43.351356506347656
  endloop
 endfacet
 facet normal 0.69908863699294899 0.69908863699294899 -0.15016709111746557
  outer loop
   vertex -47.615425109863281 52.412445068359375 -43.351356506347656
   vertex -47.437755584716797 52.234775543212891 -43.351356506347656
   vertex -47.615425109863281 52.336116790771484 -43.706695556640625
  endloop
 endfacet
 facet normal 0.69910071004692598 0.69907439442884101 -0.15017718956563597
  outer loop
   vertex -47.615425109863281 52.336116790771484 -43.706695556640625
   vertex -47.437755584716797 52.234775543212891 -43.351356506347656
   vertex -47.514087677001953 52.234775543212891 -43.706695556640625
  endloop
 endfacet
 facet normal -0.60263106141205869 0.78840131003714331 0.12352804601826997
  outer loop
   vertex -50.984130859375 52.234775543212891 -43.351356506347656
   vertex -50.911293029785156 52.234775543212891 -42.996017456054688
   vertex -50.8134765625 52.309543609619141 -42.996017456054688
  endloop
 endfacet
 facet normal 0.59612261750349327 0.59612261750349327 -0.53784351795068397
  outer loop
   vertex -47.818416595458984 52.234775543212891 -44.062034606933594
   vertex -47.97076416015625 52.387123107910156 -44.062034606933594
   vertex -47.615425109863281 52.234775543212891 -43.837047576904297
  endloop
 endfacet
 facet normal 0.58665734343959897 0.64485086664422464 -0.48989848047997153
  outer loop
   vertex -47.615425109863281 52.234775543212891 -43.837047576904297
   vertex -47.97076416015625 52.387123107910156 -44.062034606933594
   vertex -47.97076416015625 52.590114593505859 -43.794837951660156
  endloop
 endfacet
 facet normal 0.53662442019352097 0.53662442019352097 -0.65120539256361731
  outer loop
   vertex -47.97076416015625 52.387123107910156 -44.062034606933594
   vertex -47.818416595458984 52.234775543212891 -44.062034606933594
   vertex -47.97076416015625 52.234775543212891 -44.187576293945312
  endloop
 endfacet
 facet normal 0.55159744798266974 0.49767128977266151 -0.66937548708854089
  outer loop
   vertex -47.97076416015625 52.234775543212891 -44.187576293945312
   vertex -47.818416595458984 52.234775543212891 -44.062034606933594
   vertex -47.615425109863281 52.009788513183594 -44.062034606933594
  endloop
 endfacet
 facet normal 0.56476857013028248 0.54736440827677701 -0.61759911491582453
  outer loop
   vertex -47.97076416015625 52.234775543212891 -44.187576293945312
   vertex -47.615425109863281 52.009788513183594 -44.062034606933594
   vertex -47.615425109863281 51.879436492919922 -44.177562713623047
  endloop
 endfacet
 facet normal 0.63420058825881331 0.51282070920310407 -0.5786229636512884
  outer loop
   vertex -47.615425109863281 51.879436492919922 -44.177562713623047
   vertex -47.615425109863281 52.009788513183594 -44.062034606933594
   vertex -47.510021209716797 51.879436492919922 -44.062034606933594
  endloop
 endfacet
 facet normal 0.57253688437846084 0.63193219728300287 -0.52236310557243693
  outer loop
   vertex -47.615425109863281 51.879436492919922 -44.177562713623047
   vertex -47.510021209716797 51.879436492919922 -44.062034606933594
   vertex -47.615425109863281 51.681205749511719 -44.417373657226562
  endloop
 endfacet
 facet normal 0.60521003437158483 0.60521003437158483 -0.51714758879056
  outer loop
   vertex -47.615425109863281 51.681205749511719 -44.417373657226562
   vertex -47.510021209716797 51.879436492919922 -44.062034606933594
   vertex -47.458316802978516 51.524097442626953 -44.417373657226562
  endloop
 endfacet
 facet normal 0.65686333121576812 0.65686333121576812 -0.37021767679062595
  outer loop
   vertex -47.615425109863281 51.681205749511719 -44.417373657226562
   vertex -47.458316802978516 51.524097442626953 -44.417373657226562
   vertex -47.615425109863281 51.524097442626953 -44.696125030517578
  endloop
 endfacet
 facet normal 0.75299200698008861 0.50288175867780882 -0.42439718921455188
  outer loop
   vertex -47.615425109863281 51.524097442626953 -44.696125030517578
   vertex -47.458316802978516 51.524097442626953 -44.417373657226562
   vertex -47.260086059570312 51.227275848388672 -44.417373657226562
  endloop
 endfacet
 facet normal 0.75143698108718904 0.42798637246289589 -0.50216543931320357
  outer loop
   vertex -47.615425109863281 51.524097442626953 -44.696125030517578
   vertex -47.260086059570312 51.227275848388672 -44.417373657226562
   vertex -47.260086059570312 51.168758392333984 -44.467247009277344
  endloop
 endfacet
 facet normal 0.69434179563072218 0.46680227759710807 -0.54770895964048016
  outer loop
   vertex -47.260086059570312 51.168758392333984 -44.467247009277344
   vertex -47.260086059570312 51.227275848388672 -44.417373657226562
   vertex -47.220745086669922 51.168758392333984 -44.417373657226562
  endloop
 endfacet
 facet normal 0.78486305634078313 0.026233406657284287 -0.61911371424525741
  outer loop
   vertex -47.260086059570312 51.168758392333984 -44.467247009277344
   vertex -47.220745086669922 51.168758392333984 -44.417373657226562
   vertex -47.260086059570312 50.813419342041016 -44.482303619384766
  endloop
 endfacet
 facet normal 0.55170210994579005 0.090422287842644944 -0.82912519666372764
  outer loop
   vertex -47.260086059570312 50.813419342041016 -44.482303619384766
   vertex -47.220745086669922 51.168758392333984 -44.417373657226562
   vertex -47.162506103515625 50.813419342041016 -44.417373657226562
  endloop
 endfacet
 facet normal 0.51988137555948521 -0.34538140418688013 -0.78130342440583
  outer loop
   vertex -47.260086059570312 50.813419342041016 -44.482303619384766
   vertex -47.162506103515625 50.813419342041016 -44.417373657226562
   vertex -47.260086059570312 50.666538238525391 -44.417373657226562
  endloop
 endfacet
 facet normal 0.48419235938081323 -0.3216715290089654 -0.81368617202351168
  outer loop
   vertex -47.260086059570312 50.666538238525391 -44.417373657226562
   vertex -47.162506103515625 50.813419342041016 -44.417373657226562
   vertex -47.260086059570312 50.458080291748047 -44.334964752197266
  endloop
 endfacet
 facet normal 0.05774816943668043 -0.36702722342435717 -0.92841594460248222
  outer loop
   vertex -47.260086059570312 50.666538238525391 -44.417373657226562
   vertex -47.260086059570312 50.458080291748047 -44.334964752197266
   vertex -47.615425109863281 50.458080291748047 -44.357067108154297
  endloop
 endfacet
 facet normal 0.056950314657743029 -0.39806245133056217 -0.9155888523246053
  outer loop
   vertex -47.615425109863281 50.458080291748047 -44.357067108154297
   vertex -47.260086059570312 50.458080291748047 -44.334964752197266
   vertex -47.615425109863281 50.102741241455078 -44.202579498291016
  endloop
 endfacet
 facet normal 0.29049397857689813 -0.38151592763027697 -0.87752996836288955
  outer loop
   vertex -47.615425109863281 50.458080291748047 -44.357067108154297
   vertex -47.615425109863281 50.102741241455078 -44.202579498291016
   vertex -47.97076416015625 50.102741241455078 -44.320209503173828
  endloop
 endfacet
 facet normal 0.28868849692246923 -0.39514872869525192 -0.87207593359475966
  outer loop
   vertex -47.97076416015625 50.102741241455078 -44.320209503173828
   vertex -47.615425109863281 50.102741241455078 -44.202579498291016
   vertex -47.97076416015625 49.747406005859375 -44.159202575683594
  endloop
 endfacet
 facet normal 0.38150209341505936 -0.38150618902632105 -0.84196744619643138
  outer loop
   vertex -47.97076416015625 50.102741241455078 -44.320209503173828
   vertex -47.97076416015625 49.747406005859375 -44.159202575683594
   vertex -48.326103210449219 49.747406005859375 -44.320209503173828
  endloop
 endfacet
 facet normal 0.37349947435749203 -0.42546215622133432 -0.82430582691023724
  outer loop
   vertex -48.326103210449219 49.747406005859375 -44.320209503173828
   vertex -47.97076416015625 49.747406005859375 -44.159202575683594
   vertex -48.326103210449219 49.392066955566406 -44.136802673339844
  endloop
 endfacet
 facet normal 0.34474211465093008 -0.43053810926027503 -0.83414016259894375
  outer loop
   vertex -48.326103210449219 49.747406005859375 -44.320209503173828
   vertex -48.326103210449219 49.392066955566406 -44.136802673339844
   vertex -48.681442260742188 49.392066955566406 -44.283660888671875
  endloop
 endfacet
 facet normal 0.32655601057620631 -0.51869525614774881 -0.79013695218384372
  outer loop
   vertex -48.681442260742188 49.392066955566406 -44.283660888671875
   vertex -48.326103210449219 49.392066955566406 -44.136802673339844
   vertex -48.326103210449219 49.278171539306641 -44.062034606933594
  endloop
 endfacet
 facet normal 0.28492823455641503 -0.58645215212961654 -0.75821486032331609
  outer loop
   vertex -48.681442260742188 49.392066955566406 -44.283660888671875
   vertex -48.326103210449219 49.278171539306641 -44.062034606933594
   vertex -48.681442260742188 49.10552978515625 -44.062034606933594
  endloop
 endfacet
 facet normal 0.27587409280919872 -0.56781650894175173 -0.77555006098246382
  outer loop
   vertex -48.681442260742188 49.10552978515625 -44.062034606933594
   vertex -48.326103210449219 49.278171539306641 -44.062034606933594
   vertex -48.681442260742188 49.036727905273438 -44.011661529541016
  endloop
 endfacet
 facet normal 0.41874373498240203 -0.53645446554132736 -0.73271433097337224
  outer loop
   vertex -48.681442260742188 49.10552978515625 -44.062034606933594
   vertex -48.681442260742188 49.036727905273438 -44.011661529541016
   vertex -48.769584655761719 49.036727905273438 -44.062034606933594
  endloop
 endfacet
 facet normal 0.42748430917429064 -0.50768142183940124 -0.74800851554571446
  outer loop
   vertex -48.769584655761719 49.036727905273438 -44.062034606933594
   vertex -48.681442260742188 49.036727905273438 -44.011661529541016
   vertex -49.036781311035156 48.681388854980469 -43.973564147949219
  endloop
 endfacet
 facet normal 0.42749294643264035 -0.50768592641451105 -0.74800052197239753
  outer loop
   vertex -48.769584655761719 49.036727905273438 -44.062034606933594
   vertex -49.036781311035156 48.681388854980469 -43.973564147949219
   vertex -49.036781311035156 48.811737060546875 -44.062034606933594
  endloop
 endfacet
 facet normal 0.5077956394431602 -0.48379534802669238 -0.71280126949258704
  outer loop
   vertex -49.036781311035156 48.811737060546875 -44.062034606933594
   vertex -49.036781311035156 48.681388854980469 -43.973564147949219
   vertex -49.160968780517578 48.681388854980469 -44.062034606933594
  endloop
 endfacet
 facet normal 0.54527453772564161 -0.51950285559433018 -0.65786963871075887
  outer loop
   vertex -49.036781311035156 48.811737060546875 -44.062034606933594
   vertex -49.160968780517578 48.681388854980469 -44.062034606933594
   vertex -49.036781311035156 49.036727905273438 -44.239704132080078
  endloop
 endfacet
 facet normal 0.56087596211087221 -0.51866695762112847 -0.64529275697023436
  outer loop
   vertex -49.036781311035156 49.036727905273438 -44.239704132080078
   vertex -49.160968780517578 48.681388854980469 -44.062034606933594
   vertex -49.392120361328125 48.681388854980469 -44.262947082519531
  endloop
 endfacet
 facet normal 0.52641353333071317 -0.48053386430833617 -0.70141000647208585
  outer loop
   vertex -49.036781311035156 49.036727905273438 -44.239704132080078
   vertex -49.392120361328125 48.681388854980469 -44.262947082519531
   vertex -49.273513793945312 49.036727905273438 -44.417373657226562
  endloop
 endfacet
 facet normal 0.5423822449336142 -0.48053082462745578 -0.68913832208318693
  outer loop
   vertex -49.273513793945312 49.036727905273438 -44.417373657226562
   vertex -49.392120361328125 48.681388854980469 -44.262947082519531
   vertex -49.392120361328125 48.902854919433594 -44.417373657226562
  endloop
 endfacet
 facet normal 0.4776166917294225 -0.4231509140950363 -0.76995168658947499
  outer loop
   vertex -49.273513793945312 49.036727905273438 -44.417373657226562
   vertex -49.392120361328125 48.902854919433594 -44.417373657226562
   vertex -49.392120361328125 49.036727905273438 -44.490947723388672
  endloop
 endfacet
 facet normal 0.62992054856220725 -0.37406790448961325 -0.68064183336747486
  outer loop
   vertex -49.392120361328125 49.036727905273438 -44.490947723388672
   vertex -49.392120361328125 48.902854919433594 -44.417373657226562
   vertex -49.747459411621094 48.681388854980469 -44.624519348144531
  endloop
 endfacet
 facet normal 0.44084165414087484 -0.10579204549893668 -0.89132860331276709
  outer loop
   vertex -49.392120361328125 49.036727905273438 -44.490947723388672
   vertex -49.747459411621094 48.681388854980469 -44.624519348144531
   vertex -49.747459411621094 49.036727905273438 -44.666694641113281
  endloop
 endfacet
 facet normal 0 0.70710678118654746 -0.70710678118654746
  outer loop
   vertex -48.681442260742188 52.590114593505859 -44.208915710449219
   vertex -48.681442260742188 52.381656646728516 -44.417373657226562
   vertex -49.036781311035156 52.381656646728516 -44.417373657226562
  endloop
 endfacet
 facet normal 0 0.58719628774035704 -0.80944457479431142
  outer loop
   vertex -49.036781311035156 52.381656646728516 -44.417373657226562
   vertex -48.681442260742188 52.381656646728516 -44.417373657226562
   vertex -48.681442260742188 52.234775543212891 -44.52392578125
  endloop
 endfacet
 facet normal 0 0.58719628774035704 -0.80944457479431142
  outer loop
   vertex -49.036781311035156 52.381656646728516 -44.417373657226562
   vertex -48.681442260742188 52.234775543212891 -44.52392578125
   vertex -49.036781311035156 52.234775543212891 -44.52392578125
  endloop
 endfacet
 facet normal 0 0.37161405455859814 -0.92838730843033357
  outer loop
   vertex -49.036781311035156 52.234775543212891 -44.52392578125
   vertex -48.681442260742188 52.234775543212891 -44.52392578125
   vertex -49.036781311035156 51.879436492919922 -44.666160583496094
  endloop
 endfacet
 facet normal 0.11995249876682551 0.36893086439164036 -0.92168401056914917
  outer loop
   vertex -49.036781311035156 52.234775543212891 -44.52392578125
   vertex -49.036781311035156 51.879436492919922 -44.666160583496094
   vertex -49.392120361328125 51.879436492919922 -44.712406158447266
  endloop
 endfacet
 facet normal 0.11254267032545763 0.48943197154864976 -0.86474880316888381
  outer loop
   vertex -49.392120361328125 51.879436492919922 -44.712406158447266
   vertex -49.036781311035156 51.879436492919922 -44.666160583496094
   vertex -49.392120361328125 51.772884368896484 -44.772712707519531
  endloop
 endfacet
 facet normal 0.28329739110232705 0.47238207040637553 -0.83462432731930425
  outer loop
   vertex -49.392120361328125 51.879436492919922 -44.712406158447266
   vertex -49.392120361328125 51.772884368896484 -44.772712707519531
   vertex -49.569789886474609 51.879436492919922 -44.772712707519531
  endloop
 endfacet
 facet normal -0.084293091011446206 0.98087463181963952 -0.17544124788778329
  outer loop
   vertex -50.8134765625 52.397178649902344 -44.062034606933594
   vertex -50.458137512207031 52.427715301513672 -44.062034606933594
   vertex -50.8134765625 52.333621978759766 -44.417373657226562
  endloop
 endfacet
 facet normal 0.02636971764141019 0.95950749933490587 -0.28044606738477884
  outer loop
   vertex -50.8134765625 52.333621978759766 -44.417373657226562
   vertex -50.458137512207031 52.427715301513672 -44.062034606933594
   vertex -50.458137512207031 52.323856353759766 -44.417373657226562
  endloop
 endfacet
 facet normal 0.020837073618859583 0.75819273734248827 -0.65169746769809289
  outer loop
   vertex -50.8134765625 52.333621978759766 -44.417373657226562
   vertex -50.458137512207031 52.323856353759766 -44.417373657226562
   vertex -50.458137512207031 52.234775543212891 -44.521011352539062
  endloop
 endfacet
 facet normal -0.056883303454392346 0.75712948193602159 -0.65078355646974295
  outer loop
   vertex -50.458137512207031 52.234775543212891 -44.521011352539062
   vertex -50.458137512207031 52.323856353759766 -44.417373657226562
   vertex -50.102798461914062 52.234775543212891 -44.552070617675781
  endloop
 endfacet
 facet normal -0.071667372498135054 0.56796964846655151 -0.81992332942781621
  outer loop
   vertex -50.458137512207031 52.234775543212891 -44.521011352539062
   vertex -50.102798461914062 52.234775543212891 -44.552070617675781
   vertex -50.458137512207031 51.879436492919922 -44.767158508300781
  endloop
 endfacet
 facet normal -0.1545684359778122 0.62012328075200895 -0.76912659248574822
  outer loop
   vertex -50.458137512207031 51.879436492919922 -44.767158508300781
   vertex -50.102798461914062 52.234775543212891 -44.552070617675781
   vertex -50.430500030517578 51.879436492919922 -44.772712707519531
  endloop
 endfacet
 facet normal -0.17509940165722696 0.45847313516682664 -0.87128788805398982
  outer loop
   vertex -50.458137512207031 51.879436492919922 -44.767158508300781
   vertex -50.430500030517578 51.879436492919922 -44.772712707519531
   vertex -50.458137512207031 51.868881225585938 -44.772712707519531
  endloop
 endfacet
 facet normal -0.16356195552032909 0.42826395653949562 -0.88872800689271803
  outer loop
   vertex -50.458137512207031 51.868881225585938 -44.772712707519531
   vertex -50.430500030517578 51.879436492919922 -44.772712707519531
   vertex -50.102798461914062 51.879436492919922 -44.833023071289062
  endloop
 endfacet
 facet normal -0.16582749631502111 0.37783353586346785 -0.91090233320746372
  outer loop
   vertex -50.458137512207031 51.868881225585938 -44.772712707519531
   vertex -50.102798461914062 51.879436492919922 -44.833023071289062
   vertex -50.458137512207031 51.524097442626953 -44.915725708007812
  endloop
 endfacet
 facet normal -0.052374188442140798 0.27576045746154126 -0.95979847597588341
  outer loop
   vertex -50.458137512207031 51.524097442626953 -44.915725708007812
   vertex -50.102798461914062 51.879436492919922 -44.833023071289062
   vertex -50.102798461914062 51.524097442626953 -44.935115814208984
  endloop
 endfacet
 facet normal -0.052930931601045707 0.2372676129313056 -0.97000123522278336
  outer loop
   vertex -50.458137512207031 51.524097442626953 -44.915725708007812
   vertex -50.102798461914062 51.524097442626953 -44.935115814208984
   vertex -50.458137512207031 51.168758392333984 -45.002643585205078
  endloop
 endfacet
 facet normal 0.10317583107412813 0.085153573099331983 -0.99101141106981183
  outer loop
   vertex -50.458137512207031 51.168758392333984 -45.002643585205078
   vertex -50.102798461914062 51.524097442626953 -44.935115814208984
   vertex -50.102798461914062 51.168758392333984 -44.965648651123047
  endloop
 endfacet
 facet normal 0.10104981363270063 0.21850016414495071 -0.97059085789709876
  outer loop
   vertex -50.458137512207031 51.168758392333984 -45.002643585205078
   vertex -50.102798461914062 51.168758392333984 -44.965648651123047
   vertex -50.102798461914062 50.813419342041016 -45.045642852783203
  endloop
 endfacet
 facet normal 0.041877232980140275 0.21943167805935571 -0.9747286986756788
  outer loop
   vertex -50.102798461914062 50.813419342041016 -45.045642852783203
   vertex -50.102798461914062 51.168758392333984 -44.965648651123047
   vertex -49.747459411621094 51.168758392333984 -44.950382232666016
  endloop
 endfacet
 facet normal 0.25894029240130845 0 -0.96589333001689415
  outer loop
   vertex -50.102798461914062 50.813419342041016 -45.045642852783203
   vertex -49.747459411621094 51.168758392333984 -44.950382232666016
   vertex -49.747459411621094 50.813419342041016 -44.950382232666016
  endloop
 endfacet
 facet normal 0 0 -1
  outer loop
   vertex -49.747459411621094 50.813419342041016 -44.950382232666016
   vertex -49.747459411621094 51.168758392333984 -44.950382232666016
   vertex -49.392120361328125 51.168758392333984 -44.950382232666016
  endloop
 endfacet
 facet normal 0.14399288659414911 -0.14399288659414911 -0.97904652454342989
  outer loop
   vertex -49.747459411621094 50.813419342041016 -44.950382232666016
   vertex -49.392120361328125 51.168758392333984 -44.950382232666016
   vertex -49.392120361328125 50.813419342041016 -44.898120880126953
  endloop
 endfacet
 facet normal 0 -0.14550927912771366 -0.98935688691580492
  outer loop
   vertex -49.392120361328125 50.813419342041016 -44.898120880126953
   vertex -49.392120361328125 51.168758392333984 -44.950382232666016
   vertex -49.036781311035156 51.168758392333984 -44.950382232666016
  endloop
 endfacet
 facet normal 0.051962771103372336 -0.19598258986044315 -0.97922964359278442
  outer loop
   vertex -49.392120361328125 50.813419342041016 -44.898120880126953
   vertex -49.036781311035156 51.168758392333984 -44.950382232666016
   vertex -49.036781311035156 50.813419342041016 -44.879264831542969
  endloop
 endfacet
 facet normal 0.04209018747622275 -0.19607380437761637 -0.97968539815346056
  outer loop
   vertex -49.036781311035156 50.813419342041016 -44.879264831542969
   vertex -49.036781311035156 51.168758392333984 -44.950382232666016
   vertex -48.681442260742188 51.168758392333984 -44.935115814208984
  endloop
 endfacet
 facet normal 0.12410728644722915 -0.27400456254637795 -0.95368699328158679
  outer loop
   vertex -49.036781311035156 50.813419342041016 -44.879264831542969
   vertex -48.681442260742188 51.168758392333984 -44.935115814208984
   vertex -48.681442260742188 50.813419342041016 -44.833023071289062
  endloop
 endfacet
 facet normal 0.099566312309456978 -0.27476729390987803 -0.95634171907877064
  outer loop
   vertex -48.681442260742188 50.813419342041016 -44.833023071289062
   vertex -48.681442260742188 51.168758392333984 -44.935115814208984
   vertex -48.326103210449219 51.168758392333984 -44.898120880126953
  endloop
 endfacet
 facet normal 0.27544989105906514 -0.43271199553855583 -0.85842162509607711
  outer loop
   vertex -48.681442260742188 50.813419342041016 -44.833023071289062
   vertex -48.326103210449219 51.168758392333984 -44.898120880126953
   vertex -48.326103210449219 50.919971466064453 -44.772712707519531
  endloop
 endfacet
 facet normal 0.10031647032975989 -0.44785426365766279 -0.88846112143651568
  outer loop
   vertex -48.326103210449219 50.919971466064453 -44.772712707519531
   vertex -48.326103210449219 51.168758392333984 -44.898120880126953
   vertex -47.97076416015625 50.999565124511719 -44.772712707519531
  endloop
 endfacet
 facet normal -0.21960181749871899 0.97553098860249288 0.010692615559454055
  outer loop
   vertex -51.168815612792969 52.317188262939453 -44.062034606933594
   vertex -50.8134765625 52.397178649902344 -44.062034606933594
   vertex -51.168815612792969 52.321083068847656 -44.417373657226562
  endloop
 endfacet
 facet normal -0.034714979114353881 0.98378469866202123 -0.17596174841017645
  outer loop
   vertex -51.168815612792969 52.321083068847656 -44.417373657226562
   vertex -50.8134765625 52.397178649902344 -44.062034606933594
   vertex -50.8134765625 52.333621978759766 -44.417373657226562
  endloop
 endfacet
 facet normal -0.027751680555325068 0.78645240149940066 -0.61702711804440213
  outer loop
   vertex -51.168815612792969 52.321083068847656 -44.417373657226562
   vertex -50.8134765625 52.333621978759766 -44.417373657226562
   vertex -50.8134765625 52.234775543212891 -44.543361663818359
  endloop
 endfacet
 facet normal 0.038795835903588018 0.78616311957983187 -0.61680015607086947
  outer loop
   vertex -50.8134765625 52.234775543212891 -44.543361663818359
   vertex -50.8134765625 52.333621978759766 -44.417373657226562
   vertex -50.458137512207031 52.234775543212891 -44.521011352539062
  endloop
 endfacet
 facet normal 0.051635968090015777 0.5686742578898033 -0.82094050650025074
  outer loop
   vertex -50.8134765625 52.234775543212891 -44.543361663818359
   vertex -50.458137512207031 52.234775543212891 -44.521011352539062
   vertex -50.458137512207031 51.879436492919922 -44.767158508300781
  endloop
 endfacet
 facet normal -0.37276380821632077 0.87357243316904754 0.31291907466815738
  outer loop
   vertex -51.168815612792969 52.317188262939453 -44.062034606933594
   vertex -51.524154663085938 52.234775543212891 -44.255260467529297
   vertex -51.361949920654297 52.234775543212891 -44.062034606933594
  endloop
 endfacet
 facet normal -0.39492596813305081 0.85681142359229823 0.33152324819824003
  outer loop
   vertex -51.361949920654297 52.234775543212891 -44.062034606933594
   vertex -51.524154663085938 52.234775543212891 -44.255260467529297
   vertex -51.524154663085938 52.160011291503906 -44.062034606933594
  endloop
 endfacet
 facet normal -0.37695409957963305 0.86810375455527777 0.32295739368705889
  outer loop
   vertex -51.524154663085938 52.234775543212891 -44.255260467529297
   vertex -51.168815612792969 52.317188262939453 -44.062034606933594
   vertex -51.524154663085938 52.295085906982422 -44.417373657226562
  endloop
 endfacet
 facet normal -0.072962187713421167 0.99727480344903618 0.010930945510697433
  outer loop
   vertex -51.524154663085938 52.295085906982422 -44.417373657226562
   vertex -51.168815612792969 52.317188262939453 -44.062034606933594
   vertex -51.168815612792969 52.321083068847656 -44.417373657226562
  endloop
 endfacet
 facet normal -0.060271983533492134 0.82382028850253741 -0.56363766752456712
  outer loop
   vertex -51.524154663085938 52.295085906982422 -44.417373657226562
   vertex -51.168815612792969 52.321083068847656 -44.417373657226562
   vertex -51.168815612792969 52.234775543212891 -44.543521881103516
  endloop
 endfacet
 facet normal 0.00025459900131937895 0.82532070191721663 -0.56466421364047981
  outer loop
   vertex -51.168815612792969 52.234775543212891 -44.543521881103516
   vertex -51.168815612792969 52.321083068847656 -44.417373657226562
   vertex -50.8134765625 52.234775543212891 -44.543361663818359
  endloop
 endfacet
 facet normal 0.00029659361260103451 0.75319061055841963 -0.65780226223300864
  outer loop
   vertex -51.168815612792969 52.234775543212891 -44.543521881103516
   vertex -50.8134765625 52.234775543212891 -44.543361663818359
   vertex -51.168815612792969 52.034610748291016 -44.772712707519531
  endloop
 endfacet
 facet normal 0.12541000876741332 0.64303089759919363 -0.75550221338771251
  outer loop
   vertex -51.168815612792969 52.034610748291016 -44.772712707519531
   vertex -50.8134765625 52.234775543212891 -44.543361663818359
   vertex -50.8134765625 51.965309143066406 -44.772712707519531
  endloop
 endfacet
 facet normal 0.11139320333767176 0.57116072499059423 -0.81324472360931477
  outer loop
   vertex -51.168815612792969 52.034610748291016 -44.772712707519531
   vertex -50.8134765625 51.965309143066406 -44.772712707519531
   vertex -50.8134765625 51.879436492919922 -44.833023071289062
  endloop
 endfacet
 facet normal 0.1489260363107246 0.5683283761409581 -0.80921189597148058
  outer loop
   vertex -50.8134765625 51.879436492919922 -44.833023071289062
   vertex -50.8134765625 51.965309143066406 -44.772712707519531
   vertex -50.485771179199219 51.879436492919922 -44.772712707519531
  endloop
 endfacet
 facet normal 0.1674753921923387 0.37927202428887352 -0.91000259593137556
  outer loop
   vertex -50.8134765625 51.879436492919922 -44.833023071289062
   vertex -50.485771179199219 51.879436492919922 -44.772712707519531
   vertex -50.458137512207031 51.524097442626953 -44.915725708007812
  endloop
 endfacet
 facet normal 0.14480529874744993 0.37909995812306729 -0.91395549519971175
  outer loop
   vertex -50.458137512207031 51.524097442626953 -44.915725708007812
   vertex -50.485771179199219 51.879436492919922 -44.772712707519531
   vertex -50.458137512207031 51.868881225585938 -44.772712707519531
  endloop
 endfacet
 facet normal -0.056957339349780284 0.84753612786454202 0.52767260063279076
  outer loop
   vertex -51.879493713378906 52.234775543212891 -44.358860015869141
   vertex -51.524154663085938 52.295085906982422 -44.417373657226562
   vertex -51.879493713378906 52.271205902099609 -44.417373657226562
  endloop
 endfacet
 facet normal -0.067019172387169895 0.99725813224678517 -0.031379104515462455
  outer loop
   vertex -51.879493713378906 52.271205902099609 -44.417373657226562
   vertex -51.524154663085938 52.295085906982422 -44.417373657226562
   vertex -51.879493713378906 52.260025024414062 -44.772712707519531
  endloop
 endfacet
 facet normal 0.031434271682611911 0.99901139789672444 -0.031434271682611911
  outer loop
   vertex -51.879493713378906 52.271205902099609 -44.417373657226562
   vertex -51.879493713378906 52.260025024414062 -44.772712707519531
   vertex -52.234832763671875 52.271205902099609 -44.772712707519531
  endloop
 endfacet
 facet normal 0.025513577722756284 0.8108460473813538 -0.58470312535321722
  outer loop
   vertex -52.234832763671875 52.271205902099609 -44.772712707519531
   vertex -51.879493713378906 52.260025024414062 -44.772712707519531
   vertex -51.879493713378906 52.234775543212891 -44.807727813720703
  endloop
 endfacet
 facet normal 0.038965220303409223 0.86345126084094759 -0.50292507569108624
  outer loop
   vertex -52.234832763671875 52.271205902099609 -44.772712707519531
   vertex -51.879493713378906 52.234775543212891 -44.807727813720703
   vertex -52.234832763671875 52.234775543212891 -44.835258483886719
  endloop
 endfacet
 facet normal 0.043683464805325763 0.82473918923751743 -0.56382357580935216
  outer loop
   vertex -52.234832763671875 52.234775543212891 -44.835258483886719
   vertex -51.879493713378906 52.234775543212891 -44.807727813720703
   vertex -52.234832763671875 52.034610748291016 -45.1280517578125
  endloop
 endfacet
 facet normal -0.20311614930338984 0.80831881620333246 -0.55259797435731373
  outer loop
   vertex -52.234832763671875 52.234775543212891 -44.835258483886719
   vertex -52.234832763671875 52.034610748291016 -45.1280517578125
   vertex -52.590171813964844 52.188243865966797 -44.772712707519531
  endloop
 endfacet
 facet normal -0.0091985957461582744 0.91446018543718599 -0.40457132261998791
  outer loop
   vertex -52.590171813964844 52.188243865966797 -44.772712707519531
   vertex -52.234832763671875 52.034610748291016 -45.1280517578125
   vertex -52.590171813964844 52.031036376953125 -45.1280517578125
  endloop
 endfacet
 facet normal -0.27754877620831991 0.87856963006099842 -0.38869278609172092
  outer loop
   vertex -52.590171813964844 52.188243865966797 -44.772712707519531
   vertex -52.590171813964844 52.031036376953125 -45.1280517578125
   vertex -52.945510864257812 51.918781280517578 -45.1280517578125
  endloop
 endfacet
 facet normal -0.21800892131169256 0.69009858361994636 -0.69009858361994636
  outer loop
   vertex -52.945510864257812 51.918781280517578 -45.1280517578125
   vertex -52.590171813964844 52.031036376953125 -45.1280517578125
   vertex -52.590171813964844 51.879436492919922 -45.279651641845703
  endloop
 endfacet
 facet normal -0.17458837111015149 0.7730460491725577 -0.60985138069188927
  outer loop
   vertex -52.945510864257812 51.918781280517578 -45.1280517578125
   vertex -52.590171813964844 51.879436492919922 -45.279651641845703
   vertex -52.945510864257812 51.879436492919922 -45.177925109863281
  endloop
 endfacet
 facet normal -0.19323650187339 0.71207236265756901 -0.67499081822125773
  outer loop
   vertex -52.945510864257812 51.879436492919922 -45.177925109863281
   vertex -52.590171813964844 51.879436492919922 -45.279651641845703
   vertex -52.945510864257812 51.589878082275391 -45.483390808105469
  endloop
 endfacet
 facet normal -0.47625676143161738 0.63815754637201061 -0.6049251550391358
  outer loop
   vertex -52.945510864257812 51.879436492919922 -45.177925109863281
   vertex -52.945510864257812 51.589878082275391 -45.483390808105469
   vertex -53.033653259277344 51.524097442626953 -45.483390808105469
  endloop
 endfacet
 facet normal -0.41319414524592651 0.55365715147601358 -0.72300370466129327
  outer loop
   vertex -53.033653259277344 51.524097442626953 -45.483390808105469
   vertex -52.945510864257812 51.589878082275391 -45.483390808105469
   vertex -52.945510864257812 51.524097442626953 -45.533763885498047
  endloop
 endfacet
 facet normal -0.4676028637995539 0.33449040927059231 -0.81820763127243412
  outer loop
   vertex -53.033653259277344 51.524097442626953 -45.483390808105469
   vertex -52.945510864257812 51.524097442626953 -45.533763885498047
   vertex -53.287837982177734 51.168758392333984 -45.483390808105469
  endloop
 endfacet
 facet normal -0.38106850236188111 0.24056453550646337 -0.89270123824504266
  outer loop
   vertex -53.287837982177734 51.168758392333984 -45.483390808105469
   vertex -52.945510864257812 51.524097442626953 -45.533763885498047
   vertex -52.945510864257812 51.168758392333984 -45.629520416259766
  endloop
 endfacet
 facet normal -0.38987871370669086 -0.11749098628513709 -0.91334027434476028
  outer loop
   vertex -53.287837982177734 51.168758392333984 -45.483390808105469
   vertex -52.945510864257812 51.168758392333984 -45.629520416259766
   vertex -53.180755615234375 50.813419342041016 -45.483390808105469
  endloop
 endfacet
 facet normal -0.46980395645965023 -0.051391071661083067 -0.88127362393775543
  outer loop
   vertex -53.180755615234375 50.813419342041016 -45.483390808105469
   vertex -52.945510864257812 51.168758392333984 -45.629520416259766
   vertex -52.945510864257812 50.813419342041016 -45.608798980712891
  endloop
 endfacet
 facet normal -0.46767657526015899 -0.10794969452140289 -0.87728301271919351
  outer loop
   vertex -53.180755615234375 50.813419342041016 -45.483390808105469
   vertex -52.945510864257812 50.813419342041016 -45.608798980712891
   vertex -53.098735809326172 50.458080291748047 -45.483390808105469
  endloop
 endfacet
 facet normal -0.57038209839425202 -0.043525222584299347 -0.82022546707009591
  outer loop
   vertex -53.098735809326172 50.458080291748047 -45.483390808105469
   vertex -52.945510864257812 50.813419342041016 -45.608798980712891
   vertex -52.945510864257812 50.458080291748047 -45.589942932128906
  endloop
 endfacet
 facet normal -0.56536991908145062 -0.13913623215269108 -0.81301781253560879
  outer loop
   vertex -53.098735809326172 50.458080291748047 -45.483390808105469
   vertex -52.945510864257812 50.458080291748047 -45.589942932128906
   vertex -53.011287689208984 50.102741241455078 -45.483390808105469
  endloop
 endfacet
 facet normal -0.60327327873313208 -0.12454317682516491 -0.78775018138549002
  outer loop
   vertex -53.011287689208984 50.102741241455078 -45.483390808105469
   vertex -52.945510864257812 50.458080291748047 -45.589942932128906
   vertex -52.945510864257812 50.102741241455078 -45.533763885498047
  endloop
 endfacet
 facet normal -0.55367532618496407 -0.41320162949176953 -0.72298550923190719
  outer loop
   vertex -53.011287689208984 50.102741241455078 -45.483390808105469
   vertex -52.945510864257812 50.102741241455078 -45.533763885498047
   vertex -52.945510864257812 50.014602661132812 -45.483390808105469
  endloop
 endfacet
 facet normal -0.44448807714242816 -0.44448807714242816 -0.77772790779067047
  outer loop
   vertex -52.945510864257812 50.014602661132812 -45.483390808105469
   vertex -52.945510864257812 50.102741241455078 -45.533763885498047
   vertex -52.678314208984375 49.747406005859375 -45.483390808105469
  endloop
 endfacet
 facet normal -0.49459095942055836 -0.49459095942055836 -0.7146744473667036
  outer loop
   vertex -52.945510864257812 50.014602661132812 -45.483390808105469
   vertex -52.678314208984375 49.747406005859375 -45.483390808105469
   vertex -52.945510864257812 49.747406005859375 -45.298477172851562
  endloop
 endfacet
 facet normal -0.4627967241680308 -0.5819073690198634 -0.66873238741646135
  outer loop
   vertex -52.945510864257812 49.747406005859375 -45.298477172851562
   vertex -52.678314208984375 49.747406005859375 -45.483390808105469
   vertex -52.945510864257812 49.551551818847656 -45.1280517578125
  endloop
 endfacet
 facet normal -0.58623620159108336 -0.53180536576496262 -0.61115478308498317
  outer loop
   vertex -52.945510864257812 49.747406005859375 -45.298477172851562
   vertex -52.945510864257812 49.551551818847656 -45.1280517578125
   vertex -53.123180389404297 49.747406005859375 -45.1280517578125
  endloop
 endfacet
 facet normal -0.59518276100260903 -0.53992125537954339 -0.59518276100260903
  outer loop
   vertex -53.123180389404297 49.747406005859375 -45.1280517578125
   vertex -52.945510864257812 49.551551818847656 -45.1280517578125
   vertex -53.300849914550781 49.551551818847656 -44.772712707519531
  endloop
 endfacet
 facet normal -0.59518276100260903 -0.53992125537954339 -0.59518276100260903
  outer loop
   vertex -53.123180389404297 49.747406005859375 -45.1280517578125
   vertex -53.300849914550781 49.551551818847656 -44.772712707519531
   vertex -53.300849914550781 49.747406005859375 -44.950382232666016
  endloop
 endfacet
 facet normal -0.59518276100260903 -0.53992125537954339 -0.59518276100260903
  outer loop
   vertex -53.300849914550781 49.747406005859375 -44.950382232666016
   vertex -53.300849914550781 49.551551818847656 -44.772712707519531
   vertex -53.478519439697266 49.747406005859375 -44.772712707519531
  endloop
 endfacet
 facet normal -0.61278051413920043 -0.49899908114403813 -0.61278051413920043
  outer loop
   vertex -53.300849914550781 49.747406005859375 -44.950382232666016
   vertex -53.478519439697266 49.747406005859375 -44.772712707519531
   vertex -53.300849914550781 49.965587615966797 -45.1280517578125
  endloop
 endfacet
 facet normal -0.61278051413920043 -0.49899908114403813 -0.61278051413920043
  outer loop
   vertex -53.300849914550781 49.965587615966797 -45.1280517578125
   vertex -53.478519439697266 49.747406005859375 -44.772712707519531
   vertex -53.65618896484375 49.965587615966797 -44.772712707519531
  endloop
 endfacet
 facet normal -0.62672645932311799 -0.46306359214325615 -0.62672645932311799
  outer loop
   vertex -53.300849914550781 49.965587615966797 -45.1280517578125
   vertex -53.65618896484375 49.965587615966797 -44.772712707519531
   vertex -53.402187347412109 50.102741241455078 -45.1280517578125
  endloop
 endfacet
 facet normal -0.62672645932311821 -0.46306359214325621 -0.62672645932311821
  outer loop
   vertex -53.402187347412109 50.102741241455078 -45.1280517578125
   vertex -53.65618896484375 49.965587615966797 -44.772712707519531
   vertex -53.65618896484375 50.102741241455078 -44.874050140380859
  endloop
 endfacet
 facet normal -0.68640976515683039 -0.24017341358836899 -0.68640976515683039
  outer loop
   vertex -53.402187347412109 50.102741241455078 -45.1280517578125
   vertex -53.65618896484375 50.102741241455078 -44.874050140380859
   vertex -53.65618896484375 50.458080291748047 -44.998382568359375
  endloop
 endfacet
 facet normal -0.68640976515683039 -0.24017341358836899 -0.68640976515683039
  outer loop
   vertex -53.65618896484375 50.458080291748047 -44.998382568359375
   vertex -53.65618896484375 50.102741241455078 -44.874050140380859
   vertex -53.757526397705078 50.102741241455078 -44.772712707519531
  endloop
 endfacet
 facet normal -0.73861607563775422 -0.19850257474520172 -0.64423832595477337
  outer loop
   vertex -53.65618896484375 50.458080291748047 -44.998382568359375
   vertex -53.757526397705078 50.102741241455078 -44.772712707519531
   vertex -53.853023529052734 50.458080291748047 -44.772712707519531
  endloop
 endfacet
 facet normal -0.76985275353254834 -0.20689741097084074 -0.60375508214168805
  outer loop
   vertex -53.853023529052734 50.458080291748047 -44.772712707519531
   vertex -53.757526397705078 50.102741241455078 -44.772712707519531
   vertex -54.011528015136719 50.458080291748047 -44.570602416992188
  endloop
 endfacet
 facet normal -0.7780842191404721 0.14909052903063372 -0.61021058830368347
  outer loop
   vertex -53.853023529052734 50.458080291748047 -44.772712707519531
   vertex -54.011528015136719 50.458080291748047 -44.570602416992188
   vertex -54.011528015136719 50.813419342041016 -44.483783721923828
  endloop
 endfacet
 facet normal -0.81313757257443986 0.13815167999534533 -0.56543912261375351
  outer loop
   vertex -54.011528015136719 50.813419342041016 -44.483783721923828
   vertex -54.011528015136719 50.458080291748047 -44.570602416992188
   vertex -54.118080139160156 50.458080291748047 -44.417373657226562
  endloop
 endfacet
 facet normal -0.8639110710382305 0.17048216111459746 -0.47391296044661391
  outer loop
   vertex -54.011528015136719 50.813419342041016 -44.483783721923828
   vertex -54.118080139160156 50.458080291748047 -44.417373657226562
   vertex -54.047958374023438 50.813419342041016 -44.417373657226562
  endloop
 endfacet
 facet normal -0.9626971445310023 0.18997637048597837 -0.19267378277500244
  outer loop
   vertex -54.047958374023438 50.813419342041016 -44.417373657226562
   vertex -54.118080139160156 50.458080291748047 -44.417373657226562
   vertex -54.189197540283203 50.458080291748047 -44.062034606933594
  endloop
 endfacet
 facet normal -0.96269714453100219 0.19267378277500238 -0.18997637048597832
  outer loop
   vertex -54.047958374023438 50.813419342041016 -44.417373657226562
   vertex -54.189197540283203 50.458080291748047 -44.062034606933594
   vertex -54.118080139160156 50.813419342041016 -44.062034606933594
  endloop
 endfacet
 facet normal -0.97051397685774987 0.19423824015629662 -0.1427379654637807
  outer loop
   vertex -54.118080139160156 50.813419342041016 -44.062034606933594
   vertex -54.189197540283203 50.458080291748047 -44.062034606933594
   vertex -54.241458892822266 50.458080291748047 -43.706695556640625
  endloop
 endfacet
 facet normal -0.96564086935510862 0.24290817875178644 -0.092376014888066266
  outer loop
   vertex -54.118080139160156 50.813419342041016 -44.062034606933594
   vertex -54.241458892822266 50.458080291748047 -43.706695556640625
   vertex -54.152072906494141 50.813419342041016 -43.706695556640625
  endloop
 endfacet
 facet normal -0.92337412695303167 0.23227592638500741 -0.3056601310208989
  outer loop
   vertex -54.152072906494141 50.813419342041016 -43.706695556640625
   vertex -54.241458892822266 50.458080291748047 -43.706695556640625
   vertex -54.269699096679688 50.813419342041016 -43.351356506347656
  endloop
 endfacet
 facet normal -0.80907882580880763 0.52312613548913434 -0.26782550288582485
  outer loop
   vertex -54.152072906494141 50.813419342041016 -43.706695556640625
   vertex -54.269699096679688 50.813419342041016 -43.351356506347656
   vertex -54.039947509765625 51.168758392333984 -43.351356506347656
  endloop
 endfacet
 facet normal -0.8182877657804416 0.52908036025146998 -0.2246755544562595
  outer loop
   vertex -54.039947509765625 51.168758392333984 -43.351356506347656
   vertex -54.269699096679688 50.813419342041016 -43.351356506347656
   vertex -54.13751220703125 51.168758392333984 -42.996017456054688
  endloop
 endfacet
 facet normal -0.60859735591265995 0.77568448118136413 -0.16710129870984639
  outer loop
   vertex -54.039947509765625 51.168758392333984 -43.351356506347656
   vertex -54.13751220703125 51.168758392333984 -42.996017456054688
   vertex -54.011528015136719 51.267604827880859 -42.996017456054688
  endloop
 endfacet
 facet normal -0.61504180152441557 0.78389821461660036 0.085012772560997291
  outer loop
   vertex -54.011528015136719 51.267604827880859 -42.996017456054688
   vertex -54.13751220703125 51.168758392333984 -42.996017456054688
   vertex -54.011528015136719 51.229068756103516 -42.640678405761719
  endloop
 endfacet
 facet normal -0.31196213594549738 0.94455624779207159 0.1024359336038165
  outer loop
   vertex -54.011528015136719 51.267604827880859 -42.996017456054688
   vertex -54.011528015136719 51.229068756103516 -42.640678405761719
   vertex -53.65618896484375 51.346427917480469 -42.640678405761719
  endloop
 endfacet
 facet normal -0.30392010414182741 0.92020665369124721 0.24668255876891179
  outer loop
   vertex -53.65618896484375 51.346427917480469 -42.640678405761719
   vertex -54.011528015136719 51.229068756103516 -42.640678405761719
   vertex -53.65618896484375 51.251171112060547 -42.28533935546875
  endloop
 endfacet
 facet normal -0.25066403580445262 0.93505886569159269 0.25066403580445262
  outer loop
   vertex -53.65618896484375 51.346427917480469 -42.640678405761719
   vertex -53.65618896484375 51.251171112060547 -42.28533935546875
   vertex -53.300849914550781 51.346427917480469 -42.28533935546875
  endloop
 endfacet
 facet normal -0.10113648508363714 0.93243664745267529 0.34689091927022603
  outer loop
   vertex -51.524154663085938 52.295085906982422 -44.417373657226562
   vertex -51.879493713378906 52.234775543212891 -44.358860015869141
   vertex -51.524154663085938 52.234775543212891 -44.255260467529297
  endloop
 endfacet
 facet normal -0.10463060470711004 0.92750245933498898 0.35887549998038515
  outer loop
   vertex -51.524154663085938 52.234775543212891 -44.255260467529297
   vertex -51.879493713378906 52.234775543212891 -44.358860015869141
   vertex -51.524154663085938 52.160011291503906 -44.062034606933594
  endloop
 endfacet
 facet normal -0.23051171286709357 0.82605260203670605 0.51429704344810889
  outer loop
   vertex -51.879493713378906 52.234775543212891 -44.358860015869141
   vertex -51.879493713378906 52.271205902099609 -44.417373657226562
   vertex -52.010044097900391 52.234775543212891 -44.417373657226562
  endloop
 endfacet
 facet normal -0.25957041664397645 0.93018621662898504 0.25957041664397645
  outer loop
   vertex -52.010044097900391 52.234775543212891 -44.417373657226562
   vertex -51.879493713378906 52.271205902099609 -44.417373657226562
   vertex -52.234832763671875 52.234775543212891 -44.642162322998047
  endloop
 endfacet
 facet normal -0.25083413834955931 0.93496763049683618 0.25083413834955931
  outer loop
   vertex -52.010044097900391 52.234775543212891 -44.417373657226562
   vertex -52.234832763671875 52.234775543212891 -44.642162322998047
   vertex -52.234832763671875 52.174468994140625 -44.417373657226562
  endloop
 endfacet
 facet normal -0.2137548092830395 0.94352238000230615 0.25312921590198817
  outer loop
   vertex -52.234832763671875 52.174468994140625 -44.417373657226562
   vertex -52.234832763671875 52.234775543212891 -44.642162322998047
   vertex -52.389430999755859 52.234775543212891 -44.772712707519531
  endloop
 endfacet
 facet normal -0.21835506446485198 0.94199857003885101 0.25487204606882718
  outer loop
   vertex -52.234832763671875 52.174468994140625 -44.417373657226562
   vertex -52.389430999755859 52.234775543212891 -44.772712707519531
   vertex -52.590171813964844 52.188243865966797 -44.772712707519531
  endloop
 endfacet
 facet normal -0.19717773839064495 0.85063814783824476 -0.48737632372271705
  outer loop
   vertex -52.590171813964844 52.188243865966797 -44.772712707519531
   vertex -52.389430999755859 52.234775543212891 -44.772712707519531
   vertex -52.234832763671875 52.234775543212891 -44.835258483886719
  endloop
 endfacet
 facet normal 0.18211479176929199 0.57737676662132598 -0.79590845703807578
  outer loop
   vertex -48.681442260742188 52.381656646728516 -44.417373657226562
   vertex -48.326103210449219 52.234775543212891 -44.442619323730469
   vertex -48.681442260742188 52.234775543212891 -44.52392578125
  endloop
 endfacet
 facet normal 0.20779115765223802 0.36350291377598509 -0.90812359647677443
  outer loop
   vertex -48.681442260742188 52.234775543212891 -44.52392578125
   vertex -48.326103210449219 52.234775543212891 -44.442619323730469
   vertex -48.681442260742188 51.879436492919922 -44.666160583496094
  endloop
 endfacet
 facet normal 0 0.37161405455859814 -0.92838730843033357
  outer loop
   vertex -48.681442260742188 52.234775543212891 -44.52392578125
   vertex -48.681442260742188 51.879436492919922 -44.666160583496094
   vertex -49.036781311035156 51.879436492919922 -44.666160583496094
  endloop
 endfacet
 facet normal 0 0.51431973529565989 -0.85759851322480873
  outer loop
   vertex -49.036781311035156 51.879436492919922 -44.666160583496094
   vertex -48.681442260742188 51.879436492919922 -44.666160583496094
   vertex -49.036781311035156 51.701766967773438 -44.772712707519531
  endloop
 endfacet
 facet normal 0.10239467995518234 0.51161639424047822 -0.85309084783582523
  outer loop
   vertex -49.036781311035156 51.879436492919922 -44.666160583496094
   vertex -49.036781311035156 51.701766967773438 -44.772712707519531
   vertex -49.392120361328125 51.772884368896484 -44.772712707519531
  endloop
 endfacet
 facet normal -0.074541162709054171 0.70513956599455641 -0.70513956599455641
  outer loop
   vertex -50.102798461914062 52.348812103271484 -44.417373657226562
   vertex -49.747459411621094 52.386375427246094 -44.417373657226562
   vertex -49.747459411621094 52.234775543212891 -44.568973541259766
  endloop
 endfacet
 facet normal 0.011330193331309321 0.91418141945536402 -0.40514683639595517
  outer loop
   vertex -51.168815612792969 52.234775543212891 -44.543521881103516
   vertex -51.524154663085938 52.234775543212891 -44.553459167480469
   vertex -51.524154663085938 52.295085906982422 -44.417373657226562
  endloop
 endfacet
 facet normal 0.30041694742887148 0.87200950379825304 -0.38645709073976514
  outer loop
   vertex -51.524154663085938 52.295085906982422 -44.417373657226562
   vertex -51.524154663085938 52.234775543212891 -44.553459167480469
   vertex -51.879493713378906 52.260025024414062 -44.772712707519531
  endloop
 endfacet
 facet normal 0.31324449843264407 0.85710395998090594 -0.40896293962501179
  outer loop
   vertex -51.879493713378906 52.260025024414062 -44.772712707519531
   vertex -51.524154663085938 52.234775543212891 -44.553459167480469
   vertex -51.810405731201172 52.234775543212891 -44.772712707519531
  endloop
 endfacet
 facet normal 0.33528303740972787 0.83424974614326453 -0.4377358174575226
  outer loop
   vertex -51.810405731201172 52.234775543212891 -44.772712707519531
   vertex -51.524154663085938 52.234775543212891 -44.553459167480469
   vertex -51.524154663085938 52.119731903076172 -44.772712707519531
  endloop
 endfacet
 facet normal 0.30036390741468194 0.74736412389715234 -0.59264524754192227
  outer loop
   vertex -51.810405731201172 52.234775543212891 -44.772712707519531
   vertex -51.524154663085938 52.119731903076172 -44.772712707519531
   vertex -51.879493713378906 52.234775543212891 -44.807727813720703
  endloop
 endfacet
 facet normal 0.28023702818534069 0.6508088183887285 -0.70563098708979288
  outer loop
   vertex -51.879493713378906 52.234775543212891 -44.807727813720703
   vertex -51.524154663085938 52.119731903076172 -44.772712707519531
   vertex -51.524154663085938 51.879436492919922 -44.994338989257812
  endloop
 endfacet
 facet normal 0.36307603157724622 0.69121045178501161 -0.62482310027501275
  outer loop
   vertex -51.879493713378906 52.234775543212891 -44.807727813720703
   vertex -51.524154663085938 51.879436492919922 -44.994338989257812
   vertex -51.879493713378906 51.945217132568359 -45.1280517578125
  endloop
 endfacet
 facet normal 0.37854543463869883 0.58215300285221838 -0.71958407096345833
  outer loop
   vertex -51.879493713378906 51.945217132568359 -45.1280517578125
   vertex -51.524154663085938 51.879436492919922 -44.994338989257812
   vertex -51.778331756591797 51.879436492919922 -45.1280517578125
  endloop
 endfacet
 facet normal 0.36765390001554199 0.56540325762654597 -0.73834258042500256
  outer loop
   vertex -51.879493713378906 51.945217132568359 -45.1280517578125
   vertex -51.778331756591797 51.879436492919922 -45.1280517578125
   vertex -51.879493713378906 51.879436492919922 -45.178424835205078
  endloop
 endfacet
 facet normal 0.39442196010213532 0.46584273318119168 -0.79209965618693878
  outer loop
   vertex -51.879493713378906 51.879436492919922 -45.178424835205078
   vertex -51.778331756591797 51.879436492919922 -45.1280517578125
   vertex -51.524154663085938 51.524097442626953 -45.210464477539062
  endloop
 endfacet
 facet normal 0.24469580129771532 0.3269992747308782 -0.91279539829731215
  outer loop
   vertex -51.879493713378906 51.879436492919922 -45.178424835205078
   vertex -51.524154663085938 51.524097442626953 -45.210464477539062
   vertex -51.879493713378906 51.524097442626953 -45.305721282958984
  endloop
 endfacet
 facet normal 0.25635680976864494 0.14064668190422633 -0.95629477513713002
  outer loop
   vertex -51.879493713378906 51.524097442626953 -45.305721282958984
   vertex -51.524154663085938 51.524097442626953 -45.210464477539062
   vertex -51.879493713378906 51.168758392333984 -45.357982635498047
  endloop
 endfacet
 facet normal 0.25636640123069171 0.14064631174357184 -0.95629225831486986
  outer loop
   vertex -51.879493713378906 51.524097442626953 -45.305721282958984
   vertex -51.879493713378906 51.168758392333984 -45.357982635498047
   vertex -52.234832763671875 51.524097442626953 -45.400981903076172
  endloop
 endfacet
 facet normal 0.43286359294784882 0.33141846628928534 -0.83832625516724513
  outer loop
   vertex -52.234832763671875 51.524097442626953 -45.400981903076172
   vertex -51.879493713378906 51.168758392333984 -45.357982635498047
   vertex -52.234832763671875 51.315643310546875 -45.483390808105469
  endloop
 endfacet
 facet normal 0.34505967559575101 0.34506599016571343 -0.8728478004261172
  outer loop
   vertex -52.234832763671875 51.524097442626953 -45.400981903076172
   vertex -52.234832763671875 51.315643310546875 -45.483390808105469
   vertex -52.443290710449219 51.524097442626953 -45.483390808105469
  endloop
 endfacet
 facet normal 0.35506932443943268 0.35507582218532779 -0.86478143790297579
  outer loop
   vertex -52.443290710449219 51.524097442626953 -45.483390808105469
   vertex -52.234832763671875 51.315643310546875 -45.483390808105469
   vertex -52.234832763671875 51.168758392333984 -45.543701171875
  endloop
 endfacet
 facet normal 0.35508189933969642 0.35508189933969642 -0.86477377939125055
  outer loop
   vertex -52.443290710449219 51.524097442626953 -45.483390808105469
   vertex -52.234832763671875 51.168758392333984 -45.543701171875
   vertex -52.590171813964844 51.524097442626953 -45.543701171875
  endloop
 endfacet
 facet normal 0.26617745573208385 0.26617745573208385 -0.92644434485833471
  outer loop
   vertex -52.590171813964844 51.524097442626953 -45.543701171875
   vertex -52.234832763671875 51.168758392333984 -45.543701171875
   vertex -52.590171813964844 51.168758392333984 -45.645793914794922
  endloop
 endfacet
 facet normal -0.043973821564664811 0.27587233627171226 -0.96018787593730137
  outer loop
   vertex -52.590171813964844 51.524097442626953 -45.543701171875
   vertex -52.590171813964844 51.168758392333984 -45.645793914794922
   vertex -52.945510864257812 51.168758392333984 -45.629520416259766
  endloop
 endfacet
 facet normal -0.045671722873062731 -0.058154898885718884 -0.99726230324092668
  outer loop
   vertex -52.945510864257812 51.168758392333984 -45.629520416259766
   vertex -52.590171813964844 51.168758392333984 -45.645793914794922
   vertex -52.945510864257812 50.813419342041016 -45.608798980712891
  endloop
 endfacet
 facet normal -0.25957041664397645 0.93018621662898493 0.25957041664397645
  outer loop
   vertex -51.879493713378906 52.271205902099609 -44.417373657226562
   vertex -52.234832763671875 52.271205902099609 -44.772712707519531
   vertex -52.234832763671875 52.234775543212891 -44.642162322998047
  endloop
 endfacet
 facet normal -0.2213438898801629 0.93930930106527355 0.26211623250952176
  outer loop
   vertex -52.234832763671875 52.234775543212891 -44.642162322998047
   vertex -52.234832763671875 52.271205902099609 -44.772712707519531
   vertex -52.389430999755859 52.234775543212891 -44.772712707519531
  endloop
 endfacet
 facet normal 0.28421074195874302 0.77766139108850196 -0.56077358618747086
  outer loop
   vertex -51.879493713378906 52.260025024414062 -44.772712707519531
   vertex -51.810405731201172 52.234775543212891 -44.772712707519531
   vertex -51.879493713378906 52.234775543212891 -44.807727813720703
  endloop
 endfacet
 facet normal -0.19952848705031695 0.8467320413286068 -0.4931868135330687
  outer loop
   vertex -52.389430999755859 52.234775543212891 -44.772712707519531
   vertex -52.234832763671875 52.271205902099609 -44.772712707519531
   vertex -52.234832763671875 52.234775543212891 -44.835258483886719
  endloop
 endfacet
 facet normal 0.12654163511005709 0.58597098850753992 0.80039066412044668
  outer loop
   vertex -47.615425109863281 51.9482421875 -41.574661254882812
   vertex -47.97076416015625 51.879436492919922 -41.468109130859375
   vertex -47.615425109863281 51.879436492919922 -41.524288177490234
  endloop
 endfacet
 facet normal 0.14522190766278775 0.36767461459324396 0.91854557607039311
  outer loop
   vertex -47.615425109863281 51.879436492919922 -41.524288177490234
   vertex -47.97076416015625 51.879436492919922 -41.468109130859375
   vertex -47.97076416015625 51.524097442626953 -41.325874328613281
  endloop
 endfacet
 facet normal 0.086493731685372041 0.41836525901727145 0.90415117343647244
  outer loop
   vertex -47.615425109863281 51.879436492919922 -41.524288177490234
   vertex -47.97076416015625 51.524097442626953 -41.325874328613281
   vertex -47.615425109863281 51.524097442626953 -41.359867095947266
  endloop
 endfacet
 facet normal 0.083456447127047168 0.48161289470859703 0.87240130735994215
  outer loop
   vertex -47.615425109863281 51.524097442626953 -41.359867095947266
   vertex -47.97076416015625 51.524097442626953 -41.325874328613281
   vertex -47.615425109863281 51.269512176513672 -41.219322204589844
  endloop
 endfacet
 facet normal 0.33690224802050023 0.45504508541130262 0.82427595228888839
  outer loop
   vertex -47.615425109863281 51.524097442626953 -41.359867095947266
   vertex -47.615425109863281 51.269512176513672 -41.219322204589844
   vertex -47.479339599609375 51.168758392333984 -41.219322204589844
  endloop
 endfacet
 facet normal 0.35541541637210983 0.48005033937826158 0.80201717778851578
  outer loop
   vertex -47.479339599609375 51.168758392333984 -41.219322204589844
   vertex -47.615425109863281 51.269512176513672 -41.219322204589844
   vertex -47.615425109863281 51.168758392333984 -41.159015655517578
  endloop
 endfacet
 facet normal 0.3918194689163505 0.25441971841741789 0.88416520552355549
  outer loop
   vertex -47.479339599609375 51.168758392333984 -41.219322204589844
   vertex -47.615425109863281 51.168758392333984 -41.159015655517578
   vertex -47.260086059570312 50.831096649169922 -41.219322204589844
  endloop
 endfacet
 facet normal 0.40789645735444091 0.27368170655706309 0.87104466221526811
  outer loop
   vertex -47.260086059570312 50.831096649169922 -41.219322204589844
   vertex -47.615425109863281 51.168758392333984 -41.159015655517578
   vertex -47.260086059570312 50.813419342041016 -41.213768005371094
  endloop
 endfacet
 facet normal 0.54142107603259049 0.25201667263752647 0.80209152541366602
  outer loop
   vertex -47.260086059570312 50.831096649169922 -41.219322204589844
   vertex -47.260086059570312 50.813419342041016 -41.213768005371094
   vertex -47.251857757568359 50.813419342041016 -41.219322204589844
  endloop
 endfacet
 facet normal 0.541413653205571 -0.25206761277021728 0.80208052882171466
  outer loop
   vertex -47.251857757568359 50.813419342041016 -41.219322204589844
   vertex -47.260086059570312 50.813419342041016 -41.213768005371094
   vertex -47.260086059570312 50.795745849609375 -41.219322204589844
  endloop
 endfacet
 facet normal 0.5616806971534013 -0.26150340249511905 0.78493997536674409
  outer loop
   vertex -47.251857757568359 50.813419342041016 -41.219322204589844
   vertex -47.260086059570312 50.795745849609375 -41.219322204589844
   vertex -46.904747009277344 50.813419342041016 -41.467704772949219
  endloop
 endfacet
 facet normal 0.56540602149381369 -0.22809510636090616 0.79264661313396401
  outer loop
   vertex -46.904747009277344 50.813419342041016 -41.467704772949219
   vertex -47.260086059570312 50.795745849609375 -41.219322204589844
   vertex -47.260086059570312 50.458080291748047 -41.316490173339844
  endloop
 endfacet
 facet normal 0.53384470862308164 -0.1824864657822276 0.82565641575745585
  outer loop
   vertex -46.904747009277344 50.813419342041016 -41.467704772949219
   vertex -47.260086059570312 50.458080291748047 -41.316490173339844
   vertex -46.904747009277344 50.458080291748047 -41.546241760253906
  endloop
 endfacet
 facet normal 0.014383859926729697 0.61659298305332311 0.78715068304805047
  outer loop
   vertex -49.036781311035156 51.879436492919922 -41.453109741210938
   vertex -48.681442260742188 52.026321411132812 -41.574661254882812
   vertex -49.036781311035156 52.034610748291016 -41.574661254882812
  endloop
 endfacet
 facet normal 0.015483993252869276 0.66375240290141424 0.74779207912062273
  outer loop
   vertex -49.036781311035156 52.034610748291016 -41.574661254882812
   vertex -48.681442260742188 52.026321411132812 -41.574661254882812
   vertex -49.036781311035156 52.234775543212891 -41.752330780029297
  endloop
 endfacet
 facet normal 0.034148237390164031 0.58684383642655602 0.80897973369628162
  outer loop
   vertex -48.681442260742188 52.026321411132812 -41.574661254882812
   vertex -49.036781311035156 51.879436492919922 -41.453109741210938
   vertex -48.681442260742188 51.879436492919922 -41.468109130859375
  endloop
 endfacet
 facet normal 0.037905156870069276 0.43839646841893959 0.89798203521031361
  outer loop
   vertex -48.681442260742188 51.879436492919922 -41.468109130859375
   vertex -49.036781311035156 51.879436492919922 -41.453109741210938
   vertex -49.036781311035156 51.524097442626953 -41.279632568359375
  endloop
 endfacet
 facet normal 0.081585729182298866 0.61460104647407388 0.78460775070525912
  outer loop
   vertex -49.036781311035156 52.034610748291016 -41.574661254882812
   vertex -49.392120361328125 51.879436492919922 -41.416160583496094
   vertex -49.036781311035156 51.879436492919922 -41.453109741210938
  endloop
 endfacet
 facet normal 0.093036574047414389 0.43680892436302049 0.89473021603516933
  outer loop
   vertex -49.036781311035156 51.879436492919922 -41.453109741210938
   vertex -49.392120361328125 51.879436492919922 -41.416160583496094
   vertex -49.036781311035156 51.524097442626953 -41.279632568359375
  endloop
 endfacet
 facet normal -0.13730431978827087 0.7293509003351637 0.6702199549011999
  outer loop
   vertex -50.458137512207031 51.879436492919922 -41.454113006591797
   vertex -50.102798461914062 52.057106018066406 -41.574661254882812
   vertex -50.458137512207031 51.990211486816406 -41.574661254882812
  endloop
 endfacet
 facet normal -0.14539625060446981 0.77233466832837383 0.61835191469604345
  outer loop
   vertex -50.458137512207031 51.990211486816406 -41.574661254882812
   vertex -50.102798461914062 52.057106018066406 -41.574661254882812
   vertex -50.458137512207031 52.234775543212891 -41.880126953125
  endloop
 endfacet
 facet normal -0.41619579372579751 0.70980738607631533 0.5682908902634829
  outer loop
   vertex -50.458137512207031 51.990211486816406 -41.574661254882812
   vertex -50.458137512207031 52.234775543212891 -41.880126953125
   vertex -50.647060394287109 51.879436492919922 -41.574661254882812
  endloop
 endfacet
 facet normal -0.50406416692870148 0.70131207834811204 0.50406416692870148
  outer loop
   vertex -50.647060394287109 51.879436492919922 -41.574661254882812
   vertex -50.458137512207031 52.234775543212891 -41.880126953125
   vertex -50.8134765625 51.879436492919922 -41.741077423095703
  endloop
 endfacet
 facet normal -0.42492454504165977 0.79929860630572647 0.42492454504165977
  outer loop
   vertex -50.647060394287109 51.879436492919922 -41.574661254882812
   vertex -50.8134765625 51.879436492919922 -41.741077423095703
   vertex -50.8134765625 51.790966033935547 -41.574661254882812
  endloop
 endfacet
 facet normal -0.53963702415632697 0.74337863233889767 0.39519626913934019
  outer loop
   vertex -50.8134765625 51.790966033935547 -41.574661254882812
   vertex -50.8134765625 51.879436492919922 -41.741077423095703
   vertex -50.951831817626953 51.879436492919922 -41.930000305175781
  endloop
 endfacet
 facet normal -0.50111396413177556 0.77365750329179295 0.38773555750336697
  outer loop
   vertex -50.8134765625 51.790966033935547 -41.574661254882812
   vertex -50.951831817626953 51.879436492919922 -41.930000305175781
   vertex -51.168815612792969 51.7388916015625 -41.930000305175781
  endloop
 endfacet
 facet normal -0.5330249962405913 0.82292415957335385 0.19667277639065084
  outer loop
   vertex -51.168815612792969 51.7388916015625 -41.930000305175781
   vertex -50.951831817626953 51.879436492919922 -41.930000305175781
   vertex -51.082942962646484 51.879436492919922 -42.28533935546875
  endloop
 endfacet
 facet normal -0.56514510860768274 0.8047303143695077 0.18171441151313178
  outer loop
   vertex -51.168815612792969 51.7388916015625 -41.930000305175781
   vertex -51.082942962646484 51.879436492919922 -42.28533935546875
   vertex -51.168815612792969 51.819129943847656 -42.28533935546875
  endloop
 endfacet
 facet normal -0.11294117129060861 0.70258248335249052 0.70258248335249052
  outer loop
   vertex -50.102798461914062 52.057106018066406 -41.574661254882812
   vertex -50.458137512207031 51.879436492919922 -41.454113006591797
   vertex -50.102798461914062 51.879436492919922 -41.396991729736328
  endloop
 endfacet
 facet normal -0.11294117129060861 0.70258248335249052 0.70258248335249052
  outer loop
   vertex -50.102798461914062 51.879436492919922 -41.396991729736328
   vertex -50.458137512207031 51.879436492919922 -41.454113006591797
   vertex -50.102798461914062 51.701766967773438 -41.219322204589844
  endloop
 endfacet
 facet normal -0.39637878988112074 0.67601017834162691 0.62120374573154347
  outer loop
   vertex -50.458137512207031 51.990211486816406 -41.574661254882812
   vertex -50.647060394287109 51.879436492919922 -41.574661254882812
   vertex -50.458137512207031 51.879436492919922 -41.454113006591797
  endloop
 endfacet
 facet normal -0.37930028690838141 0.70906581143505698 0.59443836299919584
  outer loop
   vertex -50.458137512207031 51.879436492919922 -41.454113006591797
   vertex -50.647060394287109 51.879436492919922 -41.574661254882812
   vertex -50.458137512207031 51.682601928710938 -41.219322204589844
  endloop
 endfacet
 facet normal -0.041296428517740735 0.76567721266471922 0.64189797553635064
  outer loop
   vertex -50.458137512207031 51.879436492919922 -41.454113006591797
   vertex -50.458137512207031 51.682601928710938 -41.219322204589844
   vertex -50.102798461914062 51.701766967773438 -41.219322204589844
  endloop
 endfacet
 facet normal -0.039542413901976187 0.73315602208779485 0.67890989444786087
  outer loop
   vertex -50.102798461914062 51.701766967773438 -41.219322204589844
   vertex -50.458137512207031 51.682601928710938 -41.219322204589844
   vertex -50.458137512207031 51.524097442626953 -41.048152923583984
  endloop
 endfacet
 facet normal 0.65121678891334345 0.53661750522946683 0.53661750522946683
  outer loop
   vertex -47.134548187255859 51.879436492919922 -41.930000305175781
   vertex -47.260086059570312 52.031784057617188 -41.930000305175781
   vertex -47.260086059570312 51.879436492919922 -41.777652740478516
  endloop
 endfacet
 facet normal 0.47323450886600371 0.62291616595588228 0.62291616595588228
  outer loop
   vertex -47.260086059570312 51.879436492919922 -41.777652740478516
   vertex -47.260086059570312 52.031784057617188 -41.930000305175781
   vertex -47.52728271484375 51.879436492919922 -41.574661254882812
  endloop
 endfacet
 facet normal 0.49129238396216235 0.58346333003688944 0.64668565467546835
  outer loop
   vertex -47.260086059570312 51.879436492919922 -41.777652740478516
   vertex -47.52728271484375 51.879436492919922 -41.574661254882812
   vertex -47.260086059570312 51.654449462890625 -41.574661254882812
  endloop
 endfacet
 facet normal 0.54073818781092819 0.52628968533394849 0.65621747870202796
  outer loop
   vertex -47.615425109863281 51.9482421875 -41.574661254882812
   vertex -47.463077545166016 52.234775543212891 -41.930000305175781
   vertex -47.615425109863281 52.234775543212891 -41.804462432861328
  endloop
 endfacet
 facet normal -0.5682908902634829 0.70980738607631533 0.41619579372579751
  outer loop
   vertex -50.508010864257812 52.234775543212891 -41.930000305175781
   vertex -50.8134765625 51.990211486816406 -41.930000305175781
   vertex -50.8134765625 51.879436492919922 -41.741077423095703
  endloop
 endfacet
 facet normal -0.56830497237471589 0.70979899593851625 0.41619087416574602
  outer loop
   vertex -50.8134765625 51.879436492919922 -41.741077423095703
   vertex -50.8134765625 51.990211486816406 -41.930000305175781
   vertex -50.951831817626953 51.879436492919922 -41.930000305175781
  endloop
 endfacet
 facet normal -0.50406416692870137 0.70131207834811193 0.50406416692870137
  outer loop
   vertex -50.458137512207031 52.234775543212891 -41.880126953125
   vertex -50.508010864257812 52.234775543212891 -41.930000305175781
   vertex -50.8134765625 51.879436492919922 -41.741077423095703
  endloop
 endfacet
 facet normal 0.69489518957536245 0.57260950481347128 0.43501612671519685
  outer loop
   vertex -47.260086059570312 52.031784057617188 -41.930000305175781
   vertex -47.134548187255859 51.879436492919922 -41.930000305175781
   vertex -47.260086059570312 52.234775543212891 -42.197196960449219
  endloop
 endfacet
 facet normal 0.7180065256213537 0.56221804456744362 0.41033827451008292
  outer loop
   vertex -47.260086059570312 52.234775543212891 -42.197196960449219
   vertex -47.134548187255859 51.879436492919922 -41.930000305175781
   vertex -47.209712982177734 52.234775543212891 -42.28533935546875
  endloop
 endfacet
 facet normal 0.85773483608411549 0.44273482183317614 0.2612983515143204
  outer loop
   vertex -47.209712982177734 52.234775543212891 -42.28533935546875
   vertex -47.134548187255859 51.879436492919922 -41.930000305175781
   vertex -47.026298522949219 51.879436492919922 -42.28533935546875
  endloop
 endfacet
 facet normal 0.81132028832732217 0.52978481601864447 0.2471587313136277
  outer loop
   vertex -47.026298522949219 51.879436492919922 -42.28533935546875
   vertex -47.134548187255859 51.879436492919922 -41.930000305175781
   vertex -46.904747009277344 51.693290710449219 -42.28533935546875
  endloop
 endfacet
 facet normal 0.83729743658343381 0.5467476590629452 0
  outer loop
   vertex -47.026298522949219 51.879436492919922 -42.28533935546875
   vertex -46.904747009277344 51.693290710449219 -42.28533935546875
   vertex -46.904747009277344 51.693290710449219 -42.640678405761719
  endloop
 endfacet
 facet normal 0.84618090479737218 0.53289574623588476 0
  outer loop
   vertex -46.904747009277344 51.693290710449219 -42.640678405761719
   vertex -46.904747009277344 51.693290710449219 -42.28533935546875
   vertex -46.798194885253906 51.524097442626953 -42.28533935546875
  endloop
 endfacet
 facet normal 0.84618090479737218 0.53289574623588476 0
  outer loop
   vertex -46.904747009277344 51.693290710449219 -42.640678405761719
   vertex -46.798194885253906 51.524097442626953 -42.28533935546875
   vertex -46.798194885253906 51.524097442626953 -42.640678405761719
  endloop
 endfacet
 facet normal -0.60902263467693507 0.76065435920995073 0.22471398769561202
  outer loop
   vertex -51.082942962646484 51.879436492919922 -42.28533935546875
   vertex -50.951831817626953 51.879436492919922 -41.930000305175781
   vertex -50.8134765625 51.990211486816406 -41.930000305175781
  endloop
 endfacet
 facet normal 0.88860673536691881 0.45866989203625147 0
  outer loop
   vertex -47.209712982177734 52.234775543212891 -42.28533935546875
   vertex -47.026298522949219 51.879436492919922 -42.28533935546875
   vertex -47.209712982177734 52.234775543212891 -42.640678405761719
  endloop
 endfacet
 facet normal 0.88860673536691881 0.45866989203625147 0
  outer loop
   vertex -47.209712982177734 52.234775543212891 -42.640678405761719
   vertex -47.026298522949219 51.879436492919922 -42.28533935546875
   vertex -47.026298522949219 51.879436492919922 -42.640678405761719
  endloop
 endfacet
 facet normal 0.88483751157249368 0.45672434131956058 -0.092007902706292791
  outer loop
   vertex -47.209712982177734 52.234775543212891 -42.640678405761719
   vertex -47.026298522949219 51.879436492919922 -42.640678405761719
   vertex -47.063247680664062 51.879436492919922 -42.996017456054688
  endloop
 endfacet
 facet normal 0.78426501659146231 0.61504306065032011 -0.081550090721469723
  outer loop
   vertex -47.063247680664062 51.879436492919922 -42.996017456054688
   vertex -47.026298522949219 51.879436492919922 -42.640678405761719
   vertex -46.904747009277344 51.677326202392578 -42.996017456054688
  endloop
 endfacet
 facet normal 0.78155713728739418 0.61291946423863253 -0.11618163156265737
  outer loop
   vertex -47.063247680664062 51.879436492919922 -42.996017456054688
   vertex -46.904747009277344 51.677326202392578 -42.996017456054688
   vertex -46.904747009277344 51.609970092773438 -43.351356506347656
  endloop
 endfacet
 facet normal 0.81624440118572295 0.56759954724954231 -0.10759103817268029
  outer loop
   vertex -46.904747009277344 51.609970092773438 -43.351356506347656
   vertex -46.904747009277344 51.677326202392578 -42.996017456054688
   vertex -46.798194885253906 51.524097442626953 -42.996017456054688
  endloop
 endfacet
 facet normal 0.81375253165881778 0.57148122131376877 -0.10590576426516207
  outer loop
   vertex -46.904747009277344 51.609970092773438 -43.351356506347656
   vertex -46.798194885253906 51.524097442626953 -42.996017456054688
   vertex -46.844440460205078 51.524097442626953 -43.351356506347656
  endloop
 endfacet
 facet normal -0.56301923805822396 0.7707541046686055 0.29824058696433908
  outer loop
   vertex -50.8134765625 52.076274871826172 -42.28533935546875
   vertex -51.168815612792969 51.954204559326172 -42.640678405761719
   vertex -51.168815612792969 51.879436492919922 -42.447452545166016
  endloop
 endfacet
 facet normal -0.50213488310126675 0.80651572729137644 0.31207842092099142
  outer loop
   vertex -51.168815612792969 51.879436492919922 -42.447452545166016
   vertex -51.168815612792969 51.954204559326172 -42.640678405761719
   vertex -51.288906097412109 51.879436492919922 -42.640678405761719
  endloop
 endfacet
 facet normal 0.72846063735550592 0.61070966039324937 -0.310449368699587
  outer loop
   vertex -47.209712982177734 52.234775543212891 -42.640678405761719
   vertex -47.063247680664062 51.879436492919922 -42.996017456054688
   vertex -47.260086059570312 52.114227294921875 -42.996017456054688
  endloop
 endfacet
 facet normal 0.76130480153756597 0.63824477667124413 -0.11427424997662919
  outer loop
   vertex -47.260086059570312 52.114227294921875 -42.996017456054688
   vertex -47.063247680664062 51.879436492919922 -42.996017456054688
   vertex -47.260086059570312 52.050605773925781 -43.351356506347656
  endloop
 endfacet
 facet normal -0.52464195489858001 0.84266598888582644 0.12109851500026161
  outer loop
   vertex -51.370925903320312 51.879436492919922 -42.996017456054688
   vertex -51.288906097412109 51.879436492919922 -42.640678405761719
   vertex -51.168815612792969 51.954204559326172 -42.640678405761719
  endloop
 endfacet
 facet normal 0.73144967068881561 0.67731349462058543 -0.078916470106522779
  outer loop
   vertex -47.063247680664062 51.879436492919922 -42.996017456054688
   vertex -47.101585388183594 51.879436492919922 -43.351356506347656
   vertex -47.260086059570312 52.050605773925781 -43.351356506347656
  endloop
 endfacet
 facet normal 0.71476627435206896 0.66186487261992089 -0.22592933284697395
  outer loop
   vertex -47.260086059570312 52.050605773925781 -43.351356506347656
   vertex -47.101585388183594 51.879436492919922 -43.351356506347656
   vertex -47.260086059570312 51.929309844970703 -43.706695556640625
  endloop
 endfacet
 facet normal -0.58763602625692901 0.80445777633262039 0.086784714915367711
  outer loop
   vertex -51.168815612792969 52.037940979003906 -42.996017456054688
   vertex -51.168815612792969 52.076274871826172 -43.351356506347656
   vertex -51.438282012939453 51.879436492919922 -43.351356506347656
  endloop
 endfacet
 facet normal -0.552809192426859 0.75678078573335061 0.34883354069409162
  outer loop
   vertex -51.438282012939453 51.879436492919922 -43.351356506347656
   vertex -51.168815612792969 52.076274871826172 -43.351356506347656
   vertex -51.524154663085938 51.879436492919922 -43.487442016601562
  endloop
 endfacet
 facet normal -0.54028179236985785 0.7693265499423031 0.34092850333682428
  outer loop
   vertex -51.438282012939453 51.879436492919922 -43.351356506347656
   vertex -51.524154663085938 51.879436492919922 -43.487442016601562
   vertex -51.524154663085938 51.819129943847656 -43.351356506347656
  endloop
 endfacet
 facet normal -0.3755029308118441 0.84734591395924641 0.3755029308118441
  outer loop
   vertex -51.524154663085938 51.819129943847656 -43.351356506347656
   vertex -51.524154663085938 51.879436492919922 -43.487442016601562
   vertex -51.743408203125 51.879436492919922 -43.706695556640625
  endloop
 endfacet
 facet normal -0.37550293081184416 0.84734591395924652 0.37550293081184416
  outer loop
   vertex -51.524154663085938 51.819129943847656 -43.351356506347656
   vertex -51.743408203125 51.879436492919922 -43.706695556640625
   vertex -51.879493713378906 51.819129943847656 -43.706695556640625
  endloop
 endfacet
 facet normal -0.34552923406653152 0.77970838737993842 0.52217274828812366
  outer loop
   vertex -51.879493713378906 51.819129943847656 -43.706695556640625
   vertex -51.743408203125 51.879436492919922 -43.706695556640625
   vertex -51.879493713378906 51.879436492919922 -43.796745300292969
  endloop
 endfacet
 facet normal 0.7592582096174525 0.59891616305528439 -0.25461029193580637
  outer loop
   vertex -47.101585388183594 51.879436492919922 -43.351356506347656
   vertex -47.220745086669922 51.879436492919922 -43.706695556640625
   vertex -47.260086059570312 51.929309844970703 -43.706695556640625
  endloop
 endfacet
 facet normal 0.67603456271676099 0.53326789393437024 -0.50852986471903405
  outer loop
   vertex -47.260086059570312 51.929309844970703 -43.706695556640625
   vertex -47.220745086669922 51.879436492919922 -43.706695556640625
   vertex -47.260086059570312 51.879436492919922 -43.758995056152344
  endloop
 endfacet
 facet normal 0.6586252420422799 0.54455838580945215 -0.51929659635833536
  outer loop
   vertex -47.260086059570312 51.929309844970703 -43.706695556640625
   vertex -47.260086059570312 51.879436492919922 -43.758995056152344
   vertex -47.615425109863281 52.234775543212891 -43.837047576904297
  endloop
 endfacet
 facet normal 0.65309530393514714 0.5354748005171942 -0.5354748005171942
  outer loop
   vertex -47.615425109863281 52.234775543212891 -43.837047576904297
   vertex -47.260086059570312 51.879436492919922 -43.758995056152344
   vertex -47.615425109863281 52.009788513183594 -44.062034606933594
  endloop
 endfacet
 facet normal 0.61685384898858098 0.55654798938994143 -0.55654798938994143
  outer loop
   vertex -47.615425109863281 52.234775543212891 -43.837047576904297
   vertex -47.615425109863281 52.009788513183594 -44.062034606933594
   vertex -47.818416595458984 52.234775543212891 -44.062034606933594
  endloop
 endfacet
 facet normal -0.55177666106540391 0.76246987939895117 0.33790856649819201
  outer loop
   vertex -51.168815612792969 52.076274871826172 -43.351356506347656
   vertex -51.524154663085938 51.976604461669922 -43.706695556640625
   vertex -51.524154663085938 51.879436492919922 -43.487442016601562
  endloop
 endfacet
 facet normal -0.37551777942086556 0.8473327532189725 0.37551777942086556
  outer loop
   vertex -51.524154663085938 51.879436492919922 -43.487442016601562
   vertex -51.524154663085938 51.976604461669922 -43.706695556640625
   vertex -51.743408203125 51.879436492919922 -43.706695556640625
  endloop
 endfacet
 facet normal 0.65454895556519654 0.52927459516028053 -0.53984633710569119
  outer loop
   vertex -47.615425109863281 52.009788513183594 -44.062034606933594
   vertex -47.260086059570312 51.879436492919922 -43.758995056152344
   vertex -47.510021209716797 51.879436492919922 -44.062034606933594
  endloop
 endfacet
 facet normal 0.70378356838710654 0.40958865681828455 -0.58045311703367108
  outer loop
   vertex -47.510021209716797 51.879436492919922 -44.062034606933594
   vertex -47.260086059570312 51.879436492919922 -43.758995056152344
   vertex -47.260086059570312 51.524097442626953 -44.009735107421875
  endloop
 endfacet
 facet normal 0.71502538504151181 0.42075578589012808 -0.55830392026764286
  outer loop
   vertex -47.510021209716797 51.879436492919922 -44.062034606933594
   vertex -47.260086059570312 51.524097442626953 -44.009735107421875
   vertex -47.300922393798828 51.524097442626953 -44.062034606933594
  endloop
 endfacet
 facet normal 0.67124086071291811 0.52415445429511909 -0.52411622275213621
  outer loop
   vertex -47.300922393798828 51.524097442626953 -44.062034606933594
   vertex -47.260086059570312 51.524097442626953 -44.009735107421875
   vertex -47.260086059570312 51.4718017578125 -44.062034606933594
  endloop
 endfacet
 facet normal 0.72575964458894549 0.5667267485100782 -0.38999196249323159
  outer loop
   vertex -47.300922393798828 51.524097442626953 -44.062034606933594
   vertex -47.260086059570312 51.4718017578125 -44.062034606933594
   vertex -47.260086059570312 51.227275848388672 -44.417373657226562
  endloop
 endfacet
 facet normal 0.74782606534256579 0.54691152860956416 -0.37635615561354452
  outer loop
   vertex -47.260086059570312 51.227275848388672 -44.417373657226562
   vertex -47.260086059570312 51.4718017578125 -44.062034606933594
   vertex -47.038459777832031 51.168758392333984 -44.062034606933594
  endloop
 endfacet
 facet normal 0.76357268573711035 0.51334583494177444 -0.39170500040738399
  outer loop
   vertex -47.260086059570312 51.227275848388672 -44.417373657226562
   vertex -47.038459777832031 51.168758392333984 -44.062034606933594
   vertex -47.220745086669922 51.168758392333984 -44.417373657226562
  endloop
 endfacet
 facet normal 0.88044382751250805 0.14430204953981171 -0.45165870421562204
  outer loop
   vertex -47.220745086669922 51.168758392333984 -44.417373657226562
   vertex -47.038459777832031 51.168758392333984 -44.062034606933594
   vertex -47.162506103515625 50.813419342041016 -44.417373657226562
  endloop
 endfacet
 facet normal -0.34554080307723523 0.7796915514159537 0.52219023167742473
  outer loop
   vertex -51.879493713378906 51.879436492919922 -43.796745300292969
   vertex -51.743408203125 51.879436492919922 -43.706695556640625
   vertex -51.524154663085938 51.976604461669922 -43.706695556640625
  endloop
 endfacet
 facet normal -0.13108166899720819 0.83006508953704572 0.54204201237981764
  outer loop
   vertex -52.234832763671875 51.879436492919922 -43.875888824462891
   vertex -51.879493713378906 52.057106018066406 -44.062034606933594
   vertex -52.234832763671875 52.000991821289062 -44.062034606933594
  endloop
 endfacet
 facet normal -0.14050125096196237 0.88971390395015593 0.43435995164828012
  outer loop
   vertex -52.234832763671875 52.000991821289062 -44.062034606933594
   vertex -51.879493713378906 52.057106018066406 -44.062034606933594
   vertex -52.234832763671875 52.174468994140625 -44.417373657226562
  endloop
 endfacet
 facet normal -0.1988643488543701 0.88067957097007576 0.42994937379962606
  outer loop
   vertex -52.234832763671875 52.000991821289062 -44.062034606933594
   vertex -52.234832763671875 52.174468994140625 -44.417373657226562
   vertex -52.590171813964844 52.094230651855469 -44.417373657226562
  endloop
 endfacet
 facet normal -0.21327428321475264 0.94449460309281208 0.24988802461859747
  outer loop
   vertex -52.590171813964844 52.094230651855469 -44.417373657226562
   vertex -52.234832763671875 52.174468994140625 -44.417373657226562
   vertex -52.590171813964844 52.188243865966797 -44.772712707519531
  endloop
 endfacet
 facet normal -0.41568925994511191 0.87925371974584288 0.23262703084419001
  outer loop
   vertex -52.590171813964844 52.094230651855469 -44.417373657226562
   vertex -52.590171813964844 52.188243865966797 -44.772712707519531
   vertex -52.945510864257812 52.020248413085938 -44.772712707519531
  endloop
 endfacet
 facet normal -0.4138473217769591 0.87535770620413134 -0.24995855745919149
  outer loop
   vertex -52.945510864257812 52.020248413085938 -44.772712707519531
   vertex -52.590171813964844 52.188243865966797 -44.772712707519531
   vertex -52.945510864257812 51.918781280517578 -45.1280517578125
  endloop
 endfacet
 facet normal -0.60439187728529287 0.76606699745497719 -0.21875057504353126
  outer loop
   vertex -52.945510864257812 52.020248413085938 -44.772712707519531
   vertex -52.945510864257812 51.918781280517578 -45.1280517578125
   vertex -52.995380401611328 51.879436492919922 -45.1280517578125
  endloop
 endfacet
 facet normal -0.52657808562610842 0.66743797880454869 -0.52653780888711299
  outer loop
   vertex -52.995380401611328 51.879436492919922 -45.1280517578125
   vertex -52.945510864257812 51.918781280517578 -45.1280517578125
   vertex -52.945510864257812 51.879436492919922 -45.177925109863281
  endloop
 endfacet
 facet normal -0.55669980521363305 0.61661824595869763 -0.55665722453402366
  outer loop
   vertex -52.995380401611328 51.879436492919922 -45.1280517578125
   vertex -52.945510864257812 51.879436492919922 -45.177925109863281
   vertex -53.033653259277344 51.524097442626953 -45.483390808105469
  endloop
 endfacet
 facet normal -0.14833624974892085 0.86063666546944728 0.48713538883975233
  outer loop
   vertex -52.590171813964844 51.879436492919922 -43.955482482910156
   vertex -52.234832763671875 52.000991821289062 -44.062034606933594
   vertex -52.590171813964844 51.939746856689453 -44.062034606933594
  endloop
 endfacet
 facet normal -0.15612643225540004 0.90583476577954003 0.39381202909043511
  outer loop
   vertex -52.590171813964844 51.939746856689453 -44.062034606933594
   vertex -52.234832763671875 52.000991821289062 -44.062034606933594
   vertex -52.590171813964844 52.094230651855469 -44.417373657226562
  endloop
 endfacet
 facet normal -0.33987477284100626 0.86248767510664814 0.37496686396987577
  outer loop
   vertex -52.590171813964844 51.939746856689453 -44.062034606933594
   vertex -52.590171813964844 52.094230651855469 -44.417373657226562
   vertex -52.945510864257812 51.954204559326172 -44.417373657226562
  endloop
 endfacet
 facet normal -0.36126301241515923 0.91676382179072335 0.17039111161205361
  outer loop
   vertex -52.945510864257812 51.954204559326172 -44.417373657226562
   vertex -52.590171813964844 52.094230651855469 -44.417373657226562
   vertex -52.945510864257812 52.020248413085938 -44.772712707519531
  endloop
 endfacet
 facet normal -0.64465319373810448 0.75160348654692943 0.13969416170249049
  outer loop
   vertex -52.945510864257812 51.954204559326172 -44.417373657226562
   vertex -52.945510864257812 52.020248413085938 -44.772712707519531
   vertex -53.109683990478516 51.879436492919922 -44.772712707519531
  endloop
 endfacet
 facet normal -0.63721341654553543 0.74292942345163515 -0.20497544619828689
  outer loop
   vertex -53.109683990478516 51.879436492919922 -44.772712707519531
   vertex -52.945510864257812 52.020248413085938 -44.772712707519531
   vertex -52.995380401611328 51.879436492919922 -45.1280517578125
  endloop
 endfacet
 facet normal -0.6650176824609485 0.71553475300409042 -0.21391937560128674
  outer loop
   vertex -53.109683990478516 51.879436492919922 -44.772712707519531
   vertex -52.995380401611328 51.879436492919922 -45.1280517578125
   vertex -53.300849914550781 51.701766967773438 -44.772712707519531
  endloop
 endfacet
 facet normal -0.63080571203156544 0.75863614385365352 -0.1629581385117311
  outer loop
   vertex -53.300849914550781 51.701766967773438 -44.772712707519531
   vertex -52.995380401611328 51.879436492919922 -45.1280517578125
   vertex -53.300849914550781 51.625438690185547 -45.1280517578125
  endloop
 endfacet
 facet normal -0.69910209141545188 0.69907577574536917 -0.1501643284690187
  outer loop
   vertex -53.300849914550781 51.701766967773438 -44.772712707519531
   vertex -53.300849914550781 51.625438690185547 -45.1280517578125
   vertex -53.402187347412109 51.524097442626953 -45.1280517578125
  endloop
 endfacet
 facet normal -0.6196618747384417 0.61963854936485363 -0.48173356654551236
  outer loop
   vertex -53.402187347412109 51.524097442626953 -45.1280517578125
   vertex -53.300849914550781 51.625438690185547 -45.1280517578125
   vertex -53.300849914550781 51.524097442626953 -45.258403778076172
  endloop
 endfacet
 facet normal -0.6783024353121645 0.51170089340229852 -0.52732153563160722
  outer loop
   vertex -53.402187347412109 51.524097442626953 -45.1280517578125
   vertex -53.300849914550781 51.524097442626953 -45.258403778076172
   vertex -53.65618896484375 51.187397003173828 -45.1280517578125
  endloop
 endfacet
 facet normal -0.67158848268129201 0.49550275593558119 -0.55085926405034125
  outer loop
   vertex -53.65618896484375 51.187397003173828 -45.1280517578125
   vertex -53.300849914550781 51.524097442626953 -45.258403778076172
   vertex -53.65618896484375 51.168758392333984 -45.144817352294922
  endloop
 endfacet
 facet normal -0.68523901256365527 0.48707226578665058 -0.54148693757305455
  outer loop
   vertex -53.65618896484375 51.187397003173828 -45.1280517578125
   vertex -53.65618896484375 51.168758392333984 -45.144817352294922
   vertex -53.669437408447266 51.168758392333984 -45.1280517578125
  endloop
 endfacet
 facet normal -0.78428065158341453 0.028500161090819733 -0.6197512407165412
  outer loop
   vertex -53.669437408447266 51.168758392333984 -45.1280517578125
   vertex -53.65618896484375 51.168758392333984 -45.144817352294922
   vertex -53.682350158691406 50.813419342041016 -45.1280517578125
  endloop
 endfacet
 facet normal -0.88281008684369644 0.03208064566791103 -0.46863331373319489
  outer loop
   vertex -53.669437408447266 51.168758392333984 -45.1280517578125
   vertex -53.682350158691406 50.813419342041016 -45.1280517578125
   vertex -53.870979309082031 50.813419342041016 -44.772712707519531
  endloop
 endfacet
 facet normal -0.88238626762782701 -0.044588214296555899 -0.46840833238497898
  outer loop
   vertex -53.870979309082031 50.813419342041016 -44.772712707519531
   vertex -53.682350158691406 50.813419342041016 -45.1280517578125
   vertex -53.853023529052734 50.458080291748047 -44.772712707519531
  endloop
 endfacet
 facet normal -0.898322014461716 -0.045393469909514733 -0.43698625976455902
  outer loop
   vertex -53.870979309082031 50.813419342041016 -44.772712707519531
   vertex -53.853023529052734 50.458080291748047 -44.772712707519531
   vertex -54.011528015136719 50.813419342041016 -44.483783721923828
  endloop
 endfacet
 facet normal -0.12156238079932548 0.83108006919738331 0.54270480572524171
  outer loop
   vertex -52.234832763671875 52.000991821289062 -44.062034606933594
   vertex -52.590171813964844 51.879436492919922 -43.955482482910156
   vertex -52.234832763671875 51.879436492919922 -43.875888824462891
  endloop
 endfacet
 facet normal -0.11852383404353414 0.84021635130467109 0.52913947477379375
  outer loop
   vertex -52.234832763671875 51.879436492919922 -43.875888824462891
   vertex -52.590171813964844 51.879436492919922 -43.955482482910156
   vertex -52.234832763671875 51.772884368896484 -43.706695556640625
  endloop
 endfacet
 facet normal -0.33649802366353027 0.819514225372585 0.46385936929473609
  outer loop
   vertex -52.590171813964844 51.879436492919922 -43.955482482910156
   vertex -52.590171813964844 51.939746856689453 -44.062034606933594
   vertex -52.737052917480469 51.879436492919922 -44.062034606933594
  endloop
 endfacet
 facet normal -0.35144549302238193 0.85591760046387055 0.37932983886114841
  outer loop
   vertex -52.737052917480469 51.879436492919922 -44.062034606933594
   vertex -52.590171813964844 51.939746856689453 -44.062034606933594
   vertex -52.945510864257812 51.879436492919922 -44.255168914794922
  endloop
 endfacet
 facet normal -0.34172045830559322 0.86440106302677622 0.36883320161503186
  outer loop
   vertex -52.737052917480469 51.879436492919922 -44.062034606933594
   vertex -52.945510864257812 51.879436492919922 -44.255168914794922
   vertex -52.945510864257812 51.797027587890625 -44.062034606933594
  endloop
 endfacet
 facet normal -0.54545771700094614 0.77089423965372217 0.32893456831537976
  outer loop
   vertex -52.945510864257812 51.797027587890625 -44.062034606933594
   vertex -52.945510864257812 51.879436492919922 -44.255168914794922
   vertex -53.043327331542969 51.879436492919922 -44.417373657226562
  endloop
 endfacet
 facet normal -0.57291856542420427 0.74956077665569454 0.33154631575631149
  outer loop
   vertex -52.945510864257812 51.797027587890625 -44.062034606933594
   vertex -53.043327331542969 51.879436492919922 -44.417373657226562
   vertex -53.300849914550781 51.682601928710938 -44.417373657226562
  endloop
 endfacet
 facet normal -0.60339871922986787 0.78943856930889977 0.11267977156203492
  outer loop
   vertex -53.300849914550781 51.682601928710938 -44.417373657226562
   vertex -53.043327331542969 51.879436492919922 -44.417373657226562
   vertex -53.109683990478516 51.879436492919922 -44.772712707519531
  endloop
 endfacet
 facet normal -0.68024612032457166 0.73191999630327986 0.039475749451719569
  outer loop
   vertex -53.300849914550781 51.682601928710938 -44.417373657226562
   vertex -53.109683990478516 51.879436492919922 -44.772712707519531
   vertex -53.300849914550781 51.701766967773438 -44.772712707519531
  endloop
 endfacet
 facet normal 0.47398010478822855 0.5404737166110376 -0.69514820140570877
  outer loop
   vertex -47.967136383056641 51.879436492919922 -44.417373657226562
   vertex -47.97076416015625 51.882617950439453 -44.417373657226562
   vertex -47.615425109863281 51.879436492919922 -44.177562713623047
  endloop
 endfacet
 facet normal 0.49525799367556966 0.47475541936090859 -0.72754849425168722
  outer loop
   vertex -47.615425109863281 51.879436492919922 -44.177562713623047
   vertex -47.97076416015625 51.882617950439453 -44.417373657226562
   vertex -47.97076416015625 52.234775543212891 -44.187576293945312
  endloop
 endfacet
 facet normal 0.51711605864182086 0.46774367529690764 -0.71680320598787062
  outer loop
   vertex -47.97076416015625 52.234775543212891 -44.187576293945312
   vertex -47.97076416015625 51.882617950439453 -44.417373657226562
   vertex -48.289299011230469 52.234775543212891 -44.417373657226562
  endloop
 endfacet
 facet normal 0.58773890826651898 0.53162370897862632 -0.60986818884205551
  outer loop
   vertex -48.289299011230469 52.234775543212891 -44.417373657226562
   vertex -47.97076416015625 51.882617950439453 -44.417373657226562
   vertex -47.97076416015625 51.879436492919922 -44.420146942138672
  endloop
 endfacet
 facet normal -0.24115142535551398 0.8327126064600433 0.49843325038717556
  outer loop
   vertex -51.524154663085938 52.160011291503906 -44.062034606933594
   vertex -51.879493713378906 52.234775543212891 -44.358860015869141
   vertex -51.879493713378906 52.057106018066406 -44.062034606933594
  endloop
 endfacet
 facet normal -0.22432824221691799 0.83616717823281084 0.50050103875021734
  outer loop
   vertex -51.879493713378906 52.057106018066406 -44.062034606933594
   vertex -51.879493713378906 52.234775543212891 -44.358860015869141
   vertex -52.010044097900391 52.234775543212891 -44.417373657226562
  endloop
 endfacet
 facet normal -0.22432788134917367 0.83616731382521081 0.50050097396480908
  outer loop
   vertex -51.879493713378906 52.057106018066406 -44.062034606933594
   vertex -52.010044097900391 52.234775543212891 -44.417373657226562
   vertex -52.234832763671875 52.174468994140625 -44.417373657226562
  endloop
 endfacet
 facet normal -0.35657755757497644 0.84846562330129105 0.39109913258637624
  outer loop
   vertex -52.590171813964844 51.939746856689453 -44.062034606933594
   vertex -52.945510864257812 51.954204559326172 -44.417373657226562
   vertex -52.945510864257812 51.879436492919922 -44.255168914794922
  endloop
 endfacet
 facet normal -0.57024562264057022 0.7460325640688521 0.34388274630769505
  outer loop
   vertex -52.945510864257812 51.879436492919922 -44.255168914794922
   vertex -52.945510864257812 51.954204559326172 -44.417373657226562
   vertex -53.043327331542969 51.879436492919922 -44.417373657226562
  endloop
 endfacet
 facet normal 0.49928762081105327 0.56933156761548165 -0.65312589737456905
  outer loop
   vertex -47.97076416015625 51.882617950439453 -44.417373657226562
   vertex -47.967136383056641 51.879436492919922 -44.417373657226562
   vertex -47.97076416015625 51.879436492919922 -44.420146942138672
  endloop
 endfacet
 facet normal 0.41312664642441482 0.73299073749032273 -0.54041738755105706
  outer loop
   vertex -47.97076416015625 51.879436492919922 -44.420146942138672
   vertex -47.967136383056641 51.879436492919922 -44.417373657226562
   vertex -47.615425109863281 51.681205749511719 -44.417373657226562
  endloop
 endfacet
 facet normal 0.43988544698051496 0.78234895959460626 -0.44094319243638364
  outer loop
   vertex -47.97076416015625 51.879436492919922 -44.420146942138672
   vertex -47.615425109863281 51.681205749511719 -44.417373657226562
   vertex -47.615425109863281 51.524097442626953 -44.696125030517578
  endloop
 endfacet
 facet normal 0.13052211331482302 0.43113127486616015 -0.89279885851635798
  outer loop
   vertex -48.326103210449219 52.234775543212891 -44.442619323730469
   vertex -48.326103210449219 51.879436492919922 -44.614212036132812
   vertex -48.681442260742188 51.879436492919922 -44.666160583496094
  endloop
 endfacet
 facet normal 0.12440208818098249 0.5103244422192984 -0.8509365923086003
  outer loop
   vertex -48.681442260742188 51.879436492919922 -44.666160583496094
   vertex -48.326103210449219 51.879436492919922 -44.614212036132812
   vertex -48.681442260742188 51.701766967773438 -44.772712707519531
  endloop
 endfacet
 facet normal 0 0.51431973529565989 -0.85759851322480873
  outer loop
   vertex -48.681442260742188 51.879436492919922 -44.666160583496094
   vertex -48.681442260742188 51.701766967773438 -44.772712707519531
   vertex -49.036781311035156 51.701766967773438 -44.772712707519531
  endloop
 endfacet
 facet normal -0.16377191949473482 0.62497564498223968 -0.76327203640906682
  outer loop
   vertex -50.102798461914062 52.234775543212891 -44.552070617675781
   vertex -50.102798461914062 51.965309143066406 -44.772712707519531
   vertex -50.430500030517578 51.879436492919922 -44.772712707519531
  endloop
 endfacet
 facet normal -0.14892773147345872 0.56832822940906536 -0.80921168704791091
  outer loop
   vertex -50.430500030517578 51.879436492919922 -44.772712707519531
   vertex -50.102798461914062 51.965309143066406 -44.772712707519531
   vertex -50.102798461914062 51.879436492919922 -44.833023071289062
  endloop
 endfacet
 facet normal 0.15749187872473783 0.60101716199757127 -0.78356536365522034
  outer loop
   vertex -50.485771179199219 51.879436492919922 -44.772712707519531
   vertex -50.8134765625 51.965309143066406 -44.772712707519531
   vertex -50.458137512207031 51.879436492919922 -44.767158508300781
  endloop
 endfacet
 facet normal 0.16619322876863038 0.63913436554532865 -0.75092414629603432
  outer loop
   vertex -50.458137512207031 51.879436492919922 -44.767158508300781
   vertex -50.8134765625 51.965309143066406 -44.772712707519531
   vertex -50.8134765625 52.234775543212891 -44.543361663818359
  endloop
 endfacet
 facet normal 0.012992575420057818 0.88543029513720506 -0.46459055676713462
  outer loop
   vertex -51.524154663085938 52.234775543212891 -44.553459167480469
   vertex -51.168815612792969 52.234775543212891 -44.543521881103516
   vertex -51.524154663085938 52.119731903076172 -44.772712707519531
  endloop
 endfacet
 facet normal 0.1775592018618915 0.74122253533365567 -0.64734989221263928
  outer loop
   vertex -51.524154663085938 52.119731903076172 -44.772712707519531
   vertex -51.168815612792969 52.234775543212891 -44.543521881103516
   vertex -51.168815612792969 52.034610748291016 -44.772712707519531
  endloop
 endfacet
 facet normal 0.14613379101937074 0.6100368662478437 -0.77878105841168044
  outer loop
   vertex -51.524154663085938 52.119731903076172 -44.772712707519531
   vertex -51.168815612792969 52.034610748291016 -44.772712707519531
   vertex -51.168815612792969 51.879436492919922 -44.894264221191406
  endloop
 endfacet
 facet normal 0.13444427331772008 0.61105824738564996 -0.78008496695811791
  outer loop
   vertex -51.168815612792969 51.879436492919922 -44.894264221191406
   vertex -51.168815612792969 52.034610748291016 -44.772712707519531
   vertex -50.8134765625 51.879436492919922 -44.833023071289062
  endloop
 endfacet
 facet normal 0.1566009612507521 0.38709330667208147 -0.90864454593917765
  outer loop
   vertex -51.168815612792969 51.879436492919922 -44.894264221191406
   vertex -50.8134765625 51.879436492919922 -44.833023071289062
   vertex -51.168815612792969 51.524097442626953 -45.045642852783203
  endloop
 endfacet
 facet normal 0.24669183635149133 0.30391936350126664 -0.92020441118618523
  outer loop
   vertex -51.168815612792969 51.524097442626953 -45.045642852783203
   vertex -50.8134765625 51.879436492919922 -44.833023071289062
   vertex -50.8134765625 51.524097442626953 -44.950382232666016
  endloop
 endfacet
 facet normal 0.24669109569010664 0.30392832972936973 -0.92020164838753138
  outer loop
   vertex -51.168815612792969 51.524097442626953 -45.045642852783203
   vertex -50.8134765625 51.524097442626953 -44.950382232666016
   vertex -50.8134765625 51.168758392333984 -45.067745208740234
  endloop
 endfacet
 facet normal 0.092215652409359264 0.31228472889668102 -0.94550225888077222
  outer loop
   vertex -50.8134765625 51.168758392333984 -45.067745208740234
   vertex -50.8134765625 51.524097442626953 -44.950382232666016
   vertex -50.458137512207031 51.524097442626953 -44.915725708007812
  endloop
 endfacet
 facet normal 0.17521036913621876 0.23392524673436918 -0.95633692048744745
  outer loop
   vertex -50.8134765625 51.168758392333984 -45.067745208740234
   vertex -50.458137512207031 51.524097442626953 -44.915725708007812
   vertex -50.458137512207031 51.168758392333984 -45.002643585205078
  endloop
 endfacet
 facet normal -0.60341441949657459 0.78942615024138596 0.11268270345832436
  outer loop
   vertex -53.109683990478516 51.879436492919922 -44.772712707519531
   vertex -53.043327331542969 51.879436492919922 -44.417373657226562
   vertex -52.945510864257812 51.954204559326172 -44.417373657226562
  endloop
 endfacet
 facet normal 0 0.57473765617966843 -0.81833772158510532
  outer loop
   vertex -50.102798461914062 51.965309143066406 -44.772712707519531
   vertex -49.747459411621094 51.879436492919922 -44.833023071289062
   vertex -50.102798461914062 51.879436492919922 -44.833023071289062
  endloop
 endfacet
 facet normal 0 0.27613945047481447 -0.96111758067963105
  outer loop
   vertex -50.102798461914062 51.879436492919922 -44.833023071289062
   vertex -49.747459411621094 51.879436492919922 -44.833023071289062
   vertex -50.102798461914062 51.524097442626953 -44.935115814208984
  endloop
 endfacet
 facet normal 0.20272468218539952 0.66389707931253228 -0.719821763572843
  outer loop
   vertex -51.524154663085938 52.119731903076172 -44.772712707519531
   vertex -51.168815612792969 51.879436492919922 -44.894264221191406
   vertex -51.524154663085938 51.879436492919922 -44.994338989257812
  endloop
 endfacet
 facet normal 0.2508176653558844 0.37940067905456887 -0.89058723518718574
  outer loop
   vertex -51.524154663085938 51.879436492919922 -44.994338989257812
   vertex -51.168815612792969 51.879436492919922 -44.894264221191406
   vertex -51.168815612792969 51.524097442626953 -45.045642852783203
  endloop
 endfacet
 facet normal 0.38488547267175488 0.49715860985661631 -0.77762233093686084
  outer loop
   vertex -51.524154663085938 51.879436492919922 -44.994338989257812
   vertex -51.168815612792969 51.524097442626953 -45.045642852783203
   vertex -51.524154663085938 51.670291900634766 -45.1280517578125
  endloop
 endfacet
 facet normal 0.37463256458349914 0.45528941904489284 -0.80768928831534847
  outer loop
   vertex -51.524154663085938 51.670291900634766 -45.1280517578125
   vertex -51.168815612792969 51.524097442626953 -45.045642852783203
   vertex -51.346485137939453 51.524097442626953 -45.1280517578125
  endloop
 endfacet
 facet normal 0.37464387737083504 0.45530316742893862 -0.80767629089736359
  outer loop
   vertex -51.524154663085938 51.670291900634766 -45.1280517578125
   vertex -51.346485137939453 51.524097442626953 -45.1280517578125
   vertex -51.524154663085938 51.524097442626953 -45.210464477539062
  endloop
 endfacet
 facet normal 0.38785066259930107 0.38785066259930107 -0.83614814897993184
  outer loop
   vertex -51.524154663085938 51.524097442626953 -45.210464477539062
   vertex -51.346485137939453 51.524097442626953 -45.1280517578125
   vertex -51.168815612792969 51.168758392333984 -45.210464477539062
  endloop
 endfacet
 facet normal 0.21450250490041939 0.21450250490041939 -0.95287845540913096
  outer loop
   vertex -51.524154663085938 51.524097442626953 -45.210464477539062
   vertex -51.168815612792969 51.168758392333984 -45.210464477539062
   vertex -51.524154663085938 51.168758392333984 -45.290454864501953
  endloop
 endfacet
 facet normal 0.21884678209436836 0.083535201673104312 -0.97217691602319678
  outer loop
   vertex -51.524154663085938 51.168758392333984 -45.290454864501953
   vertex -51.168815612792969 51.168758392333984 -45.210464477539062
   vertex -51.524154663085938 50.813419342041016 -45.320987701416016
  endloop
 endfacet
 facet normal 0.27521207159646704 0.082304491894265516 -0.95785400049360736
  outer loop
   vertex -51.524154663085938 51.168758392333984 -45.290454864501953
   vertex -51.524154663085938 50.813419342041016 -45.320987701416016
   vertex -51.879493713378906 50.813419342041016 -45.423084259033203
  endloop
 endfacet
 facet normal 0.27477678545023421 0.099566031433880264 -0.95633902124829318
  outer loop
   vertex -51.879493713378906 50.813419342041016 -45.423084259033203
   vertex -51.524154663085938 50.813419342041016 -45.320987701416016
   vertex -51.524154663085938 50.458080291748047 -45.357982635498047
  endloop
 endfacet
 facet normal 0.44355886527719884 0.28807091040864502 -0.84868762428253786
  outer loop
   vertex -51.879493713378906 50.813419342041016 -45.423084259033203
   vertex -51.524154663085938 50.458080291748047 -45.357982635498047
   vertex -51.879493713378906 50.635749816894531 -45.483390808105469
  endloop
 endfacet
 facet normal 0.43456919767362673 0.26062022178034872 -0.86210597517501408
  outer loop
   vertex -51.879493713378906 50.635749816894531 -45.483390808105469
   vertex -51.524154663085938 50.458080291748047 -45.357982635498047
   vertex -51.772941589355469 50.458080291748047 -45.483390808105469
  endloop
 endfacet
 facet normal 0.47240288455167351 0.28330987377986783 -0.83460830937997121
  outer loop
   vertex -51.879493713378906 50.635749816894531 -45.483390808105469
   vertex -51.772941589355469 50.458080291748047 -45.483390808105469
   vertex -51.879493713378906 50.458080291748047 -45.543701171875
  endloop
 endfacet
 facet normal 0.49258486339171015 0 -0.87026441519653686
  outer loop
   vertex -51.879493713378906 50.458080291748047 -45.543701171875
   vertex -51.772941589355469 50.458080291748047 -45.483390808105469
   vertex -51.879493713378906 50.102741241455078 -45.543701171875
  endloop
 endfacet
 facet normal 0.27613945047481447 0 -0.96111758067963105
  outer loop
   vertex -51.879493713378906 50.458080291748047 -45.543701171875
   vertex -51.879493713378906 50.102741241455078 -45.543701171875
   vertex -52.234832763671875 50.102741241455078 -45.645793914794922
  endloop
 endfacet
 facet normal 0.26617725327291608 -0.26618011081570531 -0.92644364018877301
  outer loop
   vertex -52.234832763671875 50.102741241455078 -45.645793914794922
   vertex -51.879493713378906 50.102741241455078 -45.543701171875
   vertex -52.234832763671875 49.747406005859375 -45.543701171875
  endloop
 endfacet
 facet normal -0.026868549086151959 -0.27604249477911608 -0.96076980705376391
  outer loop
   vertex -52.234832763671875 50.102741241455078 -45.645793914794922
   vertex -52.234832763671875 49.747406005859375 -45.543701171875
   vertex -52.590171813964844 49.747406005859375 -45.533763885498047
  endloop
 endfacet
 facet normal -0.023988336566398559 -0.51345908963964804 -0.85777871445682374
  outer loop
   vertex -52.590171813964844 49.747406005859375 -45.533763885498047
   vertex -52.234832763671875 49.747406005859375 -45.543701171875
   vertex -52.234832763671875 49.646652221679688 -45.483390808105469
  endloop
 endfacet
 facet normal -0.05303611267060801 -0.5898882263005536 -0.80574130539818889
  outer loop
   vertex -52.590171813964844 49.747406005859375 -45.533763885498047
   vertex -52.234832763671875 49.646652221679688 -45.483390808105469
   vertex -52.590171813964844 49.678600311279297 -45.483390808105469
  endloop
 endfacet
 facet normal -0.054924718991081076 -0.61089403868885994 -0.7898048801686175
  outer loop
   vertex -52.590171813964844 49.678600311279297 -45.483390808105469
   vertex -52.234832763671875 49.646652221679688 -45.483390808105469
   vertex -52.590171813964844 49.392066955566406 -45.261764526367188
  endloop
 endfacet
 facet normal -0.49334377218198688 -0.53217998989721715 -0.68803806639040366
  outer loop
   vertex -52.590171813964844 49.678600311279297 -45.483390808105469
   vertex -52.590171813964844 49.392066955566406 -45.261764526367188
   vertex -52.776653289794922 49.392066955566406 -45.1280517578125
  endloop
 endfacet
 facet normal -0.51091256106038763 -0.48088954978988097 -0.71254024156787199
  outer loop
   vertex -52.776653289794922 49.392066955566406 -45.1280517578125
   vertex -52.590171813964844 49.392066955566406 -45.261764526367188
   vertex -52.590171813964844 49.193943023681641 -45.1280517578125
  endloop
 endfacet
 facet normal -0.52969572191970682 -0.49856894633969745 -0.68618616127526544
  outer loop
   vertex -52.776653289794922 49.392066955566406 -45.1280517578125
   vertex -52.590171813964844 49.193943023681641 -45.1280517578125
   vertex -52.945510864257812 49.392066955566406 -44.997703552246094
  endloop
 endfacet
 facet normal -0.5177445718457987 -0.4497810523053753 -0.72776202381773125
  outer loop
   vertex -52.945510864257812 49.392066955566406 -44.997703552246094
   vertex -52.590171813964844 49.193943023681641 -45.1280517578125
   vertex -52.590171813964844 49.036727905273438 -45.030887603759766
  endloop
 endfacet
 facet normal -0.4772181408733861 -0.40435471883074231 -0.78023080391680266
  outer loop
   vertex -52.945510864257812 49.392066955566406 -44.997703552246094
   vertex -52.590171813964844 49.036727905273438 -45.030887603759766
   vertex -52.945510864257812 49.036727905273438 -44.813549041748047
  endloop
 endfacet
 facet normal -0.48321303513242375 -0.37729868151965817 -0.79003219402859681
  outer loop
   vertex -52.945510864257812 49.036727905273438 -44.813549041748047
   vertex -52.590171813964844 49.036727905273438 -45.030887603759766
   vertex -52.590171813964844 48.681388854980469 -44.861186981201172
  endloop
 endfacet
 facet normal -0.52491416788262424 -0.42613642515627675 -0.73679906590000577
  outer loop
   vertex -52.945510864257812 49.036727905273438 -44.813549041748047
   vertex -52.590171813964844 48.681388854980469 -44.861186981201172
   vertex -52.714359283447266 48.681388854980469 -44.772712707519531
  endloop
 endfacet
 facet normal -0.50781024218776294 -0.48379510211649124 -0.71279103326101079
  outer loop
   vertex -52.714359283447266 48.681388854980469 -44.772712707519531
   vertex -52.590171813964844 48.681388854980469 -44.861186981201172
   vertex -52.590171813964844 48.551036834716797 -44.772712707519531
  endloop
 endfacet
 facet normal -0.58644688585265137 -0.55871289599172003 -0.58644688585265137
  outer loop
   vertex -52.714359283447266 48.681388854980469 -44.772712707519531
   vertex -52.590171813964844 48.551036834716797 -44.772712707519531
   vertex -52.945510864257812 48.551036834716797 -44.417373657226562
  endloop
 endfacet
 facet normal 0.18345761643887851 0.72924285104043418 -0.65920267534119159
  outer loop
   vertex -51.879493713378906 52.234775543212891 -44.807727813720703
   vertex -51.879493713378906 51.945217132568359 -45.1280517578125
   vertex -52.234832763671875 52.034610748291016 -45.1280517578125
  endloop
 endfacet
 facet normal 0.15119409138124054 0.60099554545372358 -0.78482144534676324
  outer loop
   vertex -52.234832763671875 52.034610748291016 -45.1280517578125
   vertex -51.879493713378906 51.945217132568359 -45.1280517578125
   vertex -51.879493713378906 51.879436492919922 -45.178424835205078
  endloop
 endfacet
 facet normal 0.15576670778235688 0.60912978626723069 -0.77762306822051241
  outer loop
   vertex -52.234832763671875 52.034610748291016 -45.1280517578125
   vertex -51.879493713378906 51.879436492919922 -45.178424835205078
   vertex -52.234832763671875 51.879436492919922 -45.249603271484375
  endloop
 endfacet
 facet normal 0.18123375698393671 0.38543861827501802 -0.90476040854567263
  outer loop
   vertex -52.234832763671875 51.879436492919922 -45.249603271484375
   vertex -51.879493713378906 51.879436492919922 -45.178424835205078
   vertex -52.234832763671875 51.524097442626953 -45.400981903076172
  endloop
 endfacet
 facet normal 0.077562783295324997 0.39074824546253417 -0.91722397663571453
  outer loop
   vertex -52.234832763671875 51.879436492919922 -45.249603271484375
   vertex -52.234832763671875 51.524097442626953 -45.400981903076172
   vertex -52.590171813964844 51.879436492919922 -45.279651641845703
  endloop
 endfacet
 facet normal 0.31401032105276611 0.57259614350019394 -0.75731841039357028
  outer loop
   vertex -52.590171813964844 51.879436492919922 -45.279651641845703
   vertex -52.234832763671875 51.524097442626953 -45.400981903076172
   vertex -52.590171813964844 51.609970092773438 -45.483390808105469
  endloop
 endfacet
 facet normal -0.034081470554770503 0.60275089845773155 -0.7972012341769309
  outer loop
   vertex -52.590171813964844 51.879436492919922 -45.279651641845703
   vertex -52.590171813964844 51.609970092773438 -45.483390808105469
   vertex -52.945510864257812 51.589878082275391 -45.483390808105469
  endloop
 endfacet
 facet normal -0.032480365376574671 0.57443440949837299 -0.81790594511182002
  outer loop
   vertex -52.945510864257812 51.589878082275391 -45.483390808105469
   vertex -52.590171813964844 51.609970092773438 -45.483390808105469
   vertex -52.590171813964844 51.524097442626953 -45.543701171875
  endloop
 endfacet
 facet normal -0.022197815274336515 0.607835073012855 -0.7937529722857759
  outer loop
   vertex -52.945510864257812 51.589878082275391 -45.483390808105469
   vertex -52.590171813964844 51.524097442626953 -45.543701171875
   vertex -52.945510864257812 51.524097442626953 -45.533763885498047
  endloop
 endfacet
 facet normal -0.026992544895011281 0.26010244220904921 -0.96520366870261065
  outer loop
   vertex -52.945510864257812 51.524097442626953 -45.533763885498047
   vertex -52.590171813964844 51.524097442626953 -45.543701171875
   vertex -52.945510864257812 51.168758392333984 -45.629520416259766
  endloop
 endfacet
 facet normal -0.006202858671592276 0.61664491489735374 -0.78721697992074302
  outer loop
   vertex -52.234832763671875 52.034610748291016 -45.1280517578125
   vertex -52.234832763671875 51.879436492919922 -45.249603271484375
   vertex -52.590171813964844 52.031036376953125 -45.1280517578125
  endloop
 endfacet
 facet normal 0.059688131312560906 0.70584606217659629 -0.70584606217659629
  outer loop
   vertex -52.590171813964844 52.031036376953125 -45.1280517578125
   vertex -52.234832763671875 51.879436492919922 -45.249603271484375
   vertex -52.590171813964844 51.879436492919922 -45.279651641845703
  endloop
 endfacet
 facet normal 0.29384646145139298 0.58043929383837345 0.75943695147188173
  outer loop
   vertex -49.198894500732422 51.524097442626953 -41.219322204589844
   vertex -49.392120361328125 51.621917724609375 -41.219322204589844
   vertex -49.392120361328125 51.524097442626953 -41.144557952880859
  endloop
 endfacet
 facet normal 0.18403084208696843 0.59687617434159734 0.78094268782292875
  outer loop
   vertex -49.392120361328125 51.524097442626953 -41.144557952880859
   vertex -49.392120361328125 51.621917724609375 -41.219322204589844
   vertex -49.747459411621094 51.524097442626953 -41.060821533203125
  endloop
 endfacet
 facet normal -0.19834206937724241 0.75318237922911258 0.6271975184373153
  outer loop
   vertex -50.8134765625 51.524097442626953 -41.141349792480469
   vertex -50.458137512207031 51.682601928710938 -41.219322204589844
   vertex -50.8134765625 51.589027404785156 -41.219322204589844
  endloop
 endfacet
 facet normal -0.22317557203472346 0.84748489747388867 0.48162434801476378
  outer loop
   vertex -50.8134765625 51.589027404785156 -41.219322204589844
   vertex -50.458137512207031 51.682601928710938 -41.219322204589844
   vertex -50.8134765625 51.790966033935547 -41.574661254882812
  endloop
 endfacet
 facet normal -0.38346790321885887 0.80295003337761772 0.45631525407311813
  outer loop
   vertex -50.8134765625 51.589027404785156 -41.219322204589844
   vertex -50.8134765625 51.790966033935547 -41.574661254882812
   vertex -51.168815612792969 51.621265411376953 -41.574661254882812
  endloop
 endfacet
 facet normal -0.41292248312403279 0.86462548448958454 0.2862128482473037
  outer loop
   vertex -51.168815612792969 51.621265411376953 -41.574661254882812
   vertex -50.8134765625 51.790966033935547 -41.574661254882812
   vertex -51.168815612792969 51.7388916015625 -41.930000305175781
  endloop
 endfacet
 facet normal -0.33343588304309074 0.89501059001999539 0.29627108473716113
  outer loop
   vertex -51.168815612792969 51.621265411376953 -41.574661254882812
   vertex -51.168815612792969 51.7388916015625 -41.930000305175781
   vertex -51.524154663085938 51.606510162353516 -41.930000305175781
  endloop
 endfacet
 facet normal -0.33858967783563321 0.9088444368034243 0.24363665519504357
  outer loop
   vertex -51.524154663085938 51.606510162353516 -41.930000305175781
   vertex -51.168815612792969 51.7388916015625 -41.930000305175781
   vertex -51.524154663085938 51.701766967773438 -42.28533935546875
  endloop
 endfacet
 facet normal -0.14064668190422633 0.95629477513713002 0.25635680976864494
  outer loop
   vertex -51.524154663085938 51.606510162353516 -41.930000305175781
   vertex -51.524154663085938 51.701766967773438 -42.28533935546875
   vertex -51.879493713378906 51.649505615234375 -42.28533935546875
  endloop
 endfacet
 facet normal -0.14399288659414911 0.97904652454342989 0.14399288659414911
  outer loop
   vertex -51.879493713378906 51.649505615234375 -42.28533935546875
   vertex -51.524154663085938 51.701766967773438 -42.28533935546875
   vertex -51.879493713378906 51.701766967773438 -42.640678405761719
  endloop
 endfacet
 facet normal -0.17543728511781345 0.72235017379132516 0.66890356959290742
  outer loop
   vertex -50.458137512207031 51.682601928710938 -41.219322204589844
   vertex -50.8134765625 51.524097442626953 -41.141349792480469
   vertex -50.458137512207031 51.524097442626953 -41.048152923583984
  endloop
 endfacet
 facet normal -0.19286215185372285 0.64967545508418256 0.73534073288749058
  outer loop
   vertex -50.458137512207031 51.524097442626953 -41.048152923583984
   vertex -50.8134765625 51.524097442626953 -41.141349792480469
   vertex -50.458137512207031 51.315643310546875 -40.863983154296875
  endloop
 endfacet
 facet normal -0.39153867606278991 0.70709754794043234 0.58882129958385998
  outer loop
   vertex -50.8134765625 51.524097442626953 -41.141349792480469
   vertex -50.8134765625 51.589027404785156 -41.219322204589844
   vertex -50.930736541748047 51.524097442626953 -41.219322204589844
  endloop
 endfacet
 facet normal -0.41865402852602929 0.75606639932210884 0.50308289994296962
  outer loop
   vertex -50.930736541748047 51.524097442626953 -41.219322204589844
   vertex -50.8134765625 51.589027404785156 -41.219322204589844
   vertex -51.168815612792969 51.524097442626953 -41.417446136474609
  endloop
 endfacet
 facet normal -0.42203945782290919 0.75145225956252393 0.50715105998008336
  outer loop
   vertex -50.930736541748047 51.524097442626953 -41.219322204589844
   vertex -51.168815612792969 51.524097442626953 -41.417446136474609
   vertex -51.168815612792969 51.390384674072266 -41.219322204589844
  endloop
 endfacet
 facet normal -0.4436321979194115 0.74285790718101619 0.50135077810633999
  outer loop
   vertex -51.168815612792969 51.390384674072266 -41.219322204589844
   vertex -51.168815612792969 51.524097442626953 -41.417446136474609
   vertex -51.346485137939453 51.524097442626953 -41.574661254882812
  endloop
 endfacet
 facet normal -0.41684322488001441 0.76221872713229444 0.49524169642756688
  outer loop
   vertex -51.168815612792969 51.390384674072266 -41.219322204589844
   vertex -51.346485137939453 51.524097442626953 -41.574661254882812
   vertex -51.524154663085938 51.426933288574219 -41.574661254882812
  endloop
 endfacet
 facet normal -0.43735260495027095 0.79972115643511721 0.41130131399412156
  outer loop
   vertex -51.524154663085938 51.426933288574219 -41.574661254882812
   vertex -51.346485137939453 51.524097442626953 -41.574661254882812
   vertex -51.524154663085938 51.524097442626953 -41.763584136962891
  endloop
 endfacet
 facet normal -0.34297485329282218 0.83534082174359692 0.42962071823586384
  outer loop
   vertex -51.524154663085938 51.426933288574219 -41.574661254882812
   vertex -51.524154663085938 51.524097442626953 -41.763584136962891
   vertex -51.732612609863281 51.524097442626953 -41.930000305175781
  endloop
 endfacet
 facet normal -0.33394344006339932 0.84468955867915763 0.41830769571815518
  outer loop
   vertex -51.732612609863281 51.524097442626953 -41.930000305175781
   vertex -51.524154663085938 51.524097442626953 -41.763584136962891
   vertex -51.524154663085938 51.606510162353516 -41.930000305175781
  endloop
 endfacet
 facet normal -0.32794292766797717 0.82951162864952244 0.45206624971100506
  outer loop
   vertex -51.732612609863281 51.524097442626953 -41.930000305175781
   vertex -51.524154663085938 51.606510162353516 -41.930000305175781
   vertex -51.879493713378906 51.524097442626953 -42.036552429199219
  endloop
 endfacet
 facet normal -0.32366414659798037 0.84489909352355586 0.42589557636828634
  outer loop
   vertex -51.879493713378906 51.524097442626953 -42.036552429199219
   vertex -51.524154663085938 51.606510162353516 -41.930000305175781
   vertex -51.879493713378906 51.649505615234375 -42.28533935546875
  endloop
 endfacet
 facet normal -0.1843081179970974 0.87766778811606849 0.44241357499947487
  outer loop
   vertex -51.879493713378906 51.524097442626953 -42.036552429199219
   vertex -51.879493713378906 51.649505615234375 -42.28533935546875
   vertex -52.234832763671875 51.524097442626953 -42.184585571289062
  endloop
 endfacet
 facet normal 0.30705097369579698 0.39965305958738462 0.86371125471126342
  outer loop
   vertex -47.615425109863281 51.879436492919922 -41.524288177490234
   vertex -47.615425109863281 51.524097442626953 -41.359867095947266
   vertex -47.260086059570312 51.524097442626953 -41.486190795898438
  endloop
 endfacet
 facet normal 0.30546332628386674 0.41035305852526333 0.85924532216041627
  outer loop
   vertex -47.260086059570312 51.524097442626953 -41.486190795898438
   vertex -47.615425109863281 51.524097442626953 -41.359867095947266
   vertex -47.260086059570312 51.168758392333984 -41.316490173339844
  endloop
 endfacet
 facet normal 0.50394550367668656 0.3722275299953689 0.7794136226918269
  outer loop
   vertex -47.260086059570312 51.524097442626953 -41.486190795898438
   vertex -47.260086059570312 51.168758392333984 -41.316490173339844
   vertex -46.904747009277344 51.168758392333984 -41.546241760253906
  endloop
 endfacet
 facet normal 0.53384470862308164 0.1824864657822276 0.82565641575745585
  outer loop
   vertex -46.904747009277344 51.168758392333984 -41.546241760253906
   vertex -47.260086059570312 51.168758392333984 -41.316490173339844
   vertex -46.904747009277344 50.813419342041016 -41.467704772949219
  endloop
 endfacet
 facet normal 0.75519712229421598 0.14146397701164118 0.64005097428766156
  outer loop
   vertex -46.904747009277344 51.168758392333984 -41.546241760253906
   vertex -46.904747009277344 50.813419342041016 -41.467704772949219
   vertex -46.814098358154297 50.813419342041016 -41.574661254882812
  endloop
 endfacet
 facet normal 0.75566214869745252 -0.13713057393002401 0.64044509734993804
  outer loop
   vertex -46.814098358154297 50.813419342041016 -41.574661254882812
   vertex -46.904747009277344 50.813419342041016 -41.467704772949219
   vertex -46.878582000732422 50.458080291748047 -41.574661254882812
  endloop
 endfacet
 facet normal 0.95655230631864618 -0.17358626071938157 0.23425519282598986
  outer loop
   vertex -46.814098358154297 50.813419342041016 -41.574661254882812
   vertex -46.878582000732422 50.458080291748047 -41.574661254882812
   vertex -46.727077484130859 50.813419342041016 -41.930000305175781
  endloop
 endfacet
 facet normal 0.93297394296357306 -0.040083324956953513 0.35770511432099894
  outer loop
   vertex -46.727077484130859 50.813419342041016 -41.930000305175781
   vertex -46.878582000732422 50.458080291748047 -41.574661254882812
   vertex -46.742343902587891 50.458080291748047 -41.930000305175781
  endloop
 endfacet
 facet normal 0.99907836758367441 -0.042923366903594898 0
  outer loop
   vertex -46.727077484130859 50.813419342041016 -41.930000305175781
   vertex -46.742343902587891 50.458080291748047 -41.930000305175781
   vertex -46.727077484130859 50.813419342041016 -42.28533935546875
  endloop
 endfacet
 facet normal 0.99907836758367441 0 0.042923366903594898
  outer loop
   vertex -46.727077484130859 50.813419342041016 -42.28533935546875
   vertex -46.742343902587891 50.458080291748047 -41.930000305175781
   vertex -46.727077484130859 50.458080291748047 -42.28533935546875
  endloop
 endfacet
 facet normal 1 -0 0
  outer loop
   vertex -46.727077484130859 50.813419342041016 -42.28533935546875
   vertex -46.727077484130859 50.458080291748047 -42.28533935546875
   vertex -46.727077484130859 50.813419342041016 -42.640678405761719
  endloop
 endfacet
 facet normal 1 0 0
  outer loop
   vertex -46.727077484130859 50.813419342041016 -42.640678405761719
   vertex -46.727077484130859 50.458080291748047 -42.28533935546875
   vertex -46.727077484130859 50.458080291748047 -42.640678405761719
  endloop
 endfacet
 facet normal 1 -0 0
  outer loop
   vertex -46.727077484130859 50.813419342041016 -42.640678405761719
   vertex -46.727077484130859 50.458080291748047 -42.640678405761719
   vertex -46.727077484130859 50.813419342041016 -42.996017456054688
  endloop
 endfacet
 facet normal 1 0 0
  outer loop
   vertex -46.727077484130859 50.813419342041016 -42.996017456054688
   vertex -46.727077484130859 50.458080291748047 -42.640678405761719
   vertex -46.727077484130859 50.458080291748047 -42.996017456054688
  endloop
 endfacet
 facet normal 1 -0 0
  outer loop
   vertex -46.727077484130859 50.813419342041016 -42.996017456054688
   vertex -46.727077484130859 50.458080291748047 -42.996017456054688
   vertex -46.727077484130859 50.813419342041016 -43.351356506347656
  endloop
 endfacet
 facet normal 1 0 0
  outer loop
   vertex -46.727077484130859 50.813419342041016 -43.351356506347656
   vertex -46.727077484130859 50.458080291748047 -42.996017456054688
   vertex -46.727077484130859 50.458080291748047 -43.351356506347656
  endloop
 endfacet
 facet normal -0 0.37161405455859814 0.92838730843033357
  outer loop
   vertex -48.326103210449219 51.879436492919922 -41.468109130859375
   vertex -48.681442260742188 51.524097442626953 -41.325874328613281
   vertex -48.326103210449219 51.524097442626953 -41.325874328613281
  endloop
 endfacet
 facet normal -0 0.51431973529565989 0.85759851322480873
  outer loop
   vertex -48.326103210449219 51.524097442626953 -41.325874328613281
   vertex -48.681442260742188 51.524097442626953 -41.325874328613281
   vertex -48.326103210449219 51.346427917480469 -41.219322204589844
  endloop
 endfacet
 facet normal -0 0.51431973529565989 0.85759851322480873
  outer loop
   vertex -48.326103210449219 51.524097442626953 -41.325874328613281
   vertex -48.326103210449219 51.346427917480469 -41.219322204589844
   vertex -47.97076416015625 51.346427917480469 -41.219322204589844
  endloop
 endfacet
 facet normal -0 0.51431973529565989 0.85759851322480873
  outer loop
   vertex -47.97076416015625 51.346427917480469 -41.219322204589844
   vertex -48.326103210449219 51.346427917480469 -41.219322204589844
   vertex -48.326103210449219 51.168758392333984 -41.112770080566406
  endloop
 endfacet
 facet normal -0 0.51431973529565989 0.85759851322480873
  outer loop
   vertex -47.97076416015625 51.346427917480469 -41.219322204589844
   vertex -48.326103210449219 51.168758392333984 -41.112770080566406
   vertex -47.97076416015625 51.168758392333984 -41.112770080566406
  endloop
 endfacet
 facet normal -0 0.19624771608187738 0.98055435032059635
  outer loop
   vertex -47.97076416015625 51.168758392333984 -41.112770080566406
   vertex -48.326103210449219 51.168758392333984 -41.112770080566406
   vertex -48.326103210449219 50.813419342041016 -41.041652679443359
  endloop
 endfacet
 facet normal -0 0.19624771608187738 0.98055435032059635
  outer loop
   vertex -47.97076416015625 51.168758392333984 -41.112770080566406
   vertex -48.326103210449219 50.813419342041016 -41.041652679443359
   vertex -47.97076416015625 50.813419342041016 -41.041652679443359
  endloop
 endfacet
 facet normal 0 -0.042934072614399806 0.99907790757715265
  outer loop
   vertex -47.97076416015625 50.813419342041016 -41.041652679443359
   vertex -48.326103210449219 50.813419342041016 -41.041652679443359
   vertex -48.326103210449219 50.458080291748047 -41.056922912597656
  endloop
 endfacet
 facet normal 0.10245101105930401 -0.14474361673842065 0.98415094154626892
  outer loop
   vertex -47.97076416015625 50.813419342041016 -41.041652679443359
   vertex -48.326103210449219 50.458080291748047 -41.056922912597656
   vertex -47.97076416015625 50.458080291748047 -41.093914031982422
  endloop
 endfacet
 facet normal 0.10299078436246982 -0.10299078436246982 0.98933603829679939
  outer loop
   vertex -47.97076416015625 50.458080291748047 -41.093914031982422
   vertex -48.326103210449219 50.458080291748047 -41.056922912597656
   vertex -48.326103210449219 50.102741241455078 -41.093914031982422
  endloop
 endfacet
 facet normal 0.37401579887074593 -0.37401579887074593 0.84866033511067052
  outer loop
   vertex -47.97076416015625 50.458080291748047 -41.093914031982422
   vertex -48.326103210449219 50.102741241455078 -41.093914031982422
   vertex -48.041545867919922 50.102741241455078 -41.219322204589844
  endloop
 endfacet
 facet normal 0.39478686417826298 -0.20421062466265064 0.89579090900007685
  outer loop
   vertex -48.041545867919922 50.102741241455078 -41.219322204589844
   vertex -48.326103210449219 50.102741241455078 -41.093914031982422
   vertex -48.225349426269531 49.747406005859375 -41.219322204589844
  endloop
 endfacet
 facet normal 0.4453227291265171 -0.23035121211717757 0.86523175276885078
  outer loop
   vertex -48.041545867919922 50.102741241455078 -41.219322204589844
   vertex -48.225349426269531 49.747406005859375 -41.219322204589844
   vertex -47.97076416015625 50.102741241455078 -41.255752563476562
  endloop
 endfacet
 facet normal 0.46814277641349861 -0.24846750916909033 0.84800131944423829
  outer loop
   vertex -47.97076416015625 50.102741241455078 -41.255752563476562
   vertex -48.225349426269531 49.747406005859375 -41.219322204589844
   vertex -47.97076416015625 49.747406005859375 -41.359867095947266
  endloop
 endfacet
 facet normal 0.27068245919442607 -0.27068536510280078 0.92382922632033093
  outer loop
   vertex -47.97076416015625 50.102741241455078 -41.255752563476562
   vertex -47.97076416015625 49.747406005859375 -41.359867095947266
   vertex -47.615425109863281 50.102741241455078 -41.359867095947266
  endloop
 endfacet
 facet normal 0.34645198571571018 -0.34645570504695061 0.87174506940622376
  outer loop
   vertex -47.615425109863281 50.102741241455078 -41.359867095947266
   vertex -47.97076416015625 49.747406005859375 -41.359867095947266
   vertex -47.615425109863281 49.747406005859375 -41.501087188720703
  endloop
 endfacet
 facet normal 0.31369205186326782 -0.35068713362261844 0.8823921072342864
  outer loop
   vertex -47.615425109863281 50.102741241455078 -41.359867095947266
   vertex -47.615425109863281 49.747406005859375 -41.501087188720703
   vertex -47.260086059570312 50.102741241455078 -41.486190795898438
  endloop
 endfacet
 facet normal 0.45938676580474469 -0.49043767227102525 0.74056376431799253
  outer loop
   vertex -47.260086059570312 50.102741241455078 -41.486190795898438
   vertex -47.615425109863281 49.747406005859375 -41.501087188720703
   vertex -47.496818542480469 49.747406005859375 -41.574661254882812
  endloop
 endfacet
 facet normal 0.47085705906390601 -0.4954381622507652 0.72995524336446382
  outer loop
   vertex -47.260086059570312 50.102741241455078 -41.486190795898438
   vertex -47.496818542480469 49.747406005859375 -41.574661254882812
   vertex -47.260086059570312 49.972393035888672 -41.574661254882812
  endloop
 endfacet
 facet normal 0.55777790098085567 -0.58689670864324495 0.58688675786825939
  outer loop
   vertex -47.260086059570312 49.972393035888672 -41.574661254882812
   vertex -47.496818542480469 49.747406005859375 -41.574661254882812
   vertex -47.260086059570312 49.747406005859375 -41.799652099609375
  endloop
 endfacet
 facet normal 0.59596769283352269 -0.56781750681557397 0.56780787952654699
  outer loop
   vertex -47.260086059570312 49.972393035888672 -41.574661254882812
   vertex -47.260086059570312 49.747406005859375 -41.799652099609375
   vertex -47.135894775390625 50.102741241455078 -41.574661254882812
  endloop
 endfacet
 facet normal 0.65752929505559987 -0.55348251973610518 0.5111871736362894
  outer loop
   vertex -47.135894775390625 50.102741241455078 -41.574661254882812
   vertex -47.260086059570312 49.747406005859375 -41.799652099609375
   vertex -47.158748626708984 49.747406005859375 -41.930000305175781
  endloop
 endfacet
 facet normal 0.62540494846303119 -0.57150362492833895 0.53127418263239745
  outer loop
   vertex -47.135894775390625 50.102741241455078 -41.574661254882812
   vertex -47.158748626708984 49.747406005859375 -41.930000305175781
   vertex -46.904747009277344 50.102741241455078 -41.846763610839844
  endloop
 endfacet
 facet normal 0.66666494370425489 -0.5848007440327222 0.46213195368268695
  outer loop
   vertex -46.904747009277344 50.102741241455078 -41.846763610839844
   vertex -47.158748626708984 49.747406005859375 -41.930000305175781
   vertex -46.904747009277344 50.036964416503906 -41.930000305175781
  endloop
 endfacet
 facet normal 0.2938604364273652 0.58046689881664904 0.75941044454293649
  outer loop
   vertex -49.392120361328125 51.621917724609375 -41.219322204589844
   vertex -49.198894500732422 51.524097442626953 -41.219322204589844
   vertex -49.392120361328125 51.879436492919922 -41.416160583496094
  endloop
 endfacet
 facet normal 0.2844697717284041 0.57826271925537531 0.76464970835812707
  outer loop
   vertex -49.392120361328125 51.879436492919922 -41.416160583496094
   vertex -49.198894500732422 51.524097442626953 -41.219322204589844
   vertex -49.036781311035156 51.524097442626953 -41.279632568359375
  endloop
 endfacet
 facet normal -0.37756977512560164 0.7102225525980671 0.59415906177781086
  outer loop
   vertex -50.647060394287109 51.879436492919922 -41.574661254882812
   vertex -50.8134765625 51.790966033935547 -41.574661254882812
   vertex -50.458137512207031 51.682601928710938 -41.219322204589844
  endloop
 endfacet
 facet normal -0.40928038513911191 0.77613303656668786 0.47969477367400271
  outer loop
   vertex -50.8134765625 51.589027404785156 -41.219322204589844
   vertex -51.168815612792969 51.621265411376953 -41.574661254882812
   vertex -51.168815612792969 51.524097442626953 -41.417446136474609
  endloop
 endfacet
 facet normal -0.42180692720395524 0.77126482547598207 0.47668593974047546
  outer loop
   vertex -51.168815612792969 51.524097442626953 -41.417446136474609
   vertex -51.168815612792969 51.621265411376953 -41.574661254882812
   vertex -51.346485137939453 51.524097442626953 -41.574661254882812
  endloop
 endfacet
 facet normal 0.72505263255203334 0.53081554653487828 0.43878643505268561
  outer loop
   vertex -46.854373931884766 51.524097442626953 -41.930000305175781
   vertex -46.904747009277344 51.592903137207031 -41.930000305175781
   vertex -46.904747009277344 51.524097442626953 -41.846763610839844
  endloop
 endfacet
 facet normal 0.60000758023814038 0.61660149964326427 0.50969941563086885
  outer loop
   vertex -46.904747009277344 51.524097442626953 -41.846763610839844
   vertex -46.904747009277344 51.592903137207031 -41.930000305175781
   vertex -47.135894775390625 51.524097442626953 -41.574661254882812
  endloop
 endfacet
 facet normal 0.61958971189804979 0.59030647802384795 0.51734596829701096
  outer loop
   vertex -47.135894775390625 51.524097442626953 -41.574661254882812
   vertex -46.904747009277344 51.592903137207031 -41.930000305175781
   vertex -47.260086059570312 51.654449462890625 -41.574661254882812
  endloop
 endfacet
 facet normal 0.64756647501765596 0.51935153730430961 0.55761244707489988
  outer loop
   vertex -47.260086059570312 51.654449462890625 -41.574661254882812
   vertex -46.904747009277344 51.592903137207031 -41.930000305175781
   vertex -47.134548187255859 51.879436492919922 -41.930000305175781
  endloop
 endfacet
 facet normal 0.66938671335460054 0.49766451389994992 0.55158993789685129
  outer loop
   vertex -47.260086059570312 51.654449462890625 -41.574661254882812
   vertex -47.134548187255859 51.879436492919922 -41.930000305175781
   vertex -47.260086059570312 51.879436492919922 -41.777652740478516
  endloop
 endfacet
 facet normal -0.43736358624818339 0.79970983941226215 0.41131164118140617
  outer loop
   vertex -51.346485137939453 51.524097442626953 -41.574661254882812
   vertex -51.168815612792969 51.621265411376953 -41.574661254882812
   vertex -51.524154663085938 51.524097442626953 -41.763584136962891
  endloop
 endfacet
 facet normal -0.43345997201793857 0.80757143324498315 0.39992603424239809
  outer loop
   vertex -51.524154663085938 51.524097442626953 -41.763584136962891
   vertex -51.168815612792969 51.621265411376953 -41.574661254882812
   vertex -51.524154663085938 51.606510162353516 -41.930000305175781
  endloop
 endfacet
 facet normal 0.7958702285385062 0.58266154947335891 0.16460892470145908
  outer loop
   vertex -46.854373931884766 51.524097442626953 -41.930000305175781
   vertex -46.904747009277344 51.693290710449219 -42.28533935546875
   vertex -46.904747009277344 51.592903137207031 -41.930000305175781
  endloop
 endfacet
 facet normal 0.76819764437448224 0.61609833577094764 0.17405522065644935
  outer loop
   vertex -46.904747009277344 51.592903137207031 -41.930000305175781
   vertex -46.904747009277344 51.693290710449219 -42.28533935546875
   vertex -47.134548187255859 51.879436492919922 -41.930000305175781
  endloop
 endfacet
 facet normal 0.83870884643146526 0.52819009984721865 0.1325997335630294
  outer loop
   vertex -46.798194885253906 51.524097442626953 -42.28533935546875
   vertex -46.904747009277344 51.693290710449219 -42.28533935546875
   vertex -46.854373931884766 51.524097442626953 -41.930000305175781
  endloop
 endfacet
 facet normal -0.30665126753940791 0.92844586788324279 0.20965035303334548
  outer loop
   vertex -51.168815612792969 51.7388916015625 -41.930000305175781
   vertex -51.168815612792969 51.819129943847656 -42.28533935546875
   vertex -51.524154663085938 51.701766967773438 -42.28533935546875
  endloop
 endfacet
 facet normal -0.31060673828824981 0.940421818616345 0.13831217300100834
  outer loop
   vertex -51.524154663085938 51.701766967773438 -42.28533935546875
   vertex -51.168815612792969 51.819129943847656 -42.28533935546875
   vertex -51.524154663085938 51.7540283203125 -42.640678405761719
  endloop
 endfacet
 facet normal -0.14399288659414911 0.97904652454342989 0.14399288659414911
  outer loop
   vertex -51.524154663085938 51.701766967773438 -42.28533935546875
   vertex -51.524154663085938 51.7540283203125 -42.640678405761719
   vertex -51.879493713378906 51.701766967773438 -42.640678405761719
  endloop
 endfacet
 facet normal -0.14550927912771366 0.98935688691580492 0
  outer loop
   vertex -51.879493713378906 51.701766967773438 -42.640678405761719
   vertex -51.524154663085938 51.7540283203125 -42.640678405761719
   vertex -51.879493713378906 51.701766967773438 -42.996017456054688
  endloop
 endfacet
 facet normal 0.83729743658343381 0.5467476590629452 0
  outer loop
   vertex -47.026298522949219 51.879436492919922 -42.28533935546875
   vertex -46.904747009277344 51.693290710449219 -42.640678405761719
   vertex -47.026298522949219 51.879436492919922 -42.640678405761719
  endloop
 endfacet
 facet normal 0.83704494183265032 0.54658278227258994 -0.024556617754275777
  outer loop
   vertex -47.026298522949219 51.879436492919922 -42.640678405761719
   vertex -46.904747009277344 51.693290710449219 -42.640678405761719
   vertex -46.904747009277344 51.677326202392578 -42.996017456054688
  endloop
 endfacet
 facet normal -0.28330987377986783 0.83460830937997121 0.47240288455167351
  outer loop
   vertex -52.234832763671875 51.584407806396484 -42.28533935546875
   vertex -52.590171813964844 51.524097442626953 -42.391891479492188
   vertex -52.412502288818359 51.524097442626953 -42.28533935546875
  endloop
 endfacet
 facet normal -0.28329739110232705 0.83462432731930425 0.47238207040637553
  outer loop
   vertex -52.412502288818359 51.524097442626953 -42.28533935546875
   vertex -52.590171813964844 51.524097442626953 -42.391891479492188
   vertex -52.590171813964844 51.463790893554688 -42.28533935546875
  endloop
 endfacet
 facet normal -0.27544989105906514 0.85842162509607711 0.43271199553855583
  outer loop
   vertex -52.590171813964844 51.524097442626953 -42.391891479492188
   vertex -52.234832763671875 51.584407806396484 -42.28533935546875
   vertex -52.590171813964844 51.649505615234375 -42.640678405761719
  endloop
 endfacet
 facet normal -0.099566312309456978 0.95634171907877064 0.27476729390987803
  outer loop
   vertex -52.590171813964844 51.649505615234375 -42.640678405761719
   vertex -52.234832763671875 51.584407806396484 -42.28533935546875
   vertex -52.234832763671875 51.686500549316406 -42.640678405761719
  endloop
 endfacet
 facet normal -0.10246146537498566 0.98414987623014161 0.1447434600574658
  outer loop
   vertex -52.590171813964844 51.649505615234375 -42.640678405761719
   vertex -52.234832763671875 51.686500549316406 -42.640678405761719
   vertex -52.590171813964844 51.701766967773438 -42.996017456054688
  endloop
 endfacet
 facet normal 0 0.99907836758367441 0.042923366903594898
  outer loop
   vertex -52.590171813964844 51.701766967773438 -42.996017456054688
   vertex -52.234832763671875 51.686500549316406 -42.640678405761719
   vertex -52.234832763671875 51.701766967773438 -42.996017456054688
  endloop
 endfacet
 facet normal 0 1 0
  outer loop
   vertex -52.590171813964844 51.701766967773438 -42.996017456054688
   vertex -52.234832763671875 51.701766967773438 -42.996017456054688
   vertex -52.590171813964844 51.701766967773438 -43.351356506347656
  endloop
 endfacet
 facet normal 0 1 0
  outer loop
   vertex -52.590171813964844 51.701766967773438 -43.351356506347656
   vertex -52.234832763671875 51.701766967773438 -42.996017456054688
   vertex -52.234832763671875 51.701766967773438 -43.351356506347656
  endloop
 endfacet
 facet normal 0 0.98935688691580492 0.14550927912771366
  outer loop
   vertex -52.590171813964844 51.701766967773438 -43.351356506347656
   vertex -52.234832763671875 51.701766967773438 -43.351356506347656
   vertex -52.590171813964844 51.7540283203125 -43.706695556640625
  endloop
 endfacet
 facet normal -0.05196277110337235 0.97922964359278453 0.19598258986044317
  outer loop
   vertex -52.590171813964844 51.7540283203125 -43.706695556640625
   vertex -52.234832763671875 51.701766967773438 -43.351356506347656
   vertex -52.234832763671875 51.772884368896484 -43.706695556640625
  endloop
 endfacet
 facet normal -0.04733206599139398 0.89196478800290302 0.4496203870955171
  outer loop
   vertex -52.590171813964844 51.7540283203125 -43.706695556640625
   vertex -52.234832763671875 51.772884368896484 -43.706695556640625
   vertex -52.590171813964844 51.879436492919922 -43.955482482910156
  endloop
 endfacet
 facet normal -0.15744326677951451 0.85941050691542775 0.48644136167595997
  outer loop
   vertex -52.945510864257812 51.524097442626953 -42.534126281738281
   vertex -52.590171813964844 51.649505615234375 -42.640678405761719
   vertex -52.945510864257812 51.584407806396484 -42.640678405761719
  endloop
 endfacet
 facet normal -0.17340836664588316 0.94655665707963765 0.27195594002600476
  outer loop
   vertex -52.945510864257812 51.584407806396484 -42.640678405761719
   vertex -52.590171813964844 51.649505615234375 -42.640678405761719
   vertex -52.945510864257812 51.686500549316406 -42.996017456054688
  endloop
 endfacet
 facet normal -0.26617745573208379 0.92644434485833449 0.26617745573208379
  outer loop
   vertex -52.945510864257812 51.584407806396484 -42.640678405761719
   vertex -52.945510864257812 51.686500549316406 -42.996017456054688
   vertex -53.300849914550781 51.584407806396484 -42.996017456054688
  endloop
 endfacet
 facet normal -0.27400456254637795 0.95368699328158679 0.12410728644722915
  outer loop
   vertex -53.300849914550781 51.584407806396484 -42.996017456054688
   vertex -52.945510864257812 51.686500549316406 -42.996017456054688
   vertex -53.300849914550781 51.630649566650391 -43.351356506347656
  endloop
 endfacet
 facet normal -0.52969394987307683 0.84109679789204406 0.10945545232471668
  outer loop
   vertex -53.300849914550781 51.584407806396484 -42.996017456054688
   vertex -53.300849914550781 51.630649566650391 -43.351356506347656
   vertex -53.470043182373047 51.524097442626953 -43.351356506347656
  endloop
 endfacet
 facet normal -0.53274300976567723 0.84593837577463415 -0.023940550068482284
  outer loop
   vertex -53.470043182373047 51.524097442626953 -43.351356506347656
   vertex -53.300849914550781 51.630649566650391 -43.351356506347656
   vertex -53.454074859619141 51.524097442626953 -43.706695556640625
  endloop
 endfacet
 facet normal -0.54658270350467031 0.83704482120629542 -0.02456248198465432
  outer loop
   vertex -53.470043182373047 51.524097442626953 -43.351356506347656
   vertex -53.454074859619141 51.524097442626953 -43.706695556640625
   vertex -53.65618896484375 51.402545928955078 -43.351356506347656
  endloop
 endfacet
 facet normal -0.6150358434312585 0.78427061594508718 -0.081550672958068851
  outer loop
   vertex -53.65618896484375 51.402545928955078 -43.351356506347656
   vertex -53.454074859619141 51.524097442626953 -43.706695556640625
   vertex -53.65618896484375 51.365596771240234 -43.706695556640625
  endloop
 endfacet
 facet normal -0.50246883667669306 0.85995869947698667 -0.089420933581686457
  outer loop
   vertex -53.65618896484375 51.402545928955078 -43.351356506347656
   vertex -53.65618896484375 51.365596771240234 -43.706695556640625
   vertex -54.011528015136719 51.194923400878906 -43.351356506347656
  endloop
 endfacet
 facet normal -0.63040790178774997 0.72273333810189777 -0.28327089395074506
  outer loop
   vertex -54.011528015136719 51.194923400878906 -43.351356506347656
   vertex -53.65618896484375 51.365596771240234 -43.706695556640625
   vertex -53.881855010986328 51.168758392333984 -43.706695556640625
  endloop
 endfacet
 facet normal -0.65383833777154854 0.69882760784113618 -0.29006103250725285
  outer loop
   vertex -54.011528015136719 51.194923400878906 -43.351356506347656
   vertex -53.881855010986328 51.168758392333984 -43.706695556640625
   vertex -54.011528015136719 51.168758392333984 -43.414394378662109
  endloop
 endfacet
 facet normal -0.71341861479483892 0.62519306451974632 -0.31649251514154597
  outer loop
   vertex -54.011528015136719 51.168758392333984 -43.414394378662109
   vertex -53.881855010986328 51.168758392333984 -43.706695556640625
   vertex -54.011528015136719 51.020786285400391 -43.706695556640625
  endloop
 endfacet
 facet normal -0.79629404102892021 0.53969575705718376 -0.27321107231645225
  outer loop
   vertex -54.011528015136719 51.168758392333984 -43.414394378662109
   vertex -54.011528015136719 51.020786285400391 -43.706695556640625
   vertex -54.152072906494141 50.813419342041016 -43.706695556640625
  endloop
 endfacet
 facet normal -0.82520465336880533 0.55929019580697004 -0.078941477897685713
  outer loop
   vertex -54.152072906494141 50.813419342041016 -43.706695556640625
   vertex -54.011528015136719 51.020786285400391 -43.706695556640625
   vertex -54.118080139160156 50.813419342041016 -44.062034606933594
  endloop
 endfacet
 facet normal -0.17732038168220879 0.8788149500939586 0.44299183483607119
  outer loop
   vertex -52.590171813964844 51.649505615234375 -42.640678405761719
   vertex -52.945510864257812 51.524097442626953 -42.534126281738281
   vertex -52.590171813964844 51.524097442626953 -42.391891479492188
  endloop
 endfacet
 facet normal -0.19343808968259513 0.85384038555370378 0.48325800713226774
  outer loop
   vertex -52.590171813964844 51.524097442626953 -42.391891479492188
   vertex -52.945510864257812 51.524097442626953 -42.534126281738281
   vertex -52.590171813964844 51.463790893554688 -42.28533935546875
  endloop
 endfacet
 facet normal -0.33649802366353027 0.819514225372585 0.46385936929473609
  outer loop
   vertex -52.945510864257812 51.524097442626953 -42.534126281738281
   vertex -52.945510864257812 51.584407806396484 -42.640678405761719
   vertex -53.092391967773438 51.524097442626953 -42.640678405761719
  endloop
 endfacet
 facet normal -0.35508189933969647 0.86477377939125066 0.35508189933969647
  outer loop
   vertex -53.092391967773438 51.524097442626953 -42.640678405761719
   vertex -52.945510864257812 51.584407806396484 -42.640678405761719
   vertex -53.300849914550781 51.524097442626953 -42.849136352539062
  endloop
 endfacet
 facet normal -0.34506042745680982 0.87284970230082992 0.34506042745680982
  outer loop
   vertex -53.092391967773438 51.524097442626953 -42.640678405761719
   vertex -53.300849914550781 51.524097442626953 -42.849136352539062
   vertex -53.300849914550781 51.441688537597656 -42.640678405761719
  endloop
 endfacet
 facet normal -0.45205185104430901 0.82952360480981602 0.32793248242701123
  outer loop
   vertex -53.300849914550781 51.441688537597656 -42.640678405761719
   vertex -53.300849914550781 51.524097442626953 -42.849136352539062
   vertex -53.407402038574219 51.524097442626953 -42.996017456054688
  endloop
 endfacet
 facet normal -0.42589682667203999 0.84490157389801068 0.32365602644682928
  outer loop
   vertex -53.300849914550781 51.441688537597656 -42.640678405761719
   vertex -53.407402038574219 51.524097442626953 -42.996017456054688
   vertex -53.65618896484375 51.398689270019531 -42.996017456054688
  endloop
 endfacet
 facet normal -0.4487144331986237 0.89016754081666438 0.079101875550774026
  outer loop
   vertex -53.65618896484375 51.398689270019531 -42.996017456054688
   vertex -53.407402038574219 51.524097442626953 -42.996017456054688
   vertex -53.470043182373047 51.524097442626953 -43.351356506347656
  endloop
 endfacet
 facet normal -0.546725084146364 0.83726286502291369 0.0090872008216657633
  outer loop
   vertex -53.65618896484375 51.398689270019531 -42.996017456054688
   vertex -53.470043182373047 51.524097442626953 -43.351356506347656
   vertex -53.65618896484375 51.402545928955078 -43.351356506347656
  endloop
 endfacet
 facet normal 0.84593849158727474 0.53274308270051085 -0.023934834150312806
  outer loop
   vertex -46.904747009277344 51.693290710449219 -42.640678405761719
   vertex -46.798194885253906 51.524097442626953 -42.640678405761719
   vertex -46.904747009277344 51.677326202392578 -42.996017456054688
  endloop
 endfacet
 facet normal 0.82101017096611106 0.57091356541090954 0
  outer loop
   vertex -46.904747009277344 51.677326202392578 -42.996017456054688
   vertex -46.798194885253906 51.524097442626953 -42.640678405761719
   vertex -46.798194885253906 51.524097442626953 -42.996017456054688
  endloop
 endfacet
 facet normal -0.19598258986044315 0.97922964359278442 0.051962771103372336
  outer loop
   vertex -51.524154663085938 51.7540283203125 -42.640678405761719
   vertex -51.524154663085938 51.772884368896484 -42.996017456054688
   vertex -51.879493713378906 51.701766967773438 -42.996017456054688
  endloop
 endfacet
 facet normal -0.19607371756993042 0.97968496441769126 0.042100686125217592
  outer loop
   vertex -51.879493713378906 51.701766967773438 -42.996017456054688
   vertex -51.524154663085938 51.772884368896484 -42.996017456054688
   vertex -51.879493713378906 51.717037200927734 -43.351356506347656
  endloop
 endfacet
 facet normal -0.042467356976190161 0.98846434341132272 0.14537800863913172
  outer loop
   vertex -52.590171813964844 51.649505615234375 -42.640678405761719
   vertex -52.590171813964844 51.701766967773438 -42.996017456054688
   vertex -52.945510864257812 51.686500549316406 -42.996017456054688
  endloop
 endfacet
 facet normal -0.042883880121850286 0.99815927869823939 0.042883880121850286
  outer loop
   vertex -52.945510864257812 51.686500549316406 -42.996017456054688
   vertex -52.590171813964844 51.701766967773438 -42.996017456054688
   vertex -52.945510864257812 51.701766967773438 -43.351356506347656
  endloop
 endfacet
 facet normal -0.19607380437761637 0.97968539815346056 0.04209018747622275
  outer loop
   vertex -52.945510864257812 51.686500549316406 -42.996017456054688
   vertex -52.945510864257812 51.701766967773438 -43.351356506347656
   vertex -53.300849914550781 51.630649566650391 -43.351356506347656
  endloop
 endfacet
 facet normal -0.19624771608187738 0.98055435032059635 0
  outer loop
   vertex -53.300849914550781 51.630649566650391 -43.351356506347656
   vertex -52.945510864257812 51.701766967773438 -43.351356506347656
   vertex -53.300849914550781 51.630649566650391 -43.706695556640625
  endloop
 endfacet
 facet normal -0.57092314601192928 0.82100350873052996 0
  outer loop
   vertex -53.300849914550781 51.630649566650391 -43.351356506347656
   vertex -53.300849914550781 51.630649566650391 -43.706695556640625
   vertex -53.454074859619141 51.524097442626953 -43.706695556640625
  endloop
 endfacet
 facet normal -0.5709203568456479 0.82099949783113058 0.0031258119376412282
  outer loop
   vertex -53.454074859619141 51.524097442626953 -43.706695556640625
   vertex -53.300849914550781 51.630649566650391 -43.706695556640625
   vertex -53.456020355224609 51.524097442626953 -44.062034606933594
  endloop
 endfacet
 facet normal -0.61708773098751712 0.78688710591845057 0.003378580169657904
  outer loop
   vertex -53.454074859619141 51.524097442626953 -43.706695556640625
   vertex -53.456020355224609 51.524097442626953 -44.062034606933594
   vertex -53.65618896484375 51.365596771240234 -43.706695556640625
  endloop
 endfacet
 facet normal -0.66328530805655783 0.74728008523138512 -0.040312210716990982
  outer loop
   vertex -53.65618896484375 51.365596771240234 -43.706695556640625
   vertex -53.456020355224609 51.524097442626953 -44.062034606933594
   vertex -53.65618896484375 51.346427917480469 -44.062034606933594
  endloop
 endfacet
 facet normal -0.70659290581732426 0.70659290581732426 -0.038117330668084315
  outer loop
   vertex -53.65618896484375 51.365596771240234 -43.706695556640625
   vertex -53.65618896484375 51.346427917480469 -44.062034606933594
   vertex -53.833858489990234 51.168758392333984 -44.062034606933594
  endloop
 endfacet
 facet normal -0.70659290581732426 0.70659290581732426 -0.038117330668084315
  outer loop
   vertex -53.833858489990234 51.168758392333984 -44.062034606933594
   vertex -53.65618896484375 51.346427917480469 -44.062034606933594
   vertex -53.814689636230469 51.168758392333984 -44.417373657226562
  endloop
 endfacet
 facet normal -0.76042688829207439 0.64812667805294832 -0.04102141828950804
  outer loop
   vertex -53.833858489990234 51.168758392333984 -44.062034606933594
   vertex -53.814689636230469 51.168758392333984 -44.417373657226562
   vertex -54.011528015136719 50.960304260253906 -44.062034606933594
  endloop
 endfacet
 facet normal -0.82775870901762183 0.54340028733759049 -0.13975567024956151
  outer loop
   vertex -54.011528015136719 50.960304260253906 -44.062034606933594
   vertex -53.814689636230469 51.168758392333984 -44.417373657226562
   vertex -54.011528015136719 50.868915557861328 -44.417373657226562
  endloop
 endfacet
 facet normal -0.82776832483534812 0.54338654812878573 -0.13975213669910166
  outer loop
   vertex -54.011528015136719 50.960304260253906 -44.062034606933594
   vertex -54.011528015136719 50.868915557861328 -44.417373657226562
   vertex -54.047958374023438 50.813419342041016 -44.417373657226562
  endloop
 endfacet
 facet normal -0.75987994405081416 0.49882138202400844 -0.41684493455599259
  outer loop
   vertex -54.047958374023438 50.813419342041016 -44.417373657226562
   vertex -54.011528015136719 50.868915557861328 -44.417373657226562
   vertex -54.011528015136719 50.813419342041016 -44.483783721923828
  endloop
 endfacet
 facet normal -0.35508189933969642 0.86477377939125055 0.35508189933969642
  outer loop
   vertex -52.945510864257812 51.584407806396484 -42.640678405761719
   vertex -53.300849914550781 51.584407806396484 -42.996017456054688
   vertex -53.300849914550781 51.524097442626953 -42.849136352539062
  endloop
 endfacet
 facet normal -0.46385936929473609 0.819514225372585 0.33649802366353027
  outer loop
   vertex -53.300849914550781 51.524097442626953 -42.849136352539062
   vertex -53.300849914550781 51.584407806396484 -42.996017456054688
   vertex -53.407402038574219 51.524097442626953 -42.996017456054688
  endloop
 endfacet
 facet normal 0.80445717337330336 0.58763558581042274 -0.086793286016121296
  outer loop
   vertex -47.063247680664062 51.879436492919922 -42.996017456054688
   vertex -46.904747009277344 51.609970092773438 -43.351356506347656
   vertex -47.101585388183594 51.879436492919922 -43.351356506347656
  endloop
 endfacet
 facet normal 0.74129802913339782 0.54149943095575148 -0.39655465988629818
  outer loop
   vertex -47.101585388183594 51.879436492919922 -43.351356506347656
   vertex -46.904747009277344 51.609970092773438 -43.351356506347656
   vertex -46.904747009277344 51.524097442626953 -43.468616485595703
  endloop
 endfacet
 facet normal 0.73284832839734038 0.54178063762039808 -0.41159089915212987
  outer loop
   vertex -47.101585388183594 51.879436492919922 -43.351356506347656
   vertex -46.904747009277344 51.524097442626953 -43.468616485595703
   vertex -47.038459777832031 51.524097442626953 -43.706695556640625
  endloop
 endfacet
 facet normal 0.77152624428213179 0.46581813963375507 -0.43331364526409261
  outer loop
   vertex -47.038459777832031 51.524097442626953 -43.706695556640625
   vertex -46.904747009277344 51.524097442626953 -43.468616485595703
   vertex -46.904747009277344 51.302631378173828 -43.706695556640625
  endloop
 endfacet
 facet normal 0.72559215148150402 0.43808488517517019 -0.53065776456158642
  outer loop
   vertex -47.038459777832031 51.524097442626953 -43.706695556640625
   vertex -46.904747009277344 51.302631378173828 -43.706695556640625
   vertex -47.260086059570312 51.524097442626953 -44.009735107421875
  endloop
 endfacet
 facet normal 0.72207555576860993 0.4891795446009109 -0.48919348412003444
  outer loop
   vertex -47.260086059570312 51.524097442626953 -44.009735107421875
   vertex -46.904747009277344 51.302631378173828 -43.706695556640625
   vertex -46.904747009277344 51.168758392333984 -43.840564727783203
  endloop
 endfacet
 facet normal 0.72208177684590991 0.48919976364120199 -0.48916408167448855
  outer loop
   vertex -47.260086059570312 51.524097442626953 -44.009735107421875
   vertex -46.904747009277344 51.168758392333984 -43.840564727783203
   vertex -47.260086059570312 51.4718017578125 -44.062034606933594
  endloop
 endfacet
 facet normal 0.72559712211275673 0.53065471986136814 -0.43808034042917049
  outer loop
   vertex -47.260086059570312 51.4718017578125 -44.062034606933594
   vertex -46.904747009277344 51.168758392333984 -43.840564727783203
   vertex -47.038459777832031 51.168758392333984 -44.062034606933594
  endloop
 endfacet
 facet normal 0 1 -0
  outer loop
   vertex -52.590171813964844 51.701766967773438 -42.996017456054688
   vertex -52.590171813964844 51.701766967773438 -43.351356506347656
   vertex -52.945510864257812 51.701766967773438 -43.351356506347656
  endloop
 endfacet
 facet normal 0 0.99907790757715265 0.042934072614399806
  outer loop
   vertex -52.945510864257812 51.701766967773438 -43.351356506347656
   vertex -52.590171813964844 51.701766967773438 -43.351356506347656
   vertex -52.945510864257812 51.717037200927734 -43.706695556640625
  endloop
 endfacet
 facet normal -0.23602663918377023 0.9708505449071887 0.041721038446199427
  outer loop
   vertex -52.945510864257812 51.701766967773438 -43.351356506347656
   vertex -52.945510864257812 51.717037200927734 -43.706695556640625
   vertex -53.300849914550781 51.630649566650391 -43.706695556640625
  endloop
 endfacet
 facet normal -0.23603376097799197 0.97087983904883646 0.040992704315395319
  outer loop
   vertex -53.300849914550781 51.630649566650391 -43.706695556640625
   vertex -52.945510864257812 51.717037200927734 -43.706695556640625
   vertex -53.300849914550781 51.645652770996094 -44.062034606933594
  endloop
 endfacet
 facet normal -0.61633780658496218 0.78678088681802938 0.033219637443427909
  outer loop
   vertex -53.300849914550781 51.630649566650391 -43.706695556640625
   vertex -53.300849914550781 51.645652770996094 -44.062034606933594
   vertex -53.456020355224609 51.524097442626953 -44.062034606933594
  endloop
 endfacet
 facet normal -0.61644071271241607 0.78691225077680671 0.027748104223329687
  outer loop
   vertex -53.456020355224609 51.524097442626953 -44.062034606933594
   vertex -53.300849914550781 51.645652770996094 -44.062034606933594
   vertex -53.472015380859375 51.524097442626953 -44.417373657226562
  endloop
 endfacet
 facet normal -0.66352875146091361 0.74755435695992523 0.029867697851590023
  outer loop
   vertex -53.456020355224609 51.524097442626953 -44.062034606933594
   vertex -53.472015380859375 51.524097442626953 -44.417373657226562
   vertex -53.65618896484375 51.346427917480469 -44.062034606933594
  endloop
 endfacet
 facet normal -0.70704030894904679 0.70705495383210049 -0.012934209783466443
  outer loop
   vertex -53.65618896484375 51.346427917480469 -44.062034606933594
   vertex -53.472015380859375 51.524097442626953 -44.417373657226562
   vertex -53.65618896484375 51.339927673339844 -44.417373657226562
  endloop
 endfacet
 facet normal -0.73368136280977336 0.67938001436888151 -0.012427950021305144
  outer loop
   vertex -53.65618896484375 51.346427917480469 -44.062034606933594
   vertex -53.65618896484375 51.339927673339844 -44.417373657226562
   vertex -53.814689636230469 51.168758392333984 -44.417373657226562
  endloop
 endfacet
 facet normal -0.731611725699013 0.67746355558810789 -0.076075052873007407
  outer loop
   vertex -53.814689636230469 51.168758392333984 -44.417373657226562
   vertex -53.65618896484375 51.339927673339844 -44.417373657226562
   vertex -53.777740478515625 51.168758392333984 -44.772712707519531
  endloop
 endfacet
 facet normal -0.96240059815187173 0.25252813118655987 -0.10007313144067664
  outer loop
   vertex -53.814689636230469 51.168758392333984 -44.417373657226562
   vertex -53.777740478515625 51.168758392333984 -44.772712707519531
   vertex -53.870979309082031 50.813419342041016 -44.772712707519531
  endloop
 endfacet
 facet normal -0.92777859394586626 0.2434435254237774 -0.28277576017946421
  outer loop
   vertex -53.870979309082031 50.813419342041016 -44.772712707519531
   vertex -53.777740478515625 51.168758392333984 -44.772712707519531
   vertex -53.669437408447266 51.168758392333984 -45.1280517578125
  endloop
 endfacet
 facet normal -0.49073815190646536 0.86700177476605889 0.086510050375266434
  outer loop
   vertex -53.470043182373047 51.524097442626953 -43.351356506347656
   vertex -53.407402038574219 51.524097442626953 -42.996017456054688
   vertex -53.300849914550781 51.584407806396484 -42.996017456054688
  endloop
 endfacet
 facet normal 0.75427182989537989 0.52970918034809922 -0.38792034089645272
  outer loop
   vertex -46.904747009277344 51.609970092773438 -43.351356506347656
   vertex -46.844440460205078 51.524097442626953 -43.351356506347656
   vertex -46.904747009277344 51.524097442626953 -43.468616485595703
  endloop
 endfacet
 facet normal 0.79804229592577158 0.44121940547539457 -0.41043139517520161
  outer loop
   vertex -46.904747009277344 51.524097442626953 -43.468616485595703
   vertex -46.844440460205078 51.524097442626953 -43.351356506347656
   vertex -46.904747009277344 51.302631378173828 -43.706695556640625
  endloop
 endfacet
 facet normal 0.85261313492577095 0.43738184275284986 -0.28591601176249387
  outer loop
   vertex -47.101585388183594 51.879436492919922 -43.351356506347656
   vertex -47.038459777832031 51.524097442626953 -43.706695556640625
   vertex -47.220745086669922 51.879436492919922 -43.706695556640625
  endloop
 endfacet
 facet normal 0.74576561656850882 0.38257015553114543 -0.54541151550097211
  outer loop
   vertex -47.220745086669922 51.879436492919922 -43.706695556640625
   vertex -47.038459777832031 51.524097442626953 -43.706695556640625
   vertex -47.260086059570312 51.524097442626953 -44.009735107421875
  endloop
 endfacet
 facet normal 0.73569452616883135 0.39050433625910386 -0.55340756005683134
  outer loop
   vertex -47.220745086669922 51.879436492919922 -43.706695556640625
   vertex -47.260086059570312 51.524097442626953 -44.009735107421875
   vertex -47.260086059570312 51.879436492919922 -43.758995056152344
  endloop
 endfacet
 facet normal -0.10245101105930401 0.98415094154626892 0.14474361673842065
  outer loop
   vertex -52.590171813964844 51.701766967773438 -43.351356506347656
   vertex -52.590171813964844 51.7540283203125 -43.706695556640625
   vertex -52.945510864257812 51.717037200927734 -43.706695556640625
  endloop
 endfacet
 facet normal -0.10103973038928568 0.97059408948767256 0.2184904719534837
  outer loop
   vertex -52.945510864257812 51.717037200927734 -43.706695556640625
   vertex -52.590171813964844 51.7540283203125 -43.706695556640625
   vertex -52.945510864257812 51.797027587890625 -44.062034606933594
  endloop
 endfacet
 facet normal -0.38377673913417282 0.90088209390525165 0.20279760200857994
  outer loop
   vertex -52.945510864257812 51.717037200927734 -43.706695556640625
   vertex -52.945510864257812 51.797027587890625 -44.062034606933594
   vertex -53.300849914550781 51.645652770996094 -44.062034606933594
  endloop
 endfacet
 facet normal -0.39013944571538511 0.91581798720800667 0.095229340033244805
  outer loop
   vertex -53.300849914550781 51.645652770996094 -44.062034606933594
   vertex -52.945510864257812 51.797027587890625 -44.062034606933594
   vertex -53.300849914550781 51.682601928710938 -44.417373657226562
  endloop
 endfacet
 facet normal -0.67748054569672023 0.73159616099280012 0.07607343441090994
  outer loop
   vertex -53.300849914550781 51.645652770996094 -44.062034606933594
   vertex -53.300849914550781 51.682601928710938 -44.417373657226562
   vertex -53.472015380859375 51.524097442626953 -44.417373657226562
  endloop
 endfacet
 facet normal -0.67939690418211296 0.73366559386420083 0.012435552567155153
  outer loop
   vertex -53.472015380859375 51.524097442626953 -44.417373657226562
   vertex -53.300849914550781 51.682601928710938 -44.417373657226562
   vertex -53.478519439697266 51.524097442626953 -44.772712707519531
  endloop
 endfacet
 facet normal -0.7070402419663171 0.70705488684798345 0.01294153099895406
  outer loop
   vertex -53.472015380859375 51.524097442626953 -44.417373657226562
   vertex -53.478519439697266 51.524097442626953 -44.772712707519531
   vertex -53.65618896484375 51.339927673339844 -44.417373657226562
  endloop
 endfacet
 facet normal -0.74754807185701344 0.66353581808851203 -0.029868015944660556
  outer loop
   vertex -53.65618896484375 51.339927673339844 -44.417373657226562
   vertex -53.478519439697266 51.524097442626953 -44.772712707519531
   vertex -53.65618896484375 51.323932647705078 -44.772712707519531
  endloop
 endfacet
 facet normal -0.78692901972234575 0.61641934914284935 -0.027747142576016823
  outer loop
   vertex -53.65618896484375 51.339927673339844 -44.417373657226562
   vertex -53.65618896484375 51.323932647705078 -44.772712707519531
   vertex -53.777740478515625 51.168758392333984 -44.772712707519531
  endloop
 endfacet
 facet normal -0.76550513681413812 0.5996375357550936 -0.23331676155974443
  outer loop
   vertex -53.777740478515625 51.168758392333984 -44.772712707519531
   vertex -53.65618896484375 51.323932647705078 -44.772712707519531
   vertex -53.669437408447266 51.168758392333984 -45.1280517578125
  endloop
 endfacet
 facet normal -0.31040520692184431 0.84885698755723482 0.42789066616492527
  outer loop
   vertex -52.590171813964844 51.879436492919922 -43.955482482910156
   vertex -52.737052917480469 51.879436492919922 -44.062034606933594
   vertex -52.590171813964844 51.7540283203125 -43.706695556640625
  endloop
 endfacet
 facet normal -0.33141393763724403 0.83833014100471404 0.43285953451759979
  outer loop
   vertex -52.590171813964844 51.7540283203125 -43.706695556640625
   vertex -52.737052917480469 51.879436492919922 -44.062034606933594
   vertex -52.945510864257812 51.797027587890625 -44.062034606933594
  endloop
 endfacet
 facet normal 0.80517775140804526 0.47380583215974875 -0.35664663470849112
  outer loop
   vertex -47.510021209716797 51.879436492919922 -44.062034606933594
   vertex -47.300922393798828 51.524097442626953 -44.062034606933594
   vertex -47.458316802978516 51.524097442626953 -44.417373657226562
  endloop
 endfacet
 facet normal 0.78034230936957771 0.52114751454042041 -0.34564598695210713
  outer loop
   vertex -47.458316802978516 51.524097442626953 -44.417373657226562
   vertex -47.300922393798828 51.524097442626953 -44.062034606933594
   vertex -47.260086059570312 51.227275848388672 -44.417373657226562
  endloop
 endfacet
 facet normal 0.39844302804297749 0.70693829967352029 -0.58436409357407904
  outer loop
   vertex -47.615425109863281 51.879436492919922 -44.177562713623047
   vertex -47.615425109863281 51.681205749511719 -44.417373657226562
   vertex -47.967136383056641 51.879436492919922 -44.417373657226562
  endloop
 endfacet
 facet normal 0.31455008654889038 0.75816341270731691 -0.5711799039567832
  outer loop
   vertex -47.615425109863281 51.524097442626953 -44.696125030517578
   vertex -47.97076416015625 51.613822937011719 -44.772712707519531
   vertex -47.97076416015625 51.879436492919922 -44.420146942138672
  endloop
 endfacet
 facet normal 0.12132509369034761 0.79280480373594386 -0.59727779534672143
  outer loop
   vertex -47.97076416015625 51.879436492919922 -44.420146942138672
   vertex -47.97076416015625 51.613822937011719 -44.772712707519531
   vertex -48.326103210449219 51.668201446533203 -44.772712707519531
  endloop
 endfacet
 facet normal 0.1751228320563622 0.4584711945848528 -0.87128420014854924
  outer loop
   vertex -50.458137512207031 51.879436492919922 -44.767158508300781
   vertex -50.458137512207031 51.868881225585938 -44.772712707519531
   vertex -50.485771179199219 51.879436492919922 -44.772712707519531
  endloop
 endfacet
 facet normal -0.70659311010169379 0.70659311010169379 0.038109756147621146
  outer loop
   vertex -53.300849914550781 51.682601928710938 -44.417373657226562
   vertex -53.300849914550781 51.701766967773438 -44.772712707519531
   vertex -53.478519439697266 51.524097442626953 -44.772712707519531
  endloop
 endfacet
 facet normal -0.69908784910127098 0.69908784910127098 -0.15017442684397675
  outer loop
   vertex -53.478519439697266 51.524097442626953 -44.772712707519531
   vertex -53.300849914550781 51.701766967773438 -44.772712707519531
   vertex -53.402187347412109 51.524097442626953 -45.1280517578125
  endloop
 endfacet
 facet normal -0.73841308707828901 0.6554274571327815 -0.15862207055755836
  outer loop
   vertex -53.478519439697266 51.524097442626953 -44.772712707519531
   vertex -53.402187347412109 51.524097442626953 -45.1280517578125
   vertex -53.65618896484375 51.323932647705078 -44.772712707519531
  endloop
 endfacet
 facet normal -0.77776445622680823 0.58673350763461918 -0.22544676012086193
  outer loop
   vertex -53.65618896484375 51.323932647705078 -44.772712707519531
   vertex -53.402187347412109 51.524097442626953 -45.1280517578125
   vertex -53.65618896484375 51.187397003173828 -45.1280517578125
  endloop
 endfacet
 facet normal -0.79559742515392096 0.56551573015955126 -0.21729403128148855
  outer loop
   vertex -53.65618896484375 51.323932647705078 -44.772712707519531
   vertex -53.65618896484375 51.187397003173828 -45.1280517578125
   vertex -53.669437408447266 51.168758392333984 -45.1280517578125
  endloop
 endfacet
 facet normal 0.099566312309456978 0.27476729390987803 -0.95634171907877064
  outer loop
   vertex -49.747459411621094 51.879436492919922 -44.833023071289062
   vertex -49.392120361328125 51.524097442626953 -44.898120880126953
   vertex -49.747459411621094 51.524097442626953 -44.935115814208984
  endloop
 endfacet
 facet normal 0.10345753364441186 0.042693034609706769 -0.99371718488110583
  outer loop
   vertex -49.747459411621094 51.524097442626953 -44.935115814208984
   vertex -49.392120361328125 51.524097442626953 -44.898120880126953
   vertex -49.747459411621094 51.168758392333984 -44.950382232666016
  endloop
 endfacet
 facet normal 0.042883880121850286 0.042883880121850286 -0.99815927869823939
  outer loop
   vertex -49.747459411621094 51.524097442626953 -44.935115814208984
   vertex -49.747459411621094 51.168758392333984 -44.950382232666016
   vertex -50.102798461914062 51.168758392333984 -44.965648651123047
  endloop
 endfacet
 facet normal 0 0.27613945047481447 -0.96111758067963105
  outer loop
   vertex -49.747459411621094 51.879436492919922 -44.833023071289062
   vertex -49.747459411621094 51.524097442626953 -44.935115814208984
   vertex -50.102798461914062 51.524097442626953 -44.935115814208984
  endloop
 endfacet
 facet normal 0 0.085610464775144599 -0.9963286848831483
  outer loop
   vertex -50.102798461914062 51.524097442626953 -44.935115814208984
   vertex -49.747459411621094 51.524097442626953 -44.935115814208984
   vertex -50.102798461914062 51.168758392333984 -44.965648651123047
  endloop
 endfacet
 facet normal 0.092215944710229744 0.3122755684105909 -0.94550525588969747
  outer loop
   vertex -50.8134765625 51.879436492919922 -44.833023071289062
   vertex -50.458137512207031 51.524097442626953 -44.915725708007812
   vertex -50.8134765625 51.524097442626953 -44.950382232666016
  endloop
 endfacet
 facet normal 0.40520420130496054 0.49245177720699712 -0.77026021731002003
  outer loop
   vertex -51.524154663085938 51.879436492919922 -44.994338989257812
   vertex -51.524154663085938 51.670291900634766 -45.1280517578125
   vertex -51.778331756591797 51.879436492919922 -45.1280517578125
  endloop
 endfacet
 facet normal 0.37463813957834985 0.45530430595420107 -0.80767831056234041
  outer loop
   vertex -51.778331756591797 51.879436492919922 -45.1280517578125
   vertex -51.524154663085938 51.670291900634766 -45.1280517578125
   vertex -51.524154663085938 51.524097442626953 -45.210464477539062
  endloop
 endfacet
 facet normal 0.24470501372651177 0.32699849063165537 -0.91279320953966725
  outer loop
   vertex -51.879493713378906 51.879436492919922 -45.178424835205078
   vertex -51.879493713378906 51.524097442626953 -45.305721282958984
   vertex -52.234832763671875 51.524097442626953 -45.400981903076172
  endloop
 endfacet
 facet normal 0.31122153757987486 0.53232970916332023 -0.78725233266628902
  outer loop
   vertex -52.234832763671875 51.524097442626953 -45.400981903076172
   vertex -52.443290710449219 51.524097442626953 -45.483390808105469
   vertex -52.590171813964844 51.609970092773438 -45.483390808105469
  endloop
 endfacet
 facet normal 0.318514598174922 0.54480414411297573 -0.77571702012189725
  outer loop
   vertex -52.590171813964844 51.609970092773438 -45.483390808105469
   vertex -52.443290710449219 51.524097442626953 -45.483390808105469
   vertex -52.590171813964844 51.524097442626953 -45.543701171875
  endloop
 endfacet
 facet normal -0.49457326919448408 0.64062923597219024 -0.58735973935567642
  outer loop
   vertex -52.995380401611328 51.879436492919922 -45.1280517578125
   vertex -53.033653259277344 51.524097442626953 -45.483390808105469
   vertex -53.300849914550781 51.524097442626953 -45.258403778076172
  endloop
 endfacet
 facet normal -0.5849941485051583 0.4184639301915643 -0.69474440288738892
  outer loop
   vertex -53.300849914550781 51.524097442626953 -45.258403778076172
   vertex -53.033653259277344 51.524097442626953 -45.483390808105469
   vertex -53.287837982177734 51.168758392333984 -45.483390808105469
  endloop
 endfacet
 facet normal -0.45666495328678564 0.46391400573456526 -0.75910533901619193
  outer loop
   vertex -53.300849914550781 51.524097442626953 -45.258403778076172
   vertex -53.287837982177734 51.168758392333984 -45.483390808105469
   vertex -53.300849914550781 51.168758392333984 -45.475563049316406
  endloop
 endfacet
 facet normal -0.50938326992440985 -0.15350400182552987 -0.84673797939189177
  outer loop
   vertex -53.300849914550781 51.168758392333984 -45.475563049316406
   vertex -53.287837982177734 51.168758392333984 -45.483390808105469
   vertex -53.180755615234375 50.813419342041016 -45.483390808105469
  endloop
 endfacet
 facet normal -0.52188794901691726 -0.15791677942059712 -0.83826920464033627
  outer loop
   vertex -53.300849914550781 51.168758392333984 -45.475563049316406
   vertex -53.180755615234375 50.813419342041016 -45.483390808105469
   vertex -53.300849914550781 50.813419342041016 -45.408622741699219
  endloop
 endfacet
 facet normal -0.52463012127819753 -0.12109578354914143 -0.84267374888164359
  outer loop
   vertex -53.300849914550781 50.813419342041016 -45.408622741699219
   vertex -53.180755615234375 50.813419342041016 -45.483390808105469
   vertex -53.098735809326172 50.458080291748047 -45.483390808105469
  endloop
 endfacet
 facet normal -0.60674873544182151 -0.18231653669517495 -0.77370320697747363
  outer loop
   vertex -53.300849914550781 50.813419342041016 -45.408622741699219
   vertex -53.098735809326172 50.458080291748047 -45.483390808105469
   vertex -53.300849914550781 50.458080291748047 -45.32489013671875
  endloop
 endfacet
 facet normal -0.61009606402844396 -0.15014323319149811 -0.77797159471525978
  outer loop
   vertex -53.300849914550781 50.458080291748047 -45.32489013671875
   vertex -53.098735809326172 50.458080291748047 -45.483390808105469
   vertex -53.011287689208984 50.102741241455078 -45.483390808105469
  endloop
 endfacet
 facet normal -0.64637630914819189 -0.19804121876839273 -0.73686996318257569
  outer loop
   vertex -53.300849914550781 50.458080291748047 -45.32489013671875
   vertex -53.011287689208984 50.102741241455078 -45.483390808105469
   vertex -53.300849914550781 50.102741241455078 -45.229389190673828
  endloop
 endfacet
 facet normal -0.57647883743108397 -0.48556949880573641 -0.65718674045027092
  outer loop
   vertex -53.300849914550781 50.102741241455078 -45.229389190673828
   vertex -53.011287689208984 50.102741241455078 -45.483390808105469
   vertex -53.300849914550781 49.965587615966797 -45.1280517578125
  endloop
 endfacet
 facet normal -0.6267264593231181 -0.46306359214325615 -0.6267264593231181
  outer loop
   vertex -53.300849914550781 50.102741241455078 -45.229389190673828
   vertex -53.300849914550781 49.965587615966797 -45.1280517578125
   vertex -53.402187347412109 50.102741241455078 -45.1280517578125
  endloop
 endfacet
 facet normal -0.54877484861524883 0.65998203100689778 -0.51309831833218944
  outer loop
   vertex -52.995380401611328 51.879436492919922 -45.1280517578125
   vertex -53.300849914550781 51.524097442626953 -45.258403778076172
   vertex -53.300849914550781 51.625438690185547 -45.1280517578125
  endloop
 endfacet
 facet normal -0.13745222371719265 0.60221413100308052 0.78641275842613556
  outer loop
   vertex -50.8134765625 51.168758392333984 -40.813610076904297
   vertex -50.458137512207031 51.315643310546875 -40.863983154296875
   vertex -50.8134765625 51.234539031982422 -40.863983154296875
  endloop
 endfacet
 facet normal -0.15595428654480176 0.68327650588628397 0.71331022494573337
  outer loop
   vertex -50.8134765625 51.234539031982422 -40.863983154296875
   vertex -50.458137512207031 51.315643310546875 -40.863983154296875
   vertex -50.8134765625 51.524097442626953 -41.141349792480469
  endloop
 endfacet
 facet normal -0.35797104746837205 0.64590067101199999 0.67429151882597815
  outer loop
   vertex -50.8134765625 51.234539031982422 -40.863983154296875
   vertex -50.8134765625 51.524097442626953 -41.141349792480469
   vertex -50.932167053222656 51.168758392333984 -40.863983154296875
  endloop
 endfacet
 facet normal -0.3334495135987271 0.64678418735426546 0.68591663988363405
  outer loop
   vertex -50.932167053222656 51.168758392333984 -40.863983154296875
   vertex -50.8134765625 51.524097442626953 -41.141349792480469
   vertex -51.168815612792969 51.168758392333984 -40.979026794433594
  endloop
 endfacet
 facet normal -0.33748484263102124 0.63574060784216069 0.69421744470648039
  outer loop
   vertex -50.932167053222656 51.168758392333984 -40.863983154296875
   vertex -51.168815612792969 51.168758392333984 -40.979026794433594
   vertex -51.168815612792969 51.043132781982422 -40.863983154296875
  endloop
 endfacet
 facet normal -0.31926106962435324 0.64001960344629527 0.69889003185534171
  outer loop
   vertex -51.168815612792969 51.043132781982422 -40.863983154296875
   vertex -51.168815612792969 51.168758392333984 -40.979026794433594
   vertex -51.524154663085938 51.168758392333984 -41.141349792480469
  endloop
 endfacet
 facet normal -0.28906134040683334 0.67692545588899433 0.67691614595286598
  outer loop
   vertex -51.168815612792969 51.043132781982422 -40.863983154296875
   vertex -51.524154663085938 51.168758392333984 -41.141349792480469
   vertex -51.524154663085938 50.891395568847656 -40.863983154296875
  endloop
 endfacet
 facet normal -0.37551849099385504 0.65536160890928941 0.65535259554649317
  outer loop
   vertex -51.524154663085938 50.891395568847656 -40.863983154296875
   vertex -51.524154663085938 51.168758392333984 -41.141349792480469
   vertex -51.660240173339844 50.813419342041016 -40.863983154296875
  endloop
 endfacet
 facet normal -0.34423415306419064 0.60076362097803127 0.72151640284441465
  outer loop
   vertex -51.524154663085938 50.891395568847656 -40.863983154296875
   vertex -51.660240173339844 50.813419342041016 -40.863983154296875
   vertex -51.524154663085938 50.813419342041016 -40.799057006835938
  endloop
 endfacet
 facet normal -0.34995090111071758 0.58267827708665731 0.7334987336206662
  outer loop
   vertex -51.524154663085938 50.813419342041016 -40.799057006835938
   vertex -51.660240173339844 50.813419342041016 -40.863983154296875
   vertex -51.879493713378906 50.458080291748047 -40.686313629150391
  endloop
 endfacet
 facet normal -0.24031035905902515 0.50360498971665213 0.8298391082983575
  outer loop
   vertex -51.524154663085938 50.813419342041016 -40.799057006835938
   vertex -51.879493713378906 50.458080291748047 -40.686313629150391
   vertex -51.524154663085938 50.458080291748047 -40.583412170410156
  endloop
 endfacet
 facet normal -0.23872624675490664 0.51325020087324336 0.82436885580053942
  outer loop
   vertex -51.524154663085938 50.458080291748047 -40.583412170410156
   vertex -51.879493713378906 50.458080291748047 -40.686313629150391
   vertex -51.524154663085938 50.337989807128906 -40.508644104003906
  endloop
 endfacet
 facet normal -0.31207842092099142 0.50213488310126675 0.80651572729137644
  outer loop
   vertex -51.524154663085938 50.458080291748047 -40.583412170410156
   vertex -51.524154663085938 50.337989807128906 -40.508644104003906
   vertex -51.330928802490234 50.458080291748047 -40.508644104003906
  endloop
 endfacet
 facet normal -0.31931695899483631 0.57615564034825661 0.75238378357935154
  outer loop
   vertex -50.8134765625 51.234539031982422 -40.863983154296875
   vertex -50.932167053222656 51.168758392333984 -40.863983154296875
   vertex -50.8134765625 51.168758392333984 -40.813610076904297
  endloop
 endfacet
 facet normal -0.3169815536677365 0.5845437664630696 0.74688103451858789
  outer loop
   vertex -50.8134765625 51.168758392333984 -40.813610076904297
   vertex -50.932167053222656 51.168758392333984 -40.863983154296875
   vertex -51.168815612792969 50.813419342041016 -40.686313629150391
  endloop
 endfacet
 facet normal 0 0.51431973529565989 0.85759851322480873
  outer loop
   vertex -48.681442260742188 51.168758392333984 -41.112770080566406
   vertex -48.326103210449219 51.346427917480469 -41.219322204589844
   vertex -48.681442260742188 51.346427917480469 -41.219322204589844
  endloop
 endfacet
 facet normal 0 0.51431973529565989 0.85759851322480873
  outer loop
   vertex -48.681442260742188 51.346427917480469 -41.219322204589844
   vertex -48.326103210449219 51.346427917480469 -41.219322204589844
   vertex -48.681442260742188 51.524097442626953 -41.325874328613281
  endloop
 endfacet
 facet normal -0 0.51431973529565989 0.85759851322480873
  outer loop
   vertex -48.326103210449219 51.346427917480469 -41.219322204589844
   vertex -48.681442260742188 51.168758392333984 -41.112770080566406
   vertex -48.326103210449219 51.168758392333984 -41.112770080566406
  endloop
 endfacet
 facet normal -0 0.23622247762217052 0.9716989971519181
  outer loop
   vertex -48.326103210449219 51.168758392333984 -41.112770080566406
   vertex -48.681442260742188 51.168758392333984 -41.112770080566406
   vertex -48.681442260742188 50.813419342041016 -41.026386260986328
  endloop
 endfacet
 facet normal 0.04209018747622275 0.19607380437761637 0.97968539815346056
  outer loop
   vertex -48.326103210449219 51.168758392333984 -41.112770080566406
   vertex -48.681442260742188 50.813419342041016 -41.026386260986328
   vertex -48.326103210449219 50.813419342041016 -41.041652679443359
  endloop
 endfacet
 facet normal 0.042693034609706769 0.10345753364441186 0.99371718488110583
  outer loop
   vertex -48.326103210449219 50.813419342041016 -41.041652679443359
   vertex -48.681442260742188 50.813419342041016 -41.026386260986328
   vertex -48.681442260742188 50.458080291748047 -40.989391326904297
  endloop
 endfacet
 facet normal 0.18654028450239593 -0.04218046426385872 0.98154140549049207
  outer loop
   vertex -48.326103210449219 50.813419342041016 -41.041652679443359
   vertex -48.681442260742188 50.458080291748047 -40.989391326904297
   vertex -48.326103210449219 50.458080291748047 -41.056922912597656
  endloop
 endfacet
 facet normal 0.18645325892342152 0.052061145504065556 0.98108349255587834
  outer loop
   vertex -48.326103210449219 50.458080291748047 -41.056922912597656
   vertex -48.681442260742188 50.458080291748047 -40.989391326904297
   vertex -48.681442260742188 50.102741241455078 -40.970535278320312
  endloop
 endfacet
 facet normal 0.3264302332347141 -0.097869522668800751 0.94014087208402497
  outer loop
   vertex -48.326103210449219 50.458080291748047 -41.056922912597656
   vertex -48.681442260742188 50.102741241455078 -40.970535278320312
   vertex -48.326103210449219 50.102741241455078 -41.093914031982422
  endloop
 endfacet
 facet normal 0.32774442434742729 -0.039844940520732869 0.9439258302557848
  outer loop
   vertex -48.326103210449219 50.102741241455078 -41.093914031982422
   vertex -48.681442260742188 50.102741241455078 -40.970535278320312
   vertex -48.681442260742188 49.747406005859375 -40.98553466796875
  endloop
 endfacet
 facet normal 0.4328918180607047 -0.16245159262774506 0.88668717928523522
  outer loop
   vertex -48.326103210449219 50.102741241455078 -41.093914031982422
   vertex -48.681442260742188 49.747406005859375 -40.98553466796875
   vertex -48.326103210449219 49.747406005859375 -41.159015655517578
  endloop
 endfacet
 facet normal 0.4368163064995384 -0.093045705764694869 0.89472566243226248
  outer loop
   vertex -48.326103210449219 49.747406005859375 -41.159015655517578
   vertex -48.681442260742188 49.747406005859375 -40.98553466796875
   vertex -48.681442260742188 49.392066955566406 -41.022487640380859
  endloop
 endfacet
 facet normal 0.58133376334183251 -0.28910810681378774 0.76057054779512057
  outer loop
   vertex -48.326103210449219 49.747406005859375 -41.159015655517578
   vertex -48.681442260742188 49.392066955566406 -41.022487640380859
   vertex -48.423919677734375 49.392066955566406 -41.219322204589844
  endloop
 endfacet
 facet normal 0.59851740324381353 -0.16913337204065382 0.78305224632615678
  outer loop
   vertex -48.423919677734375 49.392066955566406 -41.219322204589844
   vertex -48.681442260742188 49.392066955566406 -41.022487640380859
   vertex -48.524333953857422 49.036727905273438 -41.219322204589844
  endloop
 endfacet
 facet normal 0.59853272554355319 -0.16913770192681643 0.78303959940754031
  outer loop
   vertex -48.423919677734375 49.392066955566406 -41.219322204589844
   vertex -48.524333953857422 49.036727905273438 -41.219322204589844
   vertex -48.326103210449219 49.392066955566406 -41.294090270996094
  endloop
 endfacet
 facet normal 0.70406932702997493 -0.25317211777150223 0.66346835758659262
  outer loop
   vertex -48.326103210449219 49.392066955566406 -41.294090270996094
   vertex -48.524333953857422 49.036727905273438 -41.219322204589844
   vertex -48.326103210449219 49.036727905273438 -41.429683685302734
  endloop
 endfacet
 facet normal 0.45084328877663266 -0.3182259958609438 0.83394996523975007
  outer loop
   vertex -48.326103210449219 49.392066955566406 -41.294090270996094
   vertex -48.326103210449219 49.036727905273438 -41.429683685302734
   vertex -47.97076416015625 49.392066955566406 -41.486190795898438
  endloop
 endfacet
 facet normal 0.58602437437374055 -0.48250480061518874 0.65097200402410749
  outer loop
   vertex -47.97076416015625 49.392066955566406 -41.486190795898438
   vertex -48.326103210449219 49.036727905273438 -41.429683685302734
   vertex -48.165058135986328 49.036727905273438 -41.574661254882812
  endloop
 endfacet
 facet normal 0.54515932533485534 -0.47078790615778809 0.69365701713167371
  outer loop
   vertex -47.97076416015625 49.392066955566406 -41.486190795898438
   vertex -48.165058135986328 49.036727905273438 -41.574661254882812
   vertex -47.97076416015625 49.261714935302734 -41.574661254882812
  endloop
 endfacet
 facet normal 0.59236989830066566 -0.51155794486423645 0.62241977204579368
  outer loop
   vertex -47.97076416015625 49.261714935302734 -41.574661254882812
   vertex -48.165058135986328 49.036727905273438 -41.574661254882812
   vertex -47.97076416015625 49.036727905273438 -41.759574890136719
  endloop
 endfacet
 facet normal 0.53602598302873183 -0.53602598302873183 0.65219037944158875
  outer loop
   vertex -47.97076416015625 49.261714935302734 -41.574661254882812
   vertex -47.97076416015625 49.036727905273438 -41.759574890136719
   vertex -47.840412139892578 49.392066955566406 -41.574661254882812
  endloop
 endfacet
 facet normal 0.59898841635086941 -0.53143744143121419 0.59898841635086941
  outer loop
   vertex -47.840412139892578 49.392066955566406 -41.574661254882812
   vertex -47.97076416015625 49.036727905273438 -41.759574890136719
   vertex -47.800338745117188 49.036727905273438 -41.930000305175781
  endloop
 endfacet
 facet normal 0.55730949817657804 -0.55484724156045329 0.61769787256791386
  outer loop
   vertex -47.840412139892578 49.392066955566406 -41.574661254882812
   vertex -47.800338745117188 49.036727905273438 -41.930000305175781
   vertex -47.615425109863281 49.392066955566406 -41.777652740478516
  endloop
 endfacet
 facet normal 0.61318156939367741 -0.55857334476141396 0.55857334476141396
  outer loop
   vertex -47.615425109863281 49.392066955566406 -41.777652740478516
   vertex -47.800338745117188 49.036727905273438 -41.930000305175781
   vertex -47.615425109863281 49.239719390869141 -41.930000305175781
  endloop
 endfacet
 facet normal 0.65120539256361731 -0.53662442019352097 0.53662442019352097
  outer loop
   vertex -47.615425109863281 49.392066955566406 -41.777652740478516
   vertex -47.615425109863281 49.239719390869141 -41.930000305175781
   vertex -47.489883422851562 49.392066955566406 -41.930000305175781
  endloop
 endfacet
 facet normal 0.68907064781783589 -0.56782720333738079 0.45028203324800442
  outer loop
   vertex -47.489883422851562 49.392066955566406 -41.930000305175781
   vertex -47.615425109863281 49.239719390869141 -41.930000305175781
   vertex -47.550498962402344 49.036727905273438 -42.28533935546875
  endloop
 endfacet
 facet normal 0.80099074934584569 -0.48609776769211654 0.34946069837268029
  outer loop
   vertex -47.489883422851562 49.392066955566406 -41.930000305175781
   vertex -47.550498962402344 49.036727905273438 -42.28533935546875
   vertex -47.334854125976562 49.392066955566406 -42.28533935546875
  endloop
 endfacet
 facet normal 0.7999329150769775 -0.48545579913367193 0.35276053983394612
  outer loop
   vertex -47.334854125976562 49.392066955566406 -42.28533935546875
   vertex -47.550498962402344 49.036727905273438 -42.28533935546875
   vertex -47.393798828125 49.036727905273438 -42.640678405761719
  endloop
 endfacet
 facet normal 0.77119875177311303 -0.50953681755796787 0.38160806702229272
  outer loop
   vertex -47.334854125976562 49.392066955566406 -42.28533935546875
   vertex -47.393798828125 49.036727905273438 -42.640678405761719
   vertex -47.260086059570312 49.392066955566406 -42.436439514160156
  endloop
 endfacet
 facet normal 0.76129613344969527 -0.51380452999227355 0.39551624764851628
  outer loop
   vertex -47.260086059570312 49.392066955566406 -42.436439514160156
   vertex -47.393798828125 49.036727905273438 -42.640678405761719
   vertex -47.260086059570312 49.234848022460938 -42.640678405761719
  endloop
 endfacet
 facet normal 0.78853347369532911 -0.48732799797383719 0.37513515331516112
  outer loop
   vertex -47.260086059570312 49.392066955566406 -42.436439514160156
   vertex -47.260086059570312 49.234848022460938 -42.640678405761719
   vertex -47.162921905517578 49.392066955566406 -42.640678405761719
  endloop
 endfacet
 facet normal 0.75935082071706983 -0.46929258879226687 0.45072252792706574
  outer loop
   vertex -47.162921905517578 49.392066955566406 -42.640678405761719
   vertex -47.260086059570312 49.234848022460938 -42.640678405761719
   vertex -47.171611785888672 49.036727905273438 -42.996017456054688
  endloop
 endfacet
 facet normal 0.83525161815746929 -0.39889429399198256 0.37846806547708495
  outer loop
   vertex -47.162921905517578 49.392066955566406 -42.640678405761719
   vertex -47.171611785888672 49.036727905273438 -42.996017456054688
   vertex -47.001911163330078 49.392066955566406 -42.996017456054688
  endloop
 endfacet
 facet normal 0.89622226480843747 -0.42801227774845035 0.11658105402773845
  outer loop
   vertex -47.001911163330078 49.392066955566406 -42.996017456054688
   vertex -47.171611785888672 49.036727905273438 -42.996017456054688
   vertex -47.125389099121094 49.036727905273438 -43.351356506347656
  endloop
 endfacet
 facet normal 0.081765663343240716 0.51259757793814376 0.85472691509627119
  outer loop
   vertex -48.681442260742188 51.346427917480469 -41.219322204589844
   vertex -49.036781311035156 51.168758392333984 -41.078777313232422
   vertex -48.681442260742188 51.168758392333984 -41.112770080566406
  endloop
 endfacet
 facet normal 0.08928594779517271 0.34771521112511261 0.93333924779714261
  outer loop
   vertex -48.681442260742188 51.168758392333984 -41.112770080566406
   vertex -49.036781311035156 51.168758392333984 -41.078777313232422
   vertex -49.036781311035156 50.813419342041016 -40.946395874023438
  endloop
 endfacet
 facet normal 0.21368680796600886 0.23076626288283994 0.94925490781790856
  outer loop
   vertex -48.681442260742188 51.168758392333984 -41.112770080566406
   vertex -49.036781311035156 50.813419342041016 -40.946395874023438
   vertex -48.681442260742188 50.813419342041016 -41.026386260986328
  endloop
 endfacet
 facet normal 0.21849024191464242 0.10105004368773915 0.97059306759258623
  outer loop
   vertex -48.681442260742188 50.813419342041016 -41.026386260986328
   vertex -49.036781311035156 50.813419342041016 -40.946395874023438
   vertex -48.681442260742188 50.458080291748047 -40.989391326904297
  endloop
 endfacet
 facet normal 0.31206502455607465 0.50213272305325451 0.80652225566808755
  outer loop
   vertex -49.392120361328125 51.524097442626953 -41.144557952880859
   vertex -49.036781311035156 51.423347473144531 -41.219322204589844
   vertex -49.198894500732422 51.524097442626953 -41.219322204589844
  endloop
 endfacet
 facet normal 0.30408853720897761 0.48929804118624515 0.8173846025154915
  outer loop
   vertex -49.198894500732422 51.524097442626953 -41.219322204589844
   vertex -49.036781311035156 51.423347473144531 -41.219322204589844
   vertex -49.036781311035156 51.524097442626953 -41.279632568359375
  endloop
 endfacet
 facet normal -0.3816051801606915 0.67945797383912232 0.62666924949367109
  outer loop
   vertex -50.930736541748047 51.524097442626953 -41.219322204589844
   vertex -51.168815612792969 51.390384674072266 -41.219322204589844
   vertex -51.168815612792969 51.168758392333984 -40.979026794433594
  endloop
 endfacet
 facet normal -0.29584315593022004 0.70218027231348867 0.64762619794369225
  outer loop
   vertex -51.168815612792969 51.168758392333984 -40.979026794433594
   vertex -51.168815612792969 51.390384674072266 -41.219322204589844
   vertex -51.524154663085938 51.168758392333984 -41.141349792480469
  endloop
 endfacet
 facet normal -0.40463878082351551 0.68261872606253038 0.6085220882453054
  outer loop
   vertex -50.8134765625 51.524097442626953 -41.141349792480469
   vertex -50.930736541748047 51.524097442626953 -41.219322204589844
   vertex -51.168815612792969 51.168758392333984 -40.979026794433594
  endloop
 endfacet
 facet normal -0.32094187739665603 0.72779745062926959 0.606058728334677
  outer loop
   vertex -51.524154663085938 51.168758392333984 -41.141349792480469
   vertex -51.168815612792969 51.390384674072266 -41.219322204589844
   vertex -51.524154663085938 51.233688354492188 -41.219322204589844
  endloop
 endfacet
 facet normal -0.3612363720405643 0.81917296919391791 0.44549290685373583
  outer loop
   vertex -51.524154663085938 51.233688354492188 -41.219322204589844
   vertex -51.168815612792969 51.390384674072266 -41.219322204589844
   vertex -51.524154663085938 51.426933288574219 -41.574661254882812
  endloop
 endfacet
 facet normal -0.27923618756865792 0.843549566143035 0.45874969320100772
  outer loop
   vertex -51.524154663085938 51.233688354492188 -41.219322204589844
   vertex -51.524154663085938 51.426933288574219 -41.574661254882812
   vertex -51.879493713378906 51.309307098388672 -41.574661254882812
  endloop
 endfacet
 facet normal -0.29048639694046463 0.87753552375561161 0.38150892222792271
  outer loop
   vertex -51.879493713378906 51.309307098388672 -41.574661254882812
   vertex -51.524154663085938 51.426933288574219 -41.574661254882812
   vertex -51.879493713378906 51.463790893554688 -41.930000305175781
  endloop
 endfacet
 facet normal -0.20278166146407389 0.89802756324895328 0.39041784464726637
  outer loop
   vertex -51.879493713378906 51.309307098388672 -41.574661254882812
   vertex -51.879493713378906 51.463790893554688 -41.930000305175781
   vertex -52.234832763671875 51.383552551269531 -41.930000305175781
  endloop
 endfacet
 facet normal -0.19393165434480034 0.85883491500514175 0.47412350944790727
  outer loop
   vertex -52.234832763671875 51.383552551269531 -41.930000305175781
   vertex -51.879493713378906 51.463790893554688 -41.930000305175781
   vertex -52.234832763671875 51.524097442626953 -42.184585571289062
  endloop
 endfacet
 facet normal -0.34423860279184787 0.72148333916904894 0.60080077866909887
  outer loop
   vertex -51.524154663085938 51.168758392333984 -41.141349792480469
   vertex -51.524154663085938 51.233688354492188 -41.219322204589844
   vertex -51.660240173339844 51.168758392333984 -41.219322204589844
  endloop
 endfacet
 facet normal -0.35569312587070595 0.74549066284657561 0.56367195408047355
  outer loop
   vertex -51.660240173339844 51.168758392333984 -41.219322204589844
   vertex -51.524154663085938 51.233688354492188 -41.219322204589844
   vertex -51.879493713378906 51.168758392333984 -41.357677459716797
  endloop
 endfacet
 facet normal -0.36688674466203441 0.72619266258678594 0.58141064093840722
  outer loop
   vertex -51.660240173339844 51.168758392333984 -41.219322204589844
   vertex -51.879493713378906 51.168758392333984 -41.357677459716797
   vertex -51.879493713378906 51.057987213134766 -41.219322204589844
  endloop
 endfacet
 facet normal -0.22470951022627411 0.76066539763989682 0.60901049978403943
  outer loop
   vertex -51.879493713378906 51.057987213134766 -41.219322204589844
   vertex -51.879493713378906 51.168758392333984 -41.357677459716797
   vertex -52.234832763671875 51.168758392333984 -41.488788604736328
  endloop
 endfacet
 facet normal -0.20429300469183337 0.78084171298035687 0.59038173032698482
  outer loop
   vertex -51.879493713378906 51.057987213134766 -41.219322204589844
   vertex -52.234832763671875 51.168758392333984 -41.488788604736328
   vertex -52.234832763671875 50.965019226074219 -41.219322204589844
  endloop
 endfacet
 facet normal -0.30432210770132978 0.7598307486327941 0.57449568161679665
  outer loop
   vertex -52.234832763671875 50.965019226074219 -41.219322204589844
   vertex -52.234832763671875 51.168758392333984 -41.488788604736328
   vertex -52.396942138671875 51.168758392333984 -41.574661254882812
  endloop
 endfacet
 facet normal -0.29570900212704149 0.76426571731941217 0.57310915137630969
  outer loop
   vertex -52.234832763671875 50.965019226074219 -41.219322204589844
   vertex -52.396942138671875 51.168758392333984 -41.574661254882812
   vertex -52.590171813964844 51.093994140625 -41.574661254882812
  endloop
 endfacet
 facet normal -0.30775735253929121 0.79540491532860136 0.52212683576800267
  outer loop
   vertex -52.590171813964844 51.093994140625 -41.574661254882812
   vertex -52.396942138671875 51.168758392333984 -41.574661254882812
   vertex -52.590171813964844 51.168758392333984 -41.688556671142578
  endloop
 endfacet
 facet normal -0.13499180064466468 0.82832731616709332 0.54373805370797013
  outer loop
   vertex -52.590171813964844 51.093994140625 -41.574661254882812
   vertex -52.590171813964844 51.168758392333984 -41.688556671142578
   vertex -52.945510864257812 51.168758392333984 -41.776775360107422
  endloop
 endfacet
 facet normal -0.12393660872712416 0.85757251552707381 0.49920847111180555
  outer loop
   vertex -52.945510864257812 51.168758392333984 -41.776775360107422
   vertex -52.590171813964844 51.168758392333984 -41.688556671142578
   vertex -52.590171813964844 51.309307098388672 -41.930000305175781
  endloop
 endfacet
 facet normal -0.078307197565089318 0.81848243415485522 0.56916999902440846
  outer loop
   vertex -52.945510864257812 51.168758392333984 -41.776775360107422
   vertex -52.590171813964844 51.309307098388672 -41.930000305175781
   vertex -52.945510864257812 51.275310516357422 -41.930000305175781
  endloop
 endfacet
 facet normal 0.67776485744767334 0.38892237574111871 0.62399854459511295
  outer loop
   vertex -46.878582000732422 51.168758392333984 -41.574661254882812
   vertex -46.904747009277344 51.21435546875 -41.574661254882812
   vertex -46.904747009277344 51.168758392333984 -41.546241760253906
  endloop
 endfacet
 facet normal 0.55796978911504058 0.43895138572856462 0.7042665655857091
  outer loop
   vertex -46.904747009277344 51.168758392333984 -41.546241760253906
   vertex -46.904747009277344 51.21435546875 -41.574661254882812
   vertex -47.260086059570312 51.524097442626953 -41.486190795898438
  endloop
 endfacet
 facet normal 0.35994794033596317 0.45909480458331214 0.81220036976875865
  outer loop
   vertex -47.615425109863281 51.524097442626953 -41.359867095947266
   vertex -47.479339599609375 51.168758392333984 -41.219322204589844
   vertex -47.260086059570312 51.168758392333984 -41.316490173339844
  endloop
 endfacet
 facet normal 0.39183633856747324 0.25443067237001321 0.88415457739887293
  outer loop
   vertex -47.260086059570312 51.168758392333984 -41.316490173339844
   vertex -47.479339599609375 51.168758392333984 -41.219322204589844
   vertex -47.260086059570312 50.831096649169922 -41.219322204589844
  endloop
 endfacet
 facet normal 0.51077118763841656 0.23774998958482185 0.82618868082954189
  outer loop
   vertex -47.260086059570312 51.168758392333984 -41.316490173339844
   vertex -47.260086059570312 50.831096649169922 -41.219322204589844
   vertex -47.251857757568359 50.813419342041016 -41.219322204589844
  endloop
 endfacet
 facet normal -0.34290891122783201 0.78842147915516103 0.5106907575111681
  outer loop
   vertex -51.524154663085938 51.233688354492188 -41.219322204589844
   vertex -51.879493713378906 51.309307098388672 -41.574661254882812
   vertex -51.879493713378906 51.168758392333984 -41.357677459716797
  endloop
 endfacet
 facet normal -0.19667639134802176 0.82291694961219286 0.53303479354286376
  outer loop
   vertex -51.879493713378906 51.168758392333984 -41.357677459716797
   vertex -51.879493713378906 51.309307098388672 -41.574661254882812
   vertex -52.234832763671875 51.168758392333984 -41.488788604736328
  endloop
 endfacet
 facet normal -0.18171074033470269 0.80471405639334193 0.56516943856686674
  outer loop
   vertex -52.234832763671875 51.168758392333984 -41.488788604736328
   vertex -51.879493713378906 51.309307098388672 -41.574661254882812
   vertex -52.234832763671875 51.229068756103516 -41.574661254882812
  endloop
 endfacet
 facet normal -0.20278166146407389 0.89802756324895328 0.39041784464726637
  outer loop
   vertex -52.234832763671875 51.229068756103516 -41.574661254882812
   vertex -51.879493713378906 51.309307098388672 -41.574661254882812
   vertex -52.234832763671875 51.383552551269531 -41.930000305175781
  endloop
 endfacet
 facet normal -0.18819340805715973 0.90069444384341724 0.39157727205933296
  outer loop
   vertex -52.234832763671875 51.229068756103516 -41.574661254882812
   vertex -52.234832763671875 51.383552551269531 -41.930000305175781
   vertex -52.590171813964844 51.309307098388672 -41.930000305175781
  endloop
 endfacet
 facet normal -0.29125132345207727 0.78285997731938495 0.54982080944513689
  outer loop
   vertex -52.234832763671875 51.168758392333984 -41.488788604736328
   vertex -52.234832763671875 51.229068756103516 -41.574661254882812
   vertex -52.396942138671875 51.168758392333984 -41.574661254882812
  endloop
 endfacet
 facet normal -0.30010681948502499 0.80666283370244285 0.50914729658687929
  outer loop
   vertex -52.396942138671875 51.168758392333984 -41.574661254882812
   vertex -52.234832763671875 51.229068756103516 -41.574661254882812
   vertex -52.590171813964844 51.168758392333984 -41.688556671142578
  endloop
 endfacet
 facet normal -0.34297483881792379 0.8353408307828033 0.42962071221592107
  outer loop
   vertex -51.524154663085938 51.426933288574219 -41.574661254882812
   vertex -51.732612609863281 51.524097442626953 -41.930000305175781
   vertex -51.879493713378906 51.463790893554688 -41.930000305175781
  endloop
 endfacet
 facet normal -0.33648372889351702 0.81953124785349984 0.46383966408835664
  outer loop
   vertex -51.879493713378906 51.463790893554688 -41.930000305175781
   vertex -51.732612609863281 51.524097442626953 -41.930000305175781
   vertex -51.879493713378906 51.524097442626953 -42.036552429199219
  endloop
 endfacet
 facet normal -0.20101115349386789 0.85251449044875316 0.48250757480682865
  outer loop
   vertex -51.879493713378906 51.463790893554688 -41.930000305175781
   vertex -51.879493713378906 51.524097442626953 -42.036552429199219
   vertex -52.234832763671875 51.524097442626953 -42.184585571289062
  endloop
 endfacet
 facet normal -0.29429861706777249 0.8259616948190962 0.4808072406729777
  outer loop
   vertex -52.590171813964844 51.168758392333984 -41.688556671142578
   vertex -52.234832763671875 51.229068756103516 -41.574661254882812
   vertex -52.590171813964844 51.309307098388672 -41.930000305175781
  endloop
 endfacet
 facet normal -0.1058949386137341 0.8137364735084418 0.5715060924067551
  outer loop
   vertex -52.945510864257812 51.275310516357422 -41.930000305175781
   vertex -53.300849914550781 51.229068756103516 -41.930000305175781
   vertex -53.300849914550781 51.168758392333984 -41.844127655029297
  endloop
 endfacet
 facet normal -0.34094126665322261 0.76930668858868201 0.54030201886131501
  outer loop
   vertex -53.300849914550781 51.168758392333984 -41.844127655029297
   vertex -53.300849914550781 51.229068756103516 -41.930000305175781
   vertex -53.436935424804688 51.168758392333984 -41.930000305175781
  endloop
 endfacet
 facet normal -0.34882966888332712 0.756787052406379 0.55280305662759588
  outer loop
   vertex -53.300849914550781 51.168758392333984 -41.844127655029297
   vertex -53.436935424804688 51.168758392333984 -41.930000305175781
   vertex -53.300849914550781 50.971923828125 -41.574661254882812
  endloop
 endfacet
 facet normal -0.33789928862228996 0.76247887844429885 0.55176990736617226
  outer loop
   vertex -53.300849914550781 50.971923828125 -41.574661254882812
   vertex -53.436935424804688 51.168758392333984 -41.930000305175781
   vertex -53.65618896484375 51.07159423828125 -41.930000305175781
  endloop
 endfacet
 facet normal -0.22538877452298486 0.85588929257301427 0.46546043782247726
  outer loop
   vertex -53.300849914550781 50.971923828125 -41.574661254882812
   vertex -53.65618896484375 51.07159423828125 -41.930000305175781
   vertex -53.65618896484375 50.878349304199219 -41.574661254882812
  endloop
 endfacet
 facet normal -0.38687632965297541 0.81008699607010437 0.44055165911883354
  outer loop
   vertex -53.65618896484375 50.878349304199219 -41.574661254882812
   vertex -53.65618896484375 51.07159423828125 -41.930000305175781
   vertex -54.011528015136719 50.901893615722656 -41.930000305175781
  endloop
 endfacet
 facet normal -0.1075867998158162 0.81623815418641055 0.56760933409850922
  outer loop
   vertex -52.945510864257812 51.275310516357422 -41.930000305175781
   vertex -53.300849914550781 51.168758392333984 -41.844127655029297
   vertex -52.945510864257812 51.168758392333984 -41.776775360107422
  endloop
 endfacet
 facet normal -0.11617380107370795 0.78156347540419768 0.6129128664485668
  outer loop
   vertex -52.945510864257812 51.168758392333984 -41.776775360107422
   vertex -53.300849914550781 51.168758392333984 -41.844127655029297
   vertex -52.945510864257812 51.010257720947266 -41.574661254882812
  endloop
 endfacet
 facet normal -0.18232456658395416 0.77370203531936266 0.60674781661135679
  outer loop
   vertex -52.945510864257812 51.168758392333984 -41.776775360107422
   vertex -52.945510864257812 51.010257720947266 -41.574661254882812
   vertex -52.590171813964844 51.093994140625 -41.574661254882812
  endloop
 endfacet
 facet normal -0.1917263205821236 0.81359877737801523 0.54890622828042268
  outer loop
   vertex -52.590171813964844 51.093994140625 -41.574661254882812
   vertex -52.945510864257812 51.010257720947266 -41.574661254882812
   vertex -52.590171813964844 50.854259490966797 -41.219322204589844
  endloop
 endfacet
 facet normal -0.25017674367710896 0.8026162794393904 0.54149672658473957
  outer loop
   vertex -52.590171813964844 51.093994140625 -41.574661254882812
   vertex -52.590171813964844 50.854259490966797 -41.219322204589844
   vertex -52.234832763671875 50.965019226074219 -41.219322204589844
  endloop
 endfacet
 facet normal -0.21523062405601409 0.69050224318297615 0.69056674596141454
  outer loop
   vertex -52.234832763671875 50.965019226074219 -41.219322204589844
   vertex -52.590171813964844 50.854259490966797 -41.219322204589844
   vertex -52.590171813964844 50.813419342041016 -41.178485870361328
  endloop
 endfacet
 facet normal -0.21524279396076851 0.69052391059290552 0.69054128663494363
  outer loop
   vertex -52.234832763671875 50.965019226074219 -41.219322204589844
   vertex -52.590171813964844 50.813419342041016 -41.178485870361328
   vertex -52.234832763671875 50.813419342041016 -41.067726135253906
  endloop
 endfacet
 facet normal -0.25017674367710896 0.54149672658473957 0.8026162794393904
  outer loop
   vertex -52.234832763671875 50.813419342041016 -41.067726135253906
   vertex -52.590171813964844 50.813419342041016 -41.178485870361328
   vertex -52.590171813964844 50.458080291748047 -40.938751220703125
  endloop
 endfacet
 facet normal -0.31834817395176029 0.58818645451579588 0.74343199747234279
  outer loop
   vertex -52.234832763671875 50.813419342041016 -41.067726135253906
   vertex -52.590171813964844 50.458080291748047 -40.938751220703125
   vertex -52.234832763671875 50.555900573730469 -40.863983154296875
  endloop
 endfacet
 facet normal -0.31709179703298379 0.57592912088332959 0.75349747177608262
  outer loop
   vertex -52.234832763671875 50.555900573730469 -40.863983154296875
   vertex -52.590171813964844 50.458080291748047 -40.938751220703125
   vertex -52.412502288818359 50.458080291748047 -40.863983154296875
  endloop
 endfacet
 facet normal -0.31708261144627353 0.57591243723863006 0.75351408888770799
  outer loop
   vertex -52.234832763671875 50.555900573730469 -40.863983154296875
   vertex -52.412502288818359 50.458080291748047 -40.863983154296875
   vertex -52.234832763671875 50.458080291748047 -40.789218902587891
  endloop
 endfacet
 facet normal -0.34422735991709852 0.460813982455478 0.81802078106734344
  outer loop
   vertex -52.234832763671875 50.458080291748047 -40.789218902587891
   vertex -52.412502288818359 50.458080291748047 -40.863983154296875
   vertex -52.590171813964844 50.102741241455078 -40.738574981689453
  endloop
 endfacet
 facet normal -0.22787717583407141 0.35698682871786841 0.90588762926526767
  outer loop
   vertex -52.234832763671875 50.458080291748047 -40.789218902587891
   vertex -52.590171813964844 50.102741241455078 -40.738574981689453
   vertex -52.234832763671875 50.102741241455078 -40.649188995361328
  endloop
 endfacet
 facet normal -0.2415070176289997 0.1412035533223476 0.96007078747615748
  outer loop
   vertex -52.234832763671875 50.102741241455078 -40.649188995361328
   vertex -52.590171813964844 50.102741241455078 -40.738574981689453
   vertex -52.590171813964844 49.747406005859375 -40.686313629150391
  endloop
 endfacet
 facet normal -0.36665977170547476 0.82733843743334001 0.4255252304602497
  outer loop
   vertex -53.300849914550781 51.229068756103516 -41.930000305175781
   vertex -53.65618896484375 51.168758392333984 -42.118923187255859
   vertex -53.436935424804688 51.168758392333984 -41.930000305175781
  endloop
 endfacet
 facet normal -0.36664786590127896 0.82735082016967953 0.4255114132365857
  outer loop
   vertex -53.436935424804688 51.168758392333984 -41.930000305175781
   vertex -53.65618896484375 51.168758392333984 -42.118923187255859
   vertex -53.65618896484375 51.07159423828125 -41.930000305175781
  endloop
 endfacet
 facet normal -0.16145373277838354 0.88125015869602874 0.44421937144855628
  outer loop
   vertex -52.590171813964844 51.463790893554688 -42.28533935546875
   vertex -52.945510864257812 51.524097442626953 -42.534126281738281
   vertex -52.945510864257812 51.398689270019531 -42.28533935546875
  endloop
 endfacet
 facet normal -0.31040520692184431 0.84885698755723482 0.42789066616492527
  outer loop
   vertex -52.945510864257812 51.398689270019531 -42.28533935546875
   vertex -52.945510864257812 51.524097442626953 -42.534126281738281
   vertex -53.092391967773438 51.524097442626953 -42.640678405761719
  endloop
 endfacet
 facet normal -0.33141393763724403 0.83833014100471404 0.43285953451759979
  outer loop
   vertex -52.945510864257812 51.398689270019531 -42.28533935546875
   vertex -53.092391967773438 51.524097442626953 -42.640678405761719
   vertex -53.300849914550781 51.441688537597656 -42.640678405761719
  endloop
 endfacet
 facet normal -0.14064631174357184 0.95629225831486986 0.25636640123069171
  outer loop
   vertex -52.945510864257812 51.398689270019531 -42.28533935546875
   vertex -53.300849914550781 51.441688537597656 -42.640678405761719
   vertex -53.300849914550781 51.346427917480469 -42.28533935546875
  endloop
 endfacet
 facet normal -0.25067281249365103 0.93505416001055564 0.25067281249365103
  outer loop
   vertex -53.300849914550781 51.346427917480469 -42.28533935546875
   vertex -53.300849914550781 51.441688537597656 -42.640678405761719
   vertex -53.65618896484375 51.346427917480469 -42.640678405761719
  endloop
 endfacet
 facet normal -0.41451172162089478 0.83702434066429987 0.35716982763718447
  outer loop
   vertex -53.65618896484375 51.251171112060547 -42.28533935546875
   vertex -54.011528015136719 51.168758392333984 -42.504592895507812
   vertex -53.822605133056641 51.168758392333984 -42.28533935546875
  endloop
 endfacet
 facet normal -0.4255114132365857 0.82735082016967953 0.36664786590127896
  outer loop
   vertex -53.822605133056641 51.168758392333984 -42.28533935546875
   vertex -54.011528015136719 51.168758392333984 -42.504592895507812
   vertex -54.011528015136719 51.07159423828125 -42.28533935546875
  endloop
 endfacet
 facet normal -0.41943292842204172 0.82993466695123352 0.36781036846159676
  outer loop
   vertex -53.65618896484375 51.251171112060547 -42.28533935546875
   vertex -54.011528015136719 51.229068756103516 -42.640678405761719
   vertex -54.011528015136719 51.168758392333984 -42.504592895507812
  endloop
 endfacet
 facet normal -0.54030201886131501 0.76930668858868201 0.34094126665322261
  outer loop
   vertex -54.011528015136719 51.168758392333984 -42.504592895507812
   vertex -54.011528015136719 51.229068756103516 -42.640678405761719
   vertex -54.097400665283203 51.168758392333984 -42.640678405761719
  endloop
 endfacet
 facet normal -0.54028684949150618 0.76932158423190233 0.34093169448066646
  outer loop
   vertex -54.011528015136719 51.168758392333984 -42.504592895507812
   vertex -54.097400665283203 51.168758392333984 -42.640678405761719
   vertex -54.011528015136719 51.07159423828125 -42.28533935546875
  endloop
 endfacet
 facet normal -0.60888501268647544 0.71538393644961062 0.34276065234453335
  outer loop
   vertex -54.011528015136719 51.07159423828125 -42.28533935546875
   vertex -54.097400665283203 51.168758392333984 -42.640678405761719
   vertex -54.366867065429688 50.939407348632812 -42.640678405761719
  endloop
 endfacet
 facet normal -0.52908036025146998 0.8182877657804416 0.2246755544562595
  outer loop
   vertex -54.011528015136719 51.07159423828125 -42.28533935546875
   vertex -54.366867065429688 50.939407348632812 -42.640678405761719
   vertex -54.366867065429688 50.841842651367188 -42.28533935546875
  endloop
 endfacet
 facet normal -0.77570575955693988 0.6085721360062939 0.16709437413308614
  outer loop
   vertex -54.366867065429688 50.841842651367188 -42.28533935546875
   vertex -54.366867065429688 50.939407348632812 -42.640678405761719
   vertex -54.465709686279297 50.813419342041016 -42.640678405761719
  endloop
 endfacet
 facet normal -0.72758589700770138 0.66967978548903728 0.14882119265365254
  outer loop
   vertex -54.366867065429688 50.841842651367188 -42.28533935546875
   vertex -54.465709686279297 50.813419342041016 -42.640678405761719
   vertex -54.393028259277344 50.813419342041016 -42.28533935546875
  endloop
 endfacet
 facet normal -0.86919361486422919 0.46140510861842621 0.17778578576498291
  outer loop
   vertex -54.393028259277344 50.813419342041016 -42.28533935546875
   vertex -54.465709686279297 50.813419342041016 -42.640678405761719
   vertex -54.581657409667969 50.458080291748047 -42.28533935546875
  endloop
 endfacet
 facet normal -0.25636640123069171 0.95629225831486986 0.14064631174357184
  outer loop
   vertex -53.300849914550781 51.441688537597656 -42.640678405761719
   vertex -53.65618896484375 51.398689270019531 -42.996017456054688
   vertex -53.65618896484375 51.346427917480469 -42.640678405761719
  endloop
 endfacet
 facet normal -0.34285212351379057 0.92939136004742284 0.1366898725995673
  outer loop
   vertex -53.65618896484375 51.346427917480469 -42.640678405761719
   vertex -53.65618896484375 51.398689270019531 -42.996017456054688
   vertex -54.011528015136719 51.267604827880859 -42.996017456054688
  endloop
 endfacet
 facet normal -0.57353188906606822 0.81662089530463378 0.064741683451741347
  outer loop
   vertex -54.011528015136719 51.229068756103516 -42.640678405761719
   vertex -54.13751220703125 51.168758392333984 -42.996017456054688
   vertex -54.097400665283203 51.168758392333984 -42.640678405761719
  endloop
 endfacet
 facet normal -0.6464201764017824 0.75948430452315263 0.072969491732310696
  outer loop
   vertex -54.097400665283203 51.168758392333984 -42.640678405761719
   vertex -54.13751220703125 51.168758392333984 -42.996017456054688
   vertex -54.366867065429688 50.939407348632812 -42.640678405761719
  endloop
 endfacet
 facet normal -0.3398987609659081 0.92138548974112688 -0.18846116732192902
  outer loop
   vertex -54.011528015136719 51.267604827880859 -42.996017456054688
   vertex -53.65618896484375 51.398689270019531 -42.996017456054688
   vertex -54.011528015136719 51.194923400878906 -43.351356506347656
  endloop
 endfacet
 facet normal -0.50446771148025504 0.86337970721123269 0.0093706589800381778
  outer loop
   vertex -54.011528015136719 51.194923400878906 -43.351356506347656
   vertex -53.65618896484375 51.398689270019531 -42.996017456054688
   vertex -53.65618896484375 51.402545928955078 -43.351356506347656
  endloop
 endfacet
 facet normal -0.66978320661025792 0.72749451658352837 -0.1488025016045729
  outer loop
   vertex -54.011528015136719 51.267604827880859 -42.996017456054688
   vertex -54.011528015136719 51.194923400878906 -43.351356506347656
   vertex -54.039947509765625 51.168758392333984 -43.351356506347656
  endloop
 endfacet
 facet normal -0.64779528557009503 0.70361202471165007 -0.29204689122524707
  outer loop
   vertex -54.039947509765625 51.168758392333984 -43.351356506347656
   vertex -54.011528015136719 51.194923400878906 -43.351356506347656
   vertex -54.011528015136719 51.168758392333984 -43.414394378662109
  endloop
 endfacet
 facet normal -0.74731338253091006 0.57272370805170836 -0.33691284114101544
  outer loop
   vertex -54.039947509765625 51.168758392333984 -43.351356506347656
   vertex -54.011528015136719 51.168758392333984 -43.414394378662109
   vertex -54.152072906494141 50.813419342041016 -43.706695556640625
  endloop
 endfacet
 facet normal 0.79950565828165188 0.43939321910520945 -0.4095415746660942
  outer loop
   vertex -46.844440460205078 51.524097442626953 -43.351356506347656
   vertex -46.831172943115234 51.168758392333984 -43.706695556640625
   vertex -46.904747009277344 51.302631378173828 -43.706695556640625
  endloop
 endfacet
 facet normal 0.78955941517176587 0.43392695162756739 -0.43393931668474767
  outer loop
   vertex -46.904747009277344 51.302631378173828 -43.706695556640625
   vertex -46.831172943115234 51.168758392333984 -43.706695556640625
   vertex -46.904747009277344 51.168758392333984 -43.840564727783203
  endloop
 endfacet
 facet normal -0.65475654504598346 0.75064792510242728 -0.088439579707660379
  outer loop
   vertex -53.65618896484375 51.365596771240234 -43.706695556640625
   vertex -53.833858489990234 51.168758392333984 -44.062034606933594
   vertex -53.881855010986328 51.168758392333984 -43.706695556640625
  endloop
 endfacet
 facet normal -0.74822846058279147 0.65569811963368996 -0.10106506163234227
  outer loop
   vertex -53.881855010986328 51.168758392333984 -43.706695556640625
   vertex -53.833858489990234 51.168758392333984 -44.062034606933594
   vertex -54.011528015136719 51.020786285400391 -43.706695556640625
  endloop
 endfacet
 facet normal 0.57813312648157056 0.15095963269064763 -0.80185614505505232
  outer loop
   vertex -47.615425109863281 51.3028564453125 -44.772712707519531
   vertex -47.580410003662109 51.168758392333984 -44.772712707519531
   vertex -47.615425109863281 51.168758392333984 -44.797958374023438
  endloop
 endfacet
 facet normal 0.52429001526430008 -0.44309529970638162 -0.7271771003492008
  outer loop
   vertex -47.615425109863281 51.168758392333984 -44.797958374023438
   vertex -47.580410003662109 51.168758392333984 -44.772712707519531
   vertex -47.615425109863281 51.127326965332031 -44.772712707519531
  endloop
 endfacet
 facet normal 0.19177017004567659 -0.51068829070176469 -0.83810600261587576
  outer loop
   vertex -47.615425109863281 51.168758392333984 -44.797958374023438
   vertex -47.615425109863281 51.127326965332031 -44.772712707519531
   vertex -47.97076416015625 51.168758392333984 -44.879264831542969
  endloop
 endfacet
 facet normal 0.18817916609175867 -0.52337541267906718 -0.8310636430815791
  outer loop
   vertex -47.97076416015625 51.168758392333984 -44.879264831542969
   vertex -47.615425109863281 51.127326965332031 -44.772712707519531
   vertex -47.97076416015625 50.999565124511719 -44.772712707519531
  endloop
 endfacet
 facet normal 0.044857347775154585 -0.5323593347398492 -0.84532914126151115
  outer loop
   vertex -47.97076416015625 51.168758392333984 -44.879264831542969
   vertex -47.97076416015625 50.999565124511719 -44.772712707519531
   vertex -48.326103210449219 51.168758392333984 -44.898120880126953
  endloop
 endfacet
 facet normal 0.32986769994575427 0.17465691897743371 -0.92772962720062357
  outer loop
   vertex -47.615425109863281 51.3028564453125 -44.772712707519531
   vertex -47.615425109863281 51.168758392333984 -44.797958374023438
   vertex -47.732566833496094 51.524097442626953 -44.772712707519531
  endloop
 endfacet
 facet normal 0.31456830356006182 0.17005017439617234 -0.93387885755229305
  outer loop
   vertex -47.732566833496094 51.524097442626953 -44.772712707519531
   vertex -47.615425109863281 51.168758392333984 -44.797958374023438
   vertex -47.97076416015625 51.524097442626953 -44.852947235107422
  endloop
 endfacet
 facet normal 0.22247021916035245 0.072010042319004958 -0.972276480941486
  outer loop
   vertex -47.615425109863281 51.168758392333984 -44.797958374023438
   vertex -47.97076416015625 51.168758392333984 -44.879264831542969
   vertex -47.97076416015625 51.524097442626953 -44.852947235107422
  endloop
 endfacet
 facet normal 0.052846057720602656 0.073757829701484465 -0.99587503068463235
  outer loop
   vertex -47.97076416015625 51.524097442626953 -44.852947235107422
   vertex -47.97076416015625 51.168758392333984 -44.879264831542969
   vertex -48.326103210449219 51.168758392333984 -44.898120880126953
  endloop
 endfacet
 facet normal 0.052161057203742985 0.074440959481381921 -0.99586031533688435
  outer loop
   vertex -47.97076416015625 51.524097442626953 -44.852947235107422
   vertex -48.326103210449219 51.168758392333984 -44.898120880126953
   vertex -48.326103210449219 51.524097442626953 -44.871559143066406
  endloop
 endfacet
 facet normal 0.10326692720592023 0.074143907417490468 -0.99188639608491125
  outer loop
   vertex -48.326103210449219 51.524097442626953 -44.871559143066406
   vertex -48.326103210449219 51.168758392333984 -44.898120880126953
   vertex -48.681442260742188 51.168758392333984 -44.935115814208984
  endloop
 endfacet
 facet normal 0.021417538759341749 0.15523474503738741 -0.9876454135805367
  outer loop
   vertex -48.326103210449219 51.524097442626953 -44.871559143066406
   vertex -48.681442260742188 51.168758392333984 -44.935115814208984
   vertex -48.681442260742188 51.524097442626953 -44.879264831542969
  endloop
 endfacet
 facet normal 0.042403734653692474 0.15513070441397089 -0.98698347900835925
  outer loop
   vertex -48.681442260742188 51.524097442626953 -44.879264831542969
   vertex -48.681442260742188 51.168758392333984 -44.935115814208984
   vertex -49.036781311035156 51.168758392333984 -44.950382232666016
  endloop
 endfacet
 facet normal 0 0.19624771608187738 -0.98055435032059635
  outer loop
   vertex -48.681442260742188 51.524097442626953 -44.879264831542969
   vertex -49.036781311035156 51.168758392333984 -44.950382232666016
   vertex -49.036781311035156 51.524097442626953 -44.879264831542969
  endloop
 endfacet
 facet normal 0 0.19624771608187738 -0.98055435032059635
  outer loop
   vertex -49.036781311035156 51.524097442626953 -44.879264831542969
   vertex -49.036781311035156 51.168758392333984 -44.950382232666016
   vertex -49.392120361328125 51.168758392333984 -44.950382232666016
  endloop
 endfacet
 facet normal 0.052427969701152523 0.14530916142136144 -0.98799623258392832
  outer loop
   vertex -49.036781311035156 51.524097442626953 -44.879264831542969
   vertex -49.392120361328125 51.168758392333984 -44.950382232666016
   vertex -49.392120361328125 51.524097442626953 -44.898120880126953
  endloop
 endfacet
 facet normal 0 0.14550927912771366 -0.98935688691580492
  outer loop
   vertex -49.392120361328125 51.524097442626953 -44.898120880126953
   vertex -49.392120361328125 51.168758392333984 -44.950382232666016
   vertex -49.747459411621094 51.168758392333984 -44.950382232666016
  endloop
 endfacet
 facet normal 0.34692466464200783 0.40704337571716925 -0.84496092652134025
  outer loop
   vertex -50.960357666015625 51.168758392333984 -45.1280517578125
   vertex -51.168815612792969 51.346427917480469 -45.1280517578125
   vertex -50.8134765625 51.168758392333984 -45.067745208740234
  endloop
 endfacet
 facet normal 0.34233243698390886 0.39534949407480929 -0.85235396410379316
  outer loop
   vertex -50.8134765625 51.168758392333984 -45.067745208740234
   vertex -51.168815612792969 51.346427917480469 -45.1280517578125
   vertex -51.168815612792969 51.524097442626953 -45.045642852783203
  endloop
 endfacet
 facet normal 0.38783811080231245 0.38783811080231245 -0.83615979311288724
  outer loop
   vertex -51.168815612792969 51.524097442626953 -45.045642852783203
   vertex -51.168815612792969 51.346427917480469 -45.1280517578125
   vertex -51.346485137939453 51.524097442626953 -45.1280517578125
  endloop
 endfacet
 facet normal 0.38785066259930107 0.38785066259930107 -0.83614814897993184
  outer loop
   vertex -51.346485137939453 51.524097442626953 -45.1280517578125
   vertex -51.168815612792969 51.346427917480469 -45.1280517578125
   vertex -51.168815612792969 51.168758392333984 -45.210464477539062
  endloop
 endfacet
 facet normal 0.3375860991235401 0.39608652652077236 -0.85390344254327777
  outer loop
   vertex -51.168815612792969 51.346427917480469 -45.1280517578125
   vertex -50.960357666015625 51.168758392333984 -45.1280517578125
   vertex -51.168815612792969 51.168758392333984 -45.210464477539062
  endloop
 endfacet
 facet normal 0.33142668391710872 0.43286248684289402 -0.8383235775474136
  outer loop
   vertex -51.168815612792969 51.168758392333984 -45.210464477539062
   vertex -50.960357666015625 51.168758392333984 -45.1280517578125
   vertex -50.8134765625 50.813419342041016 -45.253459930419922
  endloop
 endfacet
 facet normal 0.10105004368773915 0.21849024191464242 -0.97059306759258623
  outer loop
   vertex -51.168815612792969 51.168758392333984 -45.210464477539062
   vertex -50.8134765625 50.813419342041016 -45.253459930419922
   vertex -51.168815612792969 50.813419342041016 -45.290454864501953
  endloop
 endfacet
 facet normal 0.10345753364441186 0.042693034609706769 -0.99371718488110583
  outer loop
   vertex -51.168815612792969 50.813419342041016 -45.290454864501953
   vertex -50.8134765625 50.813419342041016 -45.253459930419922
   vertex -51.168815612792969 50.458080291748047 -45.305721282958984
  endloop
 endfacet
 facet normal 0.14537800863913172 0.042467356976190161 -0.98846434341132272
  outer loop
   vertex -51.168815612792969 50.813419342041016 -45.290454864501953
   vertex -51.168815612792969 50.458080291748047 -45.305721282958984
   vertex -51.524154663085938 50.458080291748047 -45.357982635498047
  endloop
 endfacet
 facet normal 0.14550927912771366 0 -0.98935688691580492
  outer loop
   vertex -51.524154663085938 50.458080291748047 -45.357982635498047
   vertex -51.168815612792969 50.458080291748047 -45.305721282958984
   vertex -51.524154663085938 50.102741241455078 -45.357982635498047
  endloop
 endfacet
 facet normal 0.45012488270728707 0 -0.89296561522140983
  outer loop
   vertex -51.524154663085938 50.458080291748047 -45.357982635498047
   vertex -51.524154663085938 50.102741241455078 -45.357982635498047
   vertex -51.772941589355469 50.458080291748047 -45.483390808105469
  endloop
 endfacet
 facet normal 0.45012488270728707 0 -0.89296561522140983
  outer loop
   vertex -51.772941589355469 50.458080291748047 -45.483390808105469
   vertex -51.524154663085938 50.102741241455078 -45.357982635498047
   vertex -51.772941589355469 50.102741241455078 -45.483390808105469
  endloop
 endfacet
 facet normal 0.49258486339171015 0 -0.87026441519653686
  outer loop
   vertex -51.772941589355469 50.458080291748047 -45.483390808105469
   vertex -51.772941589355469 50.102741241455078 -45.483390808105469
   vertex -51.879493713378906 50.102741241455078 -45.543701171875
  endloop
 endfacet
 facet normal 0.46385936929473609 -0.33649802366353027 -0.819514225372585
  outer loop
   vertex -51.879493713378906 50.102741241455078 -45.543701171875
   vertex -51.772941589355469 50.102741241455078 -45.483390808105469
   vertex -51.879493713378906 49.955860137939453 -45.483390808105469
  endloop
 endfacet
 facet normal 0.35507856801727955 -0.35508237995909336 -0.86477494990164017
  outer loop
   vertex -51.879493713378906 50.102741241455078 -45.543701171875
   vertex -51.879493713378906 49.955860137939453 -45.483390808105469
   vertex -52.234832763671875 49.747406005859375 -45.543701171875
  endloop
 endfacet
 facet normal 0.355081080049717 -0.35508757801073904 -0.86477178407554101
  outer loop
   vertex -52.234832763671875 49.747406005859375 -45.543701171875
   vertex -51.879493713378906 49.955860137939453 -45.483390808105469
   vertex -52.08795166015625 49.747406005859375 -45.483390808105469
  endloop
 endfacet
 facet normal 0.33229158606490583 -0.48442205171297642 -0.8092697805087371
  outer loop
   vertex -52.234832763671875 49.747406005859375 -45.543701171875
   vertex -52.08795166015625 49.747406005859375 -45.483390808105469
   vertex -52.234832763671875 49.646652221679688 -45.483390808105469
  endloop
 endfacet
 facet normal 0.31467925139732472 -0.45874639920500493 -0.83098057134716552
  outer loop
   vertex -52.234832763671875 49.646652221679688 -45.483390808105469
   vertex -52.08795166015625 49.747406005859375 -45.483390808105469
   vertex -52.234832763671875 49.392066955566406 -45.342845916748047
  endloop
 endfacet
 facet normal -0.19589145641248826 -0.47393528493995135 -0.85849396211824425
  outer loop
   vertex -52.234832763671875 49.646652221679688 -45.483390808105469
   vertex -52.234832763671875 49.392066955566406 -45.342845916748047
   vertex -52.590171813964844 49.392066955566406 -45.261764526367188
  endloop
 endfacet
 facet normal -0.20482330930912843 -0.39024839130048333 -0.89763779167938429
  outer loop
   vertex -52.590171813964844 49.392066955566406 -45.261764526367188
   vertex -52.234832763671875 49.392066955566406 -45.342845916748047
   vertex -52.234832763671875 49.036727905273438 -45.188362121582031
  endloop
 endfacet
 facet normal -0.34834735425196722 -0.51071511657643032 -0.78601793267455267
  outer loop
   vertex -52.590171813964844 49.392066955566406 -45.261764526367188
   vertex -52.234832763671875 49.036727905273438 -45.188362121582031
   vertex -52.370918273925781 49.036727905273438 -45.1280517578125
  endloop
 endfacet
 facet normal -0.35542987691178146 -0.48006987085229785 -0.80199907836501527
  outer loop
   vertex -52.370918273925781 49.036727905273438 -45.1280517578125
   vertex -52.234832763671875 49.036727905273438 -45.188362121582031
   vertex -52.234832763671875 48.93597412109375 -45.1280517578125
  endloop
 endfacet
 facet normal -0.35541903185040818 -0.48005522271056572 -0.8020126526101865
  outer loop
   vertex -52.370918273925781 49.036727905273438 -45.1280517578125
   vertex -52.234832763671875 48.93597412109375 -45.1280517578125
   vertex -52.590171813964844 49.036727905273438 -45.030887603759766
  endloop
 endfacet
 facet normal -0.35228910466552527 -0.45231521771327171 -0.81933102623967446
  outer loop
   vertex -52.590171813964844 49.036727905273438 -45.030887603759766
   vertex -52.234832763671875 48.93597412109375 -45.1280517578125
   vertex -52.234832763671875 48.681388854980469 -44.987506866455078
  endloop
 endfacet
 facet normal -0.30545496263076222 -0.41035421476088929 -0.85924774322206621
  outer loop
   vertex -52.590171813964844 49.036727905273438 -45.030887603759766
   vertex -52.234832763671875 48.681388854980469 -44.987506866455078
   vertex -52.590171813964844 48.681388854980469 -44.861186981201172
  endloop
 endfacet
 facet normal -0.31368392530902289 -0.3506848739185851 -0.88239589426029719
  outer loop
   vertex -52.590171813964844 48.681388854980469 -44.861186981201172
   vertex -52.234832763671875 48.681388854980469 -44.987506866455078
   vertex -52.234832763671875 48.3260498046875 -44.846286773681641
  endloop
 endfacet
 facet normal -0.45938616082787315 -0.49043971159588179 -0.74056278905274175
  outer loop
   vertex -52.590171813964844 48.681388854980469 -44.861186981201172
   vertex -52.234832763671875 48.3260498046875 -44.846286773681641
   vertex -52.353439331054688 48.3260498046875 -44.772712707519531
  endloop
 endfacet
 facet normal -0.46631471842959493 -0.46631471842959493 -0.75173211102882598
  outer loop
   vertex -52.353439331054688 48.3260498046875 -44.772712707519531
   vertex -52.234832763671875 48.3260498046875 -44.846286773681641
   vertex -52.234832763671875 48.207443237304688 -44.772712707519531
  endloop
 endfacet
 facet normal 0.18229170141549625 0.21593462247099429 -0.95924031108651431
  outer loop
   vertex -51.524154663085938 51.524097442626953 -45.210464477539062
   vertex -51.524154663085938 51.168758392333984 -45.290454864501953
   vertex -51.879493713378906 51.168758392333984 -45.357982635498047
  endloop
 endfacet
 facet normal 0.18374372276086923 0.17714215188323321 -0.96688101769150192
  outer loop
   vertex -51.879493713378906 51.168758392333984 -45.357982635498047
   vertex -51.524154663085938 51.168758392333984 -45.290454864501953
   vertex -51.879493713378906 50.813419342041016 -45.423084259033203
  endloop
 endfacet
 facet normal 0.44421937144855628 0.16145373277838354 -0.88125015869602874
  outer loop
   vertex -51.879493713378906 51.168758392333984 -45.357982635498047
   vertex -51.879493713378906 50.813419342041016 -45.423084259033203
   vertex -52.128280639648438 51.168758392333984 -45.483390808105469
  endloop
 endfacet
 facet normal 0.48325800713226769 0.1934380896825951 -0.85384038555370367
  outer loop
   vertex -52.128280639648438 51.168758392333984 -45.483390808105469
   vertex -51.879493713378906 50.813419342041016 -45.423084259033203
   vertex -51.986045837402344 50.813419342041016 -45.483390808105469
  endloop
 endfacet
 facet normal 0.44299183483607119 0.17732038168220879 -0.8788149500939586
  outer loop
   vertex -52.128280639648438 51.168758392333984 -45.483390808105469
   vertex -51.986045837402344 50.813419342041016 -45.483390808105469
   vertex -52.234832763671875 50.813419342041016 -45.608798980712891
  endloop
 endfacet
 facet normal 0.43271199553855583 0.27544989105906514 -0.85842162509607711
  outer loop
   vertex -52.234832763671875 50.813419342041016 -45.608798980712891
   vertex -51.986045837402344 50.813419342041016 -45.483390808105469
   vertex -51.879493713378906 50.458080291748047 -45.543701171875
  endloop
 endfacet
 facet normal 0.27476729390987803 0.099566312309456978 -0.95634171907877064
  outer loop
   vertex -52.234832763671875 50.813419342041016 -45.608798980712891
   vertex -51.879493713378906 50.458080291748047 -45.543701171875
   vertex -52.234832763671875 50.458080291748047 -45.645793914794922
  endloop
 endfacet
 facet normal 0.27613945047481447 0 -0.96111758067963105
  outer loop
   vertex -52.234832763671875 50.458080291748047 -45.645793914794922
   vertex -51.879493713378906 50.458080291748047 -45.543701171875
   vertex -52.234832763671875 50.102741241455078 -45.645793914794922
  endloop
 endfacet
 facet normal 0 0 -1
  outer loop
   vertex -52.234832763671875 50.458080291748047 -45.645793914794922
   vertex -52.234832763671875 50.102741241455078 -45.645793914794922
   vertex -52.590171813964844 50.102741241455078 -45.645793914794922
  endloop
 endfacet
 facet normal -0 -0.3006893447194956 -0.95372213876587775
  outer loop
   vertex -52.590171813964844 50.102741241455078 -45.645793914794922
   vertex -52.234832763671875 50.102741241455078 -45.645793914794922
   vertex -52.590171813964844 49.747406005859375 -45.533763885498047
  endloop
 endfacet
 facet normal -0.28795063270505888 -0.28795372399570829 -0.91332748013062626
  outer loop
   vertex -52.590171813964844 50.102741241455078 -45.645793914794922
   vertex -52.590171813964844 49.747406005859375 -45.533763885498047
   vertex -52.945510864257812 50.102741241455078 -45.533763885498047
  endloop
 endfacet
 facet normal -0.44447549850201923 -0.44448027016353464 -0.77773955837846698
  outer loop
   vertex -52.945510864257812 50.102741241455078 -45.533763885498047
   vertex -52.590171813964844 49.747406005859375 -45.533763885498047
   vertex -52.678314208984375 49.747406005859375 -45.483390808105469
  endloop
 endfacet
 facet normal 0.42789173686953247 0.31039792219815038 -0.8488591116397618
  outer loop
   vertex -51.879493713378906 51.168758392333984 -45.357982635498047
   vertex -52.128280639648438 51.168758392333984 -45.483390808105469
   vertex -52.234832763671875 51.315643310546875 -45.483390808105469
  endloop
 endfacet
 facet normal 0.46386073334545019 0.33649027408921217 -0.81951663528179086
  outer loop
   vertex -52.234832763671875 51.315643310546875 -45.483390808105469
   vertex -52.128280639648438 51.168758392333984 -45.483390808105469
   vertex -52.234832763671875 51.168758392333984 -45.543701171875
  endloop
 endfacet
 facet normal -0.6219302386867509 0.4083436870433626 -0.66817528498057555
  outer loop
   vertex -53.300849914550781 51.524097442626953 -45.258403778076172
   vertex -53.300849914550781 51.168758392333984 -45.475563049316406
   vertex -53.65618896484375 51.168758392333984 -45.144817352294922
  endloop
 endfacet
 facet normal -0.68112604456937598 0.0239996316870171 -0.73177273048957214
  outer loop
   vertex -53.65618896484375 51.168758392333984 -45.144817352294922
   vertex -53.300849914550781 51.168758392333984 -45.475563049316406
   vertex -53.65618896484375 50.813419342041016 -45.156471252441406
  endloop
 endfacet
 facet normal -0.73555272187612286 0.02220666649525202 -0.67710343176193966
  outer loop
   vertex -53.65618896484375 51.168758392333984 -45.144817352294922
   vertex -53.65618896484375 50.813419342041016 -45.156471252441406
   vertex -53.682350158691406 50.813419342041016 -45.1280517578125
  endloop
 endfacet
 facet normal -0.70366019191452323 -0.29204197507563545 -0.64774518069124842
  outer loop
   vertex -53.682350158691406 50.813419342041016 -45.1280517578125
   vertex -53.65618896484375 50.813419342041016 -45.156471252441406
   vertex -53.65618896484375 50.750385284423828 -45.1280517578125
  endloop
 endfacet
 facet normal -0.71176756759750393 -0.2954068009309902 -0.63727682499840754
  outer loop
   vertex -53.682350158691406 50.813419342041016 -45.1280517578125
   vertex -53.65618896484375 50.750385284423828 -45.1280517578125
   vertex -53.853023529052734 50.458080291748047 -44.772712707519531
  endloop
 endfacet
 facet normal -0.72348257755252876 -0.27993451053814461 -0.63103853272816746
  outer loop
   vertex -53.853023529052734 50.458080291748047 -44.772712707519531
   vertex -53.65618896484375 50.750385284423828 -45.1280517578125
   vertex -53.65618896484375 50.458080291748047 -44.998382568359375
  endloop
 endfacet
 facet normal 0.38382450936299989 0.4097700115431559 0.82750666683246399
  outer loop
   vertex -49.214450836181641 50.813419342041016 -40.863983154296875
   vertex -49.392120361328125 50.979839324951172 -40.863983154296875
   vertex -49.392120361328125 50.813419342041016 -40.781574249267578
  endloop
 endfacet
 facet normal 0.36174117123397831 0.41370726991262735 0.83545773074148411
  outer loop
   vertex -49.392120361328125 50.813419342041016 -40.781574249267578
   vertex -49.392120361328125 50.979839324951172 -40.863983154296875
   vertex -49.747459411621094 51.168758392333984 -40.803676605224609
  endloop
 endfacet
 facet normal 0.21146444570685352 0.26989474750596215 0.93938257034638772
  outer loop
   vertex -49.392120361328125 50.813419342041016 -40.781574249267578
   vertex -49.747459411621094 51.168758392333984 -40.803676605224609
   vertex -49.747459411621094 50.813419342041016 -40.701583862304688
  endloop
 endfacet
 facet normal 0.082314938090041923 0.27520233455387783 0.95785590044814561
  outer loop
   vertex -49.747459411621094 50.813419342041016 -40.701583862304688
   vertex -49.747459411621094 51.168758392333984 -40.803676605224609
   vertex -50.102798461914062 50.813419342041016 -40.671047210693359
  endloop
 endfacet
 facet normal 0.082314938090041923 0.27520233455387783 0.95785590044814561
  outer loop
   vertex -49.747459411621094 50.813419342041016 -40.701583862304688
   vertex -50.102798461914062 50.813419342041016 -40.671047210693359
   vertex -50.102798461914062 50.458080291748047 -40.568954467773438
  endloop
 endfacet
 facet normal 0.36664255638393911 0.42551384320174629 0.82735192336268226
  outer loop
   vertex -49.747459411621094 51.168758392333984 -40.803676605224609
   vertex -49.392120361328125 50.979839324951172 -40.863983154296875
   vertex -49.611373901367188 51.168758392333984 -40.863983154296875
  endloop
 endfacet
 facet normal 0.36665637845732763 0.42552988466629033 0.82733754743299937
  outer loop
   vertex -49.611373901367188 51.168758392333984 -40.863983154296875
   vertex -49.392120361328125 50.979839324951172 -40.863983154296875
   vertex -49.392120361328125 51.168758392333984 -40.961151123046875
  endloop
 endfacet
 facet normal -0.30889344858250628 0.58188126977603427 0.75232906716850734
  outer loop
   vertex -50.932167053222656 51.168758392333984 -40.863983154296875
   vertex -51.168815612792969 51.043132781982422 -40.863983154296875
   vertex -51.168815612792969 50.813419342041016 -40.686313629150391
  endloop
 endfacet
 facet normal -0.24342600514055038 0.59339707838634537 0.76721814849745451
  outer loop
   vertex -51.168815612792969 50.813419342041016 -40.686313629150391
   vertex -51.168815612792969 51.043132781982422 -40.863983154296875
   vertex -51.524154663085938 50.813419342041016 -40.799057006835938
  endloop
 endfacet
 facet normal -0.26178391609686263 0.50071543823230069 0.82507771221190174
  outer loop
   vertex -51.168815612792969 50.813419342041016 -40.686313629150391
   vertex -51.524154663085938 50.813419342041016 -40.799057006835938
   vertex -51.524154663085938 50.458080291748047 -40.583412170410156
  endloop
 endfacet
 facet normal -0.2635758422465318 0.61724337444413702 0.74130856739204498
  outer loop
   vertex -51.168815612792969 51.043132781982422 -40.863983154296875
   vertex -51.524154663085938 50.891395568847656 -40.863983154296875
   vertex -51.524154663085938 50.813419342041016 -40.799057006835938
  endloop
 endfacet
 facet normal 0.35891979361744047 0.21912126450506264 0.9072830061184417
  outer loop
   vertex -47.615425109863281 51.168758392333984 -41.159015655517578
   vertex -47.615425109863281 50.813419342041016 -41.073196411132812
   vertex -47.260086059570312 50.813419342041016 -41.213768005371094
  endloop
 endfacet
 facet normal 0.35891979361744047 -0.21912126450506264 0.9072830061184417
  outer loop
   vertex -47.260086059570312 50.813419342041016 -41.213768005371094
   vertex -47.615425109863281 50.813419342041016 -41.073196411132812
   vertex -47.615425109863281 50.458080291748047 -41.159015655517578
  endloop
 endfacet
 facet normal 0.39170328774070751 -0.2555072569591828 0.88390303541413118
  outer loop
   vertex -47.260086059570312 50.813419342041016 -41.213768005371094
   vertex -47.615425109863281 50.458080291748047 -41.159015655517578
   vertex -47.479339599609375 50.458080291748047 -41.219322204589844
  endloop
 endfacet
 facet normal 0.35541231518824179 -0.48006432668302368 0.80201017977261935
  outer loop
   vertex -47.479339599609375 50.458080291748047 -41.219322204589844
   vertex -47.615425109863281 50.458080291748047 -41.159015655517578
   vertex -47.615425109863281 50.357330322265625 -41.219322204589844
  endloop
 endfacet
 facet normal 0.35542490561679152 -0.48008133289059185 0.80199442035296442
  outer loop
   vertex -47.479339599609375 50.458080291748047 -41.219322204589844
   vertex -47.615425109863281 50.357330322265625 -41.219322204589844
   vertex -47.260086059570312 50.458080291748047 -41.316490173339844
  endloop
 endfacet
 facet normal 0.39380437818836445 0.4204244925989794 0.81741137607851189
  outer loop
   vertex -49.392120361328125 50.979839324951172 -40.863983154296875
   vertex -49.214450836181641 50.813419342041016 -40.863983154296875
   vertex -49.392120361328125 51.168758392333984 -40.961151123046875
  endloop
 endfacet
 facet normal 0.38250645353401852 0.41674860689148896 0.82462683176017926
  outer loop
   vertex -49.392120361328125 51.168758392333984 -40.961151123046875
   vertex -49.214450836181641 50.813419342041016 -40.863983154296875
   vertex -49.036781311035156 50.813419342041016 -40.946395874023438
  endloop
 endfacet
 facet normal 0.29627108473716113 0.33343588304309074 0.89501059001999539
  outer loop
   vertex -49.392120361328125 51.168758392333984 -40.961151123046875
   vertex -49.036781311035156 50.813419342041016 -40.946395874023438
   vertex -49.036781311035156 51.168758392333984 -41.078777313232422
  endloop
 endfacet
 facet normal -0.33642102202147395 0.66589071773903974 0.66589071773903974
  outer loop
   vertex -51.660240173339844 51.168758392333984 -41.219322204589844
   vertex -51.879493713378906 51.057987213134766 -41.219322204589844
   vertex -51.879493713378906 50.813419342041016 -40.974754333496094
  endloop
 endfacet
 facet normal -0.18192194151882912 0.69530727279168447 0.69530727279168447
  outer loop
   vertex -51.879493713378906 50.813419342041016 -40.974754333496094
   vertex -51.879493713378906 51.057987213134766 -41.219322204589844
   vertex -52.234832763671875 50.813419342041016 -41.067726135253906
  endloop
 endfacet
 facet normal -0.19257425171174977 0.64899074410346569 0.73602049675650294
  outer loop
   vertex -51.879493713378906 50.813419342041016 -40.974754333496094
   vertex -52.234832763671875 50.813419342041016 -41.067726135253906
   vertex -51.879493713378906 50.687793731689453 -40.863983154296875
  endloop
 endfacet
 facet normal -0.22442732961151399 0.60463935656724588 0.76422746758631477
  outer loop
   vertex -51.879493713378906 50.687793731689453 -40.863983154296875
   vertex -52.234832763671875 50.813419342041016 -41.067726135253906
   vertex -52.234832763671875 50.555900573730469 -40.863983154296875
  endloop
 endfacet
 facet normal -0.21987938658122047 0.59238654692814707 0.77506853527621189
  outer loop
   vertex -51.879493713378906 50.687793731689453 -40.863983154296875
   vertex -52.234832763671875 50.555900573730469 -40.863983154296875
   vertex -52.234832763671875 50.458080291748047 -40.789218902587891
  endloop
 endfacet
 facet normal -0.36880157328628849 0.67057702150677234 0.64367061278938631
  outer loop
   vertex -51.660240173339844 51.168758392333984 -41.219322204589844
   vertex -51.879493713378906 50.813419342041016 -40.974754333496094
   vertex -51.524154663085938 51.168758392333984 -41.141349792480469
  endloop
 endfacet
 facet normal -0.34030745262702011 0.65610701030218455 0.67358327526656825
  outer loop
   vertex -51.524154663085938 51.168758392333984 -41.141349792480469
   vertex -51.879493713378906 50.813419342041016 -40.974754333496094
   vertex -51.660240173339844 50.813419342041016 -40.863983154296875
  endloop
 endfacet
 facet normal -0.18191251110411849 0.69529975829258706 0.69531725451197035
  outer loop
   vertex -51.879493713378906 51.057987213134766 -41.219322204589844
   vertex -52.234832763671875 50.965019226074219 -41.219322204589844
   vertex -52.234832763671875 50.813419342041016 -41.067726135253906
  endloop
 endfacet
 facet normal -0.31642582839672367 0.6707423640608301 0.67080502098414263
  outer loop
   vertex -52.590171813964844 50.813419342041016 -41.178485870361328
   vertex -52.590171813964844 50.854259490966797 -41.219322204589844
   vertex -52.676742553710938 50.813419342041016 -41.219322204589844
  endloop
 endfacet
 facet normal -0.31961361778351344 0.67749966766103631 0.66245100622349384
  outer loop
   vertex -52.676742553710938 50.813419342041016 -41.219322204589844
   vertex -52.590171813964844 50.854259490966797 -41.219322204589844
   vertex -52.945510864257812 50.813419342041016 -41.348995208740234
  endloop
 endfacet
 facet normal -0.32853574214254516 0.65450755664749083 0.68094355450813882
  outer loop
   vertex -52.676742553710938 50.813419342041016 -41.219322204589844
   vertex -52.945510864257812 50.813419342041016 -41.348995208740234
   vertex -52.945510864257812 50.678508758544922 -41.219322204589844
  endloop
 endfacet
 facet normal -0.10990111556373079 0.68877577788500188 0.71659589211546426
  outer loop
   vertex -52.945510864257812 50.678508758544922 -41.219322204589844
   vertex -52.945510864257812 50.813419342041016 -41.348995208740234
   vertex -53.300849914550781 50.813419342041016 -41.403491973876953
  endloop
 endfacet
 facet normal -0.12339063047882111 0.67191846305987291 0.73027414804941393
  outer loop
   vertex -52.945510864257812 50.678508758544922 -41.219322204589844
   vertex -53.300849914550781 50.813419342041016 -41.403491973876953
   vertex -53.300849914550781 50.613254547119141 -41.219322204589844
  endloop
 endfacet
 facet normal -0.18951067559396426 0.66482285876491243 0.72256229509957715
  outer loop
   vertex -53.300849914550781 50.613254547119141 -41.219322204589844
   vertex -53.300849914550781 50.813419342041016 -41.403491973876953
   vertex -53.65618896484375 50.813419342041016 -41.496688842773438
  endloop
 endfacet
 facet normal -0.21611768577295401 0.63913145056037424 0.73810848443893029
  outer loop
   vertex -53.300849914550781 50.613254547119141 -41.219322204589844
   vertex -53.65618896484375 50.813419342041016 -41.496688842773438
   vertex -53.65618896484375 50.493099212646484 -41.219322204589844
  endloop
 endfacet
 facet normal -0.52868498633834926 0.55563755426932393 0.64168457477644236
  outer loop
   vertex -53.65618896484375 50.493099212646484 -41.219322204589844
   vertex -53.65618896484375 50.813419342041016 -41.496688842773438
   vertex -53.6929931640625 50.458080291748047 -41.219322204589844
  endloop
 endfacet
 facet normal -0.48622446591599855 0.51101237986465731 0.7088385686245926
  outer loop
   vertex -53.65618896484375 50.493099212646484 -41.219322204589844
   vertex -53.6929931640625 50.458080291748047 -41.219322204589844
   vertex -53.65618896484375 50.458080291748047 -41.194076538085938
  endloop
 endfacet
 facet normal -0.55203835451297278 0.21811699375722479 0.8047848359536357
  outer loop
   vertex -53.65618896484375 50.458080291748047 -41.194076538085938
   vertex -53.6929931640625 50.458080291748047 -41.219322204589844
   vertex -53.65618896484375 50.102741241455078 -41.097770690917969
  endloop
 endfacet
 facet normal -0.25307262642683431 0.25307262642683431 0.93376040369403523
  outer loop
   vertex -53.65618896484375 50.458080291748047 -41.194076538085938
   vertex -53.65618896484375 50.102741241455078 -41.097770690917969
   vertex -53.300849914550781 50.458080291748047 -41.097770690917969
  endloop
 endfacet
 facet normal -0.36489685601731725 0.36489685601731725 0.85656323113787358
  outer loop
   vertex -53.300849914550781 50.458080291748047 -41.097770690917969
   vertex -53.65618896484375 50.102741241455078 -41.097770690917969
   vertex -53.300849914550781 50.102741241455078 -40.946395874023438
  endloop
 endfacet
 facet normal -0.14378394584282586 0.38784817748181744 0.91043943683360951
  outer loop
   vertex -53.300849914550781 50.458080291748047 -41.097770690917969
   vertex -53.300849914550781 50.102741241455078 -40.946395874023438
   vertex -52.945510864257812 50.458080291748047 -41.041652679443359
  endloop
 endfacet
 facet normal -0.31655733578051309 0.52783863077484428 0.78814835724328003
  outer loop
   vertex -52.945510864257812 50.458080291748047 -41.041652679443359
   vertex -53.300849914550781 50.102741241455078 -40.946395874023438
   vertex -52.945510864257812 50.192790985107422 -40.863983154296875
  endloop
 endfacet
 facet normal -0.22171966140511934 0.54260532432774267 0.81019741653351651
  outer loop
   vertex -52.945510864257812 50.458080291748047 -41.041652679443359
   vertex -52.945510864257812 50.192790985107422 -40.863983154296875
   vertex -52.590171813964844 50.337989807128906 -40.863983154296875
  endloop
 endfacet
 facet normal -0.22171590795407661 0.5425961386628021 0.81020459543766876
  outer loop
   vertex -52.590171813964844 50.337989807128906 -40.863983154296875
   vertex -52.945510864257812 50.192790985107422 -40.863983154296875
   vertex -52.945510864257812 50.102741241455078 -40.803676605224609
  endloop
 endfacet
 facet normal -0.15959989417836828 0.46438969324300039 0.87113149787384314
  outer loop
   vertex -52.590171813964844 50.337989807128906 -40.863983154296875
   vertex -52.945510864257812 50.102741241455078 -40.803676605224609
   vertex -52.590171813964844 50.102741241455078 -40.738574981689453
  endloop
 endfacet
 facet normal -0.17533081437339318 0.23112971265699916 0.95699433721326466
  outer loop
   vertex -52.590171813964844 50.102741241455078 -40.738574981689453
   vertex -52.945510864257812 50.102741241455078 -40.803676605224609
   vertex -52.945510864257812 49.747406005859375 -40.717857360839844
  endloop
 endfacet
 facet normal -0.087489210551978308 0.14495284219879503 0.98556294145806989
  outer loop
   vertex -52.590171813964844 50.102741241455078 -40.738574981689453
   vertex -52.945510864257812 49.747406005859375 -40.717857360839844
   vertex -52.590171813964844 49.747406005859375 -40.686313629150391
  endloop
 endfacet
 facet normal -0.085970397931757606 -0.23389479287347331 0.96845356963879803
  outer loop
   vertex -52.590171813964844 49.747406005859375 -40.686313629150391
   vertex -52.945510864257812 49.747406005859375 -40.717857360839844
   vertex -52.945510864257812 49.392066955566406 -40.803676605224609
  endloop
 endfacet
 facet normal 0.72921500530474503 0.13233119108611283 0.67136721092419405
  outer loop
   vertex -46.904747009277344 51.168758392333984 -41.546241760253906
   vertex -46.814098358154297 50.813419342041016 -41.574661254882812
   vertex -46.878582000732422 51.168758392333984 -41.574661254882812
  endloop
 endfacet
 facet normal 0.92060208854819525 0.16706234787781743 0.35296170682136602
  outer loop
   vertex -46.878582000732422 51.168758392333984 -41.574661254882812
   vertex -46.814098358154297 50.813419342041016 -41.574661254882812
   vertex -46.742343902587891 51.168758392333984 -41.930000305175781
  endloop
 endfacet
 facet normal 0.56638992821524303 0.22955799583261605 0.79152105200407918
  outer loop
   vertex -47.251857757568359 50.813419342041016 -41.219322204589844
   vertex -46.904747009277344 50.813419342041016 -41.467704772949219
   vertex -47.260086059570312 51.168758392333984 -41.316490173339844
  endloop
 endfacet
 facet normal -0.31036877085417935 0.71638522886344946 0.62487073058731835
  outer loop
   vertex -52.590171813964844 50.854259490966797 -41.219322204589844
   vertex -52.945510864257812 51.010257720947266 -41.574661254882812
   vertex -52.945510864257812 50.813419342041016 -41.348995208740234
  endloop
 endfacet
 facet normal -0.10030370967939542 0.74980036759967905 0.65401725861932547
  outer loop
   vertex -52.945510864257812 50.813419342041016 -41.348995208740234
   vertex -52.945510864257812 51.010257720947266 -41.574661254882812
   vertex -53.300849914550781 50.813419342041016 -41.403491973876953
  endloop
 endfacet
 facet normal -0.078907795389579802 0.73144204801864443 0.67732273711802049
  outer loop
   vertex -53.300849914550781 50.813419342041016 -41.403491973876953
   vertex -52.945510864257812 51.010257720947266 -41.574661254882812
   vertex -53.300849914550781 50.971923828125 -41.574661254882812
  endloop
 endfacet
 facet normal -0.086785295693849768 0.80446315990467776 0.58762857044863981
  outer loop
   vertex -53.300849914550781 50.971923828125 -41.574661254882812
   vertex -52.945510864257812 51.010257720947266 -41.574661254882812
   vertex -53.300849914550781 51.168758392333984 -41.844127655029297
  endloop
 endfacet
 facet normal -0.19834206937724241 0.75318237922911258 0.6271975184373153
  outer loop
   vertex -53.65618896484375 50.878349304199219 -41.574661254882812
   vertex -53.65618896484375 50.813419342041016 -41.496688842773438
   vertex -53.300849914550781 50.971923828125 -41.574661254882812
  endloop
 endfacet
 facet normal -0.17543728511781345 0.72235017379132516 0.66890356959290742
  outer loop
   vertex -53.300849914550781 50.971923828125 -41.574661254882812
   vertex -53.65618896484375 50.813419342041016 -41.496688842773438
   vertex -53.300849914550781 50.813419342041016 -41.403491973876953
  endloop
 endfacet
 facet normal 0.9704533055517216 0.041693549423703589 0.23765948262207057
  outer loop
   vertex -46.814098358154297 50.813419342041016 -41.574661254882812
   vertex -46.727077484130859 50.813419342041016 -41.930000305175781
   vertex -46.742343902587891 51.168758392333984 -41.930000305175781
  endloop
 endfacet
 facet normal 0.99815927869823939 0.042883880121850286 0.042883880121850286
  outer loop
   vertex -46.742343902587891 51.168758392333984 -41.930000305175781
   vertex -46.727077484130859 50.813419342041016 -41.930000305175781
   vertex -46.727077484130859 51.168758392333984 -42.28533935546875
  endloop
 endfacet
 facet normal 1 0 0
  outer loop
   vertex -46.727077484130859 50.813419342041016 -41.930000305175781
   vertex -46.727077484130859 50.813419342041016 -42.28533935546875
   vertex -46.727077484130859 51.168758392333984 -42.28533935546875
  endloop
 endfacet
 facet normal 1 -0 0
  outer loop
   vertex -46.727077484130859 51.168758392333984 -42.28533935546875
   vertex -46.727077484130859 50.813419342041016 -42.28533935546875
   vertex -46.727077484130859 51.168758392333984 -42.640678405761719
  endloop
 endfacet
 facet normal 1 0 0
  outer loop
   vertex -46.727077484130859 50.813419342041016 -42.28533935546875
   vertex -46.727077484130859 50.813419342041016 -42.640678405761719
   vertex -46.727077484130859 51.168758392333984 -42.640678405761719
  endloop
 endfacet
 facet normal 1 -0 0
  outer loop
   vertex -46.727077484130859 51.168758392333984 -42.640678405761719
   vertex -46.727077484130859 50.813419342041016 -42.640678405761719
   vertex -46.727077484130859 51.168758392333984 -42.996017456054688
  endloop
 endfacet
 facet normal 1 0 0
  outer loop
   vertex -46.727077484130859 50.813419342041016 -42.640678405761719
   vertex -46.727077484130859 50.813419342041016 -42.996017456054688
   vertex -46.727077484130859 51.168758392333984 -42.996017456054688
  endloop
 endfacet
 facet normal 0.99907836758367441 0 -0.042923366903594898
  outer loop
   vertex -46.727077484130859 51.168758392333984 -42.996017456054688
   vertex -46.727077484130859 50.813419342041016 -42.996017456054688
   vertex -46.742343902587891 51.168758392333984 -43.351356506347656
  endloop
 endfacet
 facet normal -0.75947857419810971 0.64642605069560932 -0.072977094461782369
  outer loop
   vertex -54.366867065429688 50.939407348632812 -42.640678405761719
   vertex -54.13751220703125 51.168758392333984 -42.996017456054688
   vertex -54.366867065429688 50.8992919921875 -42.996017456054688
  endloop
 endfacet
 facet normal -0.7153770418755262 0.60888927172983953 -0.34276747618426001
  outer loop
   vertex -54.366867065429688 50.8992919921875 -42.996017456054688
   vertex -54.13751220703125 51.168758392333984 -42.996017456054688
   vertex -54.269699096679688 50.813419342041016 -43.351356506347656
  endloop
 endfacet
 facet normal -0.76930925676788231 0.54029940353985961 -0.34093961633362618
  outer loop
   vertex -54.366867065429688 50.8992919921875 -42.996017456054688
   vertex -54.269699096679688 50.813419342041016 -43.351356506347656
   vertex -54.366867065429688 50.813419342041016 -43.132102966308594
  endloop
 endfacet
 facet normal -0.8473327532189725 0.37551777942086556 -0.37551777942086556
  outer loop
   vertex -54.366867065429688 50.813419342041016 -43.132102966308594
   vertex -54.269699096679688 50.813419342041016 -43.351356506347656
   vertex -54.366867065429688 50.594165802001953 -43.351356506347656
  endloop
 endfacet
 facet normal -0.84734591395924641 0.3755029308118441 -0.3755029308118441
  outer loop
   vertex -54.366867065429688 50.813419342041016 -43.132102966308594
   vertex -54.366867065429688 50.594165802001953 -43.351356506347656
   vertex -54.427173614501953 50.458080291748047 -43.351356506347656
  endloop
 endfacet
 facet normal -0.81198397824565871 0.35983222268558668 -0.45956804783351063
  outer loop
   vertex -54.427173614501953 50.458080291748047 -43.351356506347656
   vertex -54.366867065429688 50.594165802001953 -43.351356506347656
   vertex -54.366867065429688 50.458080291748047 -43.457908630371094
  endloop
 endfacet
 facet normal -0.86474880316888381 0.11254267032545763 -0.48943197154864976
  outer loop
   vertex -54.427173614501953 50.458080291748047 -43.351356506347656
   vertex -54.366867065429688 50.458080291748047 -43.457908630371094
   vertex -54.473419189453125 50.102741241455078 -43.351356506347656
  endloop
 endfacet
 facet normal -0.85309084783582523 0.10239467995518234 -0.51161639424047822
  outer loop
   vertex -54.473419189453125 50.102741241455078 -43.351356506347656
   vertex -54.366867065429688 50.458080291748047 -43.457908630371094
   vertex -54.366867065429688 50.102741241455078 -43.529026031494141
  endloop
 endfacet
 facet normal -0.85230613116390963 -0.11092451049501419 -0.51114578326721039
  outer loop
   vertex -54.473419189453125 50.102741241455078 -43.351356506347656
   vertex -54.366867065429688 50.102741241455078 -43.529026031494141
   vertex -54.427173614501953 49.747406005859375 -43.351356506347656
  endloop
 endfacet
 facet normal -0.85278642508320568 -0.11048933064544739 -0.51043845956915035
  outer loop
   vertex -54.427173614501953 49.747406005859375 -43.351356506347656
   vertex -54.366867065429688 50.102741241455078 -43.529026031494141
   vertex -54.366867065429688 49.747406005859375 -43.452110290527344
  endloop
 endfacet
 facet normal -0.80201717778851578 -0.35541541637210983 -0.48005033937826158
  outer loop
   vertex -54.427173614501953 49.747406005859375 -43.351356506347656
   vertex -54.366867065429688 49.747406005859375 -43.452110290527344
   vertex -54.366867065429688 49.611320495605469 -43.351356506347656
  endloop
 endfacet
 facet normal -0.80200141872716357 -0.35542800713025108 -0.48006734538711865
  outer loop
   vertex -54.366867065429688 49.611320495605469 -43.351356506347656
   vertex -54.366867065429688 49.747406005859375 -43.452110290527344
   vertex -54.269699096679688 49.392066955566406 -43.351356506347656
  endloop
 endfacet
 facet normal -0.8473327532189725 -0.37551777942086556 -0.37551777942086556
  outer loop
   vertex -54.366867065429688 49.611320495605469 -43.351356506347656
   vertex -54.269699096679688 49.392066955566406 -43.351356506347656
   vertex -54.366867065429688 49.392066955566406 -43.132102966308594
  endloop
 endfacet
 facet normal -0.76246987939895117 -0.55177666106540391 -0.33790856649819201
  outer loop
   vertex -54.366867065429688 49.392066955566406 -43.132102966308594
   vertex -54.269699096679688 49.392066955566406 -43.351356506347656
   vertex -54.170028686523438 49.036727905273438 -42.996017456054688
  endloop
 endfacet
 facet normal -0.75678078573335061 -0.552809192426859 -0.34883354069409162
  outer loop
   vertex -54.366867065429688 49.392066955566406 -43.132102966308594
   vertex -54.170028686523438 49.036727905273438 -42.996017456054688
   vertex -54.366867065429688 49.306194305419922 -42.996017456054688
  endloop
 endfacet
 facet normal -0.80673936181184702 -0.58930266665002773 -0.043519756233006239
  outer loop
   vertex -54.366867065429688 49.306194305419922 -42.996017456054688
   vertex -54.170028686523438 49.036727905273438 -42.996017456054688
   vertex -54.189197540283203 49.036727905273438 -42.640678405761719
  endloop
 endfacet
 facet normal -0.75639042071251472 -0.64468631795562947 -0.11069364433045988
  outer loop
   vertex -54.366867065429688 49.306194305419922 -42.996017456054688
   vertex -54.189197540283203 49.036727905273438 -42.640678405761719
   vertex -54.366867065429688 49.245182037353516 -42.640678405761719
  endloop
 endfacet
 facet normal -0.78391863652348692 0.61501546586005595 -0.085014987291038804
  outer loop
   vertex -54.366867065429688 50.939407348632812 -42.640678405761719
   vertex -54.427173614501953 50.813419342041016 -42.996017456054688
   vertex -54.465709686279297 50.813419342041016 -42.640678405761719
  endloop
 endfacet
 facet normal -0.93337528941194048 0.34433181369137866 -0.10122337277122301
  outer loop
   vertex -54.465709686279297 50.813419342041016 -42.640678405761719
   vertex -54.427173614501953 50.813419342041016 -42.996017456054688
   vertex -54.596797943115234 50.458080291748047 -42.640678405761719
  endloop
 endfacet
 facet normal -0.93744538489123741 0.3458333140783949 0.039943325095365773
  outer loop
   vertex -54.465709686279297 50.813419342041016 -42.640678405761719
   vertex -54.596797943115234 50.458080291748047 -42.640678405761719
   vertex -54.581657409667969 50.458080291748047 -42.28533935546875
  endloop
 endfacet
 facet normal -0.96591527021238666 0.25556573000165844 0.041156389774266909
  outer loop
   vertex -54.581657409667969 50.458080291748047 -42.28533935546875
   vertex -54.596797943115234 50.458080291748047 -42.640678405761719
   vertex -54.675674438476562 50.102741241455078 -42.28533935546875
  endloop
 endfacet
 facet normal -0.81663777669389803 0.57350746798249008 -0.064745083556670593
  outer loop
   vertex -54.366867065429688 50.939407348632812 -42.640678405761719
   vertex -54.366867065429688 50.8992919921875 -42.996017456054688
   vertex -54.427173614501953 50.813419342041016 -42.996017456054688
  endloop
 endfacet
 facet normal -0.7693265499423031 0.54028179236985785 -0.34092850333682428
  outer loop
   vertex -54.427173614501953 50.813419342041016 -42.996017456054688
   vertex -54.366867065429688 50.8992919921875 -42.996017456054688
   vertex -54.366867065429688 50.813419342041016 -43.132102966308594
  endloop
 endfacet
 facet normal -0.84734591395924652 0.37550293081184416 -0.37550293081184416
  outer loop
   vertex -54.427173614501953 50.813419342041016 -42.996017456054688
   vertex -54.366867065429688 50.813419342041016 -43.132102966308594
   vertex -54.427173614501953 50.458080291748047 -43.351356506347656
  endloop
 endfacet
 facet normal 0.99907836758367441 0.042923366903594898 -0
  outer loop
   vertex -46.727077484130859 50.813419342041016 -42.996017456054688
   vertex -46.727077484130859 50.813419342041016 -43.351356506347656
   vertex -46.742343902587891 51.168758392333984 -43.351356506347656
  endloop
 endfacet
 facet normal 0.78955261785295205 0.43394305533143057 -0.43393558090017625
  outer loop
   vertex -46.831172943115234 51.168758392333984 -43.706695556640625
   vertex -46.904747009277344 50.947292327880859 -44.062034606933594
   vertex -46.904747009277344 51.168758392333984 -43.840564727783203
  endloop
 endfacet
 facet normal 0.76049601637996256 0.45915850844271822 -0.45915059968910638
  outer loop
   vertex -46.904747009277344 51.168758392333984 -43.840564727783203
   vertex -46.904747009277344 50.947292327880859 -44.062034606933594
   vertex -47.038459777832031 51.168758392333984 -44.062034606933594
  endloop
 endfacet
 facet normal 0.78956365167219045 0.43392927992823666 -0.43392927992823666
  outer loop
   vertex -46.904747009277344 50.947292327880859 -44.062034606933594
   vertex -46.831172943115234 51.168758392333984 -43.706695556640625
   vertex -46.831172943115234 50.813419342041016 -44.062034606933594
  endloop
 endfacet
 facet normal 0.9428157890417036 0.23568876504160075 -0.23568876504160075
  outer loop
   vertex -46.831172943115234 50.813419342041016 -44.062034606933594
   vertex -46.831172943115234 51.168758392333984 -43.706695556640625
   vertex -46.742343902587891 50.813419342041016 -43.706695556640625
  endloop
 endfacet
 facet normal 0.96930457810889437 0.041644196689122871 -0.24231053575784986
  outer loop
   vertex -46.831172943115234 50.813419342041016 -44.062034606933594
   vertex -46.742343902587891 50.813419342041016 -43.706695556640625
   vertex -46.727077484130859 50.458080291748047 -43.706695556640625
  endloop
 endfacet
 facet normal -0.7564706304121781 0.64475468224809573 -0.10974326878200277
  outer loop
   vertex -53.833858489990234 51.168758392333984 -44.062034606933594
   vertex -54.011528015136719 50.960304260253906 -44.062034606933594
   vertex -54.011528015136719 51.020786285400391 -43.706695556640625
  endloop
 endfacet
 facet normal -0.80543908507163808 0.58427540642049069 -0.099449131173342781
  outer loop
   vertex -54.011528015136719 51.020786285400391 -43.706695556640625
   vertex -54.011528015136719 50.960304260253906 -44.062034606933594
   vertex -54.118080139160156 50.813419342041016 -44.062034606933594
  endloop
 endfacet
 facet normal 0.76071606448710349 0.41807519051013753 -0.49651203843528818
  outer loop
   vertex -46.904747009277344 50.947292327880859 -44.062034606933594
   vertex -46.831172943115234 50.813419342041016 -44.062034606933594
   vertex -46.904747009277344 50.813419342041016 -44.174758911132812
  endloop
 endfacet
 facet normal 0.83234227656830362 0.10987709999506895 -0.54326177624950489
  outer loop
   vertex -46.904747009277344 50.813419342041016 -44.174758911132812
   vertex -46.831172943115234 50.813419342041016 -44.062034606933594
   vertex -46.904747009277344 50.458080291748047 -44.246627807617188
  endloop
 endfacet
 facet normal 0.23673861804238513 0.1926050681832075 -0.95229098202047646
  outer loop
   vertex -46.904747009277344 50.813419342041016 -44.174758911132812
   vertex -46.904747009277344 50.458080291748047 -44.246627807617188
   vertex -47.260086059570312 50.458080291748047 -44.334964752197266
  endloop
 endfacet
 facet normal 0.22295316691834344 -0.38206376140349019 -0.89683842891754939
  outer loop
   vertex -47.260086059570312 50.458080291748047 -44.334964752197266
   vertex -46.904747009277344 50.458080291748047 -44.246627807617188
   vertex -47.260086059570312 50.102741241455078 -44.183586120605469
  endloop
 endfacet
 facet normal 0.049115717983750751 -0.39145592222317355 -0.91888514364056684
  outer loop
   vertex -47.260086059570312 50.458080291748047 -44.334964752197266
   vertex -47.260086059570312 50.102741241455078 -44.183586120605469
   vertex -47.615425109863281 50.102741241455078 -44.202579498291016
  endloop
 endfacet
 facet normal 0.044709711282007764 -0.54620877018259772 -0.83645503231954665
  outer loop
   vertex -47.615425109863281 50.102741241455078 -44.202579498291016
   vertex -47.260086059570312 50.102741241455078 -44.183586120605469
   vertex -47.260086059570312 49.916599273681641 -44.062034606933594
  endloop
 endfacet
 facet normal 0.092689421858939566 -0.48121835058300194 -0.87168662381479201
  outer loop
   vertex -47.615425109863281 50.102741241455078 -44.202579498291016
   vertex -47.260086059570312 49.916599273681641 -44.062034606933594
   vertex -47.615425109863281 49.848155975341797 -44.062034606933594
  endloop
 endfacet
 facet normal 0.098445520918612237 -0.51110245644681362 -0.8538634307809978
  outer loop
   vertex -47.615425109863281 49.848155975341797 -44.062034606933594
   vertex -47.260086059570312 49.916599273681641 -44.062034606933594
   vertex -47.615425109863281 49.747406005859375 -44.001728057861328
  endloop
 endfacet
 facet normal 0.35541231518824179 -0.48006432668302368 -0.80201017977261935
  outer loop
   vertex -47.615425109863281 49.848155975341797 -44.062034606933594
   vertex -47.615425109863281 49.747406005859375 -44.001728057861328
   vertex -47.751510620117188 49.747406005859375 -44.062034606933594
  endloop
 endfacet
 facet normal 0.3623810407278612 -0.44720080289191266 -0.81773554601339238
  outer loop
   vertex -47.751510620117188 49.747406005859375 -44.062034606933594
   vertex -47.615425109863281 49.747406005859375 -44.001728057861328
   vertex -47.97076416015625 49.392066955566406 -43.964870452880859
  endloop
 endfacet
 facet normal 0.36238544605729311 -0.44720270311516863 -0.81773255457535932
  outer loop
   vertex -47.751510620117188 49.747406005859375 -44.062034606933594
   vertex -47.97076416015625 49.392066955566406 -43.964870452880859
   vertex -47.97076416015625 49.569736480712891 -44.062034606933594
  endloop
 endfacet
 facet normal 0.38518382744951896 -0.44279393033762093 -0.80967089260235936
  outer loop
   vertex -47.97076416015625 49.569736480712891 -44.062034606933594
   vertex -47.97076416015625 49.392066955566406 -43.964870452880859
   vertex -48.175006866455078 49.392066955566406 -44.062034606933594
  endloop
 endfacet
 facet normal 0.39511789731829106 -0.4542137915258963 -0.79848085688164239
  outer loop
   vertex -47.97076416015625 49.569736480712891 -44.062034606933594
   vertex -48.175006866455078 49.392066955566406 -44.062034606933594
   vertex -48.326103210449219 49.392066955566406 -44.136802673339844
  endloop
 endfacet
 facet normal 0.38225241402506943 -0.50710506303777925 -0.77248142179178447
  outer loop
   vertex -48.326103210449219 49.392066955566406 -44.136802673339844
   vertex -48.175006866455078 49.392066955566406 -44.062034606933594
   vertex -48.326103210449219 49.278171539306641 -44.062034606933594
  endloop
 endfacet
 facet normal 0.72958320571970126 0.44049453160546659 -0.52313756657063426
  outer loop
   vertex -46.904747009277344 50.947292327880859 -44.062034606933594
   vertex -46.904747009277344 50.813419342041016 -44.174758911132812
   vertex -47.038459777832031 51.168758392333984 -44.062034606933594
  endloop
 endfacet
 facet normal 0.61574010976765747 0.43922498284976846 -0.65417545938680211
  outer loop
   vertex -47.038459777832031 51.168758392333984 -44.062034606933594
   vertex -46.904747009277344 50.813419342041016 -44.174758911132812
   vertex -47.162506103515625 50.813419342041016 -44.417373657226562
  endloop
 endfacet
 facet normal -0.79931860054221826 0.57983553175808955 -0.15773563623367745
  outer loop
   vertex -54.047958374023438 50.813419342041016 -44.417373657226562
   vertex -54.118080139160156 50.813419342041016 -44.062034606933594
   vertex -54.011528015136719 50.960304260253906 -44.062034606933594
  endloop
 endfacet
 facet normal 0.30217076050069397 0.040355552266909352 -0.95239921298773911
  outer loop
   vertex -47.260086059570312 51.168758392333984 -44.467247009277344
   vertex -47.260086059570312 50.813419342041016 -44.482303619384766
   vertex -47.615425109863281 50.813419342041016 -44.595043182373047
  endloop
 endfacet
 facet normal 0.27868777444118042 -0.38829672773355101 -0.87838418451634148
  outer loop
   vertex -47.615425109863281 50.813419342041016 -44.595043182373047
   vertex -47.260086059570312 50.813419342041016 -44.482303619384766
   vertex -47.260086059570312 50.666538238525391 -44.417373657226562
  endloop
 endfacet
 facet normal 0.18231755950409162 -0.54712888749375432 -0.81695182720055071
  outer loop
   vertex -47.615425109863281 50.813419342041016 -44.595043182373047
   vertex -47.260086059570312 50.666538238525391 -44.417373657226562
   vertex -47.615425109863281 50.548130035400391 -44.417373657226562
  endloop
 endfacet
 facet normal 0.18231442140934451 -0.5471194701765606 -0.81695883439736161
  outer loop
   vertex -47.615425109863281 50.548130035400391 -44.417373657226562
   vertex -47.260086059570312 50.666538238525391 -44.417373657226562
   vertex -47.615425109863281 50.458080291748047 -44.357067108154297
  endloop
 endfacet
 facet normal 0.32287398201444067 -0.52664321797356706 -0.78638369305357858
  outer loop
   vertex -47.615425109863281 50.548130035400391 -44.417373657226562
   vertex -47.615425109863281 50.458080291748047 -44.357067108154297
   vertex -47.762306213378906 50.458080291748047 -44.417373657226562
  endloop
 endfacet
 facet normal 0.34297483881792379 -0.42962071221592107 -0.8353408307828033
  outer loop
   vertex -47.762306213378906 50.458080291748047 -44.417373657226562
   vertex -47.615425109863281 50.458080291748047 -44.357067108154297
   vertex -47.97076416015625 50.102741241455078 -44.320209503173828
  endloop
 endfacet
 facet normal 0.34297485329282218 -0.42962071823586384 -0.83534082174359692
  outer loop
   vertex -47.762306213378906 50.458080291748047 -44.417373657226562
   vertex -47.97076416015625 50.102741241455078 -44.320209503173828
   vertex -47.97076416015625 50.291664123535156 -44.417373657226562
  endloop
 endfacet
 facet normal 0.41592475366464537 -0.41592475366464537 -0.80871082506542979
  outer loop
   vertex -47.97076416015625 50.291664123535156 -44.417373657226562
   vertex -47.97076416015625 50.102741241455078 -44.320209503173828
   vertex -48.159687042236328 50.102741241455078 -44.417373657226562
  endloop
 endfacet
 facet normal 0.40563427103870309 -0.40563427103870309 -0.81909808711643317
  outer loop
   vertex -47.97076416015625 50.291664123535156 -44.417373657226562
   vertex -48.159687042236328 50.102741241455078 -44.417373657226562
   vertex -48.326103210449219 50.102741241455078 -44.499786376953125
  endloop
 endfacet
 facet normal 0.40563427103870303 -0.40563427103870303 -0.81909808711643306
  outer loop
   vertex -48.326103210449219 50.102741241455078 -44.499786376953125
   vertex -48.159687042236328 50.102741241455078 -44.417373657226562
   vertex -48.326103210449219 49.936325073242188 -44.417373657226562
  endloop
 endfacet
 facet normal 0.40563063290187013 -0.40563498754478527 -0.81909953395858437
  outer loop
   vertex -48.326103210449219 50.102741241455078 -44.499786376953125
   vertex -48.326103210449219 49.936325073242188 -44.417373657226562
   vertex -48.681442260742188 49.747406005859375 -44.499786376953125
  endloop
 endfacet
 facet normal 0.40563292334739814 -0.40564111398069402 -0.81909536572071118
  outer loop
   vertex -48.681442260742188 49.747406005859375 -44.499786376953125
   vertex -48.326103210449219 49.936325073242188 -44.417373657226562
   vertex -48.515026092529297 49.747406005859375 -44.417373657226562
  endloop
 endfacet
 facet normal 0.39611014640954501 -0.4509003532281704 -0.79986600338439184
  outer loop
   vertex -48.681442260742188 49.747406005859375 -44.499786376953125
   vertex -48.515026092529297 49.747406005859375 -44.417373657226562
   vertex -48.681442260742188 49.601211547851562 -44.417373657226562
  endloop
 endfacet
 facet normal 0.42772940078326904 -0.48689320293210814 -0.76156586625458633
  outer loop
   vertex -48.681442260742188 49.601211547851562 -44.417373657226562
   vertex -48.515026092529297 49.747406005859375 -44.417373657226562
   vertex -48.681442260742188 49.392066955566406 -44.283660888671875
  endloop
 endfacet
 facet normal 0.45338995641040986 -0.48010908509318873 -0.75095460171514228
  outer loop
   vertex -48.681442260742188 49.601211547851562 -44.417373657226562
   vertex -48.681442260742188 49.392066955566406 -44.283660888671875
   vertex -48.902912139892578 49.392066955566406 -44.417373657226562
  endloop
 endfacet
 facet normal 0.43873454443349902 -0.52862763684459058 -0.72668068715553047
  outer loop
   vertex -48.902912139892578 49.392066955566406 -44.417373657226562
   vertex -48.681442260742188 49.392066955566406 -44.283660888671875
   vertex -49.036781311035156 49.036727905273438 -44.239704132080078
  endloop
 endfacet
 facet normal 0.46954998384279362 -0.52997290566689681 -0.70615262651371513
  outer loop
   vertex -48.902912139892578 49.392066955566406 -44.417373657226562
   vertex -49.036781311035156 49.036727905273438 -44.239704132080078
   vertex -49.036781311035156 49.273460388183594 -44.417373657226562
  endloop
 endfacet
 facet normal 0.51465952793200898 -0.51465952793200898 -0.68574859869897187
  outer loop
   vertex -49.036781311035156 49.273460388183594 -44.417373657226562
   vertex -49.036781311035156 49.036727905273438 -44.239704132080078
   vertex -49.273513793945312 49.036727905273438 -44.417373657226562
  endloop
 endfacet
 facet normal 0.46631471842959499 -0.46631471842959499 -0.75173211102882598
  outer loop
   vertex -49.036781311035156 49.273460388183594 -44.417373657226562
   vertex -49.273513793945312 49.036727905273438 -44.417373657226562
   vertex -49.392120361328125 49.036727905273438 -44.490947723388672
  endloop
 endfacet
 facet normal -0.7966964530191657 0.4637662662200901 -0.38755078643057445
  outer loop
   vertex -54.011528015136719 50.813419342041016 -44.483783721923828
   vertex -54.011528015136719 50.868915557861328 -44.417373657226562
   vertex -53.870979309082031 50.813419342041016 -44.772712707519531
  endloop
 endfacet
 facet normal -0.77174193708684347 0.50662685368923333 -0.38437431451957732
  outer loop
   vertex -53.870979309082031 50.813419342041016 -44.772712707519531
   vertex -54.011528015136719 50.868915557861328 -44.417373657226562
   vertex -53.814689636230469 51.168758392333984 -44.417373657226562
  endloop
 endfacet
 facet normal 0.32793248242701123 0.45205185104430901 -0.82952360480981602
  outer loop
   vertex -50.311256408691406 50.813419342041016 -45.1280517578125
   vertex -50.458137512207031 50.919971466064453 -45.1280517578125
   vertex -50.102798461914062 50.813419342041016 -45.045642852783203
  endloop
 endfacet
 facet normal 0.32365602644682928 0.42589682667203999 -0.84490157389801068
  outer loop
   vertex -50.102798461914062 50.813419342041016 -45.045642852783203
   vertex -50.458137512207031 50.919971466064453 -45.1280517578125
   vertex -50.458137512207031 51.168758392333984 -45.002643585205078
  endloop
 endfacet
 facet normal 0.15745462068137947 0.48641716706327748 -0.85942212096979365
  outer loop
   vertex -50.8134765625 51.168758392333984 -45.067745208740234
   vertex -50.458137512207031 51.168758392333984 -45.002643585205078
   vertex -50.8134765625 51.062206268310547 -45.1280517578125
  endloop
 endfacet
 facet normal 0.17732038168220879 0.44299183483607119 -0.8788149500939586
  outer loop
   vertex -50.8134765625 51.062206268310547 -45.1280517578125
   vertex -50.458137512207031 51.168758392333984 -45.002643585205078
   vertex -50.458137512207031 50.919971466064453 -45.1280517578125
  endloop
 endfacet
 facet normal 0.19344700998987421 0.48328029234985737 -0.85382575116484605
  outer loop
   vertex -50.8134765625 51.062206268310547 -45.1280517578125
   vertex -50.458137512207031 50.919971466064453 -45.1280517578125
   vertex -50.458137512207031 50.813419342041016 -45.188362121582031
  endloop
 endfacet
 facet normal 0.33649802366353027 0.46385936929473609 -0.819514225372585
  outer loop
   vertex -50.458137512207031 50.813419342041016 -45.188362121582031
   vertex -50.458137512207031 50.919971466064453 -45.1280517578125
   vertex -50.311256408691406 50.813419342041016 -45.1280517578125
  endloop
 endfacet
 facet normal 0.35508189933969642 0.35508189933969642 -0.86477377939125055
  outer loop
   vertex -50.458137512207031 50.813419342041016 -45.188362121582031
   vertex -50.311256408691406 50.813419342041016 -45.1280517578125
   vertex -50.102798461914062 50.458080291748047 -45.188362121582031
  endloop
 endfacet
 facet normal 0.35506932443943268 0.35507582218532779 -0.86478143790297579
  outer loop
   vertex -50.102798461914062 50.458080291748047 -45.188362121582031
   vertex -50.311256408691406 50.813419342041016 -45.1280517578125
   vertex -50.102798461914062 50.604965209960938 -45.1280517578125
  endloop
 endfacet
 facet normal 0.52666524386290536 0.32287910002928821 -0.78636684039391158
  outer loop
   vertex -50.102798461914062 50.458080291748047 -45.188362121582031
   vertex -50.102798461914062 50.604965209960938 -45.1280517578125
   vertex -50.012748718261719 50.458080291748047 -45.1280517578125
  endloop
 endfacet
 facet normal 0.52665304288581649 0.32287162005876074 -0.78637808297265099
  outer loop
   vertex -50.012748718261719 50.458080291748047 -45.1280517578125
   vertex -50.102798461914062 50.604965209960938 -45.1280517578125
   vertex -49.747459411621094 50.458080291748047 -44.950382232666016
  endloop
 endfacet
 facet normal 0.55645524437115534 0 -0.83087758485341123
  outer loop
   vertex -50.012748718261719 50.458080291748047 -45.1280517578125
   vertex -49.747459411621094 50.458080291748047 -44.950382232666016
   vertex -49.747459411621094 50.102741241455078 -44.950382232666016
  endloop
 endfacet
 facet normal 0.33648372889351702 0.46383966408835664 -0.81953124785349984
  outer loop
   vertex -50.8134765625 51.168758392333984 -45.067745208740234
   vertex -50.8134765625 51.062206268310547 -45.1280517578125
   vertex -50.960357666015625 51.168758392333984 -45.1280517578125
  endloop
 endfacet
 facet normal 0.31040520692184431 0.42789066616492527 -0.84885698755723482
  outer loop
   vertex -50.960357666015625 51.168758392333984 -45.1280517578125
   vertex -50.8134765625 51.062206268310547 -45.1280517578125
   vertex -50.8134765625 50.813419342041016 -45.253459930419922
  endloop
 endfacet
 facet normal 0.16144451881911401 0.44422004994910524 -0.88125150471728508
  outer loop
   vertex -50.8134765625 51.062206268310547 -45.1280517578125
   vertex -50.458137512207031 50.813419342041016 -45.188362121582031
   vertex -50.8134765625 50.813419342041016 -45.253459930419922
  endloop
 endfacet
 facet normal 0.1783435922606468 0.1431765141500651 -0.97349578781595369
  outer loop
   vertex -50.8134765625 50.813419342041016 -45.253459930419922
   vertex -50.458137512207031 50.813419342041016 -45.188362121582031
   vertex -50.8134765625 50.458080291748047 -45.305721282958984
  endloop
 endfacet
 facet normal 0 0.14550927912771366 -0.98935688691580492
  outer loop
   vertex -50.8134765625 50.813419342041016 -45.253459930419922
   vertex -50.8134765625 50.458080291748047 -45.305721282958984
   vertex -51.168815612792969 50.458080291748047 -45.305721282958984
  endloop
 endfacet
 facet normal -0 0 -1
  outer loop
   vertex -51.168815612792969 50.458080291748047 -45.305721282958984
   vertex -50.8134765625 50.458080291748047 -45.305721282958984
   vertex -51.168815612792969 50.102741241455078 -45.305721282958984
  endloop
 endfacet
 facet normal 0.14550927912771366 0 -0.98935688691580492
  outer loop
   vertex -51.168815612792969 50.458080291748047 -45.305721282958984
   vertex -51.168815612792969 50.102741241455078 -45.305721282958984
   vertex -51.524154663085938 50.102741241455078 -45.357982635498047
  endloop
 endfacet
 facet normal 0.14474344374407894 -0.1024625538007521 -0.9841497653110185
  outer loop
   vertex -51.524154663085938 50.102741241455078 -45.357982635498047
   vertex -51.168815612792969 50.102741241455078 -45.305721282958984
   vertex -51.524154663085938 49.747406005859375 -45.320987701416016
  endloop
 endfacet
 facet normal 0.2185001401926705 -0.10105088737445833 -0.97059075149963081
  outer loop
   vertex -51.524154663085938 50.102741241455078 -45.357982635498047
   vertex -51.524154663085938 49.747406005859375 -45.320987701416016
   vertex -51.879493713378906 49.747406005859375 -45.400981903076172
  endloop
 endfacet
 facet normal 0.21451179299875706 -0.21451179299875706 -0.95287427362108823
  outer loop
   vertex -51.879493713378906 49.747406005859375 -45.400981903076172
   vertex -51.524154663085938 49.747406005859375 -45.320987701416016
   vertex -51.879493713378906 49.392066955566406 -45.320987701416016
  endloop
 endfacet
 facet normal 0.059904028458400545 -0.21922992613833497 -0.97383250452007164
  outer loop
   vertex -51.879493713378906 49.747406005859375 -45.400981903076172
   vertex -51.879493713378906 49.392066955566406 -45.320987701416016
   vertex -52.234832763671875 49.392066955566406 -45.342845916748047
  endloop
 endfacet
 facet normal 0.056323473725916826 -0.39806836221264458 -0.91562505716739129
  outer loop
   vertex -52.234832763671875 49.392066955566406 -45.342845916748047
   vertex -51.879493713378906 49.392066955566406 -45.320987701416016
   vertex -52.234832763671875 49.036727905273438 -45.188362121582031
  endloop
 endfacet
 facet normal 0.083535201673104312 0.21884678209436836 -0.97217691602319678
  outer loop
   vertex -51.168815612792969 51.168758392333984 -45.210464477539062
   vertex -51.168815612792969 50.813419342041016 -45.290454864501953
   vertex -51.524154663085938 50.813419342041016 -45.320987701416016
  endloop
 endfacet
 facet normal 0.085153573099331983 0.10317583107412813 -0.99101141106981183
  outer loop
   vertex -51.524154663085938 50.813419342041016 -45.320987701416016
   vertex -51.168815612792969 50.813419342041016 -45.290454864501953
   vertex -51.524154663085938 50.458080291748047 -45.357982635498047
  endloop
 endfacet
 facet normal -0.57199827591901597 -0.15185212928633723 -0.80607623905985382
  outer loop
   vertex -53.300849914550781 51.168758392333984 -45.475563049316406
   vertex -53.300849914550781 50.813419342041016 -45.408622741699219
   vertex -53.65618896484375 50.813419342041016 -45.156471252441406
  endloop
 endfacet
 facet normal -0.56831053335504722 -0.18872036622001945 -0.80087936735283882
  outer loop
   vertex -53.65618896484375 50.813419342041016 -45.156471252441406
   vertex -53.300849914550781 50.813419342041016 -45.408622741699219
   vertex -53.300849914550781 50.458080291748047 -45.32489013671875
  endloop
 endfacet
 facet normal -0.62958403833139576 -0.28748015997223675 -0.72178881696841823
  outer loop
   vertex -53.65618896484375 50.813419342041016 -45.156471252441406
   vertex -53.300849914550781 50.458080291748047 -45.32489013671875
   vertex -53.526515960693359 50.458080291748047 -45.1280517578125
  endloop
 endfacet
 facet normal -0.64060766759390497 -0.22414047345379012 -0.73442689519094251
  outer loop
   vertex -53.526515960693359 50.458080291748047 -45.1280517578125
   vertex -53.300849914550781 50.458080291748047 -45.32489013671875
   vertex -53.402187347412109 50.102741241455078 -45.1280517578125
  endloop
 endfacet
 facet normal -0.68640146573059457 -0.24016314085981255 -0.68642165876029959
  outer loop
   vertex -53.526515960693359 50.458080291748047 -45.1280517578125
   vertex -53.402187347412109 50.102741241455078 -45.1280517578125
   vertex -53.65618896484375 50.458080291748047 -44.998382568359375
  endloop
 endfacet
 facet normal 0.48644136167595997 0.15744326677951451 -0.85941050691542775
  outer loop
   vertex -52.128280639648438 51.168758392333984 -45.483390808105469
   vertex -52.234832763671875 50.813419342041016 -45.608798980712891
   vertex -52.234832763671875 51.168758392333984 -45.543701171875
  endloop
 endfacet
 facet normal 0.1431765141500651 0.1783435922606468 -0.97349578781595369
  outer loop
   vertex -52.234832763671875 51.168758392333984 -45.543701171875
   vertex -52.234832763671875 50.813419342041016 -45.608798980712891
   vertex -52.590171813964844 50.813419342041016 -45.661060333251953
  endloop
 endfacet
 facet normal 0.27590433294455752 0.0412573007676314 -0.96029924200521366
  outer loop
   vertex -52.234832763671875 51.168758392333984 -45.543701171875
   vertex -52.590171813964844 50.813419342041016 -45.661060333251953
   vertex -52.590171813964844 51.168758392333984 -45.645793914794922
  endloop
 endfacet
 facet normal -0.14537800863913172 0.042467356976190161 -0.98846434341132272
  outer loop
   vertex -52.590171813964844 51.168758392333984 -45.645793914794922
   vertex -52.590171813964844 50.813419342041016 -45.661060333251953
   vertex -52.945510864257812 50.813419342041016 -45.608798980712891
  endloop
 endfacet
 facet normal 0.28329739110232705 0.47238207040637553 0.83462432731930425
  outer loop
   vertex -50.280467987060547 50.458080291748047 -40.508644104003906
   vertex -50.458137512207031 50.564632415771484 -40.508644104003906
   vertex -50.458137512207031 50.458080291748047 -40.448337554931641
  endloop
 endfacet
 facet normal 0.11254267032545763 0.48943197154864976 0.86474880316888381
  outer loop
   vertex -50.458137512207031 50.458080291748047 -40.448337554931641
   vertex -50.458137512207031 50.564632415771484 -40.508644104003906
   vertex -50.8134765625 50.458080291748047 -40.402091979980469
  endloop
 endfacet
 facet normal 0.12658757440619814 0.1946689886706881 0.97266621759773619
  outer loop
   vertex -50.458137512207031 50.458080291748047 -40.448337554931641
   vertex -50.8134765625 50.458080291748047 -40.402091979980469
   vertex -50.8134765625 50.102741241455078 -40.330974578857422
  endloop
 endfacet
 facet normal -0.042100686125217592 0.19607371756993042 0.97968496441769126
  outer loop
   vertex -50.8134765625 50.102741241455078 -40.330974578857422
   vertex -50.8134765625 50.458080291748047 -40.402091979980469
   vertex -51.168815612792969 50.102741241455078 -40.346244812011719
  endloop
 endfacet
 facet normal -0.042894555459464051 0.042895015953462477 0.99815834150613947
  outer loop
   vertex -50.8134765625 50.102741241455078 -40.330974578857422
   vertex -51.168815612792969 50.102741241455078 -40.346244812011719
   vertex -51.168815612792969 49.747406005859375 -40.330974578857422
  endloop
 endfacet
 facet normal -0.042894555459464051 0.042895015953462477 0.99815834150613947
  outer loop
   vertex -51.168815612792969 49.747406005859375 -40.330974578857422
   vertex -51.168815612792969 50.102741241455078 -40.346244812011719
   vertex -51.524154663085938 49.747406005859375 -40.346244812011719
  endloop
 endfacet
 facet normal -0.041267592383763471 -0.27590421557998046 0.96029883351175793
  outer loop
   vertex -51.168815612792969 49.747406005859375 -40.330974578857422
   vertex -51.524154663085938 49.747406005859375 -40.346244812011719
   vertex -51.524154663085938 49.392066955566406 -40.448337554931641
  endloop
 endfacet
 facet normal 0.46384102796523902 0.33647597956434372 0.81953365760801167
  outer loop
   vertex -48.930229187011719 50.458080291748047 -40.863983154296875
   vertex -49.036781311035156 50.604965209960938 -40.863983154296875
   vertex -49.036781311035156 50.458080291748047 -40.803676605224609
  endloop
 endfacet
 facet normal 0.4006992723318144 0.34798071300150246 0.84755502271635474
  outer loop
   vertex -49.036781311035156 50.458080291748047 -40.803676605224609
   vertex -49.036781311035156 50.604965209960938 -40.863983154296875
   vertex -49.392120361328125 50.813419342041016 -40.781574249267578
  endloop
 endfacet
 facet normal 0.30392832972936973 0.24669109569010664 0.92020164838753138
  outer loop
   vertex -49.036781311035156 50.458080291748047 -40.803676605224609
   vertex -49.392120361328125 50.813419342041016 -40.781574249267578
   vertex -49.392120361328125 50.458080291748047 -40.686313629150391
  endloop
 endfacet
 facet normal 0.14064631174357184 0.25636640123069171 0.95629225831486986
  outer loop
   vertex -49.392120361328125 50.458080291748047 -40.686313629150391
   vertex -49.392120361328125 50.813419342041016 -40.781574249267578
   vertex -49.747459411621094 50.458080291748047 -40.634052276611328
  endloop
 endfacet
 facet normal 0.14399288659414911 0.14399288659414911 0.97904652454342989
  outer loop
   vertex -49.392120361328125 50.458080291748047 -40.686313629150391
   vertex -49.747459411621094 50.458080291748047 -40.634052276611328
   vertex -49.392120361328125 50.102741241455078 -40.634052276611328
  endloop
 endfacet
 facet normal 0.37401579887074593 0.37401579887074593 0.84866033511067052
  outer loop
   vertex -49.392120361328125 50.102741241455078 -40.634052276611328
   vertex -49.747459411621094 50.458080291748047 -40.634052276611328
   vertex -49.676677703857422 50.102741241455078 -40.508644104003906
  endloop
 endfacet
 facet normal 0.40295337912775336 0.0405639763827947 0.91432113508850987
  outer loop
   vertex -49.392120361328125 50.102741241455078 -40.634052276611328
   vertex -49.676677703857422 50.102741241455078 -40.508644104003906
   vertex -49.640907287597656 49.747406005859375 -40.508644104003906
  endloop
 endfacet
 facet normal 0.45714467029857342 0.046019233415170564 0.88820097983141666
  outer loop
   vertex -49.640907287597656 49.747406005859375 -40.508644104003906
   vertex -49.676677703857422 50.102741241455078 -40.508644104003906
   vertex -49.747459411621094 50.102741241455078 -40.472213745117188
  endloop
 endfacet
 facet normal 0.49172125029012248 0.058377214129231463 0.86879359624920616
  outer loop
   vertex -49.640907287597656 49.747406005859375 -40.508644104003906
   vertex -49.747459411621094 50.102741241455078 -40.472213745117188
   vertex -49.747459411621094 49.747406005859375 -40.448337554931641
  endloop
 endfacet
 facet normal 0.27556540126144013 0.064446525526938483 0.95911957282453941
  outer loop
   vertex -49.747459411621094 49.747406005859375 -40.448337554931641
   vertex -49.747459411621094 50.102741241455078 -40.472213745117188
   vertex -50.102798461914062 49.747406005859375 -40.346244812011719
  endloop
 endfacet
 facet normal 0.26989474750596215 -0.21146444570685352 0.93938257034638772
  outer loop
   vertex -49.747459411621094 49.747406005859375 -40.448337554931641
   vertex -50.102798461914062 49.747406005859375 -40.346244812011719
   vertex -50.102798461914062 49.392066955566406 -40.426235198974609
  endloop
 endfacet
 facet normal 0.21450250490041939 -0.21450250490041939 0.95287845540913096
  outer loop
   vertex -50.102798461914062 49.392066955566406 -40.426235198974609
   vertex -50.102798461914062 49.747406005859375 -40.346244812011719
   vertex -50.458137512207031 49.392066955566406 -40.346244812011719
  endloop
 endfacet
 facet normal 0.21146444570685352 -0.26989474750596215 0.93938257034638772
  outer loop
   vertex -50.102798461914062 49.392066955566406 -40.426235198974609
   vertex -50.458137512207031 49.392066955566406 -40.346244812011719
   vertex -50.458137512207031 49.036727905273438 -40.448337554931641
  endloop
 endfacet
 facet normal 0 -0.27613945047481447 0.96111758067963105
  outer loop
   vertex -50.458137512207031 49.036727905273438 -40.448337554931641
   vertex -50.458137512207031 49.392066955566406 -40.346244812011719
   vertex -50.8134765625 49.036727905273438 -40.448337554931641
  endloop
 endfacet
 facet normal 0 -0.51358296875190168 0.85803993742015472
  outer loop
   vertex -50.458137512207031 49.036727905273438 -40.448337554931641
   vertex -50.8134765625 49.036727905273438 -40.448337554931641
   vertex -50.8134765625 48.93597412109375 -40.508644104003906
  endloop
 endfacet
 facet normal -0.27962720537154084 -0.49309545245265468 0.82381156873802996
  outer loop
   vertex -50.8134765625 48.93597412109375 -40.508644104003906
   vertex -50.8134765625 49.036727905273438 -40.448337554931641
   vertex -50.991146087646484 49.036727905273438 -40.508644104003906
  endloop
 endfacet
 facet normal -0.26432407699080274 -0.4661098699775344 0.8443188801824143
  outer loop
   vertex -50.8134765625 48.93597412109375 -40.508644104003906
   vertex -50.991146087646484 49.036727905273438 -40.508644104003906
   vertex -50.8134765625 48.681388854980469 -40.649188995361328
  endloop
 endfacet
 facet normal 0.39607233207819997 0.33758017872709606 0.85391236710374319
  outer loop
   vertex -49.392120361328125 50.813419342041016 -40.781574249267578
   vertex -49.036781311035156 50.604965209960938 -40.863983154296875
   vertex -49.214450836181641 50.813419342041016 -40.863983154296875
  endloop
 endfacet
 facet normal 0.39608570046120628 0.33759157286084152 0.85390166168212756
  outer loop
   vertex -49.214450836181641 50.813419342041016 -40.863983154296875
   vertex -49.036781311035156 50.604965209960938 -40.863983154296875
   vertex -49.036781311035156 50.813419342041016 -40.946395874023438
  endloop
 endfacet
 facet normal 0.21593421710735911 0.18230165699134812 0.95923851035101826
  outer loop
   vertex -49.392120361328125 50.813419342041016 -40.781574249267578
   vertex -49.747459411621094 50.813419342041016 -40.701583862304688
   vertex -49.747459411621094 50.458080291748047 -40.634052276611328
  endloop
 endfacet
 facet normal 0.17713175989809507 0.18375408997808246 0.96688095133358076
  outer loop
   vertex -49.747459411621094 50.458080291748047 -40.634052276611328
   vertex -49.747459411621094 50.813419342041016 -40.701583862304688
   vertex -50.102798461914062 50.458080291748047 -40.568954467773438
  endloop
 endfacet
 facet normal 0.1653336985172589 0.39773516577762336 0.90248075106256465
  outer loop
   vertex -49.747459411621094 50.458080291748047 -40.634052276611328
   vertex -50.102798461914062 50.458080291748047 -40.568954467773438
   vertex -49.747459411621094 50.17352294921875 -40.508644104003906
  endloop
 endfacet
 facet normal 0.23958282216981985 0.47825175478138865 0.84491143344711994
  outer loop
   vertex -49.747459411621094 50.17352294921875 -40.508644104003906
   vertex -50.102798461914062 50.458080291748047 -40.568954467773438
   vertex -50.102798461914062 50.351531982421875 -40.508644104003906
  endloop
 endfacet
 facet normal 0.2199669101169045 0.4390947556443866 0.87109721272612162
  outer loop
   vertex -49.747459411621094 50.17352294921875 -40.508644104003906
   vertex -50.102798461914062 50.351531982421875 -40.508644104003906
   vertex -50.102798461914062 50.102741241455078 -40.383235931396484
  endloop
 endfacet
 facet normal 0.26062022178034872 0.43456919767362673 0.86210597517501408
  outer loop
   vertex -50.280467987060547 50.458080291748047 -40.508644104003906
   vertex -50.458137512207031 50.813419342041016 -40.634052276611328
   vertex -50.458137512207031 50.564632415771484 -40.508644104003906
  endloop
 endfacet
 facet normal -0.30261734192912837 0.54479069643150757 0.78206511330286421
  outer loop
   vertex -51.330928802490234 50.458080291748047 -40.508644104003906
   vertex -51.168815612792969 50.548130035400391 -40.508644104003906
   vertex -51.524154663085938 50.458080291748047 -40.583412170410156
  endloop
 endfacet
 facet normal -0.30117878277821464 0.53061774236962611 0.79229801986802539
  outer loop
   vertex -51.524154663085938 50.458080291748047 -40.583412170410156
   vertex -51.168815612792969 50.548130035400391 -40.508644104003906
   vertex -51.168815612792969 50.813419342041016 -40.686313629150391
  endloop
 endfacet
 facet normal -0.33080689063106117 0.5773550603033788 0.74647701602466698
  outer loop
   vertex -51.879493713378906 50.458080291748047 -40.686313629150391
   vertex -51.660240173339844 50.813419342041016 -40.863983154296875
   vertex -51.879493713378906 50.687793731689453 -40.863983154296875
  endloop
 endfacet
 facet normal -0.35435546423741088 0.61845422878991341 0.70138903032266087
  outer loop
   vertex -51.879493713378906 50.687793731689453 -40.863983154296875
   vertex -51.660240173339844 50.813419342041016 -40.863983154296875
   vertex -51.879493713378906 50.813419342041016 -40.974754333496094
  endloop
 endfacet
 facet normal -0.2232913535727343 0.59635346761708263 0.77104053919410587
  outer loop
   vertex -51.879493713378906 50.687793731689453 -40.863983154296875
   vertex -52.234832763671875 50.458080291748047 -40.789218902587891
   vertex -51.879493713378906 50.458080291748047 -40.686313629150391
  endloop
 endfacet
 facet normal -0.26015418573968224 0.35400874296160501 0.89833045676347134
  outer loop
   vertex -51.879493713378906 50.458080291748047 -40.686313629150391
   vertex -52.234832763671875 50.458080291748047 -40.789218902587891
   vertex -52.234832763671875 50.102741241455078 -40.649188995361328
  endloop
 endfacet
 facet normal -0.39032252474947626 0.47285612995627901 0.7899717761008711
  outer loop
   vertex -51.879493713378906 50.458080291748047 -40.686313629150391
   vertex -52.234832763671875 50.102741241455078 -40.649188995361328
   vertex -51.879493713378906 50.161258697509766 -40.508644104003906
  endloop
 endfacet
 facet normal 0.41920069126269571 -0.27219606325355239 0.8661293688555689
  outer loop
   vertex -47.260086059570312 50.813419342041016 -41.213768005371094
   vertex -47.479339599609375 50.458080291748047 -41.219322204589844
   vertex -47.260086059570312 50.795745849609375 -41.219322204589844
  endloop
 endfacet
 facet normal 0.39183662512708334 -0.25442798406864492 0.88415522400299318
  outer loop
   vertex -47.260086059570312 50.795745849609375 -41.219322204589844
   vertex -47.479339599609375 50.458080291748047 -41.219322204589844
   vertex -47.260086059570312 50.458080291748047 -41.316490173339844
  endloop
 endfacet
 facet normal 0.45208128343396237 0.32794531642325508 0.82950249101781026
  outer loop
   vertex -49.036781311035156 50.604965209960938 -40.863983154296875
   vertex -48.930229187011719 50.458080291748047 -40.863983154296875
   vertex -49.036781311035156 50.813419342041016 -40.946395874023438
  endloop
 endfacet
 facet normal 0.42589557636828634 0.32366414659798037 0.84489909352355586
  outer loop
   vertex -49.036781311035156 50.813419342041016 -40.946395874023438
   vertex -48.930229187011719 50.458080291748047 -40.863983154296875
   vertex -48.681442260742188 50.458080291748047 -40.989391326904297
  endloop
 endfacet
 facet normal -0.30044945563114561 0.59855417197161098 0.74260556678921241
  outer loop
   vertex -52.676742553710938 50.813419342041016 -41.219322204589844
   vertex -52.945510864257812 50.678508758544922 -41.219322204589844
   vertex -52.945510864257812 50.458080291748047 -41.041652679443359
  endloop
 endfacet
 facet normal -0.12204016177780215 0.62285750267645179 0.77275787299315268
  outer loop
   vertex -52.945510864257812 50.458080291748047 -41.041652679443359
   vertex -52.945510864257812 50.678508758544922 -41.219322204589844
   vertex -53.300849914550781 50.458080291748047 -41.097770690917969
  endloop
 endfacet
 facet normal -0.33722898864411499 0.61252365442883239 0.71490655472111586
  outer loop
   vertex -52.676742553710938 50.813419342041016 -41.219322204589844
   vertex -52.945510864257812 50.458080291748047 -41.041652679443359
   vertex -52.590171813964844 50.813419342041016 -41.178485870361328
  endloop
 endfacet
 facet normal -0.23342892795157635 0.54383099081063269 0.80607616825539707
  outer loop
   vertex -52.590171813964844 50.813419342041016 -41.178485870361328
   vertex -52.945510864257812 50.458080291748047 -41.041652679443359
   vertex -52.590171813964844 50.458080291748047 -40.938751220703125
  endloop
 endfacet
 facet normal -0.11252322202226615 0.61274044963019358 0.78223248838993897
  outer loop
   vertex -52.945510864257812 50.678508758544922 -41.219322204589844
   vertex -53.300849914550781 50.613254547119141 -41.219322204589844
   vertex -53.300849914550781 50.458080291748047 -41.097770690917969
  endloop
 endfacet
 facet normal -0.20866319739075054 0.60308265855926579 0.76990322573668757
  outer loop
   vertex -53.300849914550781 50.458080291748047 -41.097770690917969
   vertex -53.300849914550781 50.613254547119141 -41.219322204589844
   vertex -53.65618896484375 50.458080291748047 -41.194076538085938
  endloop
 endfacet
 facet normal -0.1939873541101825 0.57368474301109595 0.79577303427649759
  outer loop
   vertex -53.300849914550781 50.613254547119141 -41.219322204589844
   vertex -53.65618896484375 50.493099212646484 -41.219322204589844
   vertex -53.65618896484375 50.458080291748047 -41.194076538085938
  endloop
 endfacet
 facet normal 0.7275773587248614 -0.14805224811641879 0.66985947697903681
  outer loop
   vertex -46.904747009277344 50.813419342041016 -41.467704772949219
   vertex -46.904747009277344 50.458080291748047 -41.546241760253906
   vertex -46.878582000732422 50.458080291748047 -41.574661254882812
  endloop
 endfacet
 facet normal 0.67775627968067076 -0.38894999350148268 0.62399064729258003
  outer loop
   vertex -46.878582000732422 50.458080291748047 -41.574661254882812
   vertex -46.904747009277344 50.458080291748047 -41.546241760253906
   vertex -46.904747009277344 50.412487030029297 -41.574661254882812
  endloop
 endfacet
 facet normal 0.7577697415813921 -0.43486802689983001 0.48649236162957255
  outer loop
   vertex -46.878582000732422 50.458080291748047 -41.574661254882812
   vertex -46.904747009277344 50.412487030029297 -41.574661254882812
   vertex -46.854373931884766 50.102741241455078 -41.930000305175781
  endloop
 endfacet
 facet normal -0.45544713056197206 0.56614852282868411 0.68705440931687856
  outer loop
   vertex -54.011528015136719 50.458080291748047 -41.449123382568359
   vertex -53.759197235107422 50.813419342041016 -41.574661254882812
   vertex -54.011528015136719 50.610427856445312 -41.574661254882812
  endloop
 endfacet
 facet normal -0.51278693265024311 0.63742538917211267 0.57509863062081434
  outer loop
   vertex -54.011528015136719 50.610427856445312 -41.574661254882812
   vertex -53.759197235107422 50.813419342041016 -41.574661254882812
   vertex -54.011528015136719 50.813419342041016 -41.799652099609375
  endloop
 endfacet
 facet normal -0.61292051221523791 0.58666147932843438 0.52929836045276324
  outer loop
   vertex -54.011528015136719 50.610427856445312 -41.574661254882812
   vertex -54.011528015136719 50.813419342041016 -41.799652099609375
   vertex -54.1573486328125 50.458080291748047 -41.574661254882812
  endloop
 endfacet
 facet normal -0.59864158087035424 0.58923391433055206 0.5426155654381275
  outer loop
   vertex -54.1573486328125 50.458080291748047 -41.574661254882812
   vertex -54.011528015136719 50.813419342041016 -41.799652099609375
   vertex -54.366867065429688 50.458080291748047 -41.805812835693359
  endloop
 endfacet
 facet normal -0.70664306357059592 0.30067151937897518 0.64050934274364901
  outer loop
   vertex -54.1573486328125 50.458080291748047 -41.574661254882812
   vertex -54.366867065429688 50.458080291748047 -41.805812835693359
   vertex -54.366867065429688 50.102741241455078 -41.639007568359375
  endloop
 endfacet
 facet normal -0.78583429525462034 0.26279572992124989 0.55982395870204749
  outer loop
   vertex -54.366867065429688 50.102741241455078 -41.639007568359375
   vertex -54.366867065429688 50.458080291748047 -41.805812835693359
   vertex -54.455337524414062 50.458080291748047 -41.930000305175781
  endloop
 endfacet
 facet normal -0.82944275689859237 0.21551264675487528 0.51534358647136658
  outer loop
   vertex -54.366867065429688 50.102741241455078 -41.639007568359375
   vertex -54.455337524414062 50.458080291748047 -41.930000305175781
   vertex -54.547664642333984 50.102741241455078 -41.930000305175781
  endloop
 endfacet
 facet normal -0.55339166714174881 0.5296829974249565 0.64280135732354338
  outer loop
   vertex -54.011528015136719 50.610427856445312 -41.574661254882812
   vertex -54.1573486328125 50.458080291748047 -41.574661254882812
   vertex -54.011528015136719 50.458080291748047 -41.449123382568359
  endloop
 endfacet
 facet normal -0.64020090183642064 0.19273865612946889 0.74363607747421723
  outer loop
   vertex -54.011528015136719 50.458080291748047 -41.449123382568359
   vertex -54.1573486328125 50.458080291748047 -41.574661254882812
   vertex -54.011528015136719 50.102741241455078 -41.357025146484375
  endloop
 endfacet
 facet normal -0.57733800558792914 0.57734753356108792 0.57736526808830535
  outer loop
   vertex -54.135715484619141 50.813419342041016 -41.930000305175781
   vertex -54.366867065429688 50.582271575927734 -41.930000305175781
   vertex -54.366867065429688 50.458080291748047 -41.805812835693359
  endloop
 endfacet
 facet normal -0.7044733777510559 0.50184748055051265 0.50186289592389766
  outer loop
   vertex -54.366867065429688 50.458080291748047 -41.805812835693359
   vertex -54.366867065429688 50.582271575927734 -41.930000305175781
   vertex -54.455337524414062 50.458080291748047 -41.930000305175781
  endloop
 endfacet
 facet normal -0.589773674365203 0.58003168230162871 0.56189879920863872
  outer loop
   vertex -54.011528015136719 50.813419342041016 -41.799652099609375
   vertex -54.135715484619141 50.813419342041016 -41.930000305175781
   vertex -54.366867065429688 50.458080291748047 -41.805812835693359
  endloop
 endfacet
 facet normal -0.940421818616345 0.31060673828824981 -0.13831217300100834
  outer loop
   vertex -54.596797943115234 50.458080291748047 -42.640678405761719
   vertex -54.427173614501953 50.813419342041016 -42.996017456054688
   vertex -54.544536590576172 50.458080291748047 -42.996017456054688
  endloop
 endfacet
 facet normal -0.90603512913545703 0.29924934818015536 -0.29924934818015536
  outer loop
   vertex -54.544536590576172 50.458080291748047 -42.996017456054688
   vertex -54.427173614501953 50.813419342041016 -42.996017456054688
   vertex -54.427173614501953 50.458080291748047 -43.351356506347656
  endloop
 endfacet
 facet normal -0.94550225888077222 0.092215652409359264 -0.31228472889668102
  outer loop
   vertex -54.544536590576172 50.458080291748047 -42.996017456054688
   vertex -54.427173614501953 50.458080291748047 -43.351356506347656
   vertex -54.579193115234375 50.102741241455078 -42.996017456054688
  endloop
 endfacet
 facet normal -0.95106831274607284 0.12377671664434398 -0.28310490795301246
  outer loop
   vertex -54.579193115234375 50.102741241455078 -42.996017456054688
   vertex -54.427173614501953 50.458080291748047 -43.351356506347656
   vertex -54.473419189453125 50.102741241455078 -43.351356506347656
  endloop
 endfacet
 facet normal -0.95427834487768326 -0.093072590829893539 -0.28406043957883415
  outer loop
   vertex -54.579193115234375 50.102741241455078 -42.996017456054688
   vertex -54.473419189453125 50.102741241455078 -43.351356506347656
   vertex -54.544536590576172 49.747406005859375 -42.996017456054688
  endloop
 endfacet
 facet normal -0.94237945281441704 -0.12264722226185119 -0.3112533144958492
  outer loop
   vertex -54.544536590576172 49.747406005859375 -42.996017456054688
   vertex -54.473419189453125 50.102741241455078 -43.351356506347656
   vertex -54.427173614501953 49.747406005859375 -43.351356506347656
  endloop
 endfacet
 facet normal -0.90603512913545703 -0.29924934818015536 -0.29924934818015536
  outer loop
   vertex -54.544536590576172 49.747406005859375 -42.996017456054688
   vertex -54.427173614501953 49.747406005859375 -43.351356506347656
   vertex -54.427173614501953 49.392066955566406 -42.996017456054688
  endloop
 endfacet
 facet normal -0.84734591395924652 -0.37550293081184416 -0.37550293081184416
  outer loop
   vertex -54.427173614501953 49.392066955566406 -42.996017456054688
   vertex -54.427173614501953 49.747406005859375 -43.351356506347656
   vertex -54.366867065429688 49.611320495605469 -43.351356506347656
  endloop
 endfacet
 facet normal -0.84734591395924641 -0.3755029308118441 -0.3755029308118441
  outer loop
   vertex -54.427173614501953 49.392066955566406 -42.996017456054688
   vertex -54.366867065429688 49.611320495605469 -43.351356506347656
   vertex -54.366867065429688 49.392066955566406 -43.132102966308594
  endloop
 endfacet
 facet normal -0.84219074673536998 0.332398439241118 -0.42453035663352578
  outer loop
   vertex -54.366867065429688 50.458080291748047 -43.457908630371094
   vertex -54.366867065429688 50.594165802001953 -43.351356506347656
   vertex -54.241458892822266 50.458080291748047 -43.706695556640625
  endloop
 endfacet
 facet normal -0.82490717830417981 0.36557929650226301 -0.43113794213818191
  outer loop
   vertex -54.241458892822266 50.458080291748047 -43.706695556640625
   vertex -54.366867065429688 50.594165802001953 -43.351356506347656
   vertex -54.269699096679688 50.813419342041016 -43.351356506347656
  endloop
 endfacet
 facet normal 0.97921206170678066 0.14377545215205195 -0.14308164650446581
  outer loop
   vertex -46.831172943115234 50.813419342041016 -44.062034606933594
   vertex -46.727077484130859 50.458080291748047 -43.706695556640625
   vertex -46.778999328613281 50.458080291748047 -44.062034606933594
  endloop
 endfacet
 facet normal 0.98786565463711395 -0.057320599713511548 -0.14434610225728137
  outer loop
   vertex -46.778999328613281 50.458080291748047 -44.062034606933594
   vertex -46.727077484130859 50.458080291748047 -43.706695556640625
   vertex -46.747695922851562 50.102741241455078 -43.706695556640625
  endloop
 endfacet
 facet normal 0.89094221835929521 -0.27945839759551144 -0.35794548126546716
  outer loop
   vertex -46.778999328613281 50.458080291748047 -44.062034606933594
   vertex -46.747695922851562 50.102741241455078 -43.706695556640625
   vertex -46.890457153320312 50.102741241455078 -44.062034606933594
  endloop
 endfacet
 facet normal 0.91847168273932478 -0.14228329216554614 -0.36900573542497578
  outer loop
   vertex -46.890457153320312 50.102741241455078 -44.062034606933594
   vertex -46.747695922851562 50.102741241455078 -43.706695556640625
   vertex -46.802742004394531 49.747406005859375 -43.706695556640625
  endloop
 endfacet
 facet normal 0.71206237562474484 -0.40074690413850017 -0.57651460696417101
  outer loop
   vertex -46.890457153320312 50.102741241455078 -44.062034606933594
   vertex -46.802742004394531 49.747406005859375 -43.706695556640625
   vertex -46.904747009277344 49.747406005859375 -43.832683563232422
  endloop
 endfacet
 facet normal 0.74315533091096631 -0.29272996315178962 -0.60168872584731403
  outer loop
   vertex -46.904747009277344 49.747406005859375 -43.832683563232422
   vertex -46.802742004394531 49.747406005859375 -43.706695556640625
   vertex -46.904747009277344 49.488445281982422 -43.706695556640625
  endloop
 endfacet
 facet normal 0.34601913085733477 -0.4104610899932512 -0.84367793303030425
  outer loop
   vertex -46.904747009277344 49.747406005859375 -43.832683563232422
   vertex -46.904747009277344 49.488445281982422 -43.706695556640625
   vertex -47.260086059570312 49.392066955566406 -43.8055419921875
  endloop
 endfacet
 facet normal 0.33589019196393327 -0.33589019196393327 -0.87997474843592194
  outer loop
   vertex -47.260086059570312 49.392066955566406 -43.8055419921875
   vertex -46.904747009277344 49.488445281982422 -43.706695556640625
   vertex -47.001125335693359 49.392066955566406 -43.706695556640625
  endloop
 endfacet
 facet normal 0.30024674085122932 -0.53955553797876177 -0.78659501399682397
  outer loop
   vertex -47.260086059570312 49.392066955566406 -43.8055419921875
   vertex -47.001125335693359 49.392066955566406 -43.706695556640625
   vertex -47.260086059570312 49.247962951660156 -43.706695556640625
  endloop
 endfacet
 facet normal 0.35905114965821139 -0.64522943918222364 -0.674359876283954
  outer loop
   vertex -47.260086059570312 49.247962951660156 -43.706695556640625
   vertex -47.001125335693359 49.392066955566406 -43.706695556640625
   vertex -47.260086059570312 49.036727905273438 -43.504585266113281
  endloop
 endfacet
 facet normal 0.27338730391455196 -0.66499186945439059 -0.69501452906963546
  outer loop
   vertex -47.260086059570312 49.247962951660156 -43.706695556640625
   vertex -47.260086059570312 49.036727905273438 -43.504585266113281
   vertex -47.615425109863281 49.036727905273438 -43.644359588623047
  endloop
 endfacet
 facet normal 0.35041777009379149 -0.28914415166113622 -0.89084400764817218
  outer loop
   vertex -47.615425109863281 49.036727905273438 -43.644359588623047
   vertex -47.260086059570312 49.036727905273438 -43.504585266113281
   vertex -47.615425109863281 48.681388854980469 -43.529026031494141
  endloop
 endfacet
 facet normal 0.247082655657999 -0.29914692500256052 -0.92166223668679348
  outer loop
   vertex -47.615425109863281 49.036727905273438 -43.644359588623047
   vertex -47.615425109863281 48.681388854980469 -43.529026031494141
   vertex -47.97076416015625 48.681388854980469 -43.624286651611328
  endloop
 endfacet
 facet normal 0.23771544694631247 -0.39650654779972583 -0.88672088271059613
  outer loop
   vertex -47.97076416015625 48.681388854980469 -43.624286651611328
   vertex -47.615425109863281 48.681388854980469 -43.529026031494141
   vertex -47.97076416015625 48.3260498046875 -43.46539306640625
  endloop
 endfacet
 facet normal 0.16133558538576334 -0.40286020850507764 -0.90092978710412175
  outer loop
   vertex -47.97076416015625 48.681388854980469 -43.624286651611328
   vertex -47.97076416015625 48.3260498046875 -43.46539306640625
   vertex -48.326103210449219 48.3260498046875 -43.529026031494141
  endloop
 endfacet
 facet normal 0.13541471080044198 -0.64019597015532259 -0.75618250171219781
  outer loop
   vertex -48.326103210449219 48.3260498046875 -43.529026031494141
   vertex -47.97076416015625 48.3260498046875 -43.46539306640625
   vertex -47.97076416015625 48.191352844238281 -43.351356506347656
  endloop
 endfacet
 facet normal 0.16144725385559294 -0.60377435750154496 -0.78063519613586763
  outer loop
   vertex -48.326103210449219 48.3260498046875 -43.529026031494141
   vertex -47.97076416015625 48.191352844238281 -43.351356506347656
   vertex -48.326103210449219 48.096336364746094 -43.351356506347656
  endloop
 endfacet
 facet normal 0.24548834439584682 -0.91806806168592958 -0.31126597449452525
  outer loop
   vertex -48.326103210449219 48.096336364746094 -43.351356506347656
   vertex -47.97076416015625 48.191352844238281 -43.351356506347656
   vertex -47.97076416015625 48.070877075195312 -42.996017456054688
  endloop
 endfacet
 facet normal 0.4237751564522978 -0.76883495597612828 -0.47886055093629865
  outer loop
   vertex -48.326103210449219 48.096336364746094 -43.351356506347656
   vertex -47.97076416015625 48.070877075195312 -42.996017456054688
   vertex -48.326103210449219 47.970710754394531 -43.149658203125
  endloop
 endfacet
 facet normal 0.41927015131709378 -0.78326140615083861 -0.45903606595686186
  outer loop
   vertex -48.326103210449219 47.970710754394531 -43.149658203125
   vertex -47.97076416015625 48.070877075195312 -42.996017456054688
   vertex -48.157890319824219 47.970710754394531 -42.996017456054688
  endloop
 endfacet
 facet normal 0.40073354578388831 -0.80431253686328352 -0.43874134558760403
  outer loop
   vertex -48.326103210449219 47.970710754394531 -43.149658203125
   vertex -48.157890319824219 47.970710754394531 -42.996017456054688
   vertex -48.326103210449219 47.88690185546875 -42.996017456054688
  endloop
 endfacet
 facet normal 0.41643142580080811 -0.83581976113392964 0.35775717253959699
  outer loop
   vertex -48.326103210449219 47.88690185546875 -42.996017456054688
   vertex -48.157890319824219 47.970710754394531 -42.996017456054688
   vertex -48.326103210449219 47.970710754394531 -42.800216674804688
  endloop
 endfacet
 facet normal 0.53685760962505757 -0.77560927169058136 0.33198518740340693
  outer loop
   vertex -48.326103210449219 47.88690185546875 -42.996017456054688
   vertex -48.326103210449219 47.970710754394531 -42.800216674804688
   vertex -48.681442260742188 47.793041229248047 -42.640678405761719
  endloop
 endfacet
 facet normal 0.53088520535040062 -0.79269738531161049 0.29965272243081525
  outer loop
   vertex -48.681442260742188 47.793041229248047 -42.640678405761719
   vertex -48.326103210449219 47.970710754394531 -42.800216674804688
   vertex -48.416152954101562 47.970710754394531 -42.640678405761719
  endloop
 endfacet
 facet normal 0.53333072193488573 -0.79634893668791618 0.28528356432931573
  outer loop
   vertex -48.681442260742188 47.793041229248047 -42.640678405761719
   vertex -48.416152954101562 47.970710754394531 -42.640678405761719
   vertex -48.681442260742188 47.920337677001953 -42.28533935546875
  endloop
 endfacet
 facet normal 0.57540243043529005 -0.75135661552409749 0.32307163192910476
  outer loop
   vertex -48.681442260742188 47.920337677001953 -42.28533935546875
   vertex -48.416152954101562 47.970710754394531 -42.640678405761719
   vertex -48.615665435791016 47.970710754394531 -42.28533935546875
  endloop
 endfacet
 facet normal 0.56542268282806241 -0.73832512836079367 0.36765907383680069
  outer loop
   vertex -48.681442260742188 47.920337677001953 -42.28533935546875
   vertex -48.615665435791016 47.970710754394531 -42.28533935546875
   vertex -48.681442260742188 47.970710754394531 -42.184181213378906
  endloop
 endfacet
 facet normal 0.61673529918308001 -0.67736028019398475 0.40102446503559275
  outer loop
   vertex -48.681442260742188 47.970710754394531 -42.184181213378906
   vertex -48.615665435791016 47.970710754394531 -42.28533935546875
   vertex -48.456451416015625 48.3260498046875 -41.930000305175781
  endloop
 endfacet
 facet normal 0.64566014985838449 -0.67038175580754367 0.36566551979266976
  outer loop
   vertex -48.681442260742188 47.970710754394531 -42.184181213378906
   vertex -48.456451416015625 48.3260498046875 -41.930000305175781
   vertex -48.681442260742188 48.109355926513672 -41.930000305175781
  endloop
 endfacet
 facet normal 0.65342933200155495 -0.67844841125696176 0.33576459215186188
  outer loop
   vertex -48.681442260742188 48.109355926513672 -41.930000305175781
   vertex -48.456451416015625 48.3260498046875 -41.930000305175781
   vertex -48.681442260742188 48.285213470458984 -41.574661254882812
  endloop
 endfacet
 facet normal 0.48069194749915167 -0.78591032593017829 0.38894756871048008
  outer loop
   vertex -48.681442260742188 48.109355926513672 -41.930000305175781
   vertex -48.681442260742188 48.285213470458984 -41.574661254882812
   vertex -49.036781311035156 48.067874908447266 -41.574661254882812
  endloop
 endfacet
 facet normal 0.46259218861864226 -0.7563180111950456 0.46259218861864226
  outer loop
   vertex -49.036781311035156 48.067874908447266 -41.574661254882812
   vertex -48.681442260742188 48.285213470458984 -41.574661254882812
   vertex -49.036781311035156 48.285213470458984 -41.219322204589844
  endloop
 endfacet
 facet normal 0.35037798498085754 -0.79900385088540149 0.48870043371277361
  outer loop
   vertex -49.036781311035156 48.067874908447266 -41.574661254882812
   vertex -49.036781311035156 48.285213470458984 -41.219322204589844
   vertex -49.392120361328125 48.129390716552734 -41.219322204589844
  endloop
 endfacet
 facet normal 0.29616797487614033 -0.67538305081552275 0.67538305081552275
  outer loop
   vertex -49.392120361328125 48.129390716552734 -41.219322204589844
   vertex -49.036781311035156 48.285213470458984 -41.219322204589844
   vertex -49.036781311035156 48.3260498046875 -41.178485870361328
  endloop
 endfacet
 facet normal 0.26730455111875095 -0.63372217433025346 0.72590941770536277
  outer loop
   vertex -49.392120361328125 48.129390716552734 -41.219322204589844
   vertex -49.036781311035156 48.3260498046875 -41.178485870361328
   vertex -49.392120361328125 48.3260498046875 -41.047637939453125
  endloop
 endfacet
 facet normal 0.29969604801063721 -0.49778673925862316 0.81387384834817811
  outer loop
   vertex -49.392120361328125 48.3260498046875 -41.047637939453125
   vertex -49.036781311035156 48.3260498046875 -41.178485870361328
   vertex -49.036781311035156 48.681388854980469 -40.961151123046875
  endloop
 endfacet
 facet normal 0.34624748033402192 -0.5339866344594042 0.77134360474503172
  outer loop
   vertex -49.392120361328125 48.3260498046875 -41.047637939453125
   vertex -49.036781311035156 48.681388854980469 -40.961151123046875
   vertex -49.392120361328125 48.591339111328125 -40.863983154296875
  endloop
 endfacet
 facet normal 0.34554080307723523 -0.52219023167742473 0.7796915514159537
  outer loop
   vertex -49.392120361328125 48.591339111328125 -40.863983154296875
   vertex -49.036781311035156 48.681388854980469 -40.961151123046875
   vertex -49.256034851074219 48.681388854980469 -40.863983154296875
  endloop
 endfacet
 facet normal 0.34552923406653152 -0.52217274828812366 0.77970838737993842
  outer loop
   vertex -49.392120361328125 48.591339111328125 -40.863983154296875
   vertex -49.256034851074219 48.681388854980469 -40.863983154296875
   vertex -49.392120361328125 48.681388854980469 -40.803676605224609
  endloop
 endfacet
 facet normal 0.37550293081184416 -0.37550293081184416 0.84734591395924652
  outer loop
   vertex -49.392120361328125 48.681388854980469 -40.803676605224609
   vertex -49.256034851074219 48.681388854980469 -40.863983154296875
   vertex -49.036781311035156 49.036727905273438 -40.803676605224609
  endloop
 endfacet
 facet normal 0.26617745573208385 -0.26617745573208385 0.92644434485833471
  outer loop
   vertex -49.392120361328125 48.681388854980469 -40.803676605224609
   vertex -49.036781311035156 49.036727905273438 -40.803676605224609
   vertex -49.392120361328125 49.036727905273438 -40.701583862304688
  endloop
 endfacet
 facet normal 0.27400421437332129 -0.12411736691879738 0.95368578144732952
  outer loop
   vertex -49.392120361328125 49.036727905273438 -40.701583862304688
   vertex -49.036781311035156 49.036727905273438 -40.803676605224609
   vertex -49.036781311035156 49.392066955566406 -40.757431030273438
  endloop
 endfacet
 facet normal 0.23540316874814823 -0.083214942187190402 0.96832877760609437
  outer loop
   vertex -49.392120361328125 49.036727905273438 -40.701583862304688
   vertex -49.036781311035156 49.392066955566406 -40.757431030273438
   vertex -49.392120361328125 49.392066955566406 -40.671047210693359
  endloop
 endfacet
 facet normal 0.23622247762217052 -0 0.9716989971519181
  outer loop
   vertex -49.392120361328125 49.392066955566406 -40.671047210693359
   vertex -49.036781311035156 49.392066955566406 -40.757431030273438
   vertex -49.036781311035156 49.747406005859375 -40.757431030273438
  endloop
 endfacet
 facet normal 0.326429910779303 -0.097879518744015098 0.94013994339090601
  outer loop
   vertex -49.392120361328125 49.392066955566406 -40.671047210693359
   vertex -49.036781311035156 49.747406005859375 -40.757431030273438
   vertex -49.392120361328125 49.747406005859375 -40.634052276611328
  endloop
 endfacet
 facet normal 0.32800490122642012 -0 0.94467602106301307
  outer loop
   vertex -49.392120361328125 49.747406005859375 -40.634052276611328
   vertex -49.036781311035156 49.747406005859375 -40.757431030273438
   vertex -49.036781311035156 50.102741241455078 -40.757431030273438
  endloop
 endfacet
 facet normal 0.32800490122642012 0 0.94467602106301307
  outer loop
   vertex -49.392120361328125 49.747406005859375 -40.634052276611328
   vertex -49.036781311035156 50.102741241455078 -40.757431030273438
   vertex -49.392120361328125 50.102741241455078 -40.634052276611328
  endloop
 endfacet
 facet normal 0.32555368857817824 0.12202601387110827 0.93761636493390543
  outer loop
   vertex -49.392120361328125 50.102741241455078 -40.634052276611328
   vertex -49.036781311035156 50.102741241455078 -40.757431030273438
   vertex -49.036781311035156 50.458080291748047 -40.803676605224609
  endloop
 endfacet
 facet normal 0.31060673828824981 0.13831217300100834 0.940421818616345
  outer loop
   vertex -49.392120361328125 50.102741241455078 -40.634052276611328
   vertex -49.036781311035156 50.458080291748047 -40.803676605224609
   vertex -49.392120361328125 50.458080291748047 -40.686313629150391
  endloop
 endfacet
 facet normal 0.82044078018482636 0.12046343049477047 -0.55889667034537338
  outer loop
   vertex -46.831172943115234 50.813419342041016 -44.062034606933594
   vertex -46.778999328613281 50.458080291748047 -44.062034606933594
   vertex -46.904747009277344 50.458080291748047 -44.246627807617188
  endloop
 endfacet
 facet normal 0.79847331044945902 -0.25802760634780808 -0.54393209765769712
  outer loop
   vertex -46.904747009277344 50.458080291748047 -44.246627807617188
   vertex -46.778999328613281 50.458080291748047 -44.062034606933594
   vertex -46.904747009277344 50.102741241455078 -44.07806396484375
  endloop
 endfacet
 facet normal 0.25913874801607595 -0.41395499231199345 -0.87263301199108789
  outer loop
   vertex -46.904747009277344 50.458080291748047 -44.246627807617188
   vertex -46.904747009277344 50.102741241455078 -44.07806396484375
   vertex -47.260086059570312 50.102741241455078 -44.183586120605469
  endloop
 endfacet
 facet normal 0.22966660970839689 -0.59086804086738476 -0.77338748804631519
  outer loop
   vertex -47.260086059570312 50.102741241455078 -44.183586120605469
   vertex -46.904747009277344 50.102741241455078 -44.07806396484375
   vertex -46.904747009277344 50.081760406494141 -44.062034606933594
  endloop
 endfacet
 facet normal 0.24630225384386428 -0.52991165339883495 -0.81149789854536625
  outer loop
   vertex -47.260086059570312 50.102741241455078 -44.183586120605469
   vertex -46.904747009277344 50.081760406494141 -44.062034606933594
   vertex -47.260086059570312 49.916599273681641 -44.062034606933594
  endloop
 endfacet
 facet normal 0.24042402512109542 -0.51726482677452978 -0.82136069246494048
  outer loop
   vertex -47.260086059570312 49.916599273681641 -44.062034606933594
   vertex -46.904747009277344 50.081760406494141 -44.062034606933594
   vertex -47.260086059570312 49.747406005859375 -43.955482482910156
  endloop
 endfacet
 facet normal 0.1094643736216466 -0.52969342634159544 -0.84109596658058083
  outer loop
   vertex -47.260086059570312 49.916599273681641 -44.062034606933594
   vertex -47.260086059570312 49.747406005859375 -43.955482482910156
   vertex -47.615425109863281 49.747406005859375 -44.001728057861328
  endloop
 endfacet
 facet normal 0.11851182986285606 -0.3958997018713144 -0.91061428291058666
  outer loop
   vertex -47.615425109863281 49.747406005859375 -44.001728057861328
   vertex -47.260086059570312 49.747406005859375 -43.955482482910156
   vertex -47.615425109863281 49.392066955566406 -43.847240447998047
  endloop
 endfacet
 facet normal 0.29049397857689813 -0.38151592763027697 -0.87752996836288955
  outer loop
   vertex -47.615425109863281 49.747406005859375 -44.001728057861328
   vertex -47.615425109863281 49.392066955566406 -43.847240447998047
   vertex -47.97076416015625 49.392066955566406 -43.964870452880859
  endloop
 endfacet
 facet normal 0.28868898083465544 -0.39514514898457331 -0.87207739540628348
  outer loop
   vertex -47.97076416015625 49.392066955566406 -43.964870452880859
   vertex -47.615425109863281 49.392066955566406 -43.847240447998047
   vertex -47.97076416015625 49.036727905273438 -43.803863525390625
  endloop
 endfacet
 facet normal 0.28868039897155007 -0.39514621694153446 -0.87207975236581448
  outer loop
   vertex -47.97076416015625 49.392066955566406 -43.964870452880859
   vertex -47.97076416015625 49.036727905273438 -43.803863525390625
   vertex -48.326103210449219 49.036727905273438 -43.921489715576172
  endloop
 endfacet
 facet normal 0.29048639694046463 -0.38150892222792271 -0.87753552375561161
  outer loop
   vertex -48.326103210449219 49.036727905273438 -43.921489715576172
   vertex -47.97076416015625 49.036727905273438 -43.803863525390625
   vertex -48.326103210449219 48.681388854980469 -43.767005920410156
  endloop
 endfacet
 facet normal 0.20277241720391589 -0.39041860787842825 -0.89802931881066728
  outer loop
   vertex -48.326103210449219 49.036727905273438 -43.921489715576172
   vertex -48.326103210449219 48.681388854980469 -43.767005920410156
   vertex -48.681442260742188 48.681388854980469 -43.847240447998047
  endloop
 endfacet
 facet normal 0.18439067262655842 -0.54692786831350593 -0.81662107902647829
  outer loop
   vertex -48.681442260742188 48.681388854980469 -43.847240447998047
   vertex -48.326103210449219 48.681388854980469 -43.767005920410156
   vertex -48.326103210449219 48.591339111328125 -43.706695556640625
  endloop
 endfacet
 facet normal 0.20958097810130116 -0.49189851114029942 -0.84505128149483244
  outer loop
   vertex -48.681442260742188 48.681388854980469 -43.847240447998047
   vertex -48.326103210449219 48.591339111328125 -43.706695556640625
   vertex -48.681442260742188 48.43994140625 -43.706695556640625
  endloop
 endfacet
 facet normal 0.2276731021615277 -0.5343617583739747 -0.8140162588914428
  outer loop
   vertex -48.681442260742188 48.43994140625 -43.706695556640625
   vertex -48.326103210449219 48.591339111328125 -43.706695556640625
   vertex -48.681442260742188 48.3260498046875 -43.631931304931641
  endloop
 endfacet
 facet normal 0.3318466003117036 -0.5176766951204983 -0.78859918411743435
  outer loop
   vertex -48.681442260742188 48.43994140625 -43.706695556640625
   vertex -48.681442260742188 48.3260498046875 -43.631931304931641
   vertex -48.859111785888672 48.3260498046875 -43.706695556640625
  endloop
 endfacet
 facet normal 0.32448937910799325 -0.5478024433157902 -0.77111550752358715
  outer loop
   vertex -48.859111785888672 48.3260498046875 -43.706695556640625
   vertex -48.681442260742188 48.3260498046875 -43.631931304931641
   vertex -49.036781311035156 47.970710754394531 -43.529026031494141
  endloop
 endfacet
 facet normal 0.31431911604159829 -0.54559529031147291 -0.77687146458134748
  outer loop
   vertex -48.859111785888672 48.3260498046875 -43.706695556640625
   vertex -49.036781311035156 47.970710754394531 -43.529026031494141
   vertex -49.036781311035156 48.22369384765625 -43.706695556640625
  endloop
 endfacet
 facet normal 0.35667146954741019 -0.53692414161464774 -0.76452464248202268
  outer loop
   vertex -49.036781311035156 48.22369384765625 -43.706695556640625
   vertex -49.036781311035156 47.970710754394531 -43.529026031494141
   vertex -49.392120361328125 47.970710754394531 -43.694801330566406
  endloop
 endfacet
 facet normal 0.37776560064839282 -0.56509234957520826 -0.73346014712343421
  outer loop
   vertex -49.036781311035156 48.22369384765625 -43.706695556640625
   vertex -49.392120361328125 47.970710754394531 -43.694801330566406
   vertex -49.392120361328125 47.986148834228516 -43.706695556640625
  endloop
 endfacet
 facet normal 0.58921285673012214 -0.49312180522483912 -0.64004616605032838
  outer loop
   vertex -49.392120361328125 47.986148834228516 -43.706695556640625
   vertex -49.392120361328125 47.970710754394531 -43.694801330566406
   vertex -49.405040740966797 47.970710754394531 -43.706695556640625
  endloop
 endfacet
 facet normal 0.6108057434759423 -0.51119324268668553 -0.60464684929988077
  outer loop
   vertex -49.392120361328125 47.986148834228516 -43.706695556640625
   vertex -49.405040740966797 47.970710754394531 -43.706695556640625
   vertex -49.459407806396484 48.3260498046875 -44.062034606933594
  endloop
 endfacet
 facet normal 0.71325508456719056 -0.43803739799071684 -0.54716580878246779
  outer loop
   vertex -49.459407806396484 48.3260498046875 -44.062034606933594
   vertex -49.405040740966797 47.970710754394531 -43.706695556640625
   vertex -49.677635192871094 47.970710754394531 -44.062034606933594
  endloop
 endfacet
 facet normal 0.75133770232541874 -0.4614253992155688 -0.47178200264858905
  outer loop
   vertex -49.459407806396484 48.3260498046875 -44.062034606933594
   vertex -49.677635192871094 47.970710754394531 -44.062034606933594
   vertex -49.682533264160156 48.3260498046875 -44.417373657226562
  endloop
 endfacet
 facet normal 0.70631040392132183 -0.49567085056599092 -0.50540678785675819
  outer loop
   vertex -49.682533264160156 48.3260498046875 -44.417373657226562
   vertex -49.677635192871094 47.970710754394531 -44.062034606933594
   vertex -49.747459411621094 47.970710754394531 -44.159614562988281
  endloop
 endfacet
 facet normal 0.7282764232490303 -0.48456859748625863 -0.48456859748625863
  outer loop
   vertex -49.682533264160156 48.3260498046875 -44.417373657226562
   vertex -49.747459411621094 47.970710754394531 -44.159614562988281
   vertex -49.747459411621094 48.228469848632812 -44.417373657226562
  endloop
 endfacet
 facet normal 0.57735026918962584 -0.57735026918962584 -0.57735026918962584
  outer loop
   vertex -49.747459411621094 48.228469848632812 -44.417373657226562
   vertex -49.747459411621094 47.970710754394531 -44.159614562988281
   vertex -50.005218505859375 47.970710754394531 -44.417373657226562
  endloop
 endfacet
 facet normal 0.53940011087063799 -0.53940011087063799 -0.64660269160086792
  outer loop
   vertex -49.747459411621094 48.228469848632812 -44.417373657226562
   vertex -50.005218505859375 47.970710754394531 -44.417373657226562
   vertex -49.747459411621094 48.3260498046875 -44.498775482177734
  endloop
 endfacet
 facet normal 0.52774501995029199 -0.53411914566953844 -0.66045585177732236
  outer loop
   vertex -49.747459411621094 48.3260498046875 -44.498775482177734
   vertex -50.005218505859375 47.970710754394531 -44.417373657226562
   vertex -50.102798461914062 47.970710754394531 -44.495346069335938
  endloop
 endfacet
 facet normal 0.64547248303790672 -0.33629351377119343 -0.68576376853571319
  outer loop
   vertex -47.162506103515625 50.813419342041016 -44.417373657226562
   vertex -46.904747009277344 50.813419342041016 -44.174758911132812
   vertex -47.260086059570312 50.458080291748047 -44.334964752197266
  endloop
 endfacet
 facet normal 0.31530552423318847 -0.5142982252425099 -0.79754608763408708
  outer loop
   vertex -47.615425109863281 50.548130035400391 -44.417373657226562
   vertex -47.762306213378906 50.458080291748047 -44.417373657226562
   vertex -47.97076416015625 50.458080291748047 -44.499786376953125
  endloop
 endfacet
 facet normal 0.33394344006339932 -0.41830769571815518 -0.84468955867915763
  outer loop
   vertex -47.97076416015625 50.458080291748047 -44.499786376953125
   vertex -47.762306213378906 50.458080291748047 -44.417373657226562
   vertex -47.97076416015625 50.291664123535156 -44.417373657226562
  endloop
 endfacet
 facet normal 0.40563427103870309 -0.40563427103870309 -0.81909808711643317
  outer loop
   vertex -47.97076416015625 50.458080291748047 -44.499786376953125
   vertex -47.97076416015625 50.291664123535156 -44.417373657226562
   vertex -48.326103210449219 50.102741241455078 -44.499786376953125
  endloop
 endfacet
 facet normal 0.31655733578051309 -0.52783863077484428 -0.78814835724328003
  outer loop
   vertex -47.615425109863281 50.548130035400391 -44.417373657226562
   vertex -47.97076416015625 50.458080291748047 -44.499786376953125
   vertex -47.615425109863281 50.813419342041016 -44.595043182373047
  endloop
 endfacet
 facet normal 0.14378394584282586 -0.38784817748181744 -0.91043943683360951
  outer loop
   vertex -47.615425109863281 50.813419342041016 -44.595043182373047
   vertex -47.97076416015625 50.458080291748047 -44.499786376953125
   vertex -47.97076416015625 50.813419342041016 -44.651161193847656
  endloop
 endfacet
 facet normal 0.16151198535646591 -0.30950344076468578 -0.93708137252910617
  outer loop
   vertex -48.326103210449219 50.813419342041016 -44.712406158447266
   vertex -47.97076416015625 50.813419342041016 -44.651161193847656
   vertex -48.326103210449219 50.458080291748047 -44.595043182373047
  endloop
 endfacet
 facet normal 0.23945208166807727 -0.38051890211656092 -0.89323460844104752
  outer loop
   vertex -48.326103210449219 50.458080291748047 -44.595043182373047
   vertex -47.97076416015625 50.813419342041016 -44.651161193847656
   vertex -47.97076416015625 50.458080291748047 -44.499786376953125
  endloop
 endfacet
 facet normal 0.25066403580445262 -0.25066403580445262 -0.93505886569159269
  outer loop
   vertex -48.326103210449219 50.458080291748047 -44.595043182373047
   vertex -47.97076416015625 50.458080291748047 -44.499786376953125
   vertex -48.326103210449219 50.102741241455078 -44.499786376953125
  endloop
 endfacet
 facet normal 0.26060855505511571 -0.43456530205477839 -0.86211146569461883
  outer loop
   vertex -48.681442260742188 50.706871032714844 -44.772712707519531
   vertex -48.503772735595703 50.813419342041016 -44.772712707519531
   vertex -48.681442260742188 50.458080291748047 -44.647304534912109
  endloop
 endfacet
 facet normal 0.28807091040864502 -0.44355886527719884 -0.84868762428253786
  outer loop
   vertex -48.681442260742188 50.458080291748047 -44.647304534912109
   vertex -48.503772735595703 50.813419342041016 -44.772712707519531
   vertex -48.326103210449219 50.813419342041016 -44.712406158447266
  endloop
 endfacet
 facet normal 0.13831217300100834 -0.31060673828824981 -0.940421818616345
  outer loop
   vertex -48.681442260742188 50.458080291748047 -44.647304534912109
   vertex -48.326103210449219 50.813419342041016 -44.712406158447266
   vertex -48.326103210449219 50.458080291748047 -44.595043182373047
  endloop
 endfacet
 facet normal 0.10240011475752113 -0.51161610650413503 -0.85309036805205818
  outer loop
   vertex -49.036781311035156 50.635749816894531 -44.772712707519531
   vertex -48.681442260742188 50.706871032714844 -44.772712707519531
   vertex -49.036781311035156 50.458080291748047 -44.666160583496094
  endloop
 endfacet
 facet normal 0.047332212705545364 -0.44961488674323707 -0.89196755280630191
  outer loop
   vertex -49.036781311035156 50.458080291748047 -44.666160583496094
   vertex -48.681442260742188 50.706871032714844 -44.772712707519531
   vertex -48.681442260742188 50.458080291748047 -44.647304534912109
  endloop
 endfacet
 facet normal 0.051962771103372336 -0.19598258986044315 -0.97922964359278442
  outer loop
   vertex -49.036781311035156 50.458080291748047 -44.666160583496094
   vertex -48.681442260742188 50.458080291748047 -44.647304534912109
   vertex -49.036781311035156 50.102741241455078 -44.595043182373047
  endloop
 endfacet
 facet normal 0.04217002867925531 -0.18653019682163355 -0.98154377098266665
  outer loop
   vertex -49.036781311035156 50.102741241455078 -44.595043182373047
   vertex -48.681442260742188 50.458080291748047 -44.647304534912109
   vertex -48.681442260742188 50.102741241455078 -44.579776763916016
  endloop
 endfacet
 facet normal 0.042883879275195547 -0.042884339654579925 -0.9981592589916205
  outer loop
   vertex -49.036781311035156 50.102741241455078 -44.595043182373047
   vertex -48.681442260742188 50.102741241455078 -44.579776763916016
   vertex -49.036781311035156 49.747406005859375 -44.579776763916016
  endloop
 endfacet
 facet normal 0.21450239894555087 -0.21450470173354588 -0.95287798472879326
  outer loop
   vertex -49.036781311035156 49.747406005859375 -44.579776763916016
   vertex -48.681442260742188 50.102741241455078 -44.579776763916016
   vertex -48.681442260742188 49.747406005859375 -44.499786376953125
  endloop
 endfacet
 facet normal 0.21336088336876682 -0.23693650293886709 -0.94780706212984067
  outer loop
   vertex -49.036781311035156 49.747406005859375 -44.579776763916016
   vertex -48.681442260742188 49.747406005859375 -44.499786376953125
   vertex -49.036781311035156 49.392066955566406 -44.490947723388672
  endloop
 endfacet
 facet normal 0.42491630896494242 -0.44453101976480397 -0.78856724687402091
  outer loop
   vertex -49.036781311035156 49.392066955566406 -44.490947723388672
   vertex -48.681442260742188 49.747406005859375 -44.499786376953125
   vertex -48.681442260742188 49.601211547851562 -44.417373657226562
  endloop
 endfacet
 facet normal 0.42906308197040943 -0.45434858187641008 -0.78068702937665668
  outer loop
   vertex -49.036781311035156 49.392066955566406 -44.490947723388672
   vertex -48.681442260742188 49.601211547851562 -44.417373657226562
   vertex -48.902912139892578 49.392066955566406 -44.417373657226562
  endloop
 endfacet
 facet normal 0.13637129045513952 -0.45335423647024431 -0.88083642489061598
  outer loop
   vertex -49.392120361328125 50.528861999511719 -44.772712707519531
   vertex -49.036781311035156 50.635749816894531 -44.772712707519531
   vertex -49.392120361328125 50.458080291748047 -44.736282348632812
  endloop
 endfacet
 facet normal 0.16686375455652622 -0.50710895357119901 -0.84557495032860508
  outer loop
   vertex -49.392120361328125 50.458080291748047 -44.736282348632812
   vertex -49.036781311035156 50.635749816894531 -44.772712707519531
   vertex -49.036781311035156 50.458080291748047 -44.666160583496094
  endloop
 endfacet
 facet normal 0.19007448995080967 -0.19007448995080967 -0.96319436072886078
  outer loop
   vertex -49.392120361328125 50.458080291748047 -44.736282348632812
   vertex -49.036781311035156 50.458080291748047 -44.666160583496094
   vertex -49.392120361328125 50.102741241455078 -44.666160583496094
  endloop
 endfacet
 facet normal 0.19257442409506856 -0.19257442409506856 -0.96220069755166215
  outer loop
   vertex -49.392120361328125 50.102741241455078 -44.666160583496094
   vertex -49.036781311035156 50.458080291748047 -44.666160583496094
   vertex -49.036781311035156 50.102741241455078 -44.595043182373047
  endloop
 endfacet
 facet normal 0.19598258417942452 -0.051963327442813831 -0.97922961520749852
  outer loop
   vertex -49.392120361328125 50.102741241455078 -44.666160583496094
   vertex -49.036781311035156 50.102741241455078 -44.595043182373047
   vertex -49.392120361328125 49.747406005859375 -44.647304534912109
  endloop
 endfacet
 facet normal 0.18653019326055903 -0.042170480590022298 -0.98154375224387491
  outer loop
   vertex -49.392120361328125 49.747406005859375 -44.647304534912109
   vertex -49.036781311035156 50.102741241455078 -44.595043182373047
   vertex -49.036781311035156 49.747406005859375 -44.579776763916016
  endloop
 endfacet
 facet normal 0.18477743807231131 -0.14300366634225878 -0.97232054888915376
  outer loop
   vertex -49.392120361328125 49.747406005859375 -44.647304534912109
   vertex -49.036781311035156 49.747406005859375 -44.579776763916016
   vertex -49.392120361328125 49.392066955566406 -44.595043182373047
  endloop
 endfacet
 facet normal 0.27337532313109625 -0.23328268009493944 -0.93319082928985697
  outer loop
   vertex -49.392120361328125 49.392066955566406 -44.595043182373047
   vertex -49.036781311035156 49.747406005859375 -44.579776763916016
   vertex -49.036781311035156 49.392066955566406 -44.490947723388672
  endloop
 endfacet
 facet normal 0.27064034868921216 -0.27064034868921216 -0.92385475228672354
  outer loop
   vertex -49.392120361328125 49.392066955566406 -44.595043182373047
   vertex -49.036781311035156 49.392066955566406 -44.490947723388672
   vertex -49.392120361328125 49.036727905273438 -44.490947723388672
  endloop
 endfacet
 facet normal 0.46631471842959493 -0.46631471842959493 -0.75173211102882598
  outer loop
   vertex -49.392120361328125 49.036727905273438 -44.490947723388672
   vertex -49.036781311035156 49.392066955566406 -44.490947723388672
   vertex -49.036781311035156 49.273460388183594 -44.417373657226562
  endloop
 endfacet
 facet normal 0.48431952000739742 -0.40037602357280894 -0.77790336307785024
  outer loop
   vertex -49.392120361328125 50.528861999511719 -44.772712707519531
   vertex -49.392120361328125 50.458080291748047 -44.736282348632812
   vertex -49.450634002685547 50.458080291748047 -44.772712707519531
  endloop
 endfacet
 facet normal 0.52126683956979747 -0.16522040276514632 -0.83724733530482975
  outer loop
   vertex -49.450634002685547 50.458080291748047 -44.772712707519531
   vertex -49.392120361328125 50.458080291748047 -44.736282348632812
   vertex -49.392120361328125 50.102741241455078 -44.666160583496094
  endloop
 endfacet
 facet normal 0.58103402582110009 -0.14449439836978833 -0.80094995454015605
  outer loop
   vertex -49.450634002685547 50.458080291748047 -44.772712707519531
   vertex -49.392120361328125 50.102741241455078 -44.666160583496094
   vertex -49.53900146484375 50.102741241455078 -44.772712707519531
  endloop
 endfacet
 facet normal 0.58665534423014043 -0.042914026017571633 -0.80869888923948607
  outer loop
   vertex -49.53900146484375 50.102741241455078 -44.772712707519531
   vertex -49.392120361328125 50.102741241455078 -44.666160583496094
   vertex -49.392120361328125 49.747406005859375 -44.647304534912109
  endloop
 endfacet
 facet normal 0.52859182883936318 -0.079769136952569847 -0.84511985142587887
  outer loop
   vertex -49.53900146484375 50.102741241455078 -44.772712707519531
   vertex -49.392120361328125 49.747406005859375 -44.647304534912109
   vertex -49.592624664306641 49.747406005859375 -44.772712707519531
  endloop
 endfacet
 facet normal 0.50881996120294326 -0.28161403074573371 -0.81350831880723651
  outer loop
   vertex -49.592624664306641 49.747406005859375 -44.772712707519531
   vertex -49.392120361328125 49.747406005859375 -44.647304534912109
   vertex -49.747459411621094 49.392066955566406 -44.746547698974609
  endloop
 endfacet
 facet normal 0.14550927912771366 0 -0.98935688691580492
  outer loop
   vertex -49.392120361328125 50.813419342041016 -44.898120880126953
   vertex -49.747459411621094 50.458080291748047 -44.950382232666016
   vertex -49.747459411621094 50.813419342041016 -44.950382232666016
  endloop
 endfacet
 facet normal 0.25894029240130845 0 -0.96589333001689415
  outer loop
   vertex -49.747459411621094 50.813419342041016 -44.950382232666016
   vertex -49.747459411621094 50.458080291748047 -44.950382232666016
   vertex -50.102798461914062 50.813419342041016 -45.045642852783203
  endloop
 endfacet
 facet normal 0.52506660814118211 0.3128897052400636 -0.7914575726909816
  outer loop
   vertex -49.747459411621094 50.458080291748047 -44.950382232666016
   vertex -50.102798461914062 50.604965209960938 -45.1280517578125
   vertex -50.102798461914062 50.813419342041016 -45.045642852783203
  endloop
 endfacet
 facet normal 0.34505967559575101 0.34506599016571343 -0.8728478004261172
  outer loop
   vertex -50.102798461914062 50.813419342041016 -45.045642852783203
   vertex -50.102798461914062 50.604965209960938 -45.1280517578125
   vertex -50.311256408691406 50.813419342041016 -45.1280517578125
  endloop
 endfacet
 facet normal -0.67468157982944021 -0.29930377343384962 -0.67470142807549305
  outer loop
   vertex -53.65618896484375 50.458080291748047 -44.998382568359375
   vertex -53.65618896484375 50.750385284423828 -45.1280517578125
   vertex -53.526515960693359 50.458080291748047 -45.1280517578125
  endloop
 endfacet
 facet normal -0.67963475221764458 -0.30150111100846178 -0.66872541722198964
  outer loop
   vertex -53.526515960693359 50.458080291748047 -45.1280517578125
   vertex -53.65618896484375 50.750385284423828 -45.1280517578125
   vertex -53.65618896484375 50.813419342041016 -45.156471252441406
  endloop
 endfacet
 facet normal 0.26617745573208385 0.26617745573208385 -0.92644434485833471
  outer loop
   vertex -50.458137512207031 50.813419342041016 -45.188362121582031
   vertex -50.102798461914062 50.458080291748047 -45.188362121582031
   vertex -50.458137512207031 50.458080291748047 -45.290454864501953
  endloop
 endfacet
 facet normal 0.27590433294455752 0.0412573007676314 -0.96029924200521366
  outer loop
   vertex -50.458137512207031 50.458080291748047 -45.290454864501953
   vertex -50.102798461914062 50.458080291748047 -45.188362121582031
   vertex -50.458137512207031 50.102741241455078 -45.305721282958984
  endloop
 endfacet
 facet normal 0 0.042923366903594898 -0.99907836758367441
  outer loop
   vertex -50.458137512207031 50.458080291748047 -45.290454864501953
   vertex -50.458137512207031 50.102741241455078 -45.305721282958984
   vertex -50.8134765625 50.102741241455078 -45.305721282958984
  endloop
 endfacet
 facet normal -0 0 -1
  outer loop
   vertex -50.8134765625 50.102741241455078 -45.305721282958984
   vertex -50.458137512207031 50.102741241455078 -45.305721282958984
   vertex -50.8134765625 49.747406005859375 -45.305721282958984
  endloop
 endfacet
 facet normal 0 0 -1
  outer loop
   vertex -50.8134765625 50.102741241455078 -45.305721282958984
   vertex -50.8134765625 49.747406005859375 -45.305721282958984
   vertex -51.168815612792969 49.747406005859375 -45.305721282958984
  endloop
 endfacet
 facet normal -0 0 -1
  outer loop
   vertex -51.168815612792969 49.747406005859375 -45.305721282958984
   vertex -50.8134765625 49.747406005859375 -45.305721282958984
   vertex -51.168815612792969 49.392066955566406 -45.305721282958984
  endloop
 endfacet
 facet normal 0 0 -1
  outer loop
   vertex -51.168815612792969 49.747406005859375 -45.305721282958984
   vertex -51.168815612792969 49.392066955566406 -45.305721282958984
   vertex -51.524154663085938 49.392066955566406 -45.305721282958984
  endloop
 endfacet
 facet normal -0 -0.19624771608187738 -0.98055435032059635
  outer loop
   vertex -51.524154663085938 49.392066955566406 -45.305721282958984
   vertex -51.168815612792969 49.392066955566406 -45.305721282958984
   vertex -51.524154663085938 49.036727905273438 -45.234603881835938
  endloop
 endfacet
 facet normal -0 -0.19624771608187738 -0.98055435032059635
  outer loop
   vertex -51.524154663085938 49.392066955566406 -45.305721282958984
   vertex -51.524154663085938 49.036727905273438 -45.234603881835938
   vertex -51.879493713378906 49.036727905273438 -45.234603881835938
  endloop
 endfacet
 facet normal -0 -0.51431973529565989 -0.85759851322480873
  outer loop
   vertex -51.879493713378906 49.036727905273438 -45.234603881835938
   vertex -51.524154663085938 49.036727905273438 -45.234603881835938
   vertex -51.524154663085938 48.859058380126953 -45.1280517578125
  endloop
 endfacet
 facet normal -0 -0.51431973529565989 -0.85759851322480873
  outer loop
   vertex -51.879493713378906 49.036727905273438 -45.234603881835938
   vertex -51.524154663085938 48.859058380126953 -45.1280517578125
   vertex -51.879493713378906 48.859058380126953 -45.1280517578125
  endloop
 endfacet
 facet normal -0 -0.51431973529565989 -0.85759851322480873
  outer loop
   vertex -51.879493713378906 48.859058380126953 -45.1280517578125
   vertex -51.524154663085938 48.859058380126953 -45.1280517578125
   vertex -51.879493713378906 48.681388854980469 -45.021499633789062
  endloop
 endfacet
 facet normal -0.081765663343240716 -0.51259757793814376 -0.85472691509627119
  outer loop
   vertex -51.879493713378906 48.859058380126953 -45.1280517578125
   vertex -51.879493713378906 48.681388854980469 -45.021499633789062
   vertex -52.234832763671875 48.681388854980469 -44.987506866455078
  endloop
 endfacet
 facet normal -0.088550320629557186 -0.36787485912986273 -0.92564946320763675
  outer loop
   vertex -52.234832763671875 48.681388854980469 -44.987506866455078
   vertex -51.879493713378906 48.681388854980469 -45.021499633789062
   vertex -52.234832763671875 48.3260498046875 -44.846286773681641
  endloop
 endfacet
 facet normal 0.0412573007676314 0.27590433294455752 -0.96029924200521366
  outer loop
   vertex -50.458137512207031 50.813419342041016 -45.188362121582031
   vertex -50.458137512207031 50.458080291748047 -45.290454864501953
   vertex -50.8134765625 50.458080291748047 -45.305721282958984
  endloop
 endfacet
 facet normal 0.042923366903594898 0 -0.99907836758367441
  outer loop
   vertex -50.8134765625 50.458080291748047 -45.305721282958984
   vertex -50.458137512207031 50.458080291748047 -45.290454864501953
   vertex -50.8134765625 50.102741241455078 -45.305721282958984
  endloop
 endfacet
 facet normal 0 0 -1
  outer loop
   vertex -50.8134765625 50.458080291748047 -45.305721282958984
   vertex -50.8134765625 50.102741241455078 -45.305721282958984
   vertex -51.168815612792969 50.102741241455078 -45.305721282958984
  endloop
 endfacet
 facet normal -0 0 -1
  outer loop
   vertex -51.168815612792969 50.102741241455078 -45.305721282958984
   vertex -50.8134765625 50.102741241455078 -45.305721282958984
   vertex -51.168815612792969 49.747406005859375 -45.305721282958984
  endloop
 endfacet
 facet normal 0.042923366903594898 0 -0.9990783675836743
  outer loop
   vertex -51.168815612792969 50.102741241455078 -45.305721282958984
   vertex -51.168815612792969 49.747406005859375 -45.305721282958984
   vertex -51.524154663085938 49.747406005859375 -45.320987701416016
  endloop
 endfacet
 facet normal 0.042883880121850286 -0.042883880121850286 -0.99815927869823939
  outer loop
   vertex -51.524154663085938 49.747406005859375 -45.320987701416016
   vertex -51.168815612792969 49.747406005859375 -45.305721282958984
   vertex -51.524154663085938 49.392066955566406 -45.305721282958984
  endloop
 endfacet
 facet normal 0.042883880121850286 -0.042883880121850286 -0.99815927869823939
  outer loop
   vertex -51.524154663085938 49.747406005859375 -45.320987701416016
   vertex -51.524154663085938 49.392066955566406 -45.305721282958984
   vertex -51.879493713378906 49.392066955566406 -45.320987701416016
  endloop
 endfacet
 facet normal 0.041710736743691468 -0.23601689994025318 -0.97085335524109451
  outer loop
   vertex -51.879493713378906 49.392066955566406 -45.320987701416016
   vertex -51.524154663085938 49.392066955566406 -45.305721282958984
   vertex -51.879493713378906 49.036727905273438 -45.234603881835938
  endloop
 endfacet
 facet normal -0.12545225579519254 -0.2343562392742233 -0.96402224280829774
  outer loop
   vertex -51.879493713378906 49.392066955566406 -45.320987701416016
   vertex -51.879493713378906 49.036727905273438 -45.234603881835938
   vertex -52.234832763671875 49.036727905273438 -45.188362121582031
  endloop
 endfacet
 facet normal -0.11091429707095898 -0.51114636954067416 -0.85230710874111781
  outer loop
   vertex -52.234832763671875 49.036727905273438 -45.188362121582031
   vertex -51.879493713378906 49.036727905273438 -45.234603881835938
   vertex -51.879493713378906 48.859058380126953 -45.1280517578125
  endloop
 endfacet
 facet normal -0.11049324152093082 -0.5104620070264696 -0.85277182350304326
  outer loop
   vertex -52.234832763671875 49.036727905273438 -45.188362121582031
   vertex -51.879493713378906 48.859058380126953 -45.1280517578125
   vertex -52.234832763671875 48.93597412109375 -45.1280517578125
  endloop
 endfacet
 facet normal -0.10404580250484463 -0.48067581725568004 -0.87070387026055363
  outer loop
   vertex -52.234832763671875 48.93597412109375 -45.1280517578125
   vertex -51.879493713378906 48.859058380126953 -45.1280517578125
   vertex -52.234832763671875 48.681388854980469 -44.987506866455078
  endloop
 endfacet
 facet normal 0.47238207040637553 0.28329739110232705 -0.83462432731930425
  outer loop
   vertex -51.879493713378906 50.813419342041016 -45.423084259033203
   vertex -51.879493713378906 50.635749816894531 -45.483390808105469
   vertex -51.986045837402344 50.813419342041016 -45.483390808105469
  endloop
 endfacet
 facet normal 0.47240288455167351 0.28330987377986783 -0.83460830937997121
  outer loop
   vertex -51.986045837402344 50.813419342041016 -45.483390808105469
   vertex -51.879493713378906 50.635749816894531 -45.483390808105469
   vertex -51.879493713378906 50.458080291748047 -45.543701171875
  endloop
 endfacet
 facet normal 0.14550927912771366 0 -0.98935688691580492
  outer loop
   vertex -52.590171813964844 50.813419342041016 -45.661060333251953
   vertex -52.234832763671875 50.813419342041016 -45.608798980712891
   vertex -52.590171813964844 50.458080291748047 -45.661060333251953
  endloop
 endfacet
 facet normal 0.042693034609706769 0.10345753364441186 -0.99371718488110583
  outer loop
   vertex -52.590171813964844 50.458080291748047 -45.661060333251953
   vertex -52.234832763671875 50.813419342041016 -45.608798980712891
   vertex -52.234832763671875 50.458080291748047 -45.645793914794922
  endloop
 endfacet
 facet normal 0.042883880121850286 -0.042883880121850286 -0.99815927869823939
  outer loop
   vertex -52.590171813964844 50.458080291748047 -45.661060333251953
   vertex -52.234832763671875 50.458080291748047 -45.645793914794922
   vertex -52.590171813964844 50.102741241455078 -45.645793914794922
  endloop
 endfacet
 facet normal -0.14530916142136144 -0.052427969701152523 -0.98799623258392832
  outer loop
   vertex -52.945510864257812 50.813419342041016 -45.608798980712891
   vertex -52.590171813964844 50.813419342041016 -45.661060333251953
   vertex -52.945510864257812 50.458080291748047 -45.589942932128906
  endloop
 endfacet
 facet normal -0.19624771608187738 -0 -0.98055435032059635
  outer loop
   vertex -52.945510864257812 50.458080291748047 -45.589942932128906
   vertex -52.590171813964844 50.813419342041016 -45.661060333251953
   vertex -52.590171813964844 50.458080291748047 -45.661060333251953
  endloop
 endfacet
 facet normal -0.19393118716799507 -0.15319554757405265 -0.96897978247592886
  outer loop
   vertex -52.945510864257812 50.458080291748047 -45.589942932128906
   vertex -52.590171813964844 50.458080291748047 -45.661060333251953
   vertex -52.945510864257812 50.102741241455078 -45.533763885498047
  endloop
 endfacet
 facet normal -0.30043430999153969 -0.040940415029492708 -0.95292345327267514
  outer loop
   vertex -52.945510864257812 50.102741241455078 -45.533763885498047
   vertex -52.590171813964844 50.458080291748047 -45.661060333251953
   vertex -52.590171813964844 50.102741241455078 -45.645793914794922
  endloop
 endfacet
 facet normal 0.41612574727591722 0.41612574727591722 0.80850400426226643
  outer loop
   vertex -49.676677703857422 50.102741241455078 -40.508644104003906
   vertex -49.747459411621094 50.17352294921875 -40.508644104003906
   vertex -49.747459411621094 50.102741241455078 -40.472213745117188
  endloop
 endfacet
 facet normal 0.21732247781232159 0.44669209581659597 0.86789233904470553
  outer loop
   vertex -49.747459411621094 50.102741241455078 -40.472213745117188
   vertex -49.747459411621094 50.17352294921875 -40.508644104003906
   vertex -50.102798461914062 50.102741241455078 -40.383235931396484
  endloop
 endfacet
 facet normal 0.2416740077448376 0.10047322666051507 0.9651418572961038
  outer loop
   vertex -49.747459411621094 50.102741241455078 -40.472213745117188
   vertex -50.102798461914062 50.102741241455078 -40.383235931396484
   vertex -50.102798461914062 49.747406005859375 -40.346244812011719
  endloop
 endfacet
 facet normal 0.042703725305459433 0.10344803143430838 0.99371771476481296
  outer loop
   vertex -50.102798461914062 49.747406005859375 -40.346244812011719
   vertex -50.102798461914062 50.102741241455078 -40.383235931396484
   vertex -50.458137512207031 49.747406005859375 -40.330974578857422
  endloop
 endfacet
 facet normal 0.042894556306751284 -0.042894556306751284 0.99815836122255353
  outer loop
   vertex -50.102798461914062 49.747406005859375 -40.346244812011719
   vertex -50.458137512207031 49.747406005859375 -40.330974578857422
   vertex -50.458137512207031 49.392066955566406 -40.346244812011719
  endloop
 endfacet
 facet normal 0 -0.042934072614399806 0.99907790757715265
  outer loop
   vertex -50.458137512207031 49.392066955566406 -40.346244812011719
   vertex -50.458137512207031 49.747406005859375 -40.330974578857422
   vertex -50.8134765625 49.392066955566406 -40.346244812011719
  endloop
 endfacet
 facet normal 0 -0.27613945047481447 0.96111758067963105
  outer loop
   vertex -50.458137512207031 49.392066955566406 -40.346244812011719
   vertex -50.8134765625 49.392066955566406 -40.346244812011719
   vertex -50.8134765625 49.036727905273438 -40.448337554931641
  endloop
 endfacet
 facet normal 0.041267592383763471 0.27590421557998046 0.96029883351175793
  outer loop
   vertex -50.458137512207031 50.458080291748047 -40.448337554931641
   vertex -50.8134765625 50.102741241455078 -40.330974578857422
   vertex -50.458137512207031 50.102741241455078 -40.346244812011719
  endloop
 endfacet
 facet normal 0.042934072614399806 0 0.99907790757715265
  outer loop
   vertex -50.458137512207031 50.102741241455078 -40.346244812011719
   vertex -50.8134765625 50.102741241455078 -40.330974578857422
   vertex -50.8134765625 49.747406005859375 -40.330974578857422
  endloop
 endfacet
 facet normal 0.5111458507844564 0.11092333433087437 0.85230624374502573
  outer loop
   vertex -49.036781311035156 50.458080291748047 -40.803676605224609
   vertex -49.036781311035156 50.102741241455078 -40.757431030273438
   vertex -48.859111785888672 50.102741241455078 -40.863983154296875
  endloop
 endfacet
 facet normal 0.51428103161542849 -0.012267790875366157 0.85753397706890244
  outer loop
   vertex -48.859111785888672 50.102741241455078 -40.863983154296875
   vertex -49.036781311035156 50.102741241455078 -40.757431030273438
   vertex -48.867588043212891 49.747406005859375 -40.863983154296875
  endloop
 endfacet
 facet normal 0.51428103161542849 -0.012267790875366157 0.85753397706890244
  outer loop
   vertex -48.859111785888672 50.102741241455078 -40.863983154296875
   vertex -48.867588043212891 49.747406005859375 -40.863983154296875
   vertex -48.681442260742188 50.102741241455078 -40.970535278320312
  endloop
 endfacet
 facet normal 0.54640648152699556 -0.035321894087090834 0.83677495226816478
  outer loop
   vertex -48.681442260742188 50.102741241455078 -40.970535278320312
   vertex -48.867588043212891 49.747406005859375 -40.863983154296875
   vertex -48.681442260742188 49.747406005859375 -40.98553466796875
  endloop
 endfacet
 facet normal 0.49018516322992645 0.098105442813693169 0.86607957361871746
  outer loop
   vertex -49.036781311035156 50.458080291748047 -40.803676605224609
   vertex -48.859111785888672 50.102741241455078 -40.863983154296875
   vertex -48.930229187011719 50.458080291748047 -40.863983154296875
  endloop
 endfacet
 facet normal 0.44830936185106279 0.089724438357373731 0.88936395319247497
  outer loop
   vertex -48.930229187011719 50.458080291748047 -40.863983154296875
   vertex -48.859111785888672 50.102741241455078 -40.863983154296875
   vertex -48.681442260742188 50.458080291748047 -40.989391326904297
  endloop
 endfacet
 facet normal 0.37401579887074587 0.37401579887074587 0.84866033511067041
  outer loop
   vertex -49.676677703857422 50.102741241455078 -40.508644104003906
   vertex -49.747459411621094 50.458080291748047 -40.634052276611328
   vertex -49.747459411621094 50.17352294921875 -40.508644104003906
  endloop
 endfacet
 facet normal -0.24749441587349436 0.49761714776092725 0.83133849205105204
  outer loop
   vertex -51.879493713378906 50.161258697509766 -40.508644104003906
   vertex -51.524154663085938 50.337989807128906 -40.508644104003906
   vertex -51.879493713378906 50.458080291748047 -40.686313629150391
  endloop
 endfacet
 facet normal -0.30301714881969066 0.44830290353791469 0.84095488238113036
  outer loop
   vertex -52.590171813964844 50.102741241455078 -40.738574981689453
   vertex -52.412502288818359 50.458080291748047 -40.863983154296875
   vertex -52.590171813964844 50.337989807128906 -40.863983154296875
  endloop
 endfacet
 facet normal -0.33642206525529367 0.49772426826547128 0.79943151475843377
  outer loop
   vertex -52.590171813964844 50.337989807128906 -40.863983154296875
   vertex -52.412502288818359 50.458080291748047 -40.863983154296875
   vertex -52.590171813964844 50.458080291748047 -40.938751220703125
  endloop
 endfacet
 facet normal -0.23872624675490664 0.51325020087324336 0.82436885580053942
  outer loop
   vertex -52.590171813964844 50.337989807128906 -40.863983154296875
   vertex -52.590171813964844 50.458080291748047 -40.938751220703125
   vertex -52.945510864257812 50.458080291748047 -41.041652679443359
  endloop
 endfacet
 facet normal -0.32287398201444067 0.52664321797356706 0.78638369305357858
  outer loop
   vertex -52.945510864257812 50.102741241455078 -40.803676605224609
   vertex -52.945510864257812 50.192790985107422 -40.863983154296875
   vertex -53.092391967773438 50.102741241455078 -40.863983154296875
  endloop
 endfacet
 facet normal -0.31530552423318847 0.5142982252425099 0.79754608763408708
  outer loop
   vertex -53.092391967773438 50.102741241455078 -40.863983154296875
   vertex -52.945510864257812 50.192790985107422 -40.863983154296875
   vertex -53.300849914550781 50.102741241455078 -40.946395874023438
  endloop
 endfacet
 facet normal -0.35841758577042354 0.22275902635212472 0.90659541714546221
  outer loop
   vertex -53.092391967773438 50.102741241455078 -40.863983154296875
   vertex -53.300849914550781 50.102741241455078 -40.946395874023438
   vertex -53.300849914550781 49.767333984375 -40.863983154296875
  endloop
 endfacet
 facet normal -0.51428656677847384 0.20463811651876085 0.83284606530790817
  outer loop
   vertex -53.300849914550781 49.767333984375 -40.863983154296875
   vertex -53.300849914550781 50.102741241455078 -40.946395874023438
   vertex -53.65618896484375 49.747406005859375 -41.078510284423828
  endloop
 endfacet
 facet normal -0.51376715396385775 0.21213548068530649 0.83128926935350944
  outer loop
   vertex -53.300849914550781 49.767333984375 -40.863983154296875
   vertex -53.65618896484375 49.747406005859375 -41.078510284423828
   vertex -53.309078216552734 49.747406005859375 -40.863983154296875
  endloop
 endfacet
 facet normal -0.51065602822484801 -0.23776556274595809 0.82625538304432311
  outer loop
   vertex -53.309078216552734 49.747406005859375 -40.863983154296875
   vertex -53.65618896484375 49.747406005859375 -41.078510284423828
   vertex -53.300849914550781 49.392066955566406 -40.961151123046875
  endloop
 endfacet
 facet normal -0.51077118763841656 -0.23774998958482185 0.82618868082954189
  outer loop
   vertex -53.309078216552734 49.747406005859375 -40.863983154296875
   vertex -53.300849914550781 49.392066955566406 -40.961151123046875
   vertex -53.300849914550781 49.729728698730469 -40.863983154296875
  endloop
 endfacet
 facet normal -0.39183633856747324 -0.25443067237001321 0.88415457739887293
  outer loop
   vertex -53.300849914550781 49.729728698730469 -40.863983154296875
   vertex -53.300849914550781 49.392066955566406 -40.961151123046875
   vertex -53.081596374511719 49.392066955566406 -40.863983154296875
  endloop
 endfacet
 facet normal -0.3918194689163505 -0.25441971841741789 0.88416520552355549
  outer loop
   vertex -53.300849914550781 49.729728698730469 -40.863983154296875
   vertex -53.081596374511719 49.392066955566406 -40.863983154296875
   vertex -52.945510864257812 49.392066955566406 -40.803676605224609
  endloop
 endfacet
 facet normal 0.37401579887074587 -0.37401579887074587 0.84866033511067041
  outer loop
   vertex -47.97076416015625 50.458080291748047 -41.093914031982422
   vertex -48.041545867919922 50.102741241455078 -41.219322204589844
   vertex -47.97076416015625 50.17352294921875 -41.219322204589844
  endloop
 endfacet
 facet normal 0.41612574727591722 -0.41612574727591722 0.80850400426226643
  outer loop
   vertex -47.97076416015625 50.17352294921875 -41.219322204589844
   vertex -48.041545867919922 50.102741241455078 -41.219322204589844
   vertex -47.97076416015625 50.102741241455078 -41.255752563476562
  endloop
 endfacet
 facet normal 0.25210459235064253 -0.44284806746403477 0.86042365359111672
  outer loop
   vertex -47.97076416015625 50.17352294921875 -41.219322204589844
   vertex -47.97076416015625 50.102741241455078 -41.255752563476562
   vertex -47.615425109863281 50.102741241455078 -41.359867095947266
  endloop
 endfacet
 facet normal 0.51378797880318505 0.045461370099243587 0.8567118399240421
  outer loop
   vertex -48.681442260742188 50.102741241455078 -40.970535278320312
   vertex -48.681442260742188 50.458080291748047 -40.989391326904297
   vertex -48.859111785888672 50.102741241455078 -40.863983154296875
  endloop
 endfacet
 facet normal -0.56844130162244433 0.21296258232979132 0.79468322313813089
  outer loop
   vertex -53.6929931640625 50.458080291748047 -41.219322204589844
   vertex -53.826118469238281 50.102741241455078 -41.219322204589844
   vertex -53.65618896484375 50.102741241455078 -41.097770690917969
  endloop
 endfacet
 facet normal -0.58122274660460782 0.044043132055413686 0.81255173456718743
  outer loop
   vertex -53.65618896484375 50.102741241455078 -41.097770690917969
   vertex -53.826118469238281 50.102741241455078 -41.219322204589844
   vertex -53.65618896484375 49.747406005859375 -41.078510284423828
  endloop
 endfacet
 facet normal -0.39143418995855289 0.049805262894919475 0.9188572852839878
  outer loop
   vertex -53.65618896484375 50.102741241455078 -41.097770690917969
   vertex -53.65618896484375 49.747406005859375 -41.078510284423828
   vertex -53.300849914550781 50.102741241455078 -40.946395874023438
  endloop
 endfacet
 facet normal -0.57369814492062943 0.24353994358128231 0.7820222083771371
  outer loop
   vertex -54.1573486328125 50.458080291748047 -41.574661254882812
   vertex -54.308193206787109 50.102741241455078 -41.574661254882812
   vertex -54.011528015136719 50.102741241455078 -41.357025146484375
  endloop
 endfacet
 facet normal -0.59085010694733331 -0.047148758362248896 0.80540247436000778
  outer loop
   vertex -54.011528015136719 50.102741241455078 -41.357025146484375
   vertex -54.308193206787109 50.102741241455078 -41.574661254882812
   vertex -54.011528015136719 49.747406005859375 -41.377826690673828
  endloop
 endfacet
 facet normal 0.89571896878928903 -0.28239908400862951 0.3434214412382251
  outer loop
   vertex -46.878582000732422 50.458080291748047 -41.574661254882812
   vertex -46.854373931884766 50.102741241455078 -41.930000305175781
   vertex -46.742343902587891 50.458080291748047 -41.930000305175781
  endloop
 endfacet
 facet normal 0.95292345327267514 -0.30043430999153969 0.040940415029492708
  outer loop
   vertex -46.742343902587891 50.458080291748047 -41.930000305175781
   vertex -46.854373931884766 50.102741241455078 -41.930000305175781
   vertex -46.727077484130859 50.458080291748047 -42.28533935546875
  endloop
 endfacet
 facet normal -0.7050529716447671 0.29930123089370936 0.64289896590396978
  outer loop
   vertex -54.1573486328125 50.458080291748047 -41.574661254882812
   vertex -54.366867065429688 50.102741241455078 -41.639007568359375
   vertex -54.308193206787109 50.102741241455078 -41.574661254882812
  endloop
 endfacet
 facet normal -0.72980786337115167 -0.15661432921772581 0.66547158800756956
  outer loop
   vertex -54.308193206787109 50.102741241455078 -41.574661254882812
   vertex -54.366867065429688 50.102741241455078 -41.639007568359375
   vertex -54.366867065429688 49.747406005859375 -41.722633361816406
  endloop
 endfacet
 facet normal -0.74372878622231076 -0.14860363685245839 0.65175490152242876
  outer loop
   vertex -54.308193206787109 50.102741241455078 -41.574661254882812
   vertex -54.366867065429688 49.747406005859375 -41.722633361816406
   vertex -54.237194061279297 49.747406005859375 -41.574661254882812
  endloop
 endfacet
 facet normal -0.71636634552457967 -0.30449338991557556 0.6277762614956699
  outer loop
   vertex -54.237194061279297 49.747406005859375 -41.574661254882812
   vertex -54.366867065429688 49.747406005859375 -41.722633361816406
   vertex -54.366867065429688 49.392066955566406 -41.894985198974609
  endloop
 endfacet
 facet normal -0.75567108952388595 -0.2643997010173107 0.59921115022981675
  outer loop
   vertex -54.237194061279297 49.747406005859375 -41.574661254882812
   vertex -54.366867065429688 49.392066955566406 -41.894985198974609
   vertex -54.112865447998047 49.392066955566406 -41.574661254882812
  endloop
 endfacet
 facet normal -0.67811677889777933 -0.50101994803002392 0.53771427901190461
  outer loop
   vertex -54.112865447998047 49.392066955566406 -41.574661254882812
   vertex -54.366867065429688 49.392066955566406 -41.894985198974609
   vertex -54.011528015136719 49.254909515380859 -41.574661254882812
  endloop
 endfacet
 facet normal -0.62673019696644583 -0.46305347468818336 0.62673019696644583
  outer loop
   vertex -54.112865447998047 49.392066955566406 -41.574661254882812
   vertex -54.011528015136719 49.254909515380859 -41.574661254882812
   vertex -54.011528015136719 49.392066955566406 -41.473323822021484
  endloop
 endfacet
 facet normal -0.60031546827939541 -0.47525142346146015 0.64323978658222469
  outer loop
   vertex -54.011528015136719 49.392066955566406 -41.473323822021484
   vertex -54.011528015136719 49.254909515380859 -41.574661254882812
   vertex -53.65618896484375 49.036727905273438 -41.40423583984375
  endloop
 endfacet
 facet normal -0.59893692858250258 -0.47335177309839455 0.64592000625833246
  outer loop
   vertex -54.011528015136719 49.392066955566406 -41.473323822021484
   vertex -53.65618896484375 49.036727905273438 -41.40423583984375
   vertex -53.65618896484375 49.289054870605469 -41.219322204589844
  endloop
 endfacet
 facet normal -0.50884632483865366 -0.50885401761410254 0.69436518234728772
  outer loop
   vertex -53.65618896484375 49.289054870605469 -41.219322204589844
   vertex -53.65618896484375 49.036727905273438 -41.40423583984375
   vertex -53.403858184814453 49.036727905273438 -41.219322204589844
  endloop
 endfacet
 facet normal -0.47050847831666115 -0.47051559149778044 0.74648298707313754
  outer loop
   vertex -53.65618896484375 49.289054870605469 -41.219322204589844
   vertex -53.403858184814453 49.036727905273438 -41.219322204589844
   vertex -53.300849914550781 49.036727905273438 -41.154396057128906
  endloop
 endfacet
 facet normal -0.43592859059736183 -0.57587103037525367 0.69162043078146662
  outer loop
   vertex -53.300849914550781 49.036727905273438 -41.154396057128906
   vertex -53.403858184814453 49.036727905273438 -41.219322204589844
   vertex -53.300849914550781 48.958751678466797 -41.219322204589844
  endloop
 endfacet
 facet normal -0.23688734179918031 -0.62165748580604285 0.74660990995072396
  outer loop
   vertex -53.300849914550781 49.036727905273438 -41.154396057128906
   vertex -53.300849914550781 48.958751678466797 -41.219322204589844
   vertex -52.945510864257812 49.036727905273438 -41.041652679443359
  endloop
 endfacet
 facet normal -0.24397610822702703 -0.60858459366809226 0.75504996587261497
  outer loop
   vertex -52.945510864257812 49.036727905273438 -41.041652679443359
   vertex -53.300849914550781 48.958751678466797 -41.219322204589844
   vertex -52.945510864257812 48.816299438476562 -41.219322204589844
  endloop
 endfacet
 facet normal -0.31143611345936495 -0.59633852148517308 0.73985668546428862
  outer loop
   vertex -52.945510864257812 49.036727905273438 -41.041652679443359
   vertex -52.945510864257812 48.816299438476562 -41.219322204589844
   vertex -52.590171813964844 48.681388854980469 -41.178485870361328
  endloop
 endfacet
 facet normal -0.32507638610431389 -0.64761584175099074 0.68914371847279765
  outer loop
   vertex -52.590171813964844 48.681388854980469 -41.178485870361328
   vertex -52.945510864257812 48.816299438476562 -41.219322204589844
   vertex -52.676742553710938 48.681388854980469 -41.219322204589844
  endloop
 endfacet
 facet normal -0.31641253029549415 -0.67077682975487574 0.67077682975487574
  outer loop
   vertex -52.590171813964844 48.681388854980469 -41.178485870361328
   vertex -52.676742553710938 48.681388854980469 -41.219322204589844
   vertex -52.590171813964844 48.640552520751953 -41.219322204589844
  endloop
 endfacet
 facet normal -0.35272086137997571 -0.74774845662374301 0.56254798867668021
  outer loop
   vertex -52.590171813964844 48.640552520751953 -41.219322204589844
   vertex -52.676742553710938 48.681388854980469 -41.219322204589844
   vertex -52.945510864257812 48.540840148925781 -41.574661254882812
  endloop
 endfacet
 facet normal -0.28730358168370135 -0.80818773430684243 0.51409069050867773
  outer loop
   vertex -52.590171813964844 48.640552520751953 -41.219322204589844
   vertex -52.945510864257812 48.540840148925781 -41.574661254882812
   vertex -52.590171813964844 48.414520263671875 -41.574661254882812
  endloop
 endfacet
 facet normal -0.31368392530902289 -0.88239589426029719 0.3506848739185851
  outer loop
   vertex -52.590171813964844 48.414520263671875 -41.574661254882812
   vertex -52.945510864257812 48.540840148925781 -41.574661254882812
   vertex -52.945510864257812 48.399620056152344 -41.930000305175781
  endloop
 endfacet
 facet normal -0.46613778505238468 -0.73203271109364754 0.49683364945959657
  outer loop
   vertex -52.590171813964844 48.414520263671875 -41.574661254882812
   vertex -52.945510864257812 48.399620056152344 -41.930000305175781
   vertex -52.590171813964844 48.3260498046875 -41.705013275146484
  endloop
 endfacet
 facet normal -0.46096286129526787 -0.74314307183410078 0.48502743766869111
  outer loop
   vertex -52.590171813964844 48.3260498046875 -41.705013275146484
   vertex -52.945510864257812 48.399620056152344 -41.930000305175781
   vertex -52.826904296875 48.3260498046875 -41.930000305175781
  endloop
 endfacet
 facet normal -0.53704867670136602 -0.62630448338281974 0.56508531475157886
  outer loop
   vertex -52.590171813964844 48.3260498046875 -41.705013275146484
   vertex -52.826904296875 48.3260498046875 -41.930000305175781
   vertex -52.590171813964844 48.123054504394531 -41.930000305175781
  endloop
 endfacet
 facet normal -0.56388467835831757 -0.65760054439734783 0.49959542984403749
  outer loop
   vertex -52.590171813964844 48.123054504394531 -41.930000305175781
   vertex -52.826904296875 48.3260498046875 -41.930000305175781
   vertex -52.945510864257812 48.3260498046875 -42.063869476318359
  endloop
 endfacet
 facet normal -0.56033856976097196 -0.61496953636176355 0.55482714117572318
  outer loop
   vertex -52.590171813964844 48.123054504394531 -41.930000305175781
   vertex -52.945510864257812 48.3260498046875 -42.063869476318359
   vertex -52.590171813964844 47.970710754394531 -42.098857879638672
  endloop
 endfacet
 facet normal -0.62247501166598074 -0.66336688495154417 0.41529415575122419
  outer loop
   vertex -52.590171813964844 47.970710754394531 -42.098857879638672
   vertex -52.945510864257812 48.3260498046875 -42.063869476318359
   vertex -52.945510864257812 48.187400817871094 -42.28533935546875
  endloop
 endfacet
 facet normal 0.96897978247592864 -0.19393118716799504 0.15319554757405263
  outer loop
   vertex -46.854373931884766 50.102741241455078 -41.930000305175781
   vertex -46.798194885253906 50.102741241455078 -42.28533935546875
   vertex -46.727077484130859 50.458080291748047 -42.28533935546875
  endloop
 endfacet
 facet normal 0.98055435032059635 -0.19624771608187738 0
  outer loop
   vertex -46.727077484130859 50.458080291748047 -42.28533935546875
   vertex -46.798194885253906 50.102741241455078 -42.28533935546875
   vertex -46.727077484130859 50.458080291748047 -42.640678405761719
  endloop
 endfacet
 facet normal 0.98799623258392832 -0.14530916142136144 0.052427969701152523
  outer loop
   vertex -46.798194885253906 50.102741241455078 -42.28533935546875
   vertex -46.779338836669922 50.102741241455078 -42.640678405761719
   vertex -46.727077484130859 50.458080291748047 -42.640678405761719
  endloop
 endfacet
 facet normal 0.98935688691580492 -0.14550927912771366 0
  outer loop
   vertex -46.727077484130859 50.458080291748047 -42.640678405761719
   vertex -46.779338836669922 50.102741241455078 -42.640678405761719
   vertex -46.727077484130859 50.458080291748047 -42.996017456054688
  endloop
 endfacet
 facet normal -0.9762380782869251 0.21670074873578907 0
  outer loop
   vertex -54.675674438476562 50.102741241455078 -42.28533935546875
   vertex -54.596797943115234 50.458080291748047 -42.640678405761719
   vertex -54.675674438476562 50.102741241455078 -42.640678405761719
  endloop
 endfacet
 facet normal -0.96632837879010447 0.21450104013143306 -0.14212237025683769
  outer loop
   vertex -54.675674438476562 50.102741241455078 -42.640678405761719
   vertex -54.596797943115234 50.458080291748047 -42.640678405761719
   vertex -54.544536590576172 50.458080291748047 -42.996017456054688
  endloop
 endfacet
 facet normal -0.96081258897592281 0.093708882134688767 -0.26087892646676369
  outer loop
   vertex -54.675674438476562 50.102741241455078 -42.640678405761719
   vertex -54.544536590576172 50.458080291748047 -42.996017456054688
   vertex -54.579193115234375 50.102741241455078 -42.996017456054688
  endloop
 endfacet
 facet normal 0.99371718488110583 -0.042693034609706769 0.10345753364441186
  outer loop
   vertex -46.727077484130859 50.458080291748047 -42.996017456054688
   vertex -46.779338836669922 50.102741241455078 -42.640678405761719
   vertex -46.742343902587891 50.102741241455078 -42.996017456054688
  endloop
 endfacet
 facet normal 0.9705925701704865 -0.21849247553816931 0.10104999190030466
  outer loop
   vertex -46.742343902587891 50.102741241455078 -42.996017456054688
   vertex -46.779338836669922 50.102741241455078 -42.640678405761719
   vertex -46.822334289550781 49.747406005859375 -42.996017456054688
  endloop
 endfacet
 facet normal 0.97473043294198658 -0.21942395998196992 0.041877307489359424
  outer loop
   vertex -46.742343902587891 50.102741241455078 -42.996017456054688
   vertex -46.822334289550781 49.747406005859375 -42.996017456054688
   vertex -46.727077484130859 50.102741241455078 -43.351356506347656
  endloop
 endfacet
 facet normal 0.97473091840183068 -0.041877777919721373 0.21942171366578625
  outer loop
   vertex -46.727077484130859 50.102741241455078 -43.351356506347656
   vertex -46.822334289550781 49.747406005859375 -42.996017456054688
   vertex -46.742343902587891 49.747406005859375 -43.351356506347656
  endloop
 endfacet
 facet normal 0.99907836758367441 -0.042923366903594898 0
  outer loop
   vertex -46.727077484130859 50.458080291748047 -42.996017456054688
   vertex -46.742343902587891 50.102741241455078 -42.996017456054688
   vertex -46.727077484130859 50.458080291748047 -43.351356506347656
  endloop
 endfacet
 facet normal 0.99907836758367441 0 0.042923366903594898
  outer loop
   vertex -46.727077484130859 50.458080291748047 -43.351356506347656
   vertex -46.742343902587891 50.102741241455078 -42.996017456054688
   vertex -46.727077484130859 50.102741241455078 -43.351356506347656
  endloop
 endfacet
 facet normal -0.85309084783582523 0.10239467995518234 -0.51161639424047822
  outer loop
   vertex -54.366867065429688 50.102741241455078 -43.529026031494141
   vertex -54.366867065429688 50.458080291748047 -43.457908630371094
   vertex -54.26031494140625 50.102741241455078 -43.706695556640625
  endloop
 endfacet
 facet normal -0.89196478800290302 0.04733206599139398 -0.4496203870955171
  outer loop
   vertex -54.26031494140625 50.102741241455078 -43.706695556640625
   vertex -54.366867065429688 50.458080291748047 -43.457908630371094
   vertex -54.241458892822266 50.458080291748047 -43.706695556640625
  endloop
 endfacet
 facet normal -0.98799623258392832 0.052427969701152523 -0.14530916142136144
  outer loop
   vertex -54.26031494140625 50.102741241455078 -43.706695556640625
   vertex -54.241458892822266 50.458080291748047 -43.706695556640625
   vertex -54.189197540283203 50.458080291748047 -44.062034606933594
  endloop
 endfacet
 facet normal -0.9708505449071887 -0.041721038446199427 -0.23602663918377023
  outer loop
   vertex -54.26031494140625 50.102741241455078 -43.706695556640625
   vertex -54.189197540283203 50.458080291748047 -44.062034606933594
   vertex -54.173927307128906 50.102741241455078 -44.062034606933594
  endloop
 endfacet
 facet normal -0.97968496441769126 -0.042100686125217592 -0.19607371756993042
  outer loop
   vertex -54.173927307128906 50.102741241455078 -44.062034606933594
   vertex -54.189197540283203 50.458080291748047 -44.062034606933594
   vertex -54.118080139160156 50.458080291748047 -44.417373657226562
  endloop
 endfacet
 facet normal -0.943065581518294 -0.14909851657562981 -0.2973162311588593
  outer loop
   vertex -54.173927307128906 50.102741241455078 -44.062034606933594
   vertex -54.118080139160156 50.458080291748047 -44.417373657226562
   vertex -54.061901092529297 50.102741241455078 -44.417373657226562
  endloop
 endfacet
 facet normal -0.81417998529038704 -0.12872172456652206 -0.56616399494948944
  outer loop
   vertex -54.061901092529297 50.102741241455078 -44.417373657226562
   vertex -54.118080139160156 50.458080291748047 -44.417373657226562
   vertex -54.011528015136719 50.458080291748047 -44.570602416992188
  endloop
 endfacet
 facet normal -0.78518971946932625 -0.14798805665946418 -0.60131243087585995
  outer loop
   vertex -54.061901092529297 50.102741241455078 -44.417373657226562
   vertex -54.011528015136719 50.458080291748047 -44.570602416992188
   vertex -54.011528015136719 50.102741241455078 -44.483150482177734
  endloop
 endfacet
 facet normal -0.74205060690704361 -0.16019707651640908 -0.65092072748106888
  outer loop
   vertex -54.011528015136719 50.102741241455078 -44.483150482177734
   vertex -54.011528015136719 50.458080291748047 -44.570602416992188
   vertex -53.757526397705078 50.102741241455078 -44.772712707519531
  endloop
 endfacet
 facet normal -0.67450394107159783 -0.44155613518363362 -0.59166934427987328
  outer loop
   vertex -54.011528015136719 50.102741241455078 -44.483150482177734
   vertex -53.757526397705078 50.102741241455078 -44.772712707519531
   vertex -54.011528015136719 50.014602661132812 -44.417373657226562
  endloop
 endfacet
 facet normal -0.65198590121002686 -0.48172680273806429 -0.5855370800787183
  outer loop
   vertex -54.011528015136719 50.014602661132812 -44.417373657226562
   vertex -53.757526397705078 50.102741241455078 -44.772712707519531
   vertex -53.65618896484375 49.965587615966797 -44.772712707519531
  endloop
 endfacet
 facet normal -0.65979288369030975 -0.45661013425852426 -0.59680862587938344
  outer loop
   vertex -54.011528015136719 50.014602661132812 -44.417373657226562
   vertex -53.65618896484375 49.965587615966797 -44.772712707519531
   vertex -53.826614379882812 49.747406005859375 -44.417373657226562
  endloop
 endfacet
 facet normal -0.62866222858714704 -0.49105889893101462 -0.60302981694813484
  outer loop
   vertex -53.826614379882812 49.747406005859375 -44.417373657226562
   vertex -53.65618896484375 49.965587615966797 -44.772712707519531
   vertex -53.65618896484375 49.747406005859375 -44.595043182373047
  endloop
 endfacet
 facet normal -0.59336648078709997 -0.56917318079751966 -0.56917318079751966
  outer loop
   vertex -53.826614379882812 49.747406005859375 -44.417373657226562
   vertex -53.65618896484375 49.747406005859375 -44.595043182373047
   vertex -53.65618896484375 49.569736480712891 -44.417373657226562
  endloop
 endfacet
 facet normal -0.57735026918962573 -0.57735026918962573 -0.57735026918962573
  outer loop
   vertex -53.65618896484375 49.569736480712891 -44.417373657226562
   vertex -53.65618896484375 49.747406005859375 -44.595043182373047
   vertex -53.478519439697266 49.747406005859375 -44.772712707519531
  endloop
 endfacet
 facet normal -0.6049802673145529 -0.54880908321014577 -0.57689467526234928
  outer loop
   vertex -53.65618896484375 49.569736480712891 -44.417373657226562
   vertex -53.478519439697266 49.747406005859375 -44.772712707519531
   vertex -53.300849914550781 49.551551818847656 -44.772712707519531
  endloop
 endfacet
 facet normal 0.72679265531126036 -0.22797023942978428 -0.64792129623892936
  outer loop
   vertex -46.778999328613281 50.458080291748047 -44.062034606933594
   vertex -46.890457153320312 50.102741241455078 -44.062034606933594
   vertex -46.904747009277344 50.102741241455078 -44.07806396484375
  endloop
 endfacet
 facet normal 0.66539301360298764 -0.45319313253759852 -0.59318472845235404
  outer loop
   vertex -46.904747009277344 50.102741241455078 -44.07806396484375
   vertex -46.890457153320312 50.102741241455078 -44.062034606933594
   vertex -46.904747009277344 50.081760406494141 -44.062034606933594
  endloop
 endfacet
 facet normal 0.14300366634225878 -0.18477743807231131 -0.97232054888915376
  outer loop
   vertex -48.681442260742188 50.458080291748047 -44.647304534912109
   vertex -48.326103210449219 50.458080291748047 -44.595043182373047
   vertex -48.681442260742188 50.102741241455078 -44.579776763916016
  endloop
 endfacet
 facet normal 0.21246842567691784 -0.25301869700883761 -0.94384252238089072
  outer loop
   vertex -48.681442260742188 50.102741241455078 -44.579776763916016
   vertex -48.326103210449219 50.458080291748047 -44.595043182373047
   vertex -48.326103210449219 50.102741241455078 -44.499786376953125
  endloop
 endfacet
 facet normal 0.21450239894555087 -0.21450470173354588 -0.95287798472879326
  outer loop
   vertex -48.681442260742188 50.102741241455078 -44.579776763916016
   vertex -48.326103210449219 50.102741241455078 -44.499786376953125
   vertex -48.681442260742188 49.747406005859375 -44.499786376953125
  endloop
 endfacet
 facet normal 0.64520295313820075 0.10319091353572642 -0.75701042570456512
  outer loop
   vertex -49.747459411621094 50.102741241455078 -44.950382232666016
   vertex -49.955917358398438 50.102741241455078 -45.1280517578125
   vertex -50.012748718261719 50.458080291748047 -45.1280517578125
  endloop
 endfacet
 facet normal 0.58462382615828723 0.093502155256104807 -0.80589846063291881
  outer loop
   vertex -50.012748718261719 50.458080291748047 -45.1280517578125
   vertex -49.955917358398438 50.102741241455078 -45.1280517578125
   vertex -50.102798461914062 50.102741241455078 -45.234603881835938
  endloop
 endfacet
 facet normal 0.55324507493970931 0.10749778353826801 -0.82605333580182028
  outer loop
   vertex -50.012748718261719 50.458080291748047 -45.1280517578125
   vertex -50.102798461914062 50.102741241455078 -45.234603881835938
   vertex -50.102798461914062 50.458080291748047 -45.188362121582031
  endloop
 endfacet
 facet normal 0.19466924597778965 0.12657729977700832 -0.9726675032361265
  outer loop
   vertex -50.102798461914062 50.458080291748047 -45.188362121582031
   vertex -50.102798461914062 50.102741241455078 -45.234603881835938
   vertex -50.458137512207031 50.102741241455078 -45.305721282958984
  endloop
 endfacet
 facet normal -0.69467363272073457 -0.1867005302755082 -0.69467363272073457
  outer loop
   vertex -53.300849914550781 50.102741241455078 -45.229389190673828
   vertex -53.402187347412109 50.102741241455078 -45.1280517578125
   vertex -53.300849914550781 50.458080291748047 -45.32489013671875
  endloop
 endfacet
 facet normal 0 0 1
  outer loop
   vertex -50.8134765625 50.102741241455078 -40.330974578857422
   vertex -51.168815612792969 49.747406005859375 -40.330974578857422
   vertex -50.8134765625 49.747406005859375 -40.330974578857422
  endloop
 endfacet
 facet normal 0 -0.14550927912771366 0.98935688691580492
  outer loop
   vertex -50.8134765625 49.747406005859375 -40.330974578857422
   vertex -51.168815612792969 49.747406005859375 -40.330974578857422
   vertex -51.168815612792969 49.392066955566406 -40.383235931396484
  endloop
 endfacet
 facet normal -0.24238879892808465 0.065042991615158197 0.96799642530122554
  outer loop
   vertex -51.524154663085938 50.102741241455078 -40.383235931396484
   vertex -51.879493713378906 50.102741241455078 -40.472213745117188
   vertex -51.879493713378906 49.747406005859375 -40.448337554931641
  endloop
 endfacet
 facet normal -0.48014255271895273 0.058808819029222553 0.87521691703995064
  outer loop
   vertex -51.879493713378906 49.747406005859375 -40.448337554931641
   vertex -51.879493713378906 50.102741241455078 -40.472213745117188
   vertex -51.945899963378906 50.102741241455078 -40.508644104003906
  endloop
 endfacet
 facet normal -0.49180032901333959 0.055563738338966447 0.86893331583279154
  outer loop
   vertex -51.879493713378906 49.747406005859375 -40.448337554931641
   vertex -51.945899963378906 50.102741241455078 -40.508644104003906
   vertex -51.986045837402344 49.747406005859375 -40.508644104003906
  endloop
 endfacet
 facet normal -0.44954394047022994 0.050789599775721693 0.89181313185056899
  outer loop
   vertex -51.986045837402344 49.747406005859375 -40.508644104003906
   vertex -51.945899963378906 50.102741241455078 -40.508644104003906
   vertex -52.234832763671875 49.747406005859375 -40.634052276611328
  endloop
 endfacet
 facet normal -0.42589557636828634 -0.32366414659798037 0.84489909352355586
  outer loop
   vertex -51.986045837402344 49.747406005859375 -40.508644104003906
   vertex -52.234832763671875 49.747406005859375 -40.634052276611328
   vertex -51.879493713378906 49.392066955566406 -40.591056823730469
  endloop
 endfacet
 facet normal -0.25635680976864494 -0.14064668190422633 0.95629477513713002
  outer loop
   vertex -51.879493713378906 49.392066955566406 -40.591056823730469
   vertex -52.234832763671875 49.747406005859375 -40.634052276611328
   vertex -52.234832763671875 49.392066955566406 -40.686313629150391
  endloop
 endfacet
 facet normal -0.24668181813177212 -0.30392907038733336 0.92020389087239496
  outer loop
   vertex -51.879493713378906 49.392066955566406 -40.591056823730469
   vertex -52.234832763671875 49.392066955566406 -40.686313629150391
   vertex -52.234832763671875 49.036727905273438 -40.803676605224609
  endloop
 endfacet
 facet normal -0.13831217300100834 -0.31060673828824981 0.940421818616345
  outer loop
   vertex -52.234832763671875 49.036727905273438 -40.803676605224609
   vertex -52.234832763671875 49.392066955566406 -40.686313629150391
   vertex -52.590171813964844 49.392066955566406 -40.738574981689453
  endloop
 endfacet
 facet normal -0.2950066490621765 -0.44948370215493511 0.8431698989564318
  outer loop
   vertex -52.234832763671875 49.036727905273438 -40.803676605224609
   vertex -52.590171813964844 49.392066955566406 -40.738574981689453
   vertex -52.590171813964844 49.156818389892578 -40.863983154296875
  endloop
 endfacet
 facet normal -0.18876729187450497 -0.4619623581459722 0.86657814949061474
  outer loop
   vertex -52.590171813964844 49.156818389892578 -40.863983154296875
   vertex -52.590171813964844 49.392066955566406 -40.738574981689453
   vertex -52.945510864257812 49.302017211914062 -40.863983154296875
  endloop
 endfacet
 facet normal -0.21110182622809989 -0.51662073701882416 0.82978252153518395
  outer loop
   vertex -52.590171813964844 49.156818389892578 -40.863983154296875
   vertex -52.945510864257812 49.302017211914062 -40.863983154296875
   vertex -52.590171813964844 49.036727905273438 -40.938751220703125
  endloop
 endfacet
 facet normal -0.23393468713556911 -0.54101489899916289 0.80782265455711821
  outer loop
   vertex -52.590171813964844 49.036727905273438 -40.938751220703125
   vertex -52.945510864257812 49.302017211914062 -40.863983154296875
   vertex -52.945510864257812 49.036727905273438 -41.041652679443359
  endloop
 endfacet
 facet normal -0.23342892795157635 -0.54383099081063269 0.80607616825539707
  outer loop
   vertex -52.590171813964844 49.036727905273438 -40.938751220703125
   vertex -52.945510864257812 49.036727905273438 -41.041652679443359
   vertex -52.590171813964844 48.681388854980469 -41.178485870361328
  endloop
 endfacet
 facet normal 0.53289574623588476 -0 0.84618090479737218
  outer loop
   vertex -49.036781311035156 50.102741241455078 -40.757431030273438
   vertex -49.036781311035156 49.747406005859375 -40.757431030273438
   vertex -48.867588043212891 49.747406005859375 -40.863983154296875
  endloop
 endfacet
 facet normal 0.53274308270051085 -0.023934834150312806 0.84593849158727474
  outer loop
   vertex -48.867588043212891 49.747406005859375 -40.863983154296875
   vertex -49.036781311035156 49.747406005859375 -40.757431030273438
   vertex -48.883552551269531 49.392066955566406 -40.863983154296875
  endloop
 endfacet
 facet normal 0.54658278227258994 -0.024556617754275777 0.83704494183265032
  outer loop
   vertex -48.867588043212891 49.747406005859375 -40.863983154296875
   vertex -48.883552551269531 49.392066955566406 -40.863983154296875
   vertex -48.681442260742188 49.747406005859375 -40.98553466796875
  endloop
 endfacet
 facet normal 0.61505184124368395 -0.08155771157878508 0.7842573380369392
  outer loop
   vertex -48.681442260742188 49.747406005859375 -40.98553466796875
   vertex -48.883552551269531 49.392066955566406 -40.863983154296875
   vertex -48.681442260742188 49.392066955566406 -41.022487640380859
  endloop
 endfacet
 facet normal 0.45012488270728707 0 0.89296561522140983
  outer loop
   vertex -49.392120361328125 50.102741241455078 -40.634052276611328
   vertex -49.640907287597656 49.747406005859375 -40.508644104003906
   vertex -49.392120361328125 49.747406005859375 -40.634052276611328
  endloop
 endfacet
 facet normal 0.42789173686953247 -0.31039792219815038 0.8488591116397618
  outer loop
   vertex -49.392120361328125 49.747406005859375 -40.634052276611328
   vertex -49.640907287597656 49.747406005859375 -40.508644104003906
   vertex -49.747459411621094 49.600521087646484 -40.508644104003906
  endloop
 endfacet
 facet normal 0.43286654537433078 -0.33143121265268177 0.83831969151109964
  outer loop
   vertex -49.392120361328125 49.747406005859375 -40.634052276611328
   vertex -49.747459411621094 49.600521087646484 -40.508644104003906
   vertex -49.747459411621094 49.392066955566406 -40.591056823730469
  endloop
 endfacet
 facet normal 0.39608570046120628 -0.33759157286084152 0.85390166168212756
  outer loop
   vertex -49.747459411621094 49.392066955566406 -40.591056823730469
   vertex -49.747459411621094 49.600521087646484 -40.508644104003906
   vertex -49.925128936767578 49.392066955566406 -40.508644104003906
  endloop
 endfacet
 facet normal 0.38785066259930107 -0.38785066259930107 0.83614814897993184
  outer loop
   vertex -49.747459411621094 49.392066955566406 -40.591056823730469
   vertex -49.925128936767578 49.392066955566406 -40.508644104003906
   vertex -50.102798461914062 49.214397430419922 -40.508644104003906
  endloop
 endfacet
 facet normal 0.38783811080231245 -0.38783811080231245 0.83615979311288724
  outer loop
   vertex -50.102798461914062 49.214397430419922 -40.508644104003906
   vertex -49.925128936767578 49.392066955566406 -40.508644104003906
   vertex -50.102798461914062 49.392066955566406 -40.426235198974609
  endloop
 endfacet
 facet normal 0.33757470512701698 -0.39607315805412707 0.85391414786700781
  outer loop
   vertex -50.102798461914062 49.214397430419922 -40.508644104003906
   vertex -50.102798461914062 49.392066955566406 -40.426235198974609
   vertex -50.311256408691406 49.036727905273438 -40.508644104003906
  endloop
 endfacet
 facet normal 0.34798739594595307 -0.40070559857067417 0.84754928796906681
  outer loop
   vertex -50.311256408691406 49.036727905273438 -40.508644104003906
   vertex -50.102798461914062 49.392066955566406 -40.426235198974609
   vertex -50.458137512207031 49.036727905273438 -40.448337554931641
  endloop
 endfacet
 facet normal 0.33648372889351702 -0.46383966408835664 0.81953124785349984
  outer loop
   vertex -50.311256408691406 49.036727905273438 -40.508644104003906
   vertex -50.458137512207031 49.036727905273438 -40.448337554931641
   vertex -50.458137512207031 48.93017578125 -40.508644104003906
  endloop
 endfacet
 facet normal -0.0080372403904696889 -0.4925453568238497 0.87024966201554621
  outer loop
   vertex -50.458137512207031 48.93017578125 -40.508644104003906
   vertex -50.458137512207031 49.036727905273438 -40.448337554931641
   vertex -50.8134765625 48.93597412109375 -40.508644104003906
  endloop
 endfacet
 facet normal -0.0073448348535608225 -0.45011274119025696 0.89294152866756438
  outer loop
   vertex -50.458137512207031 48.93017578125 -40.508644104003906
   vertex -50.8134765625 48.93597412109375 -40.508644104003906
   vertex -50.458137512207031 48.681388854980469 -40.634052276611328
  endloop
 endfacet
 facet normal -0.037266709165648261 -0.48296319771263296 0.87484726783773581
  outer loop
   vertex -50.458137512207031 48.681388854980469 -40.634052276611328
   vertex -50.8134765625 48.93597412109375 -40.508644104003906
   vertex -50.8134765625 48.681388854980469 -40.649188995361328
  endloop
 endfacet
 facet normal -0.039035845137868404 -0.39840565937333533 0.91637826980656301
  outer loop
   vertex -50.458137512207031 48.681388854980469 -40.634052276611328
   vertex -50.8134765625 48.681388854980469 -40.649188995361328
   vertex -50.8134765625 48.3260498046875 -40.803676605224609
  endloop
 endfacet
 facet normal -0.39656382904491916 0.24646718228022352 0.88430258257684591
  outer loop
   vertex -53.092391967773438 50.102741241455078 -40.863983154296875
   vertex -53.300849914550781 49.767333984375 -40.863983154296875
   vertex -53.300849914550781 49.747406005859375 -40.858428955078125
  endloop
 endfacet
 facet normal -0.54512306204842231 0.22508239755712997 0.80757585497146078
  outer loop
   vertex -53.300849914550781 49.747406005859375 -40.858428955078125
   vertex -53.300849914550781 49.767333984375 -40.863983154296875
   vertex -53.309078216552734 49.747406005859375 -40.863983154296875
  endloop
 endfacet
 facet normal -0.54142107603259049 -0.25201667263752647 0.80209152541366602
  outer loop
   vertex -53.300849914550781 49.747406005859375 -40.858428955078125
   vertex -53.309078216552734 49.747406005859375 -40.863983154296875
   vertex -53.300849914550781 49.729728698730469 -40.863983154296875
  endloop
 endfacet
 facet normal -0.36955255358266542 0.23086748003426658 0.90007283972085206
  outer loop
   vertex -53.092391967773438 50.102741241455078 -40.863983154296875
   vertex -53.300849914550781 49.747406005859375 -40.858428955078125
   vertex -52.945510864257812 50.102741241455078 -40.803676605224609
  endloop
 endfacet
 facet normal -0.35891960860954675 0.21912350392992661 0.9072825384526263
  outer loop
   vertex -52.945510864257812 50.102741241455078 -40.803676605224609
   vertex -53.300849914550781 49.747406005859375 -40.858428955078125
   vertex -52.945510864257812 49.747406005859375 -40.717857360839844
  endloop
 endfacet
 facet normal 0.50735218039048657 -0.15529589095351073 0.84763019725937949
  outer loop
   vertex -48.326103210449219 50.102741241455078 -41.093914031982422
   vertex -48.326103210449219 49.747406005859375 -41.159015655517578
   vertex -48.225349426269531 49.747406005859375 -41.219322204589844
  endloop
 endfacet
 facet normal 0.48926327289628846 -0.30407844233091208 0.81740916969680377
  outer loop
   vertex -48.225349426269531 49.747406005859375 -41.219322204589844
   vertex -48.326103210449219 49.747406005859375 -41.159015655517578
   vertex -48.326103210449219 49.585292816162109 -41.219322204589844
  endloop
 endfacet
 facet normal 0.46286904374861892 -0.28767435780145711 0.83844839567069263
  outer loop
   vertex -48.225349426269531 49.747406005859375 -41.219322204589844
   vertex -48.326103210449219 49.585292816162109 -41.219322204589844
   vertex -47.97076416015625 49.747406005859375 -41.359867095947266
  endloop
 endfacet
 facet normal 0.47070865452437927 -0.31839346502255989 0.82283592774427172
  outer loop
   vertex -47.97076416015625 49.747406005859375 -41.359867095947266
   vertex -48.326103210449219 49.585292816162109 -41.219322204589844
   vertex -48.326103210449219 49.392066955566406 -41.294090270996094
  endloop
 endfacet
 facet normal 0.45388839680829091 -0.2984732169726072 0.83958267132714359
  outer loop
   vertex -47.97076416015625 49.747406005859375 -41.359867095947266
   vertex -48.326103210449219 49.392066955566406 -41.294090270996094
   vertex -47.97076416015625 49.392066955566406 -41.486190795898438
  endloop
 endfacet
 facet normal -0.63644191935596184 0.001298177808432004 0.77132353654019736
  outer loop
   vertex -53.826118469238281 50.102741241455078 -41.219322204589844
   vertex -53.82684326171875 49.747406005859375 -41.219322204589844
   vertex -53.65618896484375 49.747406005859375 -41.078510284423828
  endloop
 endfacet
 facet normal -0.62797977528491078 -0.16253275148838991 0.76106800387792295
  outer loop
   vertex -53.65618896484375 49.747406005859375 -41.078510284423828
   vertex -53.82684326171875 49.747406005859375 -41.219322204589844
   vertex -53.65618896484375 49.392066955566406 -41.154396057128906
  endloop
 endfacet
 facet normal -0.46956132066105705 -0.18439305444175466 0.86343000157087657
  outer loop
   vertex -53.65618896484375 49.747406005859375 -41.078510284423828
   vertex -53.65618896484375 49.392066955566406 -41.154396057128906
   vertex -53.300849914550781 49.392066955566406 -40.961151123046875
  endloop
 endfacet
 facet normal 0.50778406364283413 -0.48379917986409443 0.71280691514126027
  outer loop
   vertex -47.260086059570312 50.102741241455078 -41.486190795898438
   vertex -47.260086059570312 49.972393035888672 -41.574661254882812
   vertex -47.135894775390625 50.102741241455078 -41.574661254882812
  endloop
 endfacet
 facet normal -0.65172790743509457 -0.13022104169859022 0.74719021337890057
  outer loop
   vertex -54.308193206787109 50.102741241455078 -41.574661254882812
   vertex -54.237194061279297 49.747406005859375 -41.574661254882812
   vertex -54.011528015136719 49.747406005859375 -41.377826690673828
  endloop
 endfacet
 facet normal -0.64424469625311853 -0.19850118206238268 0.73861089354921095
  outer loop
   vertex -54.011528015136719 49.747406005859375 -41.377826690673828
   vertex -54.237194061279297 49.747406005859375 -41.574661254882812
   vertex -54.011528015136719 49.392066955566406 -41.473323822021484
  endloop
 endfacet
 facet normal -0.84292623925241095 -0.12325427917012242 0.52372104964956367
  outer loop
   vertex -54.366867065429688 50.102741241455078 -41.639007568359375
   vertex -54.547664642333984 50.102741241455078 -41.930000305175781
   vertex -54.366867065429688 49.747406005859375 -41.722633361816406
  endloop
 endfacet
 facet normal -0.82417230897932547 -0.093362958317854641 0.55859051471164989
  outer loop
   vertex -54.366867065429688 49.747406005859375 -41.722633361816406
   vertex -54.547664642333984 50.102741241455078 -41.930000305175781
   vertex -54.507411956787109 49.747406005859375 -41.930000305175781
  endloop
 endfacet
 facet normal -0.79874197902441346 -0.26257599980104201 0.54135486999993498
  outer loop
   vertex -54.366867065429688 49.747406005859375 -41.722633361816406
   vertex -54.507411956787109 49.747406005859375 -41.930000305175781
   vertex -54.366867065429688 49.392066955566406 -41.894985198974609
  endloop
 endfacet
 facet normal -0.78443634285713992 -0.25453127711065004 0.56557356106640722
  outer loop
   vertex -54.366867065429688 49.392066955566406 -41.894985198974609
   vertex -54.507411956787109 49.747406005859375 -41.930000305175781
   vertex -54.392112731933594 49.392066955566406 -41.930000305175781
  endloop
 endfacet
 facet normal -0.70019779997980003 -0.50483811311322768 0.50483811311322768
  outer loop
   vertex -54.366867065429688 49.392066955566406 -41.894985198974609
   vertex -54.392112731933594 49.392066955566406 -41.930000305175781
   vertex -54.366867065429688 49.357051849365234 -41.930000305175781
  endloop
 endfacet
 facet normal -0.79774273033566867 -0.57516738090875419 0.18107738714471419
  outer loop
   vertex -54.366867065429688 49.357051849365234 -41.930000305175781
   vertex -54.392112731933594 49.392066955566406 -41.930000305175781
   vertex -54.366867065429688 49.245182037353516 -42.28533935546875
  endloop
 endfacet
 facet normal -0.76898183442725954 -0.60976593639874566 0.19196989641255627
  outer loop
   vertex -54.366867065429688 49.357051849365234 -41.930000305175781
   vertex -54.366867065429688 49.245182037353516 -42.28533935546875
   vertex -54.112865447998047 49.036727905273438 -41.930000305175781
  endloop
 endfacet
 facet normal -0.75109585795838829 -0.64017365878693266 0.16134651763550562
  outer loop
   vertex -54.112865447998047 49.036727905273438 -41.930000305175781
   vertex -54.366867065429688 49.245182037353516 -42.28533935546875
   vertex -54.189197540283203 49.036727905273438 -42.28533935546875
  endloop
 endfacet
 facet normal -0.69908784910127098 -0.69908784910127098 0.15017442684397675
  outer loop
   vertex -54.112865447998047 49.036727905273438 -41.930000305175781
   vertex -54.189197540283203 49.036727905273438 -42.28533935546875
   vertex -54.011528015136719 48.859058380126953 -42.28533935546875
  endloop
 endfacet
 facet normal -0.70710678118654746 -0.70710678118654746 0
  outer loop
   vertex -54.011528015136719 48.859058380126953 -42.28533935546875
   vertex -54.189197540283203 49.036727905273438 -42.28533935546875
   vertex -54.011528015136719 48.859058380126953 -42.640678405761719
  endloop
 endfacet
 facet normal -0.66382490978013031 -0.74788801912813263 0
  outer loop
   vertex -54.011528015136719 48.859058380126953 -42.28533935546875
   vertex -54.011528015136719 48.859058380126953 -42.640678405761719
   vertex -53.811359405517578 48.681388854980469 -42.28533935546875
  endloop
 endfacet
 facet normal -0.69394572130188503 -0.71934942403553437 0.031236869666331768
  outer loop
   vertex -53.811359405517578 48.681388854980469 -42.28533935546875
   vertex -54.011528015136719 48.859058380126953 -42.640678405761719
   vertex -53.827354431152344 48.681388854980469 -42.640678405761719
  endloop
 endfacet
 facet normal -0.67913188582988737 -0.73337940644477984 0.030570048280029176
  outer loop
   vertex -53.811359405517578 48.681388854980469 -42.28533935546875
   vertex -53.827354431152344 48.681388854980469 -42.640678405761719
   vertex -53.65618896484375 48.522884368896484 -42.640678405761719
  endloop
 endfacet
 facet normal -0.67891805094500179 -0.73314849091242651 0.039542007711691148
  outer loop
   vertex -53.65618896484375 48.522884368896484 -42.640678405761719
   vertex -53.827354431152344 48.681388854980469 -42.640678405761719
   vertex -53.65618896484375 48.503719329833984 -42.996017456054688
  endloop
 endfacet
 facet normal -0.60670941811123535 -0.79377002263325402 0.042811600576591176
  outer loop
   vertex -53.65618896484375 48.522884368896484 -42.640678405761719
   vertex -53.65618896484375 48.503719329833984 -42.996017456054688
   vertex -53.398666381835938 48.3260498046875 -42.640678405761719
  endloop
 endfacet
 facet normal 0.73686590730457069 -0.64638126680202934 0.19804012871035884
  outer loop
   vertex -47.158748626708984 49.747406005859375 -41.930000305175781
   vertex -47.063247680664062 49.747406005859375 -42.28533935546875
   vertex -46.904747009277344 50.036964416503906 -41.930000305175781
  endloop
 endfacet
 facet normal 0.77796579818650458 -0.61010303338207816 0.15014494833334149
  outer loop
   vertex -46.904747009277344 50.036964416503906 -41.930000305175781
   vertex -47.063247680664062 49.747406005859375 -42.28533935546875
   vertex -46.904747009277344 49.949516296386719 -42.28533935546875
  endloop
 endfacet
 facet normal 0.77369783092646904 -0.6067559713675359 0.18231526987478255
  outer loop
   vertex -47.063247680664062 49.747406005859375 -42.28533935546875
   vertex -46.979515075683594 49.747406005859375 -42.640678405761719
   vertex -46.904747009277344 49.949516296386719 -42.28533935546875
  endloop
 endfacet
 facet normal 0.84266598888582644 -0.52464195489858001 0.12109851500026161
  outer loop
   vertex -46.904747009277344 49.949516296386719 -42.28533935546875
   vertex -46.979515075683594 49.747406005859375 -42.640678405761719
   vertex -46.904747009277344 49.867496490478516 -42.640678405761719
  endloop
 endfacet
 facet normal -0.9762375861336573 -0.2167029658770962 0
  outer loop
   vertex -54.675674438476562 50.102741241455078 -42.28533935546875
   vertex -54.675674438476562 50.102741241455078 -42.640678405761719
   vertex -54.596797943115234 49.747406005859375 -42.28533935546875
  endloop
 endfacet
 facet normal -0.9762375861336573 -0.2167029658770962 0
  outer loop
   vertex -54.596797943115234 49.747406005859375 -42.28533935546875
   vertex -54.675674438476562 50.102741241455078 -42.640678405761719
   vertex -54.596797943115234 49.747406005859375 -42.640678405761719
  endloop
 endfacet
 facet normal -0.94467602106301307 -0.32800490122642006 0
  outer loop
   vertex -54.596797943115234 49.747406005859375 -42.28533935546875
   vertex -54.596797943115234 49.747406005859375 -42.640678405761719
   vertex -54.473419189453125 49.392066955566406 -42.28533935546875
  endloop
 endfacet
 facet normal -0.94467602106301307 -0.32800490122642006 0
  outer loop
   vertex -54.473419189453125 49.392066955566406 -42.28533935546875
   vertex -54.596797943115234 49.747406005859375 -42.640678405761719
   vertex -54.473419189453125 49.392066955566406 -42.640678405761719
  endloop
 endfacet
 facet normal -0.80945182310474839 -0.58718629588266025 0
  outer loop
   vertex -54.473419189453125 49.392066955566406 -42.28533935546875
   vertex -54.473419189453125 49.392066955566406 -42.640678405761719
   vertex -54.366867065429688 49.245182037353516 -42.640678405761719
  endloop
 endfacet
 facet normal -0.80536895148122489 -0.58422453065247559 -0.10031226133393124
  outer loop
   vertex -54.366867065429688 49.245182037353516 -42.640678405761719
   vertex -54.473419189453125 49.392066955566406 -42.640678405761719
   vertex -54.366867065429688 49.306194305419922 -42.996017456054688
  endloop
 endfacet
 facet normal 0.79054429623723343 -0.49219110594484849 0.36440037172808198
  outer loop
   vertex -46.904747009277344 49.867496490478516 -42.640678405761719
   vertex -46.979515075683594 49.747406005859375 -42.640678405761719
   vertex -46.904747009277344 49.747406005859375 -42.802883148193359
  endloop
 endfacet
 facet normal 0.82005110210947363 -0.4296871642600521 0.37800149576316838
  outer loop
   vertex -46.904747009277344 49.747406005859375 -42.802883148193359
   vertex -46.979515075683594 49.747406005859375 -42.640678405761719
   vertex -47.001911163330078 49.392066955566406 -42.996017456054688
  endloop
 endfacet
 facet normal -0.94364960256090602 -0.20946916050791586 -0.25621884860945182
  outer loop
   vertex -54.675674438476562 50.102741241455078 -42.640678405761719
   vertex -54.579193115234375 50.102741241455078 -42.996017456054688
   vertex -54.596797943115234 49.747406005859375 -42.640678405761719
  endloop
 endfacet
 facet normal -0.9847828204032183 -0.096047750629241729 -0.14483655007540625
  outer loop
   vertex -54.596797943115234 49.747406005859375 -42.640678405761719
   vertex -54.579193115234375 50.102741241455078 -42.996017456054688
   vertex -54.544536590576172 49.747406005859375 -42.996017456054688
  endloop
 endfacet
 facet normal -0.93568805499132968 -0.32488415204062887 -0.13761595655803777
  outer loop
   vertex -54.596797943115234 49.747406005859375 -42.640678405761719
   vertex -54.544536590576172 49.747406005859375 -42.996017456054688
   vertex -54.473419189453125 49.392066955566406 -42.640678405761719
  endloop
 endfacet
 facet normal -0.94237960499391826 -0.31125336475837778 -0.12264592540355632
  outer loop
   vertex -54.473419189453125 49.392066955566406 -42.640678405761719
   vertex -54.544536590576172 49.747406005859375 -42.996017456054688
   vertex -54.427173614501953 49.392066955566406 -42.996017456054688
  endloop
 endfacet
 facet normal -0.81375253165881778 -0.57148122131376877 -0.10590576426516207
  outer loop
   vertex -54.473419189453125 49.392066955566406 -42.640678405761719
   vertex -54.427173614501953 49.392066955566406 -42.996017456054688
   vertex -54.366867065429688 49.306194305419922 -42.996017456054688
  endloop
 endfacet
 facet normal -0.7693265499423031 -0.54028179236985785 -0.34092850333682428
  outer loop
   vertex -54.366867065429688 49.306194305419922 -42.996017456054688
   vertex -54.427173614501953 49.392066955566406 -42.996017456054688
   vertex -54.366867065429688 49.392066955566406 -43.132102966308594
  endloop
 endfacet
 facet normal -0.87069805286221502 -0.10404904836611022 -0.48068565224692755
  outer loop
   vertex -54.366867065429688 49.747406005859375 -43.452110290527344
   vertex -54.366867065429688 50.102741241455078 -43.529026031494141
   vertex -54.226318359375 49.747406005859375 -43.706695556640625
  endloop
 endfacet
 facet normal -0.85472621242750257 -0.081775649820759244 -0.5125971565330113
  outer loop
   vertex -54.226318359375 49.747406005859375 -43.706695556640625
   vertex -54.366867065429688 50.102741241455078 -43.529026031494141
   vertex -54.26031494140625 50.102741241455078 -43.706695556640625
  endloop
 endfacet
 facet normal -0.9675245290536223 -0.09256759173931961 -0.23521804063283233
  outer loop
   vertex -54.226318359375 49.747406005859375 -43.706695556640625
   vertex -54.26031494140625 50.102741241455078 -43.706695556640625
   vertex -54.173927307128906 50.102741241455078 -44.062034606933594
  endloop
 endfacet
 facet normal 0.6389075980178921 -0.43515415675909519 -0.63437996583300793
  outer loop
   vertex -46.890457153320312 50.102741241455078 -44.062034606933594
   vertex -46.904747009277344 49.747406005859375 -43.832683563232422
   vertex -46.904747009277344 50.081760406494141 -44.062034606933594
  endloop
 endfacet
 facet normal 0.27406835169344029 -0.54400257605233704 -0.7930622521898657
  outer loop
   vertex -46.904747009277344 50.081760406494141 -44.062034606933594
   vertex -46.904747009277344 49.747406005859375 -43.832683563232422
   vertex -47.260086059570312 49.747406005859375 -43.955482482910156
  endloop
 endfacet
 facet normal -0.90519986661661256 -0.22627810168834689 -0.35973799100676734
  outer loop
   vertex -54.226318359375 49.747406005859375 -43.706695556640625
   vertex -54.173927307128906 50.102741241455078 -44.062034606933594
   vertex -54.085102081298828 49.747406005859375 -44.062034606933594
  endloop
 endfacet
 facet normal -0.92772506417707168 -0.23190885698572303 -0.29247989221350579
  outer loop
   vertex -54.085102081298828 49.747406005859375 -44.062034606933594
   vertex -54.173927307128906 50.102741241455078 -44.062034606933594
   vertex -54.061901092529297 50.102741241455078 -44.417373657226562
  endloop
 endfacet
 facet normal -0.75981158554766182 -0.43424851708101603 -0.48385388277917812
  outer loop
   vertex -54.085102081298828 49.747406005859375 -44.062034606933594
   vertex -54.061901092529297 50.102741241455078 -44.417373657226562
   vertex -54.011528015136719 50.014602661132812 -44.417373657226562
  endloop
 endfacet
 facet normal -0.72298550923190719 -0.41320162949176953 -0.55367532618496407
  outer loop
   vertex -54.011528015136719 50.014602661132812 -44.417373657226562
   vertex -54.061901092529297 50.102741241455078 -44.417373657226562
   vertex -54.011528015136719 50.102741241455078 -44.483150482177734
  endloop
 endfacet
 facet normal 0.35542490561679152 -0.48008133289059185 -0.80199442035296442
  outer loop
   vertex -47.615425109863281 49.848155975341797 -44.062034606933594
   vertex -47.751510620117188 49.747406005859375 -44.062034606933594
   vertex -47.97076416015625 49.747406005859375 -44.159202575683594
  endloop
 endfacet
 facet normal 0.36239495952511058 -0.44721444323489545 -0.81772191793597893
  outer loop
   vertex -47.97076416015625 49.747406005859375 -44.159202575683594
   vertex -47.751510620117188 49.747406005859375 -44.062034606933594
   vertex -47.97076416015625 49.569736480712891 -44.062034606933594
  endloop
 endfacet
 facet normal 0.39076947142416091 -0.44167909017200158 -0.807600644816307
  outer loop
   vertex -47.97076416015625 49.747406005859375 -44.159202575683594
   vertex -47.97076416015625 49.569736480712891 -44.062034606933594
   vertex -48.326103210449219 49.392066955566406 -44.136802673339844
  endloop
 endfacet
 facet normal 0.35229255571955842 -0.45231458988069345 -0.81932988897369163
  outer loop
   vertex -47.615425109863281 49.848155975341797 -44.062034606933594
   vertex -47.97076416015625 49.747406005859375 -44.159202575683594
   vertex -47.615425109863281 50.102741241455078 -44.202579498291016
  endloop
 endfacet
 facet normal 0.4159302463031222 -0.4159302463031222 -0.80870517521557161
  outer loop
   vertex -48.326103210449219 49.936325073242188 -44.417373657226562
   vertex -48.159687042236328 50.102741241455078 -44.417373657226562
   vertex -48.326103210449219 49.747406005859375 -44.320209503173828
  endloop
 endfacet
 facet normal 0.41592398122024604 -0.41592844636728166 -0.80870932314917698
  outer loop
   vertex -48.326103210449219 49.747406005859375 -44.320209503173828
   vertex -48.159687042236328 50.102741241455078 -44.417373657226562
   vertex -47.97076416015625 50.102741241455078 -44.320209503173828
  endloop
 endfacet
 facet normal 0.41592330078145734 -0.4159316992004215 -0.80870800012569888
  outer loop
   vertex -48.326103210449219 49.936325073242188 -44.417373657226562
   vertex -48.326103210449219 49.747406005859375 -44.320209503173828
   vertex -48.515026092529297 49.747406005859375 -44.417373657226562
  endloop
 endfacet
 facet normal 0.40094602311863681 -0.48113088389393116 -0.77958665913982528
  outer loop
   vertex -48.515026092529297 49.747406005859375 -44.417373657226562
   vertex -48.326103210449219 49.747406005859375 -44.320209503173828
   vertex -48.681442260742188 49.392066955566406 -44.283660888671875
  endloop
 endfacet
 facet normal -0.69186942561139242 -0.47880872790084283 -0.54042474035719223
  outer loop
   vertex -54.011528015136719 50.014602661132812 -44.417373657226562
   vertex -53.826614379882812 49.747406005859375 -44.417373657226562
   vertex -54.011528015136719 49.747406005859375 -44.180641174316406
  endloop
 endfacet
 facet normal -0.6711168471078035 -0.52421473535569418 -0.52421473535569418
  outer loop
   vertex -54.011528015136719 49.747406005859375 -44.180641174316406
   vertex -53.826614379882812 49.747406005859375 -44.417373657226562
   vertex -54.011528015136719 49.628799438476562 -44.062034606933594
  endloop
 endfacet
 facet normal -0.75173211102882598 -0.46631471842959493 -0.46631471842959493
  outer loop
   vertex -54.011528015136719 49.747406005859375 -44.180641174316406
   vertex -54.011528015136719 49.628799438476562 -44.062034606933594
   vertex -54.085102081298828 49.747406005859375 -44.062034606933594
  endloop
 endfacet
 facet normal -0.74056567657647032 -0.4593879520175731 -0.49043367361747775
  outer loop
   vertex -54.085102081298828 49.747406005859375 -44.062034606933594
   vertex -54.011528015136719 49.628799438476562 -44.062034606933594
   vertex -54.099998474121094 49.392066955566406 -43.706695556640625
  endloop
 endfacet
 facet normal -0.88239882554114424 -0.31368496735340257 -0.35067656599793473
  outer loop
   vertex -54.085102081298828 49.747406005859375 -44.062034606933594
   vertex -54.099998474121094 49.392066955566406 -43.706695556640625
   vertex -54.226318359375 49.747406005859375 -43.706695556640625
  endloop
 endfacet
 facet normal -0.85924774322206598 -0.30545496263076216 -0.41035421476088918
  outer loop
   vertex -54.226318359375 49.747406005859375 -43.706695556640625
   vertex -54.099998474121094 49.392066955566406 -43.706695556640625
   vertex -54.269699096679688 49.392066955566406 -43.351356506347656
  endloop
 endfacet
 facet normal -0.81932293289256186 -0.35229790146371393 -0.45232302645409733
  outer loop
   vertex -54.226318359375 49.747406005859375 -43.706695556640625
   vertex -54.269699096679688 49.392066955566406 -43.351356506347656
   vertex -54.366867065429688 49.747406005859375 -43.452110290527344
  endloop
 endfacet
 facet normal -0.76994817924743886 -0.42315975154571306 -0.47761451605381938
  outer loop
   vertex -54.011528015136719 50.014602661132812 -44.417373657226562
   vertex -54.011528015136719 49.747406005859375 -44.180641174316406
   vertex -54.085102081298828 49.747406005859375 -44.062034606933594
  endloop
 endfacet
 facet normal -0.61278051413920043 -0.49899908114403813 -0.61278051413920043
  outer loop
   vertex -53.65618896484375 49.965587615966797 -44.772712707519531
   vertex -53.478519439697266 49.747406005859375 -44.772712707519531
   vertex -53.65618896484375 49.747406005859375 -44.595043182373047
  endloop
 endfacet
 facet normal 0.64526462959266606 -0.10227026321031753 -0.757082790095992
  outer loop
   vertex -49.747459411621094 50.102741241455078 -44.950382232666016
   vertex -49.747459411621094 49.747406005859375 -44.902381896972656
   vertex -49.955917358398438 50.102741241455078 -45.1280517578125
  endloop
 endfacet
 facet normal 0.70076760912547897 -0.041203922695683778 -0.71219870454462919
  outer loop
   vertex -49.955917358398438 50.102741241455078 -45.1280517578125
   vertex -49.747459411621094 49.747406005859375 -44.902381896972656
   vertex -49.976810455322266 49.747406005859375 -45.1280517578125
  endloop
 endfacet
 facet normal 0.61685871028413064 -0.036270224653256432 -0.78623775179661859
  outer loop
   vertex -49.955917358398438 50.102741241455078 -45.1280517578125
   vertex -49.976810455322266 49.747406005859375 -45.1280517578125
   vertex -50.102798461914062 49.747406005859375 -45.226898193359375
  endloop
 endfacet
 facet normal 0.60942432669987001 -0.15887972734423855 -0.77676201134287615
  outer loop
   vertex -50.102798461914062 49.747406005859375 -45.226898193359375
   vertex -49.976810455322266 49.747406005859375 -45.1280517578125
   vertex -50.102798461914062 49.392066955566406 -45.154216766357422
  endloop
 endfacet
 facet normal 0.35163722571395967 -0.18759433447746188 -0.91714754928754383
  outer loop
   vertex -50.102798461914062 49.747406005859375 -45.226898193359375
   vertex -50.102798461914062 49.392066955566406 -45.154216766357422
   vertex -50.458137512207031 49.392066955566406 -45.290454864501953
  endloop
 endfacet
 facet normal 0.35631318143380375 -0.096755480583105472 -0.92934347456344346
  outer loop
   vertex -50.458137512207031 49.392066955566406 -45.290454864501953
   vertex -50.102798461914062 49.392066955566406 -45.154216766357422
   vertex -50.458137512207031 49.036727905273438 -45.253459930419922
  endloop
 endfacet
 facet normal -0 -0.10355194850637624 -0.99462404654247749
  outer loop
   vertex -50.458137512207031 49.392066955566406 -45.290454864501953
   vertex -50.458137512207031 49.036727905273438 -45.253459930419922
   vertex -50.8134765625 49.036727905273438 -45.253459930419922
  endloop
 endfacet
 facet normal -0 -0.24290315543491106 -0.97005054356964482
  outer loop
   vertex -50.8134765625 49.036727905273438 -45.253459930419922
   vertex -50.458137512207031 49.036727905273438 -45.253459930419922
   vertex -50.458137512207031 48.681388854980469 -45.164482116699219
  endloop
 endfacet
 facet normal -0.23944438531787859 -0.45430566435660169 -0.858063371595158
  outer loop
   vertex -50.8134765625 49.036727905273438 -45.253459930419922
   vertex -50.458137512207031 48.681388854980469 -45.164482116699219
   vertex -50.588687896728516 48.681388854980469 -45.1280517578125
  endloop
 endfacet
 facet normal -0.22718015122053783 -0.53442303514025757 -0.81411375028486566
  outer loop
   vertex -50.588687896728516 48.681388854980469 -45.1280517578125
   vertex -50.458137512207031 48.681388854980469 -45.164482116699219
   vertex -50.458137512207031 48.625892639160156 -45.1280517578125
  endloop
 endfacet
 facet normal -0.22125388263624698 -0.52048196490653564 -0.82470918730508735
  outer loop
   vertex -50.588687896728516 48.681388854980469 -45.1280517578125
   vertex -50.458137512207031 48.625892639160156 -45.1280517578125
   vertex -50.8134765625 48.681388854980469 -45.067745208740234
  endloop
 endfacet
 facet normal -0.22190996181029299 -0.53510326877114112 -0.81511990565793091
  outer loop
   vertex -50.8134765625 48.681388854980469 -45.067745208740234
   vertex -50.458137512207031 48.625892639160156 -45.1280517578125
   vertex -50.458137512207031 48.3260498046875 -44.93121337890625
  endloop
 endfacet
 facet normal -0.046291519526701928 -0.39828212402642332 -0.91609412447679717
  outer loop
   vertex -50.8134765625 48.681388854980469 -45.067745208740234
   vertex -50.458137512207031 48.3260498046875 -44.93121337890625
   vertex -50.8134765625 48.3260498046875 -44.913257598876953
  endloop
 endfacet
 facet normal -0.03705135225269101 -0.67896596336427328 -0.73323421762017582
  outer loop
   vertex -50.8134765625 48.3260498046875 -44.913257598876953
   vertex -50.458137512207031 48.3260498046875 -44.93121337890625
   vertex -50.458137512207031 48.154880523681641 -44.772712707519531
  endloop
 endfacet
 facet normal 0.069926239325255171 -0.54230531955270334 -0.83726654145419399
  outer loop
   vertex -50.8134765625 48.3260498046875 -44.913257598876953
   vertex -50.458137512207031 48.154880523681641 -44.772712707519531
   vertex -50.8134765625 48.109062194824219 -44.772712707519531
  endloop
 endfacet
 facet normal -0.61278051413920043 -0.49899908114403813 -0.61278051413920043
  outer loop
   vertex -53.300849914550781 49.747406005859375 -44.950382232666016
   vertex -53.300849914550781 49.965587615966797 -45.1280517578125
   vertex -53.123180389404297 49.747406005859375 -45.1280517578125
  endloop
 endfacet
 facet normal -0.58718115996932274 -0.47815302955802436 -0.65313701908677901
  outer loop
   vertex -53.123180389404297 49.747406005859375 -45.1280517578125
   vertex -53.300849914550781 49.965587615966797 -45.1280517578125
   vertex -52.945510864257812 50.014602661132812 -45.483390808105469
  endloop
 endfacet
 facet normal -0.61930088874607914 -0.44680518440893829 -0.64562491927094268
  outer loop
   vertex -53.123180389404297 49.747406005859375 -45.1280517578125
   vertex -52.945510864257812 50.014602661132812 -45.483390808105469
   vertex -52.945510864257812 49.747406005859375 -45.298477172851562
  endloop
 endfacet
 facet normal -0.6267264593231181 -0.46306359214325615 -0.6267264593231181
  outer loop
   vertex -53.757526397705078 50.102741241455078 -44.772712707519531
   vertex -53.65618896484375 50.102741241455078 -44.874050140380859
   vertex -53.65618896484375 49.965587615966797 -44.772712707519531
  endloop
 endfacet
 facet normal 0.58710584503662433 -0.017550657535331936 -0.80931990037556156
  outer loop
   vertex -49.955917358398438 50.102741241455078 -45.1280517578125
   vertex -50.102798461914062 49.747406005859375 -45.226898193359375
   vertex -50.102798461914062 50.102741241455078 -45.234603881835938
  endloop
 endfacet
 facet normal 0.21651239167918043 -0.021166322722342659 -0.97605039369480029
  outer loop
   vertex -50.102798461914062 50.102741241455078 -45.234603881835938
   vertex -50.102798461914062 49.747406005859375 -45.226898193359375
   vertex -50.458137512207031 49.747406005859375 -45.305721282958984
  endloop
 endfacet
 facet normal 0.19624771608187741 0 -0.98055435032059657
  outer loop
   vertex -50.102798461914062 50.102741241455078 -45.234603881835938
   vertex -50.458137512207031 49.747406005859375 -45.305721282958984
   vertex -50.458137512207031 50.102741241455078 -45.305721282958984
  endloop
 endfacet
 facet normal 0 0 -1
  outer loop
   vertex -50.458137512207031 50.102741241455078 -45.305721282958984
   vertex -50.458137512207031 49.747406005859375 -45.305721282958984
   vertex -50.8134765625 49.747406005859375 -45.305721282958984
  endloop
 endfacet
 facet normal 0.45205754339438381 -0.3279366118349244 -0.82951887023651538
  outer loop
   vertex -51.879493713378906 49.955860137939453 -45.483390808105469
   vertex -51.772941589355469 50.102741241455078 -45.483390808105469
   vertex -51.879493713378906 49.747406005859375 -45.400981903076172
  endloop
 endfacet
 facet normal 0.42589634771649915 -0.32365913707094346 -0.84490062373763164
  outer loop
   vertex -51.879493713378906 49.747406005859375 -45.400981903076172
   vertex -51.772941589355469 50.102741241455078 -45.483390808105469
   vertex -51.524154663085938 50.102741241455078 -45.357982635498047
  endloop
 endfacet
 facet normal 0.34505967559575101 -0.34506599016571343 -0.8728478004261172
  outer loop
   vertex -51.879493713378906 49.955860137939453 -45.483390808105469
   vertex -51.879493713378906 49.747406005859375 -45.400981903076172
   vertex -52.08795166015625 49.747406005859375 -45.483390808105469
  endloop
 endfacet
 facet normal 0.32620507311055247 -0.46120611827762897 -0.82515402607041843
  outer loop
   vertex -52.08795166015625 49.747406005859375 -45.483390808105469
   vertex -51.879493713378906 49.747406005859375 -45.400981903076172
   vertex -52.234832763671875 49.392066955566406 -45.342845916748047
  endloop
 endfacet
 facet normal -0.60047030346660701 -0.4481241914163473 -0.66228402043395695
  outer loop
   vertex -53.300849914550781 49.965587615966797 -45.1280517578125
   vertex -53.011287689208984 50.102741241455078 -45.483390808105469
   vertex -52.945510864257812 50.014602661132812 -45.483390808105469
  endloop
 endfacet
 facet normal 0.46384102796523902 -0.33647597956434372 0.81953365760801167
  outer loop
   vertex -49.640907287597656 49.747406005859375 -40.508644104003906
   vertex -49.747459411621094 49.747406005859375 -40.448337554931641
   vertex -49.747459411621094 49.600521087646484 -40.508644104003906
  endloop
 endfacet
 facet normal 0.40702961369037638 -0.34691928369712288 0.84496976524496914
  outer loop
   vertex -49.747459411621094 49.600521087646484 -40.508644104003906
   vertex -49.747459411621094 49.747406005859375 -40.448337554931641
   vertex -49.925128936767578 49.392066955566406 -40.508644104003906
  endloop
 endfacet
 facet normal 0.39534949407480929 -0.34233243698390886 0.85235396410379316
  outer loop
   vertex -49.925128936767578 49.392066955566406 -40.508644104003906
   vertex -49.747459411621094 49.747406005859375 -40.448337554931641
   vertex -50.102798461914062 49.392066955566406 -40.426235198974609
  endloop
 endfacet
 facet normal -0.17835371066880923 -0.14317624728481698 0.97349397332705856
  outer loop
   vertex -51.168815612792969 49.747406005859375 -40.330974578857422
   vertex -51.524154663085938 49.392066955566406 -40.448337554931641
   vertex -51.168815612792969 49.392066955566406 -40.383235931396484
  endloop
 endfacet
 facet normal -0.15529426400012658 -0.5073523117448302 0.84763041671228123
  outer loop
   vertex -51.168815612792969 49.392066955566406 -40.383235931396484
   vertex -51.524154663085938 49.392066955566406 -40.448337554931641
   vertex -51.524154663085938 49.291313171386719 -40.508644104003906
  endloop
 endfacet
 facet normal -0.1843081179970974 -0.44241357499947487 0.87766778811606849
  outer loop
   vertex -51.168815612792969 49.392066955566406 -40.383235931396484
   vertex -51.524154663085938 49.291313171386719 -40.508644104003906
   vertex -51.168815612792969 49.143280029296875 -40.508644104003906
  endloop
 endfacet
 facet normal -0.20102039426122756 -0.48252975636327755 0.85249975678298973
  outer loop
   vertex -51.168815612792969 49.143280029296875 -40.508644104003906
   vertex -51.524154663085938 49.291313171386719 -40.508644104003906
   vertex -51.168815612792969 49.036727905273438 -40.568954467773438
  endloop
 endfacet
 facet normal -0.46384102796523902 -0.33647597956434372 0.81953365760801167
  outer loop
   vertex -51.879493713378906 49.747406005859375 -40.448337554931641
   vertex -51.986045837402344 49.747406005859375 -40.508644104003906
   vertex -51.879493713378906 49.600521087646484 -40.508644104003906
  endloop
 endfacet
 facet normal -0.45208128343396237 -0.32794531642325508 0.82950249101781026
  outer loop
   vertex -51.879493713378906 49.600521087646484 -40.508644104003906
   vertex -51.986045837402344 49.747406005859375 -40.508644104003906
   vertex -51.879493713378906 49.392066955566406 -40.591056823730469
  endloop
 endfacet
 facet normal 0.57091356541090954 -0 0.82101017096611106
  outer loop
   vertex -49.036781311035156 49.747406005859375 -40.757431030273438
   vertex -49.036781311035156 49.392066955566406 -40.757431030273438
   vertex -48.883552551269531 49.392066955566406 -40.863983154296875
  endloop
 endfacet
 facet normal 0.56759954724954231 -0.10759103817268029 0.81624440118572295
  outer loop
   vertex -48.883552551269531 49.392066955566406 -40.863983154296875
   vertex -49.036781311035156 49.392066955566406 -40.757431030273438
   vertex -48.950908660888672 49.036727905273438 -40.863983154296875
  endloop
 endfacet
 facet normal 0.61292847471497103 -0.11618333953883245 0.78154981702843718
  outer loop
   vertex -48.883552551269531 49.392066955566406 -40.863983154296875
   vertex -48.950908660888672 49.036727905273438 -40.863983154296875
   vertex -48.681442260742188 49.392066955566406 -41.022487640380859
  endloop
 endfacet
 facet normal 0.60002251094032766 -0.10103101553846687 0.79357779723485866
  outer loop
   vertex -48.681442260742188 49.392066955566406 -41.022487640380859
   vertex -48.950908660888672 49.036727905273438 -40.863983154296875
   vertex -48.681442260742188 49.036727905273438 -41.067726135253906
  endloop
 endfacet
 facet normal 0.69147414329014634 -0.091233085363901331 0.71661707577767175
  outer loop
   vertex -48.681442260742188 49.392066955566406 -41.022487640380859
   vertex -48.681442260742188 49.036727905273438 -41.067726135253906
   vertex -48.524333953857422 49.036727905273438 -41.219322204589844
  endloop
 endfacet
 facet normal 0.6771124846381148 -0.22156080012635254 0.70173320784652138
  outer loop
   vertex -48.524333953857422 49.036727905273438 -41.219322204589844
   vertex -48.681442260742188 49.036727905273438 -41.067726135253906
   vertex -48.640605926513672 48.681388854980469 -41.219322204589844
  endloop
 endfacet
 facet normal 0.81333177033503479 -0.2661336807279856 0.51736282756480745
  outer loop
   vertex -48.524333953857422 49.036727905273438 -41.219322204589844
   vertex -48.640605926513672 48.681388854980469 -41.219322204589844
   vertex -48.414573669433594 48.681388854980469 -41.574661254882812
  endloop
 endfacet
 facet normal 0.7434473276179614 -0.47290911973534155 0.47290911973534155
  outer loop
   vertex -48.414573669433594 48.681388854980469 -41.574661254882812
   vertex -48.640605926513672 48.681388854980469 -41.219322204589844
   vertex -48.640605926513672 48.3260498046875 -41.574661254882812
  endloop
 endfacet
 facet normal 0.77308052836318464 -0.49175888939456552 0.40064908756556883
  outer loop
   vertex -48.414573669433594 48.681388854980469 -41.574661254882812
   vertex -48.640605926513672 48.3260498046875 -41.574661254882812
   vertex -48.456451416015625 48.3260498046875 -41.930000305175781
  endloop
 endfacet
 facet normal 0.6639305368312286 -0.6639305368312286 0.34408208980705912
  outer loop
   vertex -48.456451416015625 48.3260498046875 -41.930000305175781
   vertex -48.640605926513672 48.3260498046875 -41.574661254882812
   vertex -48.681442260742188 48.285213470458984 -41.574661254882812
  endloop
 endfacet
 facet normal 0.21849024191464242 -0.10105004368773915 0.97059306759258623
  outer loop
   vertex -49.392120361328125 49.747406005859375 -40.634052276611328
   vertex -49.747459411621094 49.392066955566406 -40.591056823730469
   vertex -49.392120361328125 49.392066955566406 -40.671047210693359
  endloop
 endfacet
 facet normal 0.21450250490041939 -0.21450250490041939 0.95287845540913096
  outer loop
   vertex -49.392120361328125 49.392066955566406 -40.671047210693359
   vertex -49.747459411621094 49.392066955566406 -40.591056823730469
   vertex -49.747459411621094 49.036727905273438 -40.671047210693359
  endloop
 endfacet
 facet normal 0.085308954650899452 -0.085308954650899452 0.99269570590022282
  outer loop
   vertex -49.392120361328125 49.392066955566406 -40.671047210693359
   vertex -49.747459411621094 49.036727905273438 -40.671047210693359
   vertex -49.392120361328125 49.036727905273438 -40.701583862304688
  endloop
 endfacet
 facet normal 0.084126414095378507 -0.18603445125751286 0.97893509968575998
  outer loop
   vertex -49.392120361328125 49.036727905273438 -40.701583862304688
   vertex -49.747459411621094 49.036727905273438 -40.671047210693359
   vertex -49.747459411621094 48.681388854980469 -40.738574981689453
  endloop
 endfacet
 facet normal 0.17341822269349169 -0.27195546079608096 0.94655498909520397
  outer loop
   vertex -49.392120361328125 49.036727905273438 -40.701583862304688
   vertex -49.747459411621094 48.681388854980469 -40.738574981689453
   vertex -49.392120361328125 48.681388854980469 -40.803676605224609
  endloop
 endfacet
 facet normal 0.15959989417836828 -0.46438969324300039 0.87113149787384314
  outer loop
   vertex -49.392120361328125 48.681388854980469 -40.803676605224609
   vertex -49.747459411621094 48.681388854980469 -40.738574981689453
   vertex -49.747459411621094 48.446140289306641 -40.863983154296875
  endloop
 endfacet
 facet normal 0.22171590795407661 -0.5425961386628021 0.81020459543766876
  outer loop
   vertex -49.392120361328125 48.681388854980469 -40.803676605224609
   vertex -49.747459411621094 48.446140289306641 -40.863983154296875
   vertex -49.392120361328125 48.591339111328125 -40.863983154296875
  endloop
 endfacet
 facet normal 0.22653816618679823 -0.55439745107585459 0.80082702595586641
  outer loop
   vertex -49.392120361328125 48.591339111328125 -40.863983154296875
   vertex -49.747459411621094 48.446140289306641 -40.863983154296875
   vertex -49.392120361328125 48.3260498046875 -41.047637939453125
  endloop
 endfacet
 facet normal -0.14399288659414911 -0.14399288659414911 0.97904652454342989
  outer loop
   vertex -52.234832763671875 49.747406005859375 -40.634052276611328
   vertex -52.590171813964844 49.392066955566406 -40.738574981689453
   vertex -52.234832763671875 49.392066955566406 -40.686313629150391
  endloop
 endfacet
 facet normal -0.40789645735444091 -0.27368170655706309 0.87104466221526811
  outer loop
   vertex -53.300849914550781 49.729728698730469 -40.863983154296875
   vertex -52.945510864257812 49.392066955566406 -40.803676605224609
   vertex -53.300849914550781 49.747406005859375 -40.858428955078125
  endloop
 endfacet
 facet normal -0.35891979361744047 -0.21912126450506264 0.9072830061184417
  outer loop
   vertex -53.300849914550781 49.747406005859375 -40.858428955078125
   vertex -52.945510864257812 49.392066955566406 -40.803676605224609
   vertex -52.945510864257812 49.747406005859375 -40.717857360839844
  endloop
 endfacet
 facet normal 0.5672214726198711 -0.28714376248038093 0.77188617079693522
  outer loop
   vertex -48.326103210449219 49.747406005859375 -41.159015655517578
   vertex -48.423919677734375 49.392066955566406 -41.219322204589844
   vertex -48.326103210449219 49.585292816162109 -41.219322204589844
  endloop
 endfacet
 facet normal 0.58047138359957795 -0.29385124707836413 0.75941057236022336
  outer loop
   vertex -48.326103210449219 49.585292816162109 -41.219322204589844
   vertex -48.423919677734375 49.392066955566406 -41.219322204589844
   vertex -48.326103210449219 49.392066955566406 -41.294090270996094
  endloop
 endfacet
 facet normal -0.63115824698988521 -0.1646228745986715 0.75798322964002662
  outer loop
   vertex -53.734161376953125 49.392066955566406 -41.219322204589844
   vertex -53.65618896484375 49.392066955566406 -41.154396057128906
   vertex -53.82684326171875 49.747406005859375 -41.219322204589844
  endloop
 endfacet
 facet normal 0.46631471842959493 -0.46631471842959493 0.75173211102882598
  outer loop
   vertex -47.496818542480469 49.747406005859375 -41.574661254882812
   vertex -47.615425109863281 49.747406005859375 -41.501087188720703
   vertex -47.615425109863281 49.628799438476562 -41.574661254882812
  endloop
 endfacet
 facet normal 0.48504132612214368 -0.46097606067481894 0.74312581938619116
  outer loop
   vertex -47.615425109863281 49.628799438476562 -41.574661254882812
   vertex -47.615425109863281 49.747406005859375 -41.501087188720703
   vertex -47.840412139892578 49.392066955566406 -41.574661254882812
  endloop
 endfacet
 facet normal 0.56508114925677522 -0.5370447178770722 0.6263116362921719
  outer loop
   vertex -47.615425109863281 49.628799438476562 -41.574661254882812
   vertex -47.840412139892578 49.392066955566406 -41.574661254882812
   vertex -47.615425109863281 49.392066955566406 -41.777652740478516
  endloop
 endfacet
 facet normal 0.4968318294477555 -0.46614393610175586 0.73203002949548346
  outer loop
   vertex -47.840412139892578 49.392066955566406 -41.574661254882812
   vertex -47.615425109863281 49.747406005859375 -41.501087188720703
   vertex -47.97076416015625 49.392066955566406 -41.486190795898438
  endloop
 endfacet
 facet normal 0.35068383185423396 -0.31369246601439649 0.8823932722102078
  outer loop
   vertex -47.97076416015625 49.392066955566406 -41.486190795898438
   vertex -47.615425109863281 49.747406005859375 -41.501087188720703
   vertex -47.97076416015625 49.747406005859375 -41.359867095947266
  endloop
 endfacet
 facet normal -0.68641097995315337 -0.24016646976525144 0.68641097995315337
  outer loop
   vertex -54.112865447998047 49.392066955566406 -41.574661254882812
   vertex -54.011528015136719 49.392066955566406 -41.473323822021484
   vertex -54.237194061279297 49.747406005859375 -41.574661254882812
  endloop
 endfacet
 facet normal 0.62886004449141608 -0.60457683417466945 0.4888986561871369
  outer loop
   vertex -47.158748626708984 49.747406005859375 -41.930000305175781
   vertex -47.260086059570312 49.747406005859375 -41.799652099609375
   vertex -47.260086059570312 49.641998291015625 -41.930000305175781
  endloop
 endfacet
 facet normal 0.64574035716334877 -0.59372079604872141 0.48011978450155895
  outer loop
   vertex -47.260086059570312 49.641998291015625 -41.930000305175781
   vertex -47.260086059570312 49.747406005859375 -41.799652099609375
   vertex -47.489883422851562 49.392066955566406 -41.930000305175781
  endloop
 endfacet
 facet normal 0.70087589186556221 -0.64441472154188872 0.30578203162014433
  outer loop
   vertex -47.260086059570312 49.641998291015625 -41.930000305175781
   vertex -47.489883422851562 49.392066955566406 -41.930000305175781
   vertex -47.334854125976562 49.392066955566406 -42.28533935546875
  endloop
 endfacet
 facet normal 0.56134564089049765 -0.57968495672145504 0.59064068807023573
  outer loop
   vertex -47.260086059570312 49.747406005859375 -41.799652099609375
   vertex -47.496818542480469 49.747406005859375 -41.574661254882812
   vertex -47.489883422851562 49.392066955566406 -41.930000305175781
  endloop
 endfacet
 facet normal 0.65563904359860659 -0.52748191387470067 0.54027796090918545
  outer loop
   vertex -47.489883422851562 49.392066955566406 -41.930000305175781
   vertex -47.496818542480469 49.747406005859375 -41.574661254882812
   vertex -47.615425109863281 49.392066955566406 -41.777652740478516
  endloop
 endfacet
 facet normal 0.54553934771488832 -0.54553934771488832 0.63621823314773718
  outer loop
   vertex -47.496818542480469 49.747406005859375 -41.574661254882812
   vertex -47.615425109863281 49.628799438476562 -41.574661254882812
   vertex -47.615425109863281 49.392066955566406 -41.777652740478516
  endloop
 endfacet
 facet normal 0.76893473349317498 -0.58773822729525138 0.25160117607756782
  outer loop
   vertex -47.063247680664062 49.747406005859375 -42.28533935546875
   vertex -47.260086059570312 49.641998291015625 -41.930000305175781
   vertex -47.260086059570312 49.489883422851562 -42.28533935546875
  endloop
 endfacet
 facet normal 0.76892770236571928 -0.58774600134030486 0.25160450401981743
  outer loop
   vertex -47.260086059570312 49.489883422851562 -42.28533935546875
   vertex -47.260086059570312 49.641998291015625 -41.930000305175781
   vertex -47.334854125976562 49.392066955566406 -42.28533935546875
  endloop
 endfacet
 facet normal 0.73940022750167489 -0.56517605721210618 0.36587337690060157
  outer loop
   vertex -47.260086059570312 49.489883422851562 -42.28533935546875
   vertex -47.334854125976562 49.392066955566406 -42.28533935546875
   vertex -47.260086059570312 49.392066955566406 -42.436439514160156
  endloop
 endfacet
 facet normal 0.70772741815097306 -0.6803987718290605 0.19020886648856264
  outer loop
   vertex -47.158748626708984 49.747406005859375 -41.930000305175781
   vertex -47.260086059570312 49.641998291015625 -41.930000305175781
   vertex -47.063247680664062 49.747406005859375 -42.28533935546875
  endloop
 endfacet
 facet normal 0.75241470162989921 -0.55293979643558244 0.35795208937645051
  outer loop
   vertex -47.260086059570312 49.392066955566406 -42.436439514160156
   vertex -47.162921905517578 49.392066955566406 -42.640678405761719
   vertex -47.260086059570312 49.489883422851562 -42.28533935546875
  endloop
 endfacet
 facet normal 0.74158617273754845 -0.56683424947054428 0.35881594450587001
  outer loop
   vertex -47.260086059570312 49.489883422851562 -42.28533935546875
   vertex -47.162921905517578 49.392066955566406 -42.640678405761719
   vertex -47.063247680664062 49.747406005859375 -42.28533935546875
  endloop
 endfacet
 facet normal 0.86975149174928446 -0.44891875439413687 0.204949492688103
  outer loop
   vertex -47.063247680664062 49.747406005859375 -42.28533935546875
   vertex -47.162921905517578 49.392066955566406 -42.640678405761719
   vertex -46.979515075683594 49.747406005859375 -42.640678405761719
  endloop
 endfacet
 facet normal 0.82430310240989368 -0.42546074998137712 0.37350708906620278
  outer loop
   vertex -46.979515075683594 49.747406005859375 -42.640678405761719
   vertex -47.162921905517578 49.392066955566406 -42.640678405761719
   vertex -47.001911163330078 49.392066955566406 -42.996017456054688
  endloop
 endfacet
 facet normal 0.82682663980776694 -0.43956701073453619 0.35091102971850491
  outer loop
   vertex -46.904747009277344 49.580986022949219 -42.996017456054688
   vertex -46.904747009277344 49.392066955566406 -43.232666015625
   vertex -46.854373931884766 49.392066955566406 -43.351356506347656
  endloop
 endfacet
 facet normal 0.77631301187539403 -0.53738799128824588 0.3294726914512624
  outer loop
   vertex -46.854373931884766 49.392066955566406 -43.351356506347656
   vertex -46.904747009277344 49.392066955566406 -43.232666015625
   vertex -46.904747009277344 49.319297790527344 -43.351356506347656
  endloop
 endfacet
 facet normal 0.8423634450733074 -0.41714619418153698 0.34119331629457283
  outer loop
   vertex -46.904747009277344 49.580986022949219 -42.996017456054688
   vertex -46.854373931884766 49.392066955566406 -43.351356506347656
   vertex -46.822334289550781 49.747406005859375 -42.996017456054688
  endloop
 endfacet
 facet normal 0.93247490464585892 -0.29398736446204599 0.2099094608214602
  outer loop
   vertex -46.822334289550781 49.747406005859375 -42.996017456054688
   vertex -46.854373931884766 49.392066955566406 -43.351356506347656
   vertex -46.742343902587891 49.747406005859375 -43.351356506347656
  endloop
 endfacet
 facet normal 0.90780231554056523 -0.35758464929741057 -0.21915331274255476
  outer loop
   vertex -46.802742004394531 49.747406005859375 -43.706695556640625
   vertex -46.904747009277344 49.392066955566406 -43.5494384765625
   vertex -46.904747009277344 49.488445281982422 -43.706695556640625
  endloop
 endfacet
 facet normal 0.64880222825183731 -0.64880222825183731 -0.39763216322488526
  outer loop
   vertex -46.904747009277344 49.488445281982422 -43.706695556640625
   vertex -46.904747009277344 49.392066955566406 -43.5494384765625
   vertex -47.001125335693359 49.392066955566406 -43.706695556640625
  endloop
 endfacet
 facet normal 0.30338985648165412 -0.37044645083619321 -0.87790889165499919
  outer loop
   vertex -46.904747009277344 49.747406005859375 -43.832683563232422
   vertex -47.260086059570312 49.392066955566406 -43.8055419921875
   vertex -47.260086059570312 49.747406005859375 -43.955482482910156
  endloop
 endfacet
 facet normal 0.10749068661760404 -0.38651806131109179 -0.91599647410390783
  outer loop
   vertex -47.260086059570312 49.747406005859375 -43.955482482910156
   vertex -47.260086059570312 49.392066955566406 -43.8055419921875
   vertex -47.615425109863281 49.392066955566406 -43.847240447998047
  endloop
 endfacet
 facet normal -0.66145061708030484 -0.51666436579249564 -0.54363684044067717
  outer loop
   vertex -54.011528015136719 49.392066955566406 -43.837047576904297
   vertex -54.011528015136719 49.628799438476562 -44.062034606933594
   vertex -53.826614379882812 49.392066955566406 -44.062034606933594
  endloop
 endfacet
 facet normal -0.64993721385552594 -0.50767115447537403 -0.56555425642404744
  outer loop
   vertex -53.826614379882812 49.392066955566406 -44.062034606933594
   vertex -54.011528015136719 49.628799438476562 -44.062034606933594
   vertex -53.65618896484375 49.569736480712891 -44.417373657226562
  endloop
 endfacet
 facet normal -0.59336648078709997 -0.56917318079751966 -0.56917318079751966
  outer loop
   vertex -53.826614379882812 49.392066955566406 -44.062034606933594
   vertex -53.65618896484375 49.569736480712891 -44.417373657226562
   vertex -53.65618896484375 49.392066955566406 -44.239704132080078
  endloop
 endfacet
 facet normal -0.59336648078709997 -0.56917318079751966 -0.56917318079751966
  outer loop
   vertex -53.65618896484375 49.392066955566406 -44.239704132080078
   vertex -53.65618896484375 49.569736480712891 -44.417373657226562
   vertex -53.485763549804688 49.392066955566406 -44.417373657226562
  endloop
 endfacet
 facet normal -0.59336648078709997 -0.56917318079751966 -0.56917318079751966
  outer loop
   vertex -53.65618896484375 49.392066955566406 -44.239704132080078
   vertex -53.485763549804688 49.392066955566406 -44.417373657226562
   vertex -53.65618896484375 49.214397430419922 -44.062034606933594
  endloop
 endfacet
 facet normal -0.63647140402650226 -0.52309791181384657 -0.56680925055306408
  outer loop
   vertex -53.65618896484375 49.214397430419922 -44.062034606933594
   vertex -53.485763549804688 49.392066955566406 -44.417373657226562
   vertex -53.300849914550781 49.167076110839844 -44.417373657226562
  endloop
 endfacet
 facet normal -0.6107390156493141 -0.58583738621897485 -0.53272170189680323
  outer loop
   vertex -53.65618896484375 49.214397430419922 -44.062034606933594
   vertex -53.300849914550781 49.167076110839844 -44.417373657226562
   vertex -53.485763549804688 49.036727905273438 -44.062034606933594
  endloop
 endfacet
 facet normal -0.65218489538445912 -0.53603716266329948 -0.53602147576029213
  outer loop
   vertex -53.485763549804688 49.036727905273438 -44.062034606933594
   vertex -53.300849914550781 49.167076110839844 -44.417373657226562
   vertex -53.300849914550781 49.036727905273438 -44.287021636962891
  endloop
 endfacet
 facet normal -0.65219355661409462 -0.53601950599036319 -0.53602859430155858
  outer loop
   vertex -53.485763549804688 49.036727905273438 -44.062034606933594
   vertex -53.300849914550781 49.036727905273438 -44.287021636962891
   vertex -53.300849914550781 48.811737060546875 -44.062034606933594
  endloop
 endfacet
 facet normal -0.72141966726342355 -0.48966597432954584 -0.48967427670792341
  outer loop
   vertex -53.300849914550781 48.811737060546875 -44.062034606933594
   vertex -53.300849914550781 49.036727905273438 -44.287021636962891
   vertex -53.212375640869141 48.681388854980469 -44.062034606933594
  endloop
 endfacet
 facet normal -0.72142766229428401 -0.48967140098306494 -0.4896570709546495
  outer loop
   vertex -53.300849914550781 48.811737060546875 -44.062034606933594
   vertex -53.212375640869141 48.681388854980469 -44.062034606933594
   vertex -53.300849914550781 48.681388854980469 -43.931682586669922
  endloop
 endfacet
 facet normal -0.68002086468060119 -0.56968460603279669 -0.46155289322926407
  outer loop
   vertex -53.300849914550781 48.681388854980469 -43.931682586669922
   vertex -53.212375640869141 48.681388854980469 -44.062034606933594
   vertex -53.155872344970703 48.3260498046875 -43.706695556640625
  endloop
 endfacet
 facet normal -0.64350478863617067 -0.57931588715457805 -0.50029460310163409
  outer loop
   vertex -53.300849914550781 48.681388854980469 -43.931682586669922
   vertex -53.155872344970703 48.3260498046875 -43.706695556640625
   vertex -53.300849914550781 48.487091064453125 -43.706695556640625
  endloop
 endfacet
 facet normal -0.67708847530981009 -0.60954963767645753 -0.41231109106005881
  outer loop
   vertex -53.300849914550781 48.487091064453125 -43.706695556640625
   vertex -53.155872344970703 48.3260498046875 -43.706695556640625
   vertex -53.300849914550781 48.3260498046875 -43.468616485595703
  endloop
 endfacet
 facet normal -0.6443506992919209 -0.63342838477370944 -0.42846313456933738
  outer loop
   vertex -53.300849914550781 48.487091064453125 -43.706695556640625
   vertex -53.300849914550781 48.3260498046875 -43.468616485595703
   vertex -53.378822326660156 48.3260498046875 -43.351356506347656
  endloop
 endfacet
 facet normal -0.72996522293177923 -0.47084971675303477 -0.49543043663439246
  outer loop
   vertex -54.011528015136719 49.628799438476562 -44.062034606933594
   vertex -54.011528015136719 49.392066955566406 -43.837047576904297
   vertex -54.099998474121094 49.392066955566406 -43.706695556640625
  endloop
 endfacet
 facet normal -0.72144764090577174 -0.4896495182431494 -0.4896495182431494
  outer loop
   vertex -54.099998474121094 49.392066955566406 -43.706695556640625
   vertex -54.011528015136719 49.392066955566406 -43.837047576904297
   vertex -54.011528015136719 49.261714935302734 -43.706695556640625
  endloop
 endfacet
 facet normal -0.73806692510159788 -0.50092909563537091 -0.45202572406556885
  outer loop
   vertex -54.099998474121094 49.392066955566406 -43.706695556640625
   vertex -54.011528015136719 49.261714935302734 -43.706695556640625
   vertex -54.076454162597656 49.036727905273438 -43.351356506347656
  endloop
 endfacet
 facet normal -0.72605131379143761 -0.51324839789206034 -0.45763038776174014
  outer loop
   vertex -54.076454162597656 49.036727905273438 -43.351356506347656
   vertex -54.011528015136719 49.261714935302734 -43.706695556640625
   vertex -54.011528015136719 49.036727905273438 -43.454364776611328
  endloop
 endfacet
 facet normal -0.69162043078146662 -0.57587103037525367 -0.43592859059736183
  outer loop
   vertex -54.076454162597656 49.036727905273438 -43.351356506347656
   vertex -54.011528015136719 49.036727905273438 -43.454364776611328
   vertex -54.011528015136719 48.958751678466797 -43.351356506347656
  endloop
 endfacet
 facet normal -0.63574499642136528 -0.61544824175508184 -0.4658881424180879
  outer loop
   vertex -54.011528015136719 48.958751678466797 -43.351356506347656
   vertex -54.011528015136719 49.036727905273438 -43.454364776611328
   vertex -53.826614379882812 49.036727905273438 -43.706695556640625
  endloop
 endfacet
 facet normal -0.63831620027301417 -0.61229016775946721 -0.46653314880521052
  outer loop
   vertex -54.011528015136719 48.958751678466797 -43.351356506347656
   vertex -53.826614379882812 49.036727905273438 -43.706695556640625
   vertex -53.65618896484375 48.859058380126953 -43.706695556640625
  endloop
 endfacet
 facet normal -0.59336648078709997 -0.56917318079751966 -0.56917318079751966
  outer loop
   vertex -53.65618896484375 48.859058380126953 -43.706695556640625
   vertex -53.826614379882812 49.036727905273438 -43.706695556640625
   vertex -53.65618896484375 49.036727905273438 -43.884365081787109
  endloop
 endfacet
 facet normal -0.59336648078709997 -0.56917318079751966 -0.56917318079751966
  outer loop
   vertex -53.65618896484375 48.859058380126953 -43.706695556640625
   vertex -53.65618896484375 49.036727905273438 -43.884365081787109
   vertex -53.485763549804688 49.036727905273438 -44.062034606933594
  endloop
 endfacet
 facet normal -0.59336648078709997 -0.56917318079751966 -0.56917318079751966
  outer loop
   vertex -53.485763549804688 49.036727905273438 -44.062034606933594
   vertex -53.65618896484375 49.036727905273438 -43.884365081787109
   vertex -53.65618896484375 49.214397430419922 -44.062034606933594
  endloop
 endfacet
 facet normal -0.61701834915095621 -0.59186069278943898 -0.51864176185671163
  outer loop
   vertex -54.011528015136719 49.628799438476562 -44.062034606933594
   vertex -53.826614379882812 49.747406005859375 -44.417373657226562
   vertex -53.65618896484375 49.569736480712891 -44.417373657226562
  endloop
 endfacet
 facet normal 0.3886639103742876 -0.13406928119971145 -0.91157325136884104
  outer loop
   vertex -49.392120361328125 49.747406005859375 -44.647304534912109
   vertex -49.392120361328125 49.392066955566406 -44.595043182373047
   vertex -49.747459411621094 49.392066955566406 -44.746547698974609
  endloop
 endfacet
 facet normal 0.38408416970560538 -0.2024381590403726 -0.90083191681128871
  outer loop
   vertex -49.747459411621094 49.392066955566406 -44.746547698974609
   vertex -49.392120361328125 49.392066955566406 -44.595043182373047
   vertex -49.747459411621094 49.036727905273438 -44.666694641113281
  endloop
 endfacet
 facet normal -0.64549197181457807 -0.52756555388691473 -0.55228136006470518
  outer loop
   vertex -53.300849914550781 49.392066955566406 -44.620365142822266
   vertex -53.300849914550781 49.551551818847656 -44.772712707519531
   vertex -53.170501708984375 49.392066955566406 -44.772712707519531
  endloop
 endfacet
 facet normal -0.61222033345983118 -0.50037238792390049 -0.61222033345983118
  outer loop
   vertex -53.170501708984375 49.392066955566406 -44.772712707519531
   vertex -53.300849914550781 49.551551818847656 -44.772712707519531
   vertex -52.945510864257812 49.551551818847656 -45.1280517578125
  endloop
 endfacet
 facet normal -0.61222033345983107 -0.50037238792390037 -0.61222033345983107
  outer loop
   vertex -53.170501708984375 49.392066955566406 -44.772712707519531
   vertex -52.945510864257812 49.551551818847656 -45.1280517578125
   vertex -52.945510864257812 49.392066955566406 -44.997703552246094
  endloop
 endfacet
 facet normal -0.51304710976195156 -0.54319819923490209 -0.66461897318152729
  outer loop
   vertex -52.945510864257812 49.392066955566406 -44.997703552246094
   vertex -52.945510864257812 49.551551818847656 -45.1280517578125
   vertex -52.776653289794922 49.392066955566406 -45.1280517578125
  endloop
 endfacet
 facet normal -0.62172714696545517 -0.54101211595047882 -0.56635787724810616
  outer loop
   vertex -53.300849914550781 49.392066955566406 -44.620365142822266
   vertex -53.485763549804688 49.392066955566406 -44.417373657226562
   vertex -53.300849914550781 49.551551818847656 -44.772712707519531
  endloop
 endfacet
 facet normal -0.59503274789638239 -0.57077150928650089 -0.56582321719569795
  outer loop
   vertex -53.300849914550781 49.551551818847656 -44.772712707519531
   vertex -53.485763549804688 49.392066955566406 -44.417373657226562
   vertex -53.65618896484375 49.569736480712891 -44.417373657226562
  endloop
 endfacet
 facet normal 0.66872770578076446 -0.30149286526833552 -0.67963615833288649
  outer loop
   vertex -49.747459411621094 49.747406005859375 -44.902381896972656
   vertex -49.747459411621094 49.455101013183594 -44.772712707519531
   vertex -49.976810455322266 49.747406005859375 -45.1280517578125
  endloop
 endfacet
 facet normal 0.66872236669790397 -0.3014997356511368 -0.67963836389674814
  outer loop
   vertex -49.976810455322266 49.747406005859375 -45.1280517578125
   vertex -49.747459411621094 49.455101013183594 -44.772712707519531
   vertex -49.77587890625 49.392066955566406 -44.772712707519531
  endloop
 endfacet
 facet normal 0.74930744152512874 -0.20574381569391539 -0.62945042726077649
  outer loop
   vertex -49.976810455322266 49.747406005859375 -45.1280517578125
   vertex -49.77587890625 49.392066955566406 -44.772712707519531
   vertex -50.074378967285156 49.392066955566406 -45.1280517578125
  endloop
 endfacet
 facet normal 0.75241155427062845 -0.18541714684146296 -0.63205801526222949
  outer loop
   vertex -50.074378967285156 49.392066955566406 -45.1280517578125
   vertex -49.77587890625 49.392066955566406 -44.772712707519531
   vertex -49.863445281982422 49.036727905273438 -44.772712707519531
  endloop
 endfacet
 facet normal 0.75167832089107345 -0.18642739915482209 -0.63263301111050552
  outer loop
   vertex -50.074378967285156 49.392066955566406 -45.1280517578125
   vertex -49.863445281982422 49.036727905273438 -44.772712707519531
   vertex -50.102798461914062 49.036727905273438 -45.057106018066406
  endloop
 endfacet
 facet normal 0.76471416433526984 -0.03139600740314618 -0.64360433309926635
  outer loop
   vertex -50.102798461914062 49.036727905273438 -45.057106018066406
   vertex -49.863445281982422 49.036727905273438 -44.772712707519531
   vertex -50.102798461914062 48.681388854980469 -45.039772033691406
  endloop
 endfacet
 facet normal 0.58650154409839672 -0.039463585513743731 -0.80898613349586901
  outer loop
   vertex -50.102798461914062 49.036727905273438 -45.057106018066406
   vertex -50.102798461914062 48.681388854980469 -45.039772033691406
   vertex -50.200656890869141 49.036727905273438 -45.1280517578125
  endloop
 endfacet
 facet normal 0.34811539064787045 -0.13461582916293013 -0.92773609034728044
  outer loop
   vertex -50.200656890869141 49.036727905273438 -45.1280517578125
   vertex -50.102798461914062 48.681388854980469 -45.039772033691406
   vertex -50.338066101074219 48.681388854980469 -45.1280517578125
  endloop
 endfacet
 facet normal 0.28852370160595342 -0.11157179018301715 -0.95094995096848056
  outer loop
   vertex -50.200656890869141 49.036727905273438 -45.1280517578125
   vertex -50.338066101074219 48.681388854980469 -45.1280517578125
   vertex -50.458137512207031 48.681388854980469 -45.164482116699219
  endloop
 endfacet
 facet normal 0.24585380997514863 -0.53192841096905275 -0.8103135625945318
  outer loop
   vertex -50.458137512207031 48.681388854980469 -45.164482116699219
   vertex -50.338066101074219 48.681388854980469 -45.1280517578125
   vertex -50.458137512207031 48.625892639160156 -45.1280517578125
  endloop
 endfacet
 facet normal 0.66590559878769506 -0.18284345142450753 -0.72328279792510974
  outer loop
   vertex -49.976810455322266 49.747406005859375 -45.1280517578125
   vertex -50.074378967285156 49.392066955566406 -45.1280517578125
   vertex -50.102798461914062 49.392066955566406 -45.154216766357422
  endloop
 endfacet
 facet normal 0.66686548006255097 -0.17505189480518674 -0.7243253865674304
  outer loop
   vertex -50.102798461914062 49.392066955566406 -45.154216766357422
   vertex -50.074378967285156 49.392066955566406 -45.1280517578125
   vertex -50.102798461914062 49.283802032470703 -45.1280517578125
  endloop
 endfacet
 facet normal 0.45176746736546214 -0.20957412075078199 -0.86717059644670424
  outer loop
   vertex -50.102798461914062 49.392066955566406 -45.154216766357422
   vertex -50.102798461914062 49.283802032470703 -45.1280517578125
   vertex -50.458137512207031 49.036727905273438 -45.253459930419922
  endloop
 endfacet
 facet normal 0.43144117823438061 -0.17088052224438491 -0.88580943596307193
  outer loop
   vertex -50.458137512207031 49.036727905273438 -45.253459930419922
   vertex -50.102798461914062 49.283802032470703 -45.1280517578125
   vertex -50.200656890869141 49.036727905273438 -45.1280517578125
  endloop
 endfacet
 facet normal 0.42719061855376067 -0.21962370250712296 -0.87708243895127558
  outer loop
   vertex -50.458137512207031 49.036727905273438 -45.253459930419922
   vertex -50.200656890869141 49.036727905273438 -45.1280517578125
   vertex -50.458137512207031 48.681388854980469 -45.164482116699219
  endloop
 endfacet
 facet normal 0.21637066678074823 -0.041906567703458082 -0.97541148964945534
  outer loop
   vertex -50.102798461914062 49.747406005859375 -45.226898193359375
   vertex -50.458137512207031 49.392066955566406 -45.290454864501953
   vertex -50.458137512207031 49.747406005859375 -45.305721282958984
  endloop
 endfacet
 facet normal 0.042883880121850286 -0.042883880121850286 -0.99815927869823939
  outer loop
   vertex -50.458137512207031 49.747406005859375 -45.305721282958984
   vertex -50.458137512207031 49.392066955566406 -45.290454864501953
   vertex -50.8134765625 49.392066955566406 -45.305721282958984
  endloop
 endfacet
 facet normal 0 0 -1
  outer loop
   vertex -50.458137512207031 49.747406005859375 -45.305721282958984
   vertex -50.8134765625 49.392066955566406 -45.305721282958984
   vertex -50.8134765625 49.747406005859375 -45.305721282958984
  endloop
 endfacet
 facet normal 0 0 -1
  outer loop
   vertex -50.8134765625 49.747406005859375 -45.305721282958984
   vertex -50.8134765625 49.392066955566406 -45.305721282958984
   vertex -51.168815612792969 49.392066955566406 -45.305721282958984
  endloop
 endfacet
 facet normal -0.49866773404490639 -0.5279737669225455 -0.68744031920170057
  outer loop
   vertex -52.776653289794922 49.392066955566406 -45.1280517578125
   vertex -52.945510864257812 49.551551818847656 -45.1280517578125
   vertex -52.590171813964844 49.678600311279297 -45.483390808105469
  endloop
 endfacet
 facet normal -0.45801850880053496 -0.58673702191856525 -0.66780140214458017
  outer loop
   vertex -52.590171813964844 49.678600311279297 -45.483390808105469
   vertex -52.945510864257812 49.551551818847656 -45.1280517578125
   vertex -52.678314208984375 49.747406005859375 -45.483390808105469
  endloop
 endfacet
 facet normal -0.41875041608438857 -0.53643328236657328 -0.73272602151047961
  outer loop
   vertex -52.590171813964844 49.678600311279297 -45.483390808105469
   vertex -52.678314208984375 49.747406005859375 -45.483390808105469
   vertex -52.590171813964844 49.747406005859375 -45.533763885498047
  endloop
 endfacet
 facet normal -0.33227782068060596 -0.48440198423012459 0.80928744433462274
  outer loop
   vertex -51.524154663085938 49.392066955566406 -40.448337554931641
   vertex -51.671035766601562 49.392066955566406 -40.508644104003906
   vertex -51.524154663085938 49.291313171386719 -40.508644104003906
  endloop
 endfacet
 facet normal -0.31467925139732472 -0.45874639920500493 0.83098057134716552
  outer loop
   vertex -51.524154663085938 49.291313171386719 -40.508644104003906
   vertex -51.671035766601562 49.392066955566406 -40.508644104003906
   vertex -51.524154663085938 49.036727905273438 -40.649188995361328
  endloop
 endfacet
 facet normal -0.19392278116399955 -0.47412435717851981 0.85883645059794411
  outer loop
   vertex -51.524154663085938 49.291313171386719 -40.508644104003906
   vertex -51.524154663085938 49.036727905273438 -40.649188995361328
   vertex -51.168815612792969 49.036727905273438 -40.568954467773438
  endloop
 endfacet
 facet normal -0.20075093187576346 -0.41139003783146277 0.88907665593245688
  outer loop
   vertex -51.168815612792969 49.036727905273438 -40.568954467773438
   vertex -51.524154663085938 49.036727905273438 -40.649188995361328
   vertex -51.524154663085938 48.681388854980469 -40.813610076904297
  endloop
 endfacet
 facet normal -0.22666393656949169 -0.38832428459491941 0.89321201842153097
  outer loop
   vertex -51.168815612792969 49.036727905273438 -40.568954467773438
   vertex -51.524154663085938 48.681388854980469 -40.813610076904297
   vertex -51.168815612792969 48.681388854980469 -40.723438262939453
  endloop
 endfacet
 facet normal -0.20732701634152045 -0.53805961586824858 0.81701123496965189
  outer loop
   vertex -51.168815612792969 48.681388854980469 -40.723438262939453
   vertex -51.524154663085938 48.681388854980469 -40.813610076904297
   vertex -51.524154663085938 48.604900360107422 -40.863983154296875
  endloop
 endfacet
 facet normal -0.23542444062528312 -0.46970927527941064 0.85085164950933923
  outer loop
   vertex -51.168815612792969 48.681388854980469 -40.723438262939453
   vertex -51.524154663085938 48.604900360107422 -40.863983154296875
   vertex -51.168815612792969 48.426799774169922 -40.863983154296875
  endloop
 endfacet
 facet normal -0.24930519721248326 -0.49740359664887801 0.8309251354265349
  outer loop
   vertex -51.168815612792969 48.426799774169922 -40.863983154296875
   vertex -51.524154663085938 48.604900360107422 -40.863983154296875
   vertex -51.168815612792969 48.3260498046875 -40.924293518066406
  endloop
 endfacet
 facet normal 0.57148122131376877 -0.10590576426516207 0.81375253165881778
  outer loop
   vertex -49.036781311035156 49.392066955566406 -40.757431030273438
   vertex -49.036781311035156 49.036727905273438 -40.803676605224609
   vertex -48.950908660888672 49.036727905273438 -40.863983154296875
  endloop
 endfacet
 facet normal 0.54028179236985785 -0.34092850333682428 0.7693265499423031
  outer loop
   vertex -48.950908660888672 49.036727905273438 -40.863983154296875
   vertex -49.036781311035156 49.036727905273438 -40.803676605224609
   vertex -49.036781311035156 48.900642395019531 -40.863983154296875
  endloop
 endfacet
 facet normal 0.56366849016837606 -0.35568597247800393 0.74549669494484017
  outer loop
   vertex -48.950908660888672 49.036727905273438 -40.863983154296875
   vertex -49.036781311035156 48.900642395019531 -40.863983154296875
   vertex -48.681442260742188 49.036727905273438 -41.067726135253906
  endloop
 endfacet
 facet normal 0.56195575981633095 -0.33514343179008893 0.75623052314569539
  outer loop
   vertex -48.681442260742188 49.036727905273438 -41.067726135253906
   vertex -49.036781311035156 48.900642395019531 -40.863983154296875
   vertex -49.036781311035156 48.681388854980469 -40.961151123046875
  endloop
 endfacet
 facet normal 0.5042475188602753 -0.25697833552925231 0.82443712603925789
  outer loop
   vertex -48.681442260742188 49.036727905273438 -41.067726135253906
   vertex -49.036781311035156 48.681388854980469 -40.961151123046875
   vertex -48.681442260742188 48.681388854980469 -41.178485870361328
  endloop
 endfacet
 facet normal 0.46258754415718495 -0.46258754415718495 0.75632369259547116
  outer loop
   vertex -48.681442260742188 48.681388854980469 -41.178485870361328
   vertex -49.036781311035156 48.681388854980469 -40.961151123046875
   vertex -49.036781311035156 48.3260498046875 -41.178485870361328
  endloop
 endfacet
 facet normal 0.48848286455472739 -0.48848286455472739 0.72302764959081323
  outer loop
   vertex -48.681442260742188 48.681388854980469 -41.178485870361328
   vertex -49.036781311035156 48.3260498046875 -41.178485870361328
   vertex -48.976337432861328 48.3260498046875 -41.219322204589844
  endloop
 endfacet
 facet normal 0.43106312041347905 -0.63803784614213688 0.63803784614213688
  outer loop
   vertex -48.976337432861328 48.3260498046875 -41.219322204589844
   vertex -49.036781311035156 48.3260498046875 -41.178485870361328
   vertex -49.036781311035156 48.285213470458984 -41.219322204589844
  endloop
 endfacet
 facet normal 0.48848286455472739 -0.72302764959081323 0.48848286455472739
  outer loop
   vertex -48.976337432861328 48.3260498046875 -41.219322204589844
   vertex -49.036781311035156 48.285213470458984 -41.219322204589844
   vertex -48.681442260742188 48.3260498046875 -41.514217376708984
  endloop
 endfacet
 facet normal 0.48848286455472734 -0.72302764959081312 0.48848286455472734
  outer loop
   vertex -48.681442260742188 48.3260498046875 -41.514217376708984
   vertex -49.036781311035156 48.285213470458984 -41.219322204589844
   vertex -48.681442260742188 48.285213470458984 -41.574661254882812
  endloop
 endfacet
 facet normal 0.63803784614213688 -0.63803784614213688 0.43106312041347905
  outer loop
   vertex -48.681442260742188 48.3260498046875 -41.514217376708984
   vertex -48.681442260742188 48.285213470458984 -41.574661254882812
   vertex -48.640605926513672 48.3260498046875 -41.574661254882812
  endloop
 endfacet
 facet normal 0.38785066259930107 -0.38785066259930107 0.83614814897993184
  outer loop
   vertex -49.747459411621094 49.392066955566406 -40.591056823730469
   vertex -50.102798461914062 49.214397430419922 -40.508644104003906
   vertex -50.102798461914062 49.036727905273438 -40.591056823730469
  endloop
 endfacet
 facet normal 0.3375860991235401 -0.39608652652077236 0.85390344254327777
  outer loop
   vertex -50.102798461914062 49.036727905273438 -40.591056823730469
   vertex -50.102798461914062 49.214397430419922 -40.508644104003906
   vertex -50.311256408691406 49.036727905273438 -40.508644104003906
  endloop
 endfacet
 facet normal 0.32794292766797717 -0.45206624971100506 0.82951162864952244
  outer loop
   vertex -50.102798461914062 49.036727905273438 -40.591056823730469
   vertex -50.311256408691406 49.036727905273438 -40.508644104003906
   vertex -50.458137512207031 48.93017578125 -40.508644104003906
  endloop
 endfacet
 facet normal 0.21450250490041939 -0.21450250490041939 0.95287845540913096
  outer loop
   vertex -49.747459411621094 49.392066955566406 -40.591056823730469
   vertex -50.102798461914062 49.036727905273438 -40.591056823730469
   vertex -49.747459411621094 49.036727905273438 -40.671047210693359
  endloop
 endfacet
 facet normal 0.21246842567691784 -0.25301869700883761 0.94384252238089072
  outer loop
   vertex -49.747459411621094 49.036727905273438 -40.671047210693359
   vertex -50.102798461914062 49.036727905273438 -40.591056823730469
   vertex -50.102798461914062 48.681388854980469 -40.686313629150391
  endloop
 endfacet
 facet normal 0.14300366634225878 -0.18477743807231131 0.97232054888915376
  outer loop
   vertex -49.747459411621094 49.036727905273438 -40.671047210693359
   vertex -50.102798461914062 48.681388854980469 -40.686313629150391
   vertex -49.747459411621094 48.681388854980469 -40.738574981689453
  endloop
 endfacet
 facet normal 0.13831217300100834 -0.31060673828824981 0.940421818616345
  outer loop
   vertex -49.747459411621094 48.681388854980469 -40.738574981689453
   vertex -50.102798461914062 48.681388854980469 -40.686313629150391
   vertex -50.102798461914062 48.3260498046875 -40.803676605224609
  endloop
 endfacet
 facet normal 0.30928925385553185 -0.46161299103688608 0.83141662477693323
  outer loop
   vertex -49.747459411621094 48.681388854980469 -40.738574981689453
   vertex -50.102798461914062 48.3260498046875 -40.803676605224609
   vertex -49.940685272216797 48.3260498046875 -40.863983154296875
  endloop
 endfacet
 facet normal 0.29123376085381558 -0.54980059237726453 0.78288070940632559
  outer loop
   vertex -49.940685272216797 48.3260498046875 -40.863983154296875
   vertex -50.102798461914062 48.3260498046875 -40.803676605224609
   vertex -50.102798461914062 48.240177154541016 -40.863983154296875
  endloop
 endfacet
 facet normal 0.29823906411079321 -0.56302543234491487 0.77075016910224536
  outer loop
   vertex -49.940685272216797 48.3260498046875 -40.863983154296875
   vertex -50.102798461914062 48.240177154541016 -40.863983154296875
   vertex -49.747459411621094 48.3260498046875 -40.938751220703125
  endloop
 endfacet
 facet normal 0.29922037929601847 -0.57547645192729302 0.76111366949432779
  outer loop
   vertex -49.747459411621094 48.3260498046875 -40.938751220703125
   vertex -50.102798461914062 48.240177154541016 -40.863983154296875
   vertex -50.102798461914062 47.970710754394531 -41.067726135253906
  endloop
 endfacet
 facet normal 0.25017674367710896 -0.54149672658473957 0.8026162794393904
  outer loop
   vertex -49.747459411621094 48.3260498046875 -40.938751220703125
   vertex -50.102798461914062 47.970710754394531 -41.067726135253906
   vertex -49.747459411621094 47.970710754394531 -41.178485870361328
  endloop
 endfacet
 facet normal 0.21524279396076851 -0.69052391059290552 0.69054128663494363
  outer loop
   vertex -49.747459411621094 47.970710754394531 -41.178485870361328
   vertex -50.102798461914062 47.970710754394531 -41.067726135253906
   vertex -50.102798461914062 47.819110870361328 -41.219322204589844
  endloop
 endfacet
 facet normal 0.21524728104289939 -0.69053189933689485 0.69053189933689485
  outer loop
   vertex -49.747459411621094 47.970710754394531 -41.178485870361328
   vertex -50.102798461914062 47.819110870361328 -41.219322204589844
   vertex -49.747459411621094 47.929874420166016 -41.219322204589844
  endloop
 endfacet
 facet normal 0.25698545475768619 -0.82443157152081792 0.50425297215058595
  outer loop
   vertex -49.747459411621094 47.929874420166016 -41.219322204589844
   vertex -50.102798461914062 47.819110870361328 -41.219322204589844
   vertex -49.747459411621094 47.712535858154297 -41.574661254882812
  endloop
 endfacet
 facet normal 0.36054840715763803 -0.79570422968948973 0.48668226282693494
  outer loop
   vertex -49.747459411621094 47.929874420166016 -41.219322204589844
   vertex -49.747459411621094 47.712535858154297 -41.574661254882812
   vertex -49.392120361328125 47.873546600341797 -41.574661254882812
  endloop
 endfacet
 facet normal 0.38150909718727705 -0.84196295496102291 0.38150909718727705
  outer loop
   vertex -49.392120361328125 47.873546600341797 -41.574661254882812
   vertex -49.747459411621094 47.712535858154297 -41.574661254882812
   vertex -49.392120361328125 47.712535858154297 -41.930000305175781
  endloop
 endfacet
 facet normal 0.38150909718727705 -0.84196295496102291 0.38150909718727705
  outer loop
   vertex -49.392120361328125 47.873546600341797 -41.574661254882812
   vertex -49.392120361328125 47.712535858154297 -41.930000305175781
   vertex -49.036781311035156 47.873546600341797 -41.930000305175781
  endloop
 endfacet
 facet normal 0.39515304922524619 -0.87207416924117898 0.28868791285798168
  outer loop
   vertex -49.036781311035156 47.873546600341797 -41.930000305175781
   vertex -49.392120361328125 47.712535858154297 -41.930000305175781
   vertex -49.036781311035156 47.755916595458984 -42.28533935546875
  endloop
 endfacet
 facet normal 0.40218073482844052 -0.86917394666765435 0.28772783488399128
  outer loop
   vertex -49.036781311035156 47.873546600341797 -41.930000305175781
   vertex -49.036781311035156 47.755916595458984 -42.28533935546875
   vertex -48.681442260742188 47.920337677001953 -42.28533935546875
  endloop
 endfacet
 facet normal 0.40583577459513931 -0.87707304541638975 0.2569828730923191
  outer loop
   vertex -48.681442260742188 47.920337677001953 -42.28533935546875
   vertex -49.036781311035156 47.755916595458984 -42.28533935546875
   vertex -49.036781311035156 47.651802062988281 -42.640678405761719
  endloop
 endfacet
 facet normal 0.35045889903337152 -0.88170820918186521 0.31586261879118455
  outer loop
   vertex -48.681442260742188 47.920337677001953 -42.28533935546875
   vertex -49.036781311035156 47.651802062988281 -42.640678405761719
   vertex -48.681442260742188 47.793041229248047 -42.640678405761719
  endloop
 endfacet
 facet normal 0.35702020863441969 -0.89821559579463051 0.25640849069001631
  outer loop
   vertex -48.681442260742188 47.793041229248047 -42.640678405761719
   vertex -49.036781311035156 47.651802062988281 -42.640678405761719
   vertex -48.681442260742188 47.691604614257812 -42.996017456054688
  endloop
 endfacet
 facet normal 0.46725540052204129 -0.85016096098578309 0.24269060776782561
  outer loop
   vertex -48.681442260742188 47.793041229248047 -42.640678405761719
   vertex -48.681442260742188 47.691604614257812 -42.996017456054688
   vertex -48.326103210449219 47.88690185546875 -42.996017456054688
  endloop
 endfacet
 facet normal 0.43148509362186854 -0.7850776715149046 -0.44438008919264477
  outer loop
   vertex -48.326103210449219 47.88690185546875 -42.996017456054688
   vertex -48.681442260742188 47.691604614257812 -42.996017456054688
   vertex -48.681442260742188 47.892738342285156 -43.351356506347656
  endloop
 endfacet
 facet normal 0.44262352643055974 -0.77251231320370783 -0.4553121344735192
  outer loop
   vertex -48.326103210449219 47.88690185546875 -42.996017456054688
   vertex -48.681442260742188 47.892738342285156 -43.351356506347656
   vertex -48.545356750488281 47.970710754394531 -43.351356506347656
  endloop
 endfacet
 facet normal 0.34423860279184787 -0.60080077866909887 -0.72148333916904894
  outer loop
   vertex -48.545356750488281 47.970710754394531 -43.351356506347656
   vertex -48.681442260742188 47.892738342285156 -43.351356506347656
   vertex -48.681442260742188 47.970710754394531 -43.416286468505859
  endloop
 endfacet
 facet normal 0.34423931439311906 -0.60079857992405294 -0.72148483060102986
  outer loop
   vertex -48.545356750488281 47.970710754394531 -43.351356506347656
   vertex -48.681442260742188 47.970710754394531 -43.416286468505859
   vertex -48.326103210449219 48.096336364746094 -43.351356506347656
  endloop
 endfacet
 facet normal 0.33941333620787212 -0.5754822543380308 -0.74405561764310324
  outer loop
   vertex -48.326103210449219 48.096336364746094 -43.351356506347656
   vertex -48.681442260742188 47.970710754394531 -43.416286468505859
   vertex -48.326103210449219 48.3260498046875 -43.529026031494141
  endloop
 endfacet
 facet normal -0.20701663084421912 -0.34154693069254233 0.91678231259575027
  outer loop
   vertex -51.879493713378906 49.392066955566406 -40.591056823730469
   vertex -52.234832763671875 49.036727905273438 -40.803676605224609
   vertex -51.879493713378906 49.036727905273438 -40.723438262939453
  endloop
 endfacet
 facet normal -0.18171441151313178 -0.56514510860768274 0.8047303143695077
  outer loop
   vertex -51.879493713378906 49.036727905273438 -40.723438262939453
   vertex -52.234832763671875 49.036727905273438 -40.803676605224609
   vertex -52.234832763671875 48.950855255126953 -40.863983154296875
  endloop
 endfacet
 facet normal -0.19667593571455091 -0.53301805044399109 0.82292790341055555
  outer loop
   vertex -51.879493713378906 49.036727905273438 -40.723438262939453
   vertex -52.234832763671875 48.950855255126953 -40.863983154296875
   vertex -51.879493713378906 48.819740295410156 -40.863983154296875
  endloop
 endfacet
 facet normal -0.2247193030306967 -0.60901932086088262 0.76065544214417291
  outer loop
   vertex -51.879493713378906 48.819740295410156 -40.863983154296875
   vertex -52.234832763671875 48.950855255126953 -40.863983154296875
   vertex -51.879493713378906 48.681388854980469 -40.974754333496094
  endloop
 endfacet
 facet normal -0.30408184170464064 -0.48927802832523959 0.81739907300148074
  outer loop
   vertex -52.234832763671875 49.036727905273438 -40.803676605224609
   vertex -52.590171813964844 49.156818389892578 -40.863983154296875
   vertex -52.396942138671875 49.036727905273438 -40.863983154296875
  endloop
 endfacet
 facet normal -0.31207285995841905 -0.50213584855416793 0.8065172779762122
  outer loop
   vertex -52.396942138671875 49.036727905273438 -40.863983154296875
   vertex -52.590171813964844 49.156818389892578 -40.863983154296875
   vertex -52.590171813964844 49.036727905273438 -40.938751220703125
  endloop
 endfacet
 facet normal -0.29572021354228417 -0.57311672644544831 0.7642556988148399
  outer loop
   vertex -52.396942138671875 49.036727905273438 -40.863983154296875
   vertex -52.590171813964844 49.036727905273438 -40.938751220703125
   vertex -52.234832763671875 48.681388854980469 -41.067726135253906
  endloop
 endfacet
 facet normal -0.25017674367710896 -0.54149672658473957 0.8026162794393904
  outer loop
   vertex -52.234832763671875 48.681388854980469 -41.067726135253906
   vertex -52.590171813964844 49.036727905273438 -40.938751220703125
   vertex -52.590171813964844 48.681388854980469 -41.178485870361328
  endloop
 endfacet
 facet normal -0.21524021136848817 -0.69053300117012817 0.69053300117012817
  outer loop
   vertex -52.234832763671875 48.681388854980469 -41.067726135253906
   vertex -52.590171813964844 48.681388854980469 -41.178485870361328
   vertex -52.590171813964844 48.640552520751953 -41.219322204589844
  endloop
 endfacet
 facet normal 0.4896495182431494 -0.4896495182431494 0.72144764090577174
  outer loop
   vertex -47.97076416015625 49.392066955566406 -41.486190795898438
   vertex -47.97076416015625 49.261714935302734 -41.574661254882812
   vertex -47.840412139892578 49.392066955566406 -41.574661254882812
  endloop
 endfacet
 facet normal -0.60302981694813484 -0.49105889893101462 0.62866222858714704
  outer loop
   vertex -53.65618896484375 49.036727905273438 -41.40423583984375
   vertex -54.011528015136719 49.254909515380859 -41.574661254882812
   vertex -53.833858489990234 49.036727905273438 -41.574661254882812
  endloop
 endfacet
 facet normal -0.65565537452970135 -0.53391291316934775 0.53390357837472624
  outer loop
   vertex -53.833858489990234 49.036727905273438 -41.574661254882812
   vertex -54.011528015136719 49.254909515380859 -41.574661254882812
   vertex -54.011528015136719 49.036727905273438 -41.7928466796875
  endloop
 endfacet
 facet normal -0.60303235932103305 -0.62866487902625834 0.49105238365230292
  outer loop
   vertex -53.833858489990234 49.036727905273438 -41.574661254882812
   vertex -54.011528015136719 49.036727905273438 -41.7928466796875
   vertex -53.65618896484375 48.866302490234375 -41.574661254882812
  endloop
 endfacet
 facet normal -0.59681178179137395 -0.65979095347710048 0.45660879845310048
  outer loop
   vertex -53.65618896484375 48.866302490234375 -41.574661254882812
   vertex -54.011528015136719 49.036727905273438 -41.7928466796875
   vertex -53.65618896484375 48.681388854980469 -41.84185791015625
  endloop
 endfacet
 facet normal -0.49459095942055836 -0.7146744473667036 0.49459095942055836
  outer loop
   vertex -53.65618896484375 48.866302490234375 -41.574661254882812
   vertex -53.65618896484375 48.681388854980469 -41.84185791015625
   vertex -53.388992309570312 48.681388854980469 -41.574661254882812
  endloop
 endfacet
 facet normal -0.44449680040913031 -0.77771793656318078 0.44449680040913031
  outer loop
   vertex -53.388992309570312 48.681388854980469 -41.574661254882812
   vertex -53.65618896484375 48.681388854980469 -41.84185791015625
   vertex -53.65618896484375 48.631011962890625 -41.930000305175781
  endloop
 endfacet
 facet normal -0.44449680040913031 -0.77771793656318078 0.44449680040913031
  outer loop
   vertex -53.388992309570312 48.681388854980469 -41.574661254882812
   vertex -53.65618896484375 48.631011962890625 -41.930000305175781
   vertex -53.300849914550781 48.631011962890625 -41.574661254882812
  endloop
 endfacet
 facet normal -0.31955984790517838 -0.89205549559073882 0.31955984790517838
  outer loop
   vertex -53.300849914550781 48.631011962890625 -41.574661254882812
   vertex -53.65618896484375 48.631011962890625 -41.930000305175781
   vertex -53.300849914550781 48.503719329833984 -41.930000305175781
  endloop
 endfacet
 facet normal -0.23235820670024776 -0.91565136450326079 0.32801256448855942
  outer loop
   vertex -53.300849914550781 48.631011962890625 -41.574661254882812
   vertex -53.300849914550781 48.503719329833984 -41.930000305175781
   vertex -52.945510864257812 48.540840148925781 -41.574661254882812
  endloop
 endfacet
 facet normal -0.26268470921212367 -0.89666461442739998 0.35635559877726625
  outer loop
   vertex -52.945510864257812 48.540840148925781 -41.574661254882812
   vertex -53.300849914550781 48.503719329833984 -41.930000305175781
   vertex -52.945510864257812 48.399620056152344 -41.930000305175781
  endloop
 endfacet
 facet normal -0.67811204445575446 -0.53771052482507542 0.50103038496320629
  outer loop
   vertex -54.366867065429688 49.357051849365234 -41.930000305175781
   vertex -54.112865447998047 49.036727905273438 -41.930000305175781
   vertex -54.011528015136719 49.036727905273438 -41.7928466796875
  endloop
 endfacet
 facet normal -0.62673572568763292 -0.6267121340394477 0.46307043869644454
  outer loop
   vertex -54.011528015136719 49.036727905273438 -41.7928466796875
   vertex -54.112865447998047 49.036727905273438 -41.930000305175781
   vertex -54.011528015136719 48.935386657714844 -41.930000305175781
  endloop
 endfacet
 facet normal -0.5855337198463465 -0.65197918629272145 0.48173997505291311
  outer loop
   vertex -54.011528015136719 49.036727905273438 -41.7928466796875
   vertex -54.011528015136719 48.935386657714844 -41.930000305175781
   vertex -53.65618896484375 48.681388854980469 -41.84185791015625
  endloop
 endfacet
 facet normal -0.59167029397461246 -0.6745151538617522 0.44153773387882983
  outer loop
   vertex -53.65618896484375 48.681388854980469 -41.84185791015625
   vertex -54.011528015136719 48.935386657714844 -41.930000305175781
   vertex -53.721965789794922 48.681388854980469 -41.930000305175781
  endloop
 endfacet
 facet normal -0.55370133341436989 -0.7229647199806134 0.4132031546812075
  outer loop
   vertex -53.65618896484375 48.681388854980469 -41.84185791015625
   vertex -53.721965789794922 48.681388854980469 -41.930000305175781
   vertex -53.65618896484375 48.631011962890625 -41.930000305175781
  endloop
 endfacet
 facet normal -0.60049026992041032 -0.78405677148550923 0.15705545141329164
  outer loop
   vertex -53.65618896484375 48.631011962890625 -41.930000305175781
   vertex -53.721965789794922 48.681388854980469 -41.930000305175781
   vertex -53.65618896484375 48.559833526611328 -42.28533935546875
  endloop
 endfacet
 facet normal -0.33140176704007401 -0.92511236775998362 0.18531048491716087
  outer loop
   vertex -53.65618896484375 48.631011962890625 -41.930000305175781
   vertex -53.65618896484375 48.559833526611328 -42.28533935546875
   vertex -53.300849914550781 48.503719329833984 -41.930000305175781
  endloop
 endfacet
 facet normal -0.38051802837149906 -0.89323255740147012 0.2394611210244714
  outer loop
   vertex -53.300849914550781 48.503719329833984 -41.930000305175781
   vertex -53.65618896484375 48.559833526611328 -42.28533935546875
   vertex -53.300849914550781 48.408458709716797 -42.28533935546875
  endloop
 endfacet
 facet normal -0.27227517793569483 -0.92940132744732207 0.24915738002162668
  outer loop
   vertex -53.300849914550781 48.503719329833984 -41.930000305175781
   vertex -53.300849914550781 48.408458709716797 -42.28533935546875
   vertex -52.945510864257812 48.399620056152344 -41.930000305175781
  endloop
 endfacet
 facet normal -0.44966078264047038 -0.7827781842922017 0.43019006816913347
  outer loop
   vertex -52.945510864257812 48.399620056152344 -41.930000305175781
   vertex -53.300849914550781 48.408458709716797 -42.28533935546875
   vertex -52.945510864257812 48.3260498046875 -42.063869476318359
  endloop
 endfacet
 facet normal -0.47759957397561559 -0.7699640129653551 0.42314780594562562
  outer loop
   vertex -52.945510864257812 48.399620056152344 -41.930000305175781
   vertex -52.945510864257812 48.3260498046875 -42.063869476318359
   vertex -52.826904296875 48.3260498046875 -41.930000305175781
  endloop
 endfacet
 facet normal -0.67318534887832548 -0.5228869313989245 0.5228869313989245
  outer loop
   vertex -54.366867065429688 49.357051849365234 -41.930000305175781
   vertex -54.011528015136719 49.036727905273438 -41.7928466796875
   vertex -54.366867065429688 49.392066955566406 -41.894985198974609
  endloop
 endfacet
 facet normal -0.67318712993737528 -0.52289035591273114 0.52288121383363617
  outer loop
   vertex -54.366867065429688 49.392066955566406 -41.894985198974609
   vertex -54.011528015136719 49.036727905273438 -41.7928466796875
   vertex -54.011528015136719 49.254909515380859 -41.574661254882812
  endloop
 endfacet
 facet normal 0.7051433211253948 -0.55248099653567595 0.44445207293834826
  outer loop
   vertex -47.550498962402344 49.036727905273438 -42.28533935546875
   vertex -47.615425109863281 49.239719390869141 -41.930000305175781
   vertex -47.615425109863281 49.036727905273438 -42.182331085205078
  endloop
 endfacet
 facet normal 0.65000253983519263 -0.59211514321634051 0.47633638889097207
  outer loop
   vertex -47.615425109863281 49.036727905273438 -42.182331085205078
   vertex -47.615425109863281 49.239719390869141 -41.930000305175781
   vertex -47.800338745117188 49.036727905273438 -41.930000305175781
  endloop
 endfacet
 facet normal 0.6459249626591822 -0.59893436835054925 0.47334824920164481
  outer loop
   vertex -47.615425109863281 49.036727905273438 -42.182331085205078
   vertex -47.800338745117188 49.036727905273438 -41.930000305175781
   vertex -47.869426727294922 48.681388854980469 -42.28533935546875
  endloop
 endfacet
 facet normal 0.64323064160533561 -0.60032015169057584 0.47525788491532905
  outer loop
   vertex -47.869426727294922 48.681388854980469 -42.28533935546875
   vertex -47.800338745117188 49.036727905273438 -41.930000305175781
   vertex -47.97076416015625 48.681388854980469 -42.148185729980469
  endloop
 endfacet
 facet normal 0.62673572568763292 -0.6267121340394477 0.46307043869644454
  outer loop
   vertex -47.869426727294922 48.681388854980469 -42.28533935546875
   vertex -47.97076416015625 48.681388854980469 -42.148185729980469
   vertex -47.97076416015625 48.580047607421875 -42.28533935546875
  endloop
 endfacet
 facet normal 0.62672140046617275 -0.62672140046617275 0.46307728555332772
  outer loop
   vertex -47.97076416015625 48.580047607421875 -42.28533935546875
   vertex -47.97076416015625 48.681388854980469 -42.148185729980469
   vertex -48.224761962890625 48.3260498046875 -42.28533935546875
  endloop
 endfacet
 facet normal 0.65411401585744944 -0.65411401585744944 0.37982852515007448
  outer loop
   vertex -47.97076416015625 48.580047607421875 -42.28533935546875
   vertex -48.224761962890625 48.3260498046875 -42.28533935546875
   vertex -48.018424987792969 48.3260498046875 -42.640678405761719
  endloop
 endfacet
 facet normal 0.65411401585744944 -0.65411401585744944 0.37982852515007448
  outer loop
   vertex -48.018424987792969 48.3260498046875 -42.640678405761719
   vertex -48.224761962890625 48.3260498046875 -42.28533935546875
   vertex -48.326103210449219 48.224708557128906 -42.28533935546875
  endloop
 endfacet
 facet normal 0.63133278728431719 -0.69246052669718072 0.34916662306995794
  outer loop
   vertex -48.018424987792969 48.3260498046875 -42.640678405761719
   vertex -48.326103210449219 48.224708557128906 -42.28533935546875
   vertex -48.326103210449219 48.0455322265625 -42.640678405761719
  endloop
 endfacet
 facet normal 0.59583286111786926 -0.71710158659877754 0.36159164275410177
  outer loop
   vertex -48.326103210449219 48.0455322265625 -42.640678405761719
   vertex -48.326103210449219 48.224708557128906 -42.28533935546875
   vertex -48.416152954101562 47.970710754394531 -42.640678405761719
  endloop
 endfacet
 facet normal 0.60115956376381363 -0.72351242287185602 0.33931836502818097
  outer loop
   vertex -48.326103210449219 48.0455322265625 -42.640678405761719
   vertex -48.416152954101562 47.970710754394531 -42.640678405761719
   vertex -48.326103210449219 47.970710754394531 -42.800216674804688
  endloop
 endfacet
 facet normal 0.75070507106937379 -0.47961500663404955 0.45432514973545879
  outer loop
   vertex -47.171611785888672 49.036727905273438 -42.996017456054688
   vertex -47.260086059570312 49.234848022460938 -42.640678405761719
   vertex -47.260086059570312 49.036727905273438 -42.849826812744141
  endloop
 endfacet
 facet normal 0.73240316457399912 -0.49430444633101928 0.46824002270136639
  outer loop
   vertex -47.260086059570312 49.036727905273438 -42.849826812744141
   vertex -47.260086059570312 49.234848022460938 -42.640678405761719
   vertex -47.393798828125 49.036727905273438 -42.640678405761719
  endloop
 endfacet
 facet normal 0.75527274610701822 -0.44317979339260621 0.48286100455146552
  outer loop
   vertex -47.260086059570312 49.036727905273438 -42.849826812744141
   vertex -47.393798828125 49.036727905273438 -42.640678405761719
   vertex -47.375129699707031 48.681388854980469 -42.996017456054688
  endloop
 endfacet
 facet normal 0.63893956637509208 -0.52690317522447039 0.5604723672571027
  outer loop
   vertex -47.375129699707031 48.681388854980469 -42.996017456054688
   vertex -47.393798828125 49.036727905273438 -42.640678405761719
   vertex -47.615425109863281 48.681388854980469 -42.722080230712891
  endloop
 endfacet
 facet normal 0.68867156100857241 -0.40099685236225402 0.60409685105418387
  outer loop
   vertex -47.375129699707031 48.681388854980469 -42.996017456054688
   vertex -47.615425109863281 48.681388854980469 -42.722080230712891
   vertex -47.582035064697266 48.3260498046875 -42.996017456054688
  endloop
 endfacet
 facet normal 0.58967883982892033 -0.45761984333237105 0.66547948491781073
  outer loop
   vertex -47.582035064697266 48.3260498046875 -42.996017456054688
   vertex -47.615425109863281 48.681388854980469 -42.722080230712891
   vertex -47.615425109863281 48.3260498046875 -42.9664306640625
  endloop
 endfacet
 facet normal 0.54342314065275532 -0.57322038444607948 0.61327781719102203
  outer loop
   vertex -47.582035064697266 48.3260498046875 -42.996017456054688
   vertex -47.615425109863281 48.3260498046875 -42.9664306640625
   vertex -47.615425109863281 48.294395446777344 -42.996017456054688
  endloop
 endfacet
 facet normal 0.39466246187358495 -0.62741591841356514 0.67126060997882464
  outer loop
   vertex -47.615425109863281 48.294395446777344 -42.996017456054688
   vertex -47.615425109863281 48.3260498046875 -42.9664306640625
   vertex -47.97076416015625 48.070877075195312 -42.996017456054688
  endloop
 endfacet
 facet normal 0.51178967818294197 -0.81361928734582112 -0.27585318661251451
  outer loop
   vertex -47.615425109863281 48.294395446777344 -42.996017456054688
   vertex -47.97076416015625 48.070877075195312 -42.996017456054688
   vertex -47.97076416015625 48.191352844238281 -43.351356506347656
  endloop
 endfacet
 facet normal -0.85588929257301427 -0.46546043782247726 -0.22538877452298486
  outer loop
   vertex -54.170028686523438 49.036727905273438 -42.996017456054688
   vertex -54.269699096679688 49.392066955566406 -43.351356506347656
   vertex -54.076454162597656 49.036727905273438 -43.351356506347656
  endloop
 endfacet
 facet normal -0.81008699607010437 -0.44055165911883354 -0.38687632965297541
  outer loop
   vertex -54.076454162597656 49.036727905273438 -43.351356506347656
   vertex -54.269699096679688 49.392066955566406 -43.351356506347656
   vertex -54.099998474121094 49.392066955566406 -43.706695556640625
  endloop
 endfacet
 facet normal 0.62791122107171848 -0.67648680320488286 -0.38482866777549407
  outer loop
   vertex -47.001125335693359 49.392066955566406 -43.706695556640625
   vertex -46.904747009277344 49.392066955566406 -43.5494384765625
   vertex -47.260086059570312 49.036727905273438 -43.504585266113281
  endloop
 endfacet
 facet normal 0.57668017613821598 -0.64066885273424212 -0.5069352972376121
  outer loop
   vertex -47.260086059570312 49.036727905273438 -43.504585266113281
   vertex -46.904747009277344 49.392066955566406 -43.5494384765625
   vertex -47.125389099121094 49.036727905273438 -43.351356506347656
  endloop
 endfacet
 facet normal 0.71579929121509012 -0.30282364819329088 -0.62922906225863451
  outer loop
   vertex -47.260086059570312 49.036727905273438 -43.504585266113281
   vertex -47.125389099121094 49.036727905273438 -43.351356506347656
   vertex -47.260086059570312 48.718338012695312 -43.351356506347656
  endloop
 endfacet
 facet normal 0.90844809611372923 -0.38432500567640876 0.16436650108574097
  outer loop
   vertex -47.260086059570312 48.718338012695312 -43.351356506347656
   vertex -47.125389099121094 49.036727905273438 -43.351356506347656
   vertex -47.260086059570312 48.870307922363281 -42.996017456054688
  endloop
 endfacet
 facet normal 0.83093541247263292 -0.51154943883690995 0.21877731126553751
  outer loop
   vertex -47.260086059570312 48.718338012695312 -43.351356506347656
   vertex -47.260086059570312 48.870307922363281 -42.996017456054688
   vertex -47.282833099365234 48.681388854980469 -43.351356506347656
  endloop
 endfacet
 facet normal 0.83382710240802904 -0.50776507863705156 0.21658021194591803
  outer loop
   vertex -47.282833099365234 48.681388854980469 -43.351356506347656
   vertex -47.260086059570312 48.870307922363281 -42.996017456054688
   vertex -47.375129699707031 48.681388854980469 -42.996017456054688
  endloop
 endfacet
 facet normal 0.84319570437505464 -0.49097253687169712 0.21901363464685394
  outer loop
   vertex -47.282833099365234 48.681388854980469 -43.351356506347656
   vertex -47.375129699707031 48.681388854980469 -42.996017456054688
   vertex -47.582035064697266 48.3260498046875 -42.996017456054688
  endloop
 endfacet
 facet normal 0.16144975051073798 -0.51925022477213145 -0.83923368743998317
  outer loop
   vertex -47.260086059570312 49.247962951660156 -43.706695556640625
   vertex -47.615425109863281 49.036727905273438 -43.644359588623047
   vertex -47.615425109863281 49.137477874755859 -43.706695556640625
  endloop
 endfacet
 facet normal 0.36296806341519916 -0.49027006528619954 -0.79239475517249958
  outer loop
   vertex -47.615425109863281 49.137477874755859 -43.706695556640625
   vertex -47.615425109863281 49.036727905273438 -43.644359588623047
   vertex -47.751510620117188 49.036727905273438 -43.706695556640625
  endloop
 endfacet
 facet normal 0.35542490561679152 -0.48008133289059185 -0.80199442035296442
  outer loop
   vertex -47.615425109863281 49.137477874755859 -43.706695556640625
   vertex -47.751510620117188 49.036727905273438 -43.706695556640625
   vertex -47.97076416015625 49.036727905273438 -43.803863525390625
  endloop
 endfacet
 facet normal 0.36665771903779981 -0.42552284824667502 -0.82734057237031178
  outer loop
   vertex -47.97076416015625 49.036727905273438 -43.803863525390625
   vertex -47.751510620117188 49.036727905273438 -43.706695556640625
   vertex -47.97076416015625 48.847805023193359 -43.706695556640625
  endloop
 endfacet
 facet normal 0.342987244037117 -0.42963198760038268 -0.83532993820308388
  outer loop
   vertex -47.97076416015625 49.036727905273438 -43.803863525390625
   vertex -47.97076416015625 48.847805023193359 -43.706695556640625
   vertex -48.326103210449219 48.681388854980469 -43.767005920410156
  endloop
 endfacet
 facet normal 0.3429899787536429 -0.42963966484748584 -0.83532486666225592
  outer loop
   vertex -48.326103210449219 48.681388854980469 -43.767005920410156
   vertex -47.97076416015625 48.847805023193359 -43.706695556640625
   vertex -48.179222106933594 48.681388854980469 -43.706695556640625
  endloop
 endfacet
 facet normal 0.32288661139133823 -0.52666381788579553 -0.78636471125946161
  outer loop
   vertex -48.326103210449219 48.681388854980469 -43.767005920410156
   vertex -48.179222106933594 48.681388854980469 -43.706695556640625
   vertex -48.326103210449219 48.591339111328125 -43.706695556640625
  endloop
 endfacet
 facet normal 0.3228791312873035 -0.52665161700780871 -0.78637595390641013
  outer loop
   vertex -48.326103210449219 48.591339111328125 -43.706695556640625
   vertex -48.179222106933594 48.681388854980469 -43.706695556640625
   vertex -48.326103210449219 48.3260498046875 -43.529026031494141
  endloop
 endfacet
 facet normal 0.23394288479399417 -0.54101380140005562 -0.80782101566431486
  outer loop
   vertex -48.326103210449219 48.591339111328125 -43.706695556640625
   vertex -48.326103210449219 48.3260498046875 -43.529026031494141
   vertex -48.681442260742188 48.3260498046875 -43.631931304931641
  endloop
 endfacet
 facet normal 0.24031875319924728 -0.50360391156411066 -0.82983733172115526
  outer loop
   vertex -48.681442260742188 48.3260498046875 -43.631931304931641
   vertex -48.326103210449219 48.3260498046875 -43.529026031494141
   vertex -48.681442260742188 47.970710754394531 -43.416286468505859
  endloop
 endfacet
 facet normal 0.26177566556402176 -0.50071659925337186 -0.82507962533967072
  outer loop
   vertex -48.681442260742188 48.3260498046875 -43.631931304931641
   vertex -48.681442260742188 47.970710754394531 -43.416286468505859
   vertex -49.036781311035156 47.970710754394531 -43.529026031494141
  endloop
 endfacet
 facet normal 0.23686991890748327 -0.62169973445042781 -0.74658025804398953
  outer loop
   vertex -49.036781311035156 47.970710754394531 -43.529026031494141
   vertex -48.681442260742188 47.970710754394531 -43.416286468505859
   vertex -48.681442260742188 47.892738342285156 -43.351356506347656
  endloop
 endfacet
 facet normal 0.24398225269968452 -0.60858362358010953 -0.75504876231783258
  outer loop
   vertex -49.036781311035156 47.970710754394531 -43.529026031494141
   vertex -48.681442260742188 47.892738342285156 -43.351356506347656
   vertex -49.036781311035156 47.750282287597656 -43.351356506347656
  endloop
 endfacet
 facet normal 0.3294150617925542 -0.82168522402464717 -0.46510118219993074
  outer loop
   vertex -49.036781311035156 47.750282287597656 -43.351356506347656
   vertex -48.681442260742188 47.892738342285156 -43.351356506347656
   vertex -48.681442260742188 47.691604614257812 -42.996017456054688
  endloop
 endfacet
 facet normal 0.34377519734751533 -0.8086951320722896 -0.47731624427758468
  outer loop
   vertex -49.036781311035156 47.750282287597656 -43.351356506347656
   vertex -48.681442260742188 47.691604614257812 -42.996017456054688
   vertex -49.036781311035156 47.615371704101562 -43.122783660888672
  endloop
 endfacet
 facet normal 0.33568192215208797 -0.83283853994308821 -0.44011091048251094
  outer loop
   vertex -49.036781311035156 47.615371704101562 -43.122783660888672
   vertex -48.681442260742188 47.691604614257812 -42.996017456054688
   vertex -48.870578765869141 47.615371704101562 -42.996017456054688
  endloop
 endfacet
 facet normal 0.31138697334329968 -0.85811632141645944 -0.4082579230716567
  outer loop
   vertex -49.036781311035156 47.615371704101562 -43.122783660888672
   vertex -48.870578765869141 47.615371704101562 -42.996017456054688
   vertex -49.036781311035156 47.555061340332031 -42.996017456054688
  endloop
 endfacet
 facet normal 0.3307515165843003 -0.91148088716390763 0.24455270722705394
  outer loop
   vertex -49.036781311035156 47.555061340332031 -42.996017456054688
   vertex -48.870578765869141 47.615371704101562 -42.996017456054688
   vertex -49.036781311035156 47.615371704101562 -42.771232604980469
  endloop
 endfacet
 facet normal 0.39972500466728689 -0.88532325195730766 0.23753454525073878
  outer loop
   vertex -49.036781311035156 47.555061340332031 -42.996017456054688
   vertex -49.036781311035156 47.615371704101562 -42.771232604980469
   vertex -49.392120361328125 47.489963531494141 -42.640678405761719
  endloop
 endfacet
 facet normal 0.39397793045380763 -0.89395539839397042 0.21360041197903226
  outer loop
   vertex -49.392120361328125 47.489963531494141 -42.640678405761719
   vertex -49.036781311035156 47.615371704101562 -42.771232604980469
   vertex -49.107563018798828 47.615371704101562 -42.640678405761719
  endloop
 endfacet
 facet normal 0.39773516577762336 -0.90248075106256465 0.1653336985172589
  outer loop
   vertex -49.392120361328125 47.489963531494141 -42.640678405761719
   vertex -49.107563018798828 47.615371704101562 -42.640678405761719
   vertex -49.392120361328125 47.555061340332031 -42.28533935546875
  endloop
 endfacet
 facet normal 0.49638792636648249 -0.82925982992988834 0.25676284977043717
  outer loop
   vertex -49.392120361328125 47.555061340332031 -42.28533935546875
   vertex -49.107563018798828 47.615371704101562 -42.640678405761719
   vertex -49.291366577148438 47.615371704101562 -42.28533935546875
  endloop
 endfacet
 facet normal 0.48006987085229796 -0.80199907836501538 0.35542987691178152
  outer loop
   vertex -49.392120361328125 47.555061340332031 -42.28533935546875
   vertex -49.291366577148438 47.615371704101562 -42.28533935546875
   vertex -49.392120361328125 47.615371704101562 -42.149253845214844
  endloop
 endfacet
 facet normal 0.48005522271056572 -0.8020126526101865 0.35541903185040818
  outer loop
   vertex -49.392120361328125 47.615371704101562 -42.149253845214844
   vertex -49.291366577148438 47.615371704101562 -42.28533935546875
   vertex -49.392120361328125 47.712535858154297 -41.930000305175781
  endloop
 endfacet
 facet normal 0.4255114132365857 -0.82735082016967953 0.36664786590127896
  outer loop
   vertex -49.392120361328125 47.615371704101562 -42.149253845214844
   vertex -49.392120361328125 47.712535858154297 -41.930000305175781
   vertex -49.581043243408203 47.615371704101562 -41.930000305175781
  endloop
 endfacet
 facet normal 0.41592475366464537 -0.80871082506542979 0.41592475366464537
  outer loop
   vertex -49.581043243408203 47.615371704101562 -41.930000305175781
   vertex -49.392120361328125 47.712535858154297 -41.930000305175781
   vertex -49.747459411621094 47.712535858154297 -41.574661254882812
  endloop
 endfacet
 facet normal 0.41592475366464537 -0.80871082506542979 0.41592475366464537
  outer loop
   vertex -49.581043243408203 47.615371704101562 -41.930000305175781
   vertex -49.747459411621094 47.712535858154297 -41.574661254882812
   vertex -49.747459411621094 47.615371704101562 -41.763584136962891
  endloop
 endfacet
 facet normal 0.36664786590127896 -0.82735082016967953 0.4255114132365857
  outer loop
   vertex -49.747459411621094 47.615371704101562 -41.763584136962891
   vertex -49.747459411621094 47.712535858154297 -41.574661254882812
   vertex -49.966712951660156 47.615371704101562 -41.574661254882812
  endloop
 endfacet
 facet normal 0.36665977170547476 -0.82733843743334001 0.4255252304602497
  outer loop
   vertex -49.747459411621094 47.615371704101562 -41.763584136962891
   vertex -49.966712951660156 47.615371704101562 -41.574661254882812
   vertex -50.102798461914062 47.555061340332031 -41.574661254882812
  endloop
 endfacet
 facet normal 0.34094126665322261 -0.76930668858868201 0.54030201886131501
  outer loop
   vertex -50.102798461914062 47.555061340332031 -41.574661254882812
   vertex -49.966712951660156 47.615371704101562 -41.574661254882812
   vertex -50.102798461914062 47.615371704101562 -41.488788604736328
  endloop
 endfacet
 facet normal 0.13965484251640475 -0.81031821230865231 0.569105367891244
  outer loop
   vertex -50.102798461914062 47.555061340332031 -41.574661254882812
   vertex -50.102798461914062 47.615371704101562 -41.488788604736328
   vertex -50.458137512207031 47.493820190429688 -41.574661254882812
  endloop
 endfacet
 facet normal 0.11940114954696417 -0.78159303293979765 0.61225460091928396
  outer loop
   vertex -50.458137512207031 47.493820190429688 -41.574661254882812
   vertex -50.102798461914062 47.615371704101562 -41.488788604736328
   vertex -50.458137512207031 47.615371704101562 -41.419490814208984
  endloop
 endfacet
 facet normal 0.081584971562765021 -0.78460046469869515 0.61461044834081235
  outer loop
   vertex -50.458137512207031 47.493820190429688 -41.574661254882812
   vertex -50.458137512207031 47.615371704101562 -41.419490814208984
   vertex -50.8134765625 47.456871032714844 -41.574661254882812
  endloop
 endfacet
 facet normal 0.030576569868659247 -0.73339495354724915 0.67911480287687376
  outer loop
   vertex -50.8134765625 47.456871032714844 -41.574661254882812
   vertex -50.458137512207031 47.615371704101562 -41.419490814208984
   vertex -50.8134765625 47.615371704101562 -41.403491973876953
  endloop
 endfacet
 facet normal 0.039550711021697493 -0.73316392670072061 0.67890087482817285
  outer loop
   vertex -50.8134765625 47.456871032714844 -41.574661254882812
   vertex -50.8134765625 47.615371704101562 -41.403491973876953
   vertex -51.168815612792969 47.437702178955078 -41.574661254882812
  endloop
 endfacet
 facet normal 0.012934075856591551 -0.70704763265346415 0.70704763265346415
  outer loop
   vertex -51.168815612792969 47.437702178955078 -41.574661254882812
   vertex -50.8134765625 47.615371704101562 -41.403491973876953
   vertex -51.168815612792969 47.615371704101562 -41.396991729736328
  endloop
 endfacet
 facet normal -0.012934075856591551 -0.70704763265346415 0.70704763265346415
  outer loop
   vertex -51.168815612792969 47.437702178955078 -41.574661254882812
   vertex -51.168815612792969 47.615371704101562 -41.396991729736328
   vertex -51.524154663085938 47.444202423095703 -41.574661254882812
  endloop
 endfacet
 facet normal -0.67228887869934517 -0.55254465328459379 -0.49266831611519879
  outer loop
   vertex -54.011528015136719 49.036727905273438 -43.454364776611328
   vertex -54.011528015136719 49.261714935302734 -43.706695556640625
   vertex -53.826614379882812 49.036727905273438 -43.706695556640625
  endloop
 endfacet
 facet normal -0.63646685133166669 -0.52310303924195412 -0.56680963073309243
  outer loop
   vertex -53.826614379882812 49.036727905273438 -43.706695556640625
   vertex -54.011528015136719 49.261714935302734 -43.706695556640625
   vertex -53.65618896484375 49.214397430419922 -44.062034606933594
  endloop
 endfacet
 facet normal -0.59336648078709997 -0.56917318079751966 -0.56917318079751966
  outer loop
   vertex -53.826614379882812 49.036727905273438 -43.706695556640625
   vertex -53.65618896484375 49.214397430419922 -44.062034606933594
   vertex -53.65618896484375 49.036727905273438 -43.884365081787109
  endloop
 endfacet
 facet normal 0.096320527855331128 -0.56302383955357926 -0.82080845025378235
  outer loop
   vertex -47.260086059570312 49.392066955566406 -43.8055419921875
   vertex -47.260086059570312 49.247962951660156 -43.706695556640625
   vertex -47.615425109863281 49.392066955566406 -43.847240447998047
  endloop
 endfacet
 facet normal 0.14860131861220932 -0.47792745325854702 -0.86573841172060284
  outer loop
   vertex -47.615425109863281 49.392066955566406 -43.847240447998047
   vertex -47.260086059570312 49.247962951660156 -43.706695556640625
   vertex -47.615425109863281 49.137477874755859 -43.706695556640625
  endloop
 endfacet
 facet normal 0.35229195255455775 -0.45230950526038866 -0.81933295528521233
  outer loop
   vertex -47.615425109863281 49.392066955566406 -43.847240447998047
   vertex -47.615425109863281 49.137477874755859 -43.706695556640625
   vertex -47.97076416015625 49.036727905273438 -43.803863525390625
  endloop
 endfacet
 facet normal 0.35457718814257211 -0.47039045601162671 -0.80808900285926466
  outer loop
   vertex -48.326103210449219 49.278171539306641 -44.062034606933594
   vertex -48.175006866455078 49.392066955566406 -44.062034606933594
   vertex -48.326103210449219 49.036727905273438 -43.921489715576172
  endloop
 endfacet
 facet normal 0.37802761307198918 -0.47503794675001448 -0.79462826082554161
  outer loop
   vertex -48.326103210449219 49.036727905273438 -43.921489715576172
   vertex -48.175006866455078 49.392066955566406 -44.062034606933594
   vertex -47.97076416015625 49.392066955566406 -43.964870452880859
  endloop
 endfacet
 facet normal 0.21422103197748432 -0.49139817929114787 -0.84417840463248439
  outer loop
   vertex -48.326103210449219 49.278171539306641 -44.062034606933594
   vertex -48.326103210449219 49.036727905273438 -43.921489715576172
   vertex -48.681442260742188 49.036727905273438 -44.011661529541016
  endloop
 endfacet
 facet normal 0.22442809260625049 -0.40922665401110958 -0.88440125333244068
  outer loop
   vertex -48.681442260742188 49.036727905273438 -44.011661529541016
   vertex -48.326103210449219 49.036727905273438 -43.921489715576172
   vertex -48.681442260742188 48.681388854980469 -43.847240447998047
  endloop
 endfacet
 facet normal 0.30705097369579698 -0.39965305958738462 -0.86371125471126342
  outer loop
   vertex -48.681442260742188 49.036727905273438 -44.011661529541016
   vertex -48.681442260742188 48.681388854980469 -43.847240447998047
   vertex -49.036781311035156 48.681388854980469 -43.973564147949219
  endloop
 endfacet
 facet normal 0.2984732169726072 -0.45388839680829091 -0.83958267132714359
  outer loop
   vertex -49.036781311035156 48.681388854980469 -43.973564147949219
   vertex -48.681442260742188 48.681388854980469 -43.847240447998047
   vertex -49.036781311035156 48.3260498046875 -43.781463623046875
  endloop
 endfacet
 facet normal 0.44832499229560857 -0.42509414351388169 -0.78632033576230342
  outer loop
   vertex -49.036781311035156 48.681388854980469 -43.973564147949219
   vertex -49.036781311035156 48.3260498046875 -43.781463623046875
   vertex -49.392120361328125 48.3260498046875 -43.984062194824219
  endloop
 endfacet
 facet normal 0.41820847149456969 -0.5357996305600361 -0.73349875955035149
  outer loop
   vertex -49.392120361328125 48.3260498046875 -43.984062194824219
   vertex -49.036781311035156 48.3260498046875 -43.781463623046875
   vertex -49.036781311035156 48.22369384765625 -43.706695556640625
  endloop
 endfacet
 facet normal 0.38930683273753042 -0.58235665830805605 -0.71365321586057928
  outer loop
   vertex -49.392120361328125 48.3260498046875 -43.984062194824219
   vertex -49.036781311035156 48.22369384765625 -43.706695556640625
   vertex -49.392120361328125 47.986148834228516 -43.706695556640625
  endloop
 endfacet
 facet normal -0.61073696943716282 -0.58583542343692296 -0.53272620623467659
  outer loop
   vertex -53.65618896484375 49.214397430419922 -44.062034606933594
   vertex -54.011528015136719 49.261714935302734 -43.706695556640625
   vertex -53.826614379882812 49.392066955566406 -44.062034606933594
  endloop
 endfacet
 facet normal -0.65219037944158875 -0.53602598302873183 -0.53602598302873183
  outer loop
   vertex -53.826614379882812 49.392066955566406 -44.062034606933594
   vertex -54.011528015136719 49.261714935302734 -43.706695556640625
   vertex -54.011528015136719 49.392066955566406 -43.837047576904297
  endloop
 endfacet
 facet normal 0.46282453870106 -0.54892731506138315 -0.69604040770321085
  outer loop
   vertex -49.036781311035156 49.036727905273438 -44.239704132080078
   vertex -48.681442260742188 49.392066955566406 -44.283660888671875
   vertex -48.769584655761719 49.036727905273438 -44.062034606933594
  endloop
 endfacet
 facet normal 0.43094543395052332 -0.55208611648152539 -0.71378354768483077
  outer loop
   vertex -48.769584655761719 49.036727905273438 -44.062034606933594
   vertex -48.681442260742188 49.392066955566406 -44.283660888671875
   vertex -48.681442260742188 49.10552978515625 -44.062034606933594
  endloop
 endfacet
 facet normal -0.72142766229428401 -0.48967140098306494 -0.4896570709546495
  outer loop
   vertex -53.300849914550781 49.036727905273438 -44.287021636962891
   vertex -53.300849914550781 49.167076110839844 -44.417373657226562
   vertex -53.212375640869141 49.036727905273438 -44.417373657226562
  endloop
 endfacet
 facet normal -0.70243671139380826 -0.47678123053428723 -0.52845276486783799
  outer loop
   vertex -53.212375640869141 49.036727905273438 -44.417373657226562
   vertex -53.300849914550781 49.167076110839844 -44.417373657226562
   vertex -53.300849914550781 49.392066955566406 -44.620365142822266
  endloop
 endfacet
 facet normal -0.66279980325011645 -0.48898411815933962 -0.56708989851657554
  outer loop
   vertex -53.212375640869141 49.036727905273438 -44.417373657226562
   vertex -53.300849914550781 49.392066955566406 -44.620365142822266
   vertex -53.170501708984375 49.392066955566406 -44.772712707519531
  endloop
 endfacet
 facet normal -0.59336648078709997 -0.56917318079751966 -0.56917318079751966
  outer loop
   vertex -53.826614379882812 49.392066955566406 -44.062034606933594
   vertex -53.65618896484375 49.392066955566406 -44.239704132080078
   vertex -53.65618896484375 49.214397430419922 -44.062034606933594
  endloop
 endfacet
 facet normal 0.42316081294240643 -0.47761425474681168 -0.76994775800217075
  outer loop
   vertex -48.902912139892578 49.392066955566406 -44.417373657226562
   vertex -49.036781311035156 49.273460388183594 -44.417373657226562
   vertex -49.036781311035156 49.392066955566406 -44.490947723388672
  endloop
 endfacet
 facet normal 0.42879301552297733 -0.25397546846369745 -0.86696771061981159
  outer loop
   vertex -49.392120361328125 49.392066955566406 -44.595043182373047
   vertex -49.392120361328125 49.036727905273438 -44.490947723388672
   vertex -49.747459411621094 49.036727905273438 -44.666694641113281
  endloop
 endfacet
 facet normal -0.77308368349729306 -0.4006507227142439 -0.49175259704328084
  outer loop
   vertex -53.212375640869141 49.036727905273438 -44.417373657226562
   vertex -53.170501708984375 49.392066955566406 -44.772712707519531
   vertex -52.986347198486328 49.036727905273438 -44.772712707519531
  endloop
 endfacet
 facet normal -0.6639305368312286 -0.34408208980705918 -0.6639305368312286
  outer loop
   vertex -52.986347198486328 49.036727905273438 -44.772712707519531
   vertex -53.170501708984375 49.392066955566406 -44.772712707519531
   vertex -52.945510864257812 49.392066955566406 -44.997703552246094
  endloop
 endfacet
 facet normal -0.6639305368312286 -0.34408208980705912 -0.6639305368312286
  outer loop
   vertex -52.986347198486328 49.036727905273438 -44.772712707519531
   vertex -52.945510864257812 49.392066955566406 -44.997703552246094
   vertex -52.945510864257812 49.036727905273438 -44.813549041748047
  endloop
 endfacet
 facet normal -0.63178744129984421 -0.51924829483839685 -0.57552223008604375
  outer loop
   vertex -53.485763549804688 49.392066955566406 -44.417373657226562
   vertex -53.300849914550781 49.392066955566406 -44.620365142822266
   vertex -53.300849914550781 49.167076110839844 -44.417373657226562
  endloop
 endfacet
 facet normal 0.72459532124097226 -0.19020595268825069 -0.66240721312320194
  outer loop
   vertex -50.074378967285156 49.392066955566406 -45.1280517578125
   vertex -50.102798461914062 49.036727905273438 -45.057106018066406
   vertex -50.102798461914062 49.283802032470703 -45.1280517578125
  endloop
 endfacet
 facet normal 0.57171289148629856 -0.22643781446831074 -0.78858752582525093
  outer loop
   vertex -50.102798461914062 49.283802032470703 -45.1280517578125
   vertex -50.102798461914062 49.036727905273438 -45.057106018066406
   vertex -50.200656890869141 49.036727905273438 -45.1280517578125
  endloop
 endfacet
 facet normal -0.3527419788743652 -0.49193696109924084 -0.79597181020702035
  outer loop
   vertex -52.590171813964844 49.036727905273438 -45.030887603759766
   vertex -52.590171813964844 49.193943023681641 -45.1280517578125
   vertex -52.370918273925781 49.036727905273438 -45.1280517578125
  endloop
 endfacet
 facet normal -0.37229089657841086 -0.51920004784268903 -0.76930540011427995
  outer loop
   vertex -52.370918273925781 49.036727905273438 -45.1280517578125
   vertex -52.590171813964844 49.193943023681641 -45.1280517578125
   vertex -52.590171813964844 49.392066955566406 -45.261764526367188
  endloop
 endfacet
 facet normal 0.042467356976190161 -0.14537800863913172 -0.98846434341132272
  outer loop
   vertex -50.458137512207031 49.392066955566406 -45.290454864501953
   vertex -50.8134765625 49.036727905273438 -45.253459930419922
   vertex -50.8134765625 49.392066955566406 -45.305721282958984
  endloop
 endfacet
 facet normal -0.052427969701152523 -0.14530916142136144 -0.98799623258392832
  outer loop
   vertex -50.8134765625 49.392066955566406 -45.305721282958984
   vertex -50.8134765625 49.036727905273438 -45.253459930419922
   vertex -51.168815612792969 49.036727905273438 -45.234603881835938
  endloop
 endfacet
 facet normal 0 -0.19624771608187738 -0.98055435032059635
  outer loop
   vertex -50.8134765625 49.392066955566406 -45.305721282958984
   vertex -51.168815612792969 49.036727905273438 -45.234603881835938
   vertex -51.168815612792969 49.392066955566406 -45.305721282958984
  endloop
 endfacet
 facet normal -0 -0.19624771608187738 -0.98055435032059635
  outer loop
   vertex -51.168815612792969 49.392066955566406 -45.305721282958984
   vertex -51.168815612792969 49.036727905273438 -45.234603881835938
   vertex -51.524154663085938 49.036727905273438 -45.234603881835938
  endloop
 endfacet
 facet normal 0.37550293081184416 -0.37550293081184416 0.84734591395924652
  outer loop
   vertex -49.036781311035156 49.036727905273438 -40.803676605224609
   vertex -49.256034851074219 48.681388854980469 -40.863983154296875
   vertex -49.036781311035156 48.900642395019531 -40.863983154296875
  endloop
 endfacet
 facet normal 0.37551777942086556 -0.37551777942086556 0.8473327532189725
  outer loop
   vertex -49.036781311035156 48.900642395019531 -40.863983154296875
   vertex -49.256034851074219 48.681388854980469 -40.863983154296875
   vertex -49.036781311035156 48.681388854980469 -40.961151123046875
  endloop
 endfacet
 facet normal 0.32366414659798037 -0.42589557636828634 0.84489909352355586
  outer loop
   vertex -50.458137512207031 48.93017578125 -40.508644104003906
   vertex -50.458137512207031 48.681388854980469 -40.634052276611328
   vertex -50.102798461914062 49.036727905273438 -40.591056823730469
  endloop
 endfacet
 facet normal 0.14064668190422633 -0.25635680976864494 0.95629477513713002
  outer loop
   vertex -50.102798461914062 49.036727905273438 -40.591056823730469
   vertex -50.458137512207031 48.681388854980469 -40.634052276611328
   vertex -50.102798461914062 48.681388854980469 -40.686313629150391
  endloop
 endfacet
 facet normal -0.29124003277020477 -0.54979949502921333 0.78287914685322424
  outer loop
   vertex -52.234832763671875 49.036727905273438 -40.803676605224609
   vertex -52.396942138671875 49.036727905273438 -40.863983154296875
   vertex -52.234832763671875 48.950855255126953 -40.863983154296875
  endloop
 endfacet
 facet normal -0.30432539733569847 -0.57450189174971533 0.75982473565452424
  outer loop
   vertex -52.234832763671875 48.950855255126953 -40.863983154296875
   vertex -52.396942138671875 49.036727905273438 -40.863983154296875
   vertex -52.234832763671875 48.681388854980469 -41.067726135253906
  endloop
 endfacet
 facet normal -0.20429970416740237 -0.59038792030864018 0.78083527996034519
  outer loop
   vertex -52.234832763671875 48.950855255126953 -40.863983154296875
   vertex -52.234832763671875 48.681388854980469 -41.067726135253906
   vertex -51.879493713378906 48.681388854980469 -40.974754333496094
  endloop
 endfacet
 facet normal -0.18503155584646477 -0.68237998952069301 0.70719224631126676
  outer loop
   vertex -51.879493713378906 48.681388854980469 -40.974754333496094
   vertex -52.234832763671875 48.681388854980469 -41.067726135253906
   vertex -52.234832763671875 48.524280548095703 -41.219322204589844
  endloop
 endfacet
 facet normal -0.25249279231531657 -0.60474399887307773 0.75533574366358003
  outer loop
   vertex -51.879493713378906 48.681388854980469 -40.974754333496094
   vertex -52.234832763671875 48.524280548095703 -41.219322204589844
   vertex -51.879493713378906 48.375919342041016 -41.219322204589844
  endloop
 endfacet
 facet normal -0.25037228424139851 -0.59966518248190559 0.76007590950028614
  outer loop
   vertex -51.879493713378906 48.375919342041016 -41.219322204589844
   vertex -52.234832763671875 48.524280548095703 -41.219322204589844
   vertex -51.879493713378906 48.3260498046875 -41.2586669921875
  endloop
 endfacet
 facet normal -0.46681338473576572 -0.54776388907264173 0.6942909949434406
  outer loop
   vertex -51.879493713378906 48.375919342041016 -41.219322204589844
   vertex -51.879493713378906 48.3260498046875 -41.2586669921875
   vertex -51.820976257324219 48.3260498046875 -41.219322204589844
  endloop
 endfacet
 facet normal -0.53094963718510202 -0.3074032668253181 0.78968076734724313
  outer loop
   vertex -51.820976257324219 48.3260498046875 -41.219322204589844
   vertex -51.879493713378906 48.3260498046875 -41.2586669921875
   vertex -51.879493713378906 47.970710754394531 -41.396991729736328
  endloop
 endfacet
 facet normal -0.48559275237528027 -0.32566253176206267 0.81126049715669213
  outer loop
   vertex -51.820976257324219 48.3260498046875 -41.219322204589844
   vertex -51.879493713378906 47.970710754394531 -41.396991729736328
   vertex -51.582668304443359 47.970710754394531 -41.219322204589844
  endloop
 endfacet
 facet normal -0.44813427758072949 -0.48852201315656102 0.74868011321168315
  outer loop
   vertex -51.582668304443359 47.970710754394531 -41.219322204589844
   vertex -51.879493713378906 47.970710754394531 -41.396991729736328
   vertex -51.524154663085938 47.615371704101562 -41.416160583496094
  endloop
 endfacet
 facet normal -0.46169226875185004 -0.48679527841522052 0.74153260608513882
  outer loop
   vertex -51.582668304443359 47.970710754394531 -41.219322204589844
   vertex -51.524154663085938 47.615371704101562 -41.416160583496094
   vertex -51.524154663085938 47.915214538574219 -41.219322204589844
  endloop
 endfacet
 facet normal 0.69053300117012817 -0.21524021136848817 0.69053300117012817
  outer loop
   vertex -48.681442260742188 49.036727905273438 -41.067726135253906
   vertex -48.681442260742188 48.681388854980469 -41.178485870361328
   vertex -48.640605926513672 48.681388854980469 -41.219322204589844
  endloop
 endfacet
 facet normal 0.63804532787953061 -0.43104097153542692 0.63804532787953061
  outer loop
   vertex -48.640605926513672 48.681388854980469 -41.219322204589844
   vertex -48.681442260742188 48.681388854980469 -41.178485870361328
   vertex -48.681442260742188 48.620941162109375 -41.219322204589844
  endloop
 endfacet
 facet normal 0.72304942517588966 -0.48846674848592064 0.48846674848592064
  outer loop
   vertex -48.640605926513672 48.681388854980469 -41.219322204589844
   vertex -48.681442260742188 48.620941162109375 -41.219322204589844
   vertex -48.640605926513672 48.3260498046875 -41.574661254882812
  endloop
 endfacet
 facet normal 0.72302541780555407 -0.48848767571010332 0.48848135674398585
  outer loop
   vertex -48.640605926513672 48.3260498046875 -41.574661254882812
   vertex -48.681442260742188 48.620941162109375 -41.219322204589844
   vertex -48.681442260742188 48.3260498046875 -41.514217376708984
  endloop
 endfacet
 facet normal 0.5947700661499935 -0.45797522904142629 0.66068695915417119
  outer loop
   vertex -48.165058135986328 49.036727905273438 -41.574661254882812
   vertex -48.326103210449219 49.036727905273438 -41.429683685302734
   vertex -48.326103210449219 48.827579498291016 -41.574661254882812
  endloop
 endfacet
 facet normal 0.68544204163096145 -0.4148102139578127 0.59841598738758051
  outer loop
   vertex -48.326103210449219 48.827579498291016 -41.574661254882812
   vertex -48.326103210449219 49.036727905273438 -41.429683685302734
   vertex -48.414573669433594 48.681388854980469 -41.574661254882812
  endloop
 endfacet
 facet normal 0.7398537958846545 -0.44773867479469004 0.50214185227698649
  outer loop
   vertex -48.326103210449219 48.827579498291016 -41.574661254882812
   vertex -48.414573669433594 48.681388854980469 -41.574661254882812
   vertex -48.326103210449219 48.681388854980469 -41.705013275146484
  endloop
 endfacet
 facet normal 0.69086503366462337 -0.55031344061835952 0.46889297535190499
  outer loop
   vertex -48.326103210449219 48.681388854980469 -41.705013275146484
   vertex -48.414573669433594 48.681388854980469 -41.574661254882812
   vertex -48.456451416015625 48.3260498046875 -41.930000305175781
  endloop
 endfacet
 facet normal 0.65539681890064638 -0.56076996448905958 0.50595657590533616
  outer loop
   vertex -48.326103210449219 48.681388854980469 -41.705013275146484
   vertex -48.456451416015625 48.3260498046875 -41.930000305175781
   vertex -48.326103210449219 48.4783935546875 -41.930000305175781
  endloop
 endfacet
 facet normal 0.68126789851152025 -0.58290575150587565 0.44282607795732559
  outer loop
   vertex -48.326103210449219 48.4783935546875 -41.930000305175781
   vertex -48.456451416015625 48.3260498046875 -41.930000305175781
   vertex -48.326103210449219 48.3260498046875 -42.130535125732422
  endloop
 endfacet
 facet normal 0.65814041156747038 -0.59951701263429857 0.45544544154470024
  outer loop
   vertex -48.326103210449219 48.4783935546875 -41.930000305175781
   vertex -48.326103210449219 48.3260498046875 -42.130535125732422
   vertex -48.141189575195312 48.681388854980469 -41.930000305175781
  endloop
 endfacet
 facet normal 0.67110223845271533 -0.59716817153875024 0.43933126504361242
  outer loop
   vertex -48.141189575195312 48.681388854980469 -41.930000305175781
   vertex -48.326103210449219 48.3260498046875 -42.130535125732422
   vertex -48.224761962890625 48.3260498046875 -42.28533935546875
  endloop
 endfacet
 facet normal 0.61511079034488014 -0.62513348340391872 0.48046523654535045
  outer loop
   vertex -48.141189575195312 48.681388854980469 -41.930000305175781
   vertex -48.224761962890625 48.3260498046875 -42.28533935546875
   vertex -47.97076416015625 48.681388854980469 -42.148185729980469
  endloop
 endfacet
 facet normal 0.66092747564038001 -0.41866117720761709 0.62281433079431225
  outer loop
   vertex -48.326103210449219 49.036727905273438 -41.429683685302734
   vertex -48.524333953857422 49.036727905273438 -41.219322204589844
   vertex -48.414573669433594 48.681388854980469 -41.574661254882812
  endloop
 endfacet
 facet normal -0.34777714591498521 -0.69284020224470388 0.63168307792178902
  outer loop
   vertex -52.676742553710938 48.681388854980469 -41.219322204589844
   vertex -52.945510864257812 48.816299438476562 -41.219322204589844
   vertex -52.945510864257812 48.681388854980469 -41.367294311523438
  endloop
 endfacet
 facet normal -0.28404392457223954 -0.70853149382492331 0.64598929648394532
  outer loop
   vertex -52.945510864257812 48.681388854980469 -41.367294311523438
   vertex -52.945510864257812 48.816299438476562 -41.219322204589844
   vertex -53.300849914550781 48.958751678466797 -41.219322204589844
  endloop
 endfacet
 facet normal -0.26572142724365655 -0.69619391764738947 0.66686291854801327
  outer loop
   vertex -52.945510864257812 48.681388854980469 -41.367294311523438
   vertex -53.300849914550781 48.958751678466797 -41.219322204589844
   vertex -53.300849914550781 48.681388854980469 -41.508884429931641
  endloop
 endfacet
 facet normal -0.46026110492252248 -0.64111781898984732 0.61410720356400339
  outer loop
   vertex -53.300849914550781 48.681388854980469 -41.508884429931641
   vertex -53.300849914550781 48.958751678466797 -41.219322204589844
   vertex -53.65618896484375 49.036727905273438 -41.40423583984375
  endloop
 endfacet
 facet normal -0.44639829945870069 -0.63274345442698188 0.63274345442698188
  outer loop
   vertex -53.300849914550781 48.681388854980469 -41.508884429931641
   vertex -53.65618896484375 49.036727905273438 -41.40423583984375
   vertex -53.65618896484375 48.866302490234375 -41.574661254882812
  endloop
 endfacet
 facet normal -0.56133397207900393 -0.58519405832168525 0.58519405832168525
  outer loop
   vertex -53.65618896484375 48.866302490234375 -41.574661254882812
   vertex -53.65618896484375 49.036727905273438 -41.40423583984375
   vertex -53.833858489990234 49.036727905273438 -41.574661254882812
  endloop
 endfacet
 facet normal -0.45251052509573259 -0.65386902710330275 0.60637407602284976
  outer loop
   vertex -53.65618896484375 48.866302490234375 -41.574661254882812
   vertex -53.388992309570312 48.681388854980469 -41.574661254882812
   vertex -53.300849914550781 48.681388854980469 -41.508884429931641
  endloop
 endfacet
 facet normal -0.4132031546812075 -0.7229647199806134 0.55370133341436989
  outer loop
   vertex -53.300849914550781 48.681388854980469 -41.508884429931641
   vertex -53.388992309570312 48.681388854980469 -41.574661254882812
   vertex -53.300849914550781 48.631011962890625 -41.574661254882812
  endloop
 endfacet
 facet normal -0.23546855421627205 -0.77158618799903123 0.5909393492266547
  outer loop
   vertex -53.300849914550781 48.681388854980469 -41.508884429931641
   vertex -53.300849914550781 48.631011962890625 -41.574661254882812
   vertex -52.945510864257812 48.681388854980469 -41.367294311523438
  endloop
 endfacet
 facet normal -0.20557343094691077 -0.81010090078283858 0.54906838830836835
  outer loop
   vertex -52.945510864257812 48.681388854980469 -41.367294311523438
   vertex -53.300849914550781 48.631011962890625 -41.574661254882812
   vertex -52.945510864257812 48.540840148925781 -41.574661254882812
  endloop
 endfacet
 facet normal -0.29513146403276802 -0.79090876839575153 0.53606038746823159
  outer loop
   vertex -52.945510864257812 48.681388854980469 -41.367294311523438
   vertex -52.945510864257812 48.540840148925781 -41.574661254882812
   vertex -52.676742553710938 48.681388854980469 -41.219322204589844
  endloop
 endfacet
 facet normal -0.4658881424180879 -0.61544824175508184 0.63574499642136528
  outer loop
   vertex -53.65618896484375 49.036727905273438 -41.40423583984375
   vertex -53.300849914550781 48.958751678466797 -41.219322204589844
   vertex -53.403858184814453 49.036727905273438 -41.219322204589844
  endloop
 endfacet
 facet normal 0.58519405832168525 -0.56133397207900393 0.58519405832168525
  outer loop
   vertex -47.800338745117188 49.036727905273438 -41.930000305175781
   vertex -47.97076416015625 49.036727905273438 -41.759574890136719
   vertex -47.97076416015625 48.859058380126953 -41.930000305175781
  endloop
 endfacet
 facet normal 0.58519405832168525 -0.56133397207900393 0.58519405832168525
  outer loop
   vertex -47.97076416015625 48.859058380126953 -41.930000305175781
   vertex -47.97076416015625 49.036727905273438 -41.759574890136719
   vertex -48.141189575195312 48.681388854980469 -41.930000305175781
  endloop
 endfacet
 facet normal 0.62866487902625834 -0.60303235932103305 0.49105238365230292
  outer loop
   vertex -47.97076416015625 48.859058380126953 -41.930000305175781
   vertex -48.141189575195312 48.681388854980469 -41.930000305175781
   vertex -47.97076416015625 48.681388854980469 -42.148185729980469
  endloop
 endfacet
 facet normal 0.57059874001226851 -0.56121638278492536 0.59954420153164323
  outer loop
   vertex -47.97076416015625 49.036727905273438 -41.759574890136719
   vertex -48.165058135986328 49.036727905273438 -41.574661254882812
   vertex -48.141189575195312 48.681388854980469 -41.930000305175781
  endloop
 endfacet
 facet normal 0.66739523515044552 -0.50369287904964932 0.54852263735707107
  outer loop
   vertex -48.141189575195312 48.681388854980469 -41.930000305175781
   vertex -48.165058135986328 49.036727905273438 -41.574661254882812
   vertex -48.326103210449219 48.681388854980469 -41.705013275146484
  endloop
 endfacet
 facet normal 0.6317884855694782 -0.5755123660971716 0.51925795706090117
  outer loop
   vertex -48.141189575195312 48.681388854980469 -41.930000305175781
   vertex -48.326103210449219 48.681388854980469 -41.705013275146484
   vertex -48.326103210449219 48.4783935546875 -41.930000305175781
  endloop
 endfacet
 facet normal 0.65390920960577525 -0.50351259601887777 0.56469266972671139
  outer loop
   vertex -48.165058135986328 49.036727905273438 -41.574661254882812
   vertex -48.326103210449219 48.827579498291016 -41.574661254882812
   vertex -48.326103210449219 48.681388854980469 -41.705013275146484
  endloop
 endfacet
 facet normal 0.69162043078146662 -0.57587103037525367 0.43592859059736183
  outer loop
   vertex -47.550498962402344 49.036727905273438 -42.28533935546875
   vertex -47.615425109863281 49.036727905273438 -42.182331085205078
   vertex -47.615425109863281 48.958751678466797 -42.28533935546875
  endloop
 endfacet
 facet normal 0.65664372103162627 -0.6013371407238558 0.45520618055535816
  outer loop
   vertex -47.615425109863281 48.958751678466797 -42.28533935546875
   vertex -47.615425109863281 49.036727905273438 -42.182331085205078
   vertex -47.869426727294922 48.681388854980469 -42.28533935546875
  endloop
 endfacet
 facet normal 0.69123324807167019 -0.63301332466203852 0.34855520016290309
  outer loop
   vertex -47.615425109863281 48.958751678466797 -42.28533935546875
   vertex -47.869426727294922 48.681388854980469 -42.28533935546875
   vertex -47.69024658203125 48.681388854980469 -42.640678405761719
  endloop
 endfacet
 facet normal 0.66604620094773725 -0.66602112957075355 0.33585460123152083
  outer loop
   vertex -47.69024658203125 48.681388854980469 -42.640678405761719
   vertex -47.869426727294922 48.681388854980469 -42.28533935546875
   vertex -47.97076416015625 48.580047607421875 -42.28533935546875
  endloop
 endfacet
 facet normal 0.68818020157755255 -0.62743031272573524 0.3643339303847023
  outer loop
   vertex -47.69024658203125 48.681388854980469 -42.640678405761719
   vertex -47.97076416015625 48.580047607421875 -42.28533935546875
   vertex -47.97076416015625 48.373710632324219 -42.640678405761719
  endloop
 endfacet
 facet normal 0.65411401585744944 -0.65411401585744944 0.37982852515007454
  outer loop
   vertex -47.97076416015625 48.373710632324219 -42.640678405761719
   vertex -47.97076416015625 48.580047607421875 -42.28533935546875
   vertex -48.018424987792969 48.3260498046875 -42.640678405761719
  endloop
 endfacet
 facet normal 0.58940896857424696 -0.58940896857424696 0.55244378494873536
  outer loop
   vertex -47.97076416015625 48.373710632324219 -42.640678405761719
   vertex -48.018424987792969 48.3260498046875 -42.640678405761719
   vertex -47.97076416015625 48.3260498046875 -42.6915283203125
  endloop
 endfacet
 facet normal 0.52365431079089542 -0.69633956242230821 0.49081297517040118
  outer loop
   vertex -47.97076416015625 48.3260498046875 -42.6915283203125
   vertex -48.018424987792969 48.3260498046875 -42.640678405761719
   vertex -48.157890319824219 47.970710754394531 -42.996017456054688
  endloop
 endfacet
 facet normal 0.37956632684402186 -0.70908852909614772 0.59424141679152487
  outer loop
   vertex -47.97076416015625 48.3260498046875 -42.6915283203125
   vertex -48.157890319824219 47.970710754394531 -42.996017456054688
   vertex -47.97076416015625 48.070877075195312 -42.996017456054688
  endloop
 endfacet
 facet normal 0.62866487902625834 -0.60303235932103305 0.49105238365230292
  outer loop
   vertex -47.800338745117188 49.036727905273438 -41.930000305175781
   vertex -47.97076416015625 48.859058380126953 -41.930000305175781
   vertex -47.97076416015625 48.681388854980469 -42.148185729980469
  endloop
 endfacet
 facet normal -0.65099848599421828 -0.74215039763851864 0.15941693297207857
  outer loop
   vertex -54.011528015136719 48.935386657714844 -41.930000305175781
   vertex -54.011528015136719 48.859058380126953 -42.28533935546875
   vertex -53.721965789794922 48.681388854980469 -41.930000305175781
  endloop
 endfacet
 facet normal -0.65475740457531229 -0.7376722552931908 0.16471910916605334
  outer loop
   vertex -53.721965789794922 48.681388854980469 -41.930000305175781
   vertex -54.011528015136719 48.859058380126953 -42.28533935546875
   vertex -53.811359405517578 48.681388854980469 -42.28533935546875
  endloop
 endfacet
 facet normal -0.60938831780561731 -0.77790957487459889 0.15330548405213992
  outer loop
   vertex -53.721965789794922 48.681388854980469 -41.930000305175781
   vertex -53.811359405517578 48.681388854980469 -42.28533935546875
   vertex -53.65618896484375 48.559833526611328 -42.28533935546875
  endloop
 endfacet
 facet normal -0.61462245050649256 -0.78459116332190804 0.081584004379345154
  outer loop
   vertex -53.65618896484375 48.559833526611328 -42.28533935546875
   vertex -53.811359405517578 48.681388854980469 -42.28533935546875
   vertex -53.65618896484375 48.522884368896484 -42.640678405761719
  endloop
 endfacet
 facet normal -0.39013944571538511 -0.91581798720800667 0.095229340033244805
  outer loop
   vertex -53.65618896484375 48.559833526611328 -42.28533935546875
   vertex -53.65618896484375 48.522884368896484 -42.640678405761719
   vertex -53.300849914550781 48.408458709716797 -42.28533935546875
  endloop
 endfacet
 facet normal -0.56716687738731253 -0.75752497940362395 0.32323000908681759
  outer loop
   vertex -53.300849914550781 48.408458709716797 -42.28533935546875
   vertex -53.65618896484375 48.522884368896484 -42.640678405761719
   vertex -53.300849914550781 48.3260498046875 -42.478473663330078
  endloop
 endfacet
 facet normal -0.46028212705955657 -0.81654641658243976 0.34841399667049411
  outer loop
   vertex -53.300849914550781 48.408458709716797 -42.28533935546875
   vertex -53.300849914550781 48.3260498046875 -42.478473663330078
   vertex -53.154655456542969 48.3260498046875 -42.28533935546875
  endloop
 endfacet
 facet normal -0.48394998745936341 -0.79472955320022542 0.36632956051655458
  outer loop
   vertex -53.154655456542969 48.3260498046875 -42.28533935546875
   vertex -53.300849914550781 48.3260498046875 -42.478473663330078
   vertex -53.300849914550781 48.25128173828125 -42.640678405761719
  endloop
 endfacet
 facet normal -0.51254498780839486 -0.77314674246362891 0.37355287455776759
  outer loop
   vertex -53.154655456542969 48.3260498046875 -42.28533935546875
   vertex -53.300849914550781 48.25128173828125 -42.640678405761719
   vertex -52.945510864257812 48.187400817871094 -42.28533935546875
  endloop
 endfacet
 facet normal -0.69910209141545188 -0.69907577574536917 0.1501643284690187
  outer loop
   vertex -54.011528015136719 48.935386657714844 -41.930000305175781
   vertex -54.112865447998047 49.036727905273438 -41.930000305175781
   vertex -54.011528015136719 48.859058380126953 -42.28533935546875
  endloop
 endfacet
 facet normal 0.73450134142852086 -0.59423298243071077 0.32771167515242128
  outer loop
   vertex -47.393798828125 49.036727905273438 -42.640678405761719
   vertex -47.615425109863281 48.958751678466797 -42.28533935546875
   vertex -47.615425109863281 48.762786865234375 -42.640678405761719
  endloop
 endfacet
 facet normal 0.68975101663627347 -0.63402270317292475 0.3496551828738198
  outer loop
   vertex -47.615425109863281 48.762786865234375 -42.640678405761719
   vertex -47.615425109863281 48.958751678466797 -42.28533935546875
   vertex -47.69024658203125 48.681388854980469 -42.640678405761719
  endloop
 endfacet
 facet normal 0.60973375512842054 -0.5604704223961402 0.56044415732175079
  outer loop
   vertex -47.615425109863281 48.762786865234375 -42.640678405761719
   vertex -47.69024658203125 48.681388854980469 -42.640678405761719
   vertex -47.615425109863281 48.681388854980469 -42.722080230712891
  endloop
 endfacet
 facet normal 0.61129223956393475 -0.55732972287955651 0.56187665714452484
  outer loop
   vertex -47.615425109863281 48.681388854980469 -42.722080230712891
   vertex -47.69024658203125 48.681388854980469 -42.640678405761719
   vertex -47.97076416015625 48.373710632324219 -42.640678405761719
  endloop
 endfacet
 facet normal 0.61913127287772474 -0.5729581067719145 0.5370246501131507
  outer loop
   vertex -47.615425109863281 48.681388854980469 -42.722080230712891
   vertex -47.97076416015625 48.373710632324219 -42.640678405761719
   vertex -47.97076416015625 48.3260498046875 -42.6915283203125
  endloop
 endfacet
 facet normal 0.72782440828617467 -0.60601592040656982 0.32096157856768098
  outer loop
   vertex -47.550498962402344 49.036727905273438 -42.28533935546875
   vertex -47.615425109863281 48.958751678466797 -42.28533935546875
   vertex -47.393798828125 49.036727905273438 -42.640678405761719
  endloop
 endfacet
 facet normal 0.77875912751286436 -0.41401367176467846 0.47130340642449348
  outer loop
   vertex -47.171611785888672 49.036727905273438 -42.996017456054688
   vertex -47.260086059570312 49.036727905273438 -42.849826812744141
   vertex -47.260086059570312 48.870307922363281 -42.996017456054688
  endloop
 endfacet
 facet normal 0.73493926120274 -0.4475466084999643 0.50947651129659588
  outer loop
   vertex -47.260086059570312 48.870307922363281 -42.996017456054688
   vertex -47.260086059570312 49.036727905273438 -42.849826812744141
   vertex -47.375129699707031 48.681388854980469 -42.996017456054688
  endloop
 endfacet
 facet normal 0.65809487788818732 -0.53241792758240836 0.53239297711951961
  outer loop
   vertex -47.393798828125 49.036727905273438 -42.640678405761719
   vertex -47.615425109863281 48.762786865234375 -42.640678405761719
   vertex -47.615425109863281 48.681388854980469 -42.722080230712891
  endloop
 endfacet
 facet normal -0.73316392670072061 -0.67890087482817285 -0.039550711021697493
  outer loop
   vertex -54.189197540283203 49.036727905273438 -42.640678405761719
   vertex -54.170028686523438 49.036727905273438 -42.996017456054688
   vertex -54.011528015136719 48.865558624267578 -42.996017456054688
  endloop
 endfacet
 facet normal -0.72235939734836063 -0.6688960121197296 -0.17542812212651629
  outer loop
   vertex -54.011528015136719 48.865558624267578 -42.996017456054688
   vertex -54.170028686523438 49.036727905273438 -42.996017456054688
   vertex -54.011528015136719 48.958751678466797 -43.351356506347656
  endloop
 endfacet
 facet normal -0.70805100244650232 -0.68306044944894972 -0.17914296060158713
  outer loop
   vertex -54.011528015136719 48.865558624267578 -42.996017456054688
   vertex -54.011528015136719 48.958751678466797 -43.351356506347656
   vertex -53.833858489990234 48.681388854980469 -42.996017456054688
  endloop
 endfacet
 facet normal -0.72839817081530422 -0.6670479886085221 -0.15647071817513941
  outer loop
   vertex -53.833858489990234 48.681388854980469 -42.996017456054688
   vertex -54.011528015136719 48.958751678466797 -43.351356506347656
   vertex -53.757526397705078 48.681388854980469 -43.351356506347656
  endloop
 endfacet
 facet normal -0.69910071004692598 -0.69907439442884101 -0.15017718956563597
  outer loop
   vertex -53.833858489990234 48.681388854980469 -42.996017456054688
   vertex -53.757526397705078 48.681388854980469 -43.351356506347656
   vertex -53.65618896484375 48.580047607421875 -43.351356506347656
  endloop
 endfacet
 facet normal -0.62673946349675103 -0.6267158717078668 -0.46306032117344431
  outer loop
   vertex -53.65618896484375 48.580047607421875 -43.351356506347656
   vertex -53.757526397705078 48.681388854980469 -43.351356506347656
   vertex -53.65618896484375 48.681388854980469 -43.488513946533203
  endloop
 endfacet
 facet normal -0.60547423483792917 -0.64009584743322179 -0.47294635747214486
  outer loop
   vertex -53.65618896484375 48.580047607421875 -43.351356506347656
   vertex -53.65618896484375 48.681388854980469 -43.488513946533203
   vertex -53.485763549804688 48.681388854980469 -43.706695556640625
  endloop
 endfacet
 facet normal -0.62866222858714704 -0.60302981694813484 -0.49105889893101462
  outer loop
   vertex -53.485763549804688 48.681388854980469 -43.706695556640625
   vertex -53.65618896484375 48.681388854980469 -43.488513946533203
   vertex -53.65618896484375 48.859058380126953 -43.706695556640625
  endloop
 endfacet
 facet normal -0.6107390156493141 -0.58583738621897485 -0.53272170189680323
  outer loop
   vertex -53.485763549804688 48.681388854980469 -43.706695556640625
   vertex -53.65618896484375 48.859058380126953 -43.706695556640625
   vertex -53.300849914550781 48.811737060546875 -44.062034606933594
  endloop
 endfacet
 facet normal -0.63647140402650226 -0.52309791181384657 -0.56680925055306408
  outer loop
   vertex -53.300849914550781 48.811737060546875 -44.062034606933594
   vertex -53.65618896484375 48.859058380126953 -43.706695556640625
   vertex -53.485763549804688 49.036727905273438 -44.062034606933594
  endloop
 endfacet
 facet normal 0.87720848391086759 -0.4663525504823901 0.11410773161082106
  outer loop
   vertex -47.171611785888672 49.036727905273438 -42.996017456054688
   vertex -47.260086059570312 48.870307922363281 -42.996017456054688
   vertex -47.125389099121094 49.036727905273438 -43.351356506347656
  endloop
 endfacet
 facet normal -0.75321428029402016 -0.62715655058970809 -0.19835047016223634
  outer loop
   vertex -54.170028686523438 49.036727905273438 -42.996017456054688
   vertex -54.076454162597656 49.036727905273438 -43.351356506347656
   vertex -54.011528015136719 48.958751678466797 -43.351356506347656
  endloop
 endfacet
 facet normal 0.45252701300775405 -0.27858957036601667 -0.8471169658208707
  outer loop
   vertex -47.260086059570312 48.718338012695312 -43.351356506347656
   vertex -47.282833099365234 48.681388854980469 -43.351356506347656
   vertex -47.615425109863281 48.681388854980469 -43.529026031494141
  endloop
 endfacet
 facet normal 0.44841959110999324 -0.30705131605419206 -0.83942799549344027
  outer loop
   vertex -47.615425109863281 48.681388854980469 -43.529026031494141
   vertex -47.282833099365234 48.681388854980469 -43.351356506347656
   vertex -47.615425109863281 48.3260498046875 -43.3990478515625
  endloop
 endfacet
 facet normal 0.17271201501192399 -0.33836341349478416 -0.92503014020013341
  outer loop
   vertex -47.615425109863281 48.681388854980469 -43.529026031494141
   vertex -47.615425109863281 48.3260498046875 -43.3990478515625
   vertex -47.97076416015625 48.3260498046875 -43.46539306640625
  endloop
 endfacet
 facet normal 0.13374486086911597 -0.68482846982046897 -0.71632553990099768
  outer loop
   vertex -47.97076416015625 48.3260498046875 -43.46539306640625
   vertex -47.615425109863281 48.3260498046875 -43.3990478515625
   vertex -47.615425109863281 48.276165008544922 -43.351356506347656
  endloop
 endfacet
 facet normal 0.1524202577075566 -0.63859789526644606 -0.75429489803499739
  outer loop
   vertex -47.97076416015625 48.3260498046875 -43.46539306640625
   vertex -47.615425109863281 48.276165008544922 -43.351356506347656
   vertex -47.97076416015625 48.191352844238281 -43.351356506347656
  endloop
 endfacet
 facet normal 0.2318698179174028 -0.97146914671911444 0.049840591005589352
  outer loop
   vertex -47.97076416015625 48.191352844238281 -43.351356506347656
   vertex -47.615425109863281 48.276165008544922 -43.351356506347656
   vertex -47.615425109863281 48.294395446777344 -42.996017456054688
  endloop
 endfacet
 facet normal 0.44408007489810547 -0.38854893664794632 -0.80735531887034928
  outer loop
   vertex -47.260086059570312 48.718338012695312 -43.351356506347656
   vertex -47.615425109863281 48.681388854980469 -43.529026031494141
   vertex -47.260086059570312 49.036727905273438 -43.504585266113281
  endloop
 endfacet
 facet normal 0.35715824451071376 -0.41449827887930912 -0.83703594019857708
  outer loop
   vertex -47.97076416015625 48.847805023193359 -43.706695556640625
   vertex -47.751510620117188 49.036727905273438 -43.706695556640625
   vertex -47.97076416015625 48.681388854980469 -43.624286651611328
  endloop
 endfacet
 facet normal 0.37721701981839351 -0.423736241740574 -0.82350161954601131
  outer loop
   vertex -47.97076416015625 48.681388854980469 -43.624286651611328
   vertex -47.751510620117188 49.036727905273438 -43.706695556640625
   vertex -47.615425109863281 49.036727905273438 -43.644359588623047
  endloop
 endfacet
 facet normal 0.33393241092367321 -0.41829388028275183 -0.84470076041915698
  outer loop
   vertex -47.97076416015625 48.847805023193359 -43.706695556640625
   vertex -47.97076416015625 48.681388854980469 -43.624286651611328
   vertex -48.179222106933594 48.681388854980469 -43.706695556640625
  endloop
 endfacet
 facet normal 0.31288548068052313 -0.52506340159279841 -0.79146137005359751
  outer loop
   vertex -48.179222106933594 48.681388854980469 -43.706695556640625
   vertex -47.97076416015625 48.681388854980469 -43.624286651611328
   vertex -48.326103210449219 48.3260498046875 -43.529026031494141
  endloop
 endfacet
 facet normal -0.64969366486446312 -0.58947360032717211 -0.48001980829159957
  outer loop
   vertex -53.65618896484375 48.681388854980469 -43.488513946533203
   vertex -53.757526397705078 48.681388854980469 -43.351356506347656
   vertex -53.65618896484375 48.859058380126953 -43.706695556640625
  endloop
 endfacet
 facet normal -0.64673828318075977 -0.59226599988434558 -0.48057317699742652
  outer loop
   vertex -53.65618896484375 48.859058380126953 -43.706695556640625
   vertex -53.757526397705078 48.681388854980469 -43.351356506347656
   vertex -54.011528015136719 48.958751678466797 -43.351356506347656
  endloop
 endfacet
 facet normal -0.65218489538445912 -0.53603716266329948 -0.53602147576029213
  outer loop
   vertex -53.300849914550781 48.811737060546875 -44.062034606933594
   vertex -53.300849914550781 48.681388854980469 -43.931682586669922
   vertex -53.485763549804688 48.681388854980469 -43.706695556640625
  endloop
 endfacet
 facet normal -0.62242406011497831 -0.5923623491187312 -0.51156146916721978
  outer loop
   vertex -53.485763549804688 48.681388854980469 -43.706695556640625
   vertex -53.300849914550781 48.681388854980469 -43.931682586669922
   vertex -53.300849914550781 48.487091064453125 -43.706695556640625
  endloop
 endfacet
 facet normal -0.63631170722741637 -0.60557925346805241 -0.47789243456494185
  outer loop
   vertex -53.485763549804688 48.681388854980469 -43.706695556640625
   vertex -53.300849914550781 48.487091064453125 -43.706695556640625
   vertex -53.65618896484375 48.580047607421875 -43.351356506347656
  endloop
 endfacet
 facet normal -0.60827167177826813 -0.6642351504114784 -0.43450804166311086
  outer loop
   vertex -53.65618896484375 48.580047607421875 -43.351356506347656
   vertex -53.300849914550781 48.487091064453125 -43.706695556640625
   vertex -53.378822326660156 48.3260498046875 -43.351356506347656
  endloop
 endfacet
 facet normal 0.46264210873742317 -0.54942868539172718 -0.69576605183905671
  outer loop
   vertex -48.769584655761719 49.036727905273438 -44.062034606933594
   vertex -49.036781311035156 48.811737060546875 -44.062034606933594
   vertex -49.036781311035156 49.036727905273438 -44.239704132080078
  endloop
 endfacet
 facet normal 0.65796529599643039 -0.43072156322075822 -0.61770592051638606
  outer loop
   vertex -49.392120361328125 48.902854919433594 -44.417373657226562
   vertex -49.392120361328125 48.681388854980469 -44.262947082519531
   vertex -49.537097930908203 48.681388854980469 -44.417373657226562
  endloop
 endfacet
 facet normal 0.64324540504862493 -0.47069756277322466 -0.6038867056685191
  outer loop
   vertex -49.537097930908203 48.681388854980469 -44.417373657226562
   vertex -49.392120361328125 48.681388854980469 -44.262947082519531
   vertex -49.392120361328125 48.423625946044922 -44.062034606933594
  endloop
 endfacet
 facet normal 0.65932212393675949 -0.45466136065211704 -0.59881331315985775
  outer loop
   vertex -49.537097930908203 48.681388854980469 -44.417373657226562
   vertex -49.392120361328125 48.423625946044922 -44.062034606933594
   vertex -49.459407806396484 48.3260498046875 -44.062034606933594
  endloop
 endfacet
 facet normal 0.67111957514133891 -0.46279675460018288 -0.57915255312710745
  outer loop
   vertex -49.459407806396484 48.3260498046875 -44.062034606933594
   vertex -49.392120361328125 48.423625946044922 -44.062034606933594
   vertex -49.392120361328125 48.3260498046875 -43.984062194824219
  endloop
 endfacet
 facet normal 0.66806315292621876 -0.47044884407571752 -0.57651496841808081
  outer loop
   vertex -49.459407806396484 48.3260498046875 -44.062034606933594
   vertex -49.392120361328125 48.3260498046875 -43.984062194824219
   vertex -49.392120361328125 47.986148834228516 -43.706695556640625
  endloop
 endfacet
 facet normal -0.72143272453507223 -0.48966050686669776 -0.48966050686669776
  outer loop
   vertex -53.300849914550781 49.036727905273438 -44.287021636962891
   vertex -53.212375640869141 49.036727905273438 -44.417373657226562
   vertex -53.212375640869141 48.681388854980469 -44.062034606933594
  endloop
 endfacet
 facet normal -0.81538630160745562 -0.40935631126862765 -0.40935631126862765
  outer loop
   vertex -53.212375640869141 48.681388854980469 -44.062034606933594
   vertex -53.212375640869141 49.036727905273438 -44.417373657226562
   vertex -53.033981323242188 48.681388854980469 -44.417373657226562
  endloop
 endfacet
 facet normal -0.7968173016604575 -0.45283003218464452 -0.40003393571821033
  outer loop
   vertex -53.212375640869141 48.681388854980469 -44.062034606933594
   vertex -53.033981323242188 48.681388854980469 -44.417373657226562
   vertex -53.01043701171875 48.3260498046875 -44.062034606933594
  endloop
 endfacet
 facet normal -0.73806692510159788 -0.50092909563537091 -0.45202572406556885
  outer loop
   vertex -53.01043701171875 48.3260498046875 -44.062034606933594
   vertex -53.033981323242188 48.681388854980469 -44.417373657226562
   vertex -52.945510864257812 48.551036834716797 -44.417373657226562
  endloop
 endfacet
 facet normal 0.63759932406339881 -0.41738945692141161 -0.64749760092586139
  outer loop
   vertex -49.392120361328125 48.902854919433594 -44.417373657226562
   vertex -49.537097930908203 48.681388854980469 -44.417373657226562
   vertex -49.747459411621094 48.681388854980469 -44.624519348144531
  endloop
 endfacet
 facet normal 0.68034581126724369 -0.24449157719927811 -0.69090769699701959
  outer loop
   vertex -49.747459411621094 48.681388854980469 -44.624519348144531
   vertex -49.537097930908203 48.681388854980469 -44.417373657226562
   vertex -49.747459411621094 48.3260498046875 -44.498775482177734
  endloop
 endfacet
 facet normal -0.61665634981163941 -0.4893437862341054 -0.61666652666660549
  outer loop
   vertex -52.945510864257812 48.681388854980469 -44.54156494140625
   vertex -52.945510864257812 48.972679138183594 -44.772712707519531
   vertex -52.714359283447266 48.681388854980469 -44.772712707519531
  endloop
 endfacet
 facet normal -0.56088000206938404 -0.44508281463324156 -0.69807944490351481
  outer loop
   vertex -52.714359283447266 48.681388854980469 -44.772712707519531
   vertex -52.945510864257812 48.972679138183594 -44.772712707519531
   vertex -52.945510864257812 49.036727905273438 -44.813549041748047
  endloop
 endfacet
 facet normal -0.73982251836591417 -0.4182138501605851 -0.52702923718952832
  outer loop
   vertex -52.945510864257812 48.972679138183594 -44.772712707519531
   vertex -52.945510864257812 48.681388854980469 -44.54156494140625
   vertex -53.033981323242188 48.681388854980469 -44.417373657226562
  endloop
 endfacet
 facet normal -0.71281179764493507 -0.48378833545934669 -0.50778754180431673
  outer loop
   vertex -53.033981323242188 48.681388854980469 -44.417373657226562
   vertex -52.945510864257812 48.681388854980469 -44.54156494140625
   vertex -52.945510864257812 48.551036834716797 -44.417373657226562
  endloop
 endfacet
 facet normal -0.70676576610975494 -0.45062105575967404 -0.54536484664977081
  outer loop
   vertex -52.945510864257812 48.972679138183594 -44.772712707519531
   vertex -53.033981323242188 48.681388854980469 -44.417373657226562
   vertex -52.986347198486328 49.036727905273438 -44.772712707519531
  endloop
 endfacet
 facet normal -0.77693315907171867 -0.39005130632301577 -0.49420121890840013
  outer loop
   vertex -52.986347198486328 49.036727905273438 -44.772712707519531
   vertex -53.033981323242188 48.681388854980469 -44.417373657226562
   vertex -53.212375640869141 49.036727905273438 -44.417373657226562
  endloop
 endfacet
 facet normal 0.7706112787860977 -0.041099268201925207 -0.63597885747949323
  outer loop
   vertex -49.863445281982422 49.036727905273438 -44.772712707519531
   vertex -49.882396697998047 48.681388854980469 -44.772712707519531
   vertex -50.102798461914062 48.681388854980469 -45.039772033691406
  endloop
 endfacet
 facet normal 0.72923740528029513 -0.32559087629039668 -0.60183335568620167
  outer loop
   vertex -50.102798461914062 48.681388854980469 -45.039772033691406
   vertex -49.882396697998047 48.681388854980469 -44.772712707519531
   vertex -50.102798461914062 48.3260498046875 -44.8475341796875
  endloop
 endfacet
 facet normal 0.20281862406285356 -0.46593917491901177 -0.86125797006996763
  outer loop
   vertex -50.102798461914062 48.681388854980469 -45.039772033691406
   vertex -50.102798461914062 48.3260498046875 -44.8475341796875
   vertex -50.458137512207031 48.3260498046875 -44.93121337890625
  endloop
 endfacet
 facet normal 0.16751806409482486 -0.68257613515106341 -0.71135611189063352
  outer loop
   vertex -50.458137512207031 48.3260498046875 -44.93121337890625
   vertex -50.102798461914062 48.3260498046875 -44.8475341796875
   vertex -50.102798461914062 48.248073577880859 -44.772712707519531
  endloop
 endfacet
 facet normal 0.17542812212651629 -0.6688960121197296 -0.72235939734836063
  outer loop
   vertex -50.458137512207031 48.3260498046875 -44.93121337890625
   vertex -50.102798461914062 48.248073577880859 -44.772712707519531
   vertex -50.458137512207031 48.154880523681641 -44.772712707519531
  endloop
 endfacet
 facet normal -0.22736420744252545 -0.47966098567827925 -0.84748501815204613
  outer loop
   vertex -50.8134765625 48.681388854980469 -45.067745208740234
   vertex -50.8134765625 48.787940979003906 -45.1280517578125
   vertex -50.588687896728516 48.681388854980469 -45.1280517578125
  endloop
 endfacet
 facet normal -0.20866696401003729 -0.44021617457466228 -0.8733085467197057
  outer loop
   vertex -50.588687896728516 48.681388854980469 -45.1280517578125
   vertex -50.8134765625 48.787940979003906 -45.1280517578125
   vertex -50.8134765625 49.036727905273438 -45.253459930419922
  endloop
 endfacet
 facet normal -0.10239467995518234 -0.51161639424047822 -0.85309084783582523
  outer loop
   vertex -51.168815612792969 48.859058380126953 -45.1280517578125
   vertex -50.8134765625 48.787940979003906 -45.1280517578125
   vertex -51.168815612792969 48.681388854980469 -45.021499633789062
  endloop
 endfacet
 facet normal -0.11254267032545763 -0.48943197154864976 -0.86474880316888381
  outer loop
   vertex -51.168815612792969 48.681388854980469 -45.021499633789062
   vertex -50.8134765625 48.787940979003906 -45.1280517578125
   vertex -50.8134765625 48.681388854980469 -45.067745208740234
  endloop
 endfacet
 facet normal -0.12546244203624468 -0.23435593499222643 -0.96402099114709172
  outer loop
   vertex -51.168815612792969 48.681388854980469 -45.021499633789062
   vertex -50.8134765625 48.681388854980469 -45.067745208740234
   vertex -51.168815612792969 48.3260498046875 -44.935115814208984
  endloop
 endfacet
 facet normal 0.056323253339554367 -0.3980766341614787 -0.91562147444668229
  outer loop
   vertex -51.168815612792969 48.3260498046875 -44.935115814208984
   vertex -50.8134765625 48.681388854980469 -45.067745208740234
   vertex -50.8134765625 48.3260498046875 -44.913257598876953
  endloop
 endfacet
 facet normal 0.058566321863875788 -0.30017028629987857 -0.95208601773473467
  outer loop
   vertex -51.168815612792969 48.3260498046875 -44.935115814208984
   vertex -50.8134765625 48.3260498046875 -44.913257598876953
   vertex -51.168815612792969 47.970710754394531 -44.823085784912109
  endloop
 endfacet
 facet normal 0.31393190636777957 -0.51615280258703522 -0.79688960499296302
  outer loop
   vertex -51.168815612792969 47.970710754394531 -44.823085784912109
   vertex -50.8134765625 48.3260498046875 -44.913257598876953
   vertex -50.8134765625 48.109062194824219 -44.772712707519531
  endloop
 endfacet
 facet normal -0 -0.51431973529565989 -0.85759851322480873
  outer loop
   vertex -51.524154663085938 48.859058380126953 -45.1280517578125
   vertex -51.168815612792969 48.859058380126953 -45.1280517578125
   vertex -51.524154663085938 48.681388854980469 -45.021499633789062
  endloop
 endfacet
 facet normal 0 -0.51431973529565989 -0.85759851322480873
  outer loop
   vertex -51.524154663085938 48.681388854980469 -45.021499633789062
   vertex -51.168815612792969 48.859058380126953 -45.1280517578125
   vertex -51.168815612792969 48.681388854980469 -45.021499633789062
  endloop
 endfacet
 facet normal -0 -0.19624771608187738 -0.98055435032059635
  outer loop
   vertex -51.524154663085938 48.681388854980469 -45.021499633789062
   vertex -51.168815612792969 48.681388854980469 -45.021499633789062
   vertex -51.524154663085938 48.3260498046875 -44.950382232666016
  endloop
 endfacet
 facet normal 0.041710736743691468 -0.23601689994025318 -0.97085335524109451
  outer loop
   vertex -51.524154663085938 48.3260498046875 -44.950382232666016
   vertex -51.168815612792969 48.681388854980469 -45.021499633789062
   vertex -51.168815612792969 48.3260498046875 -44.935115814208984
  endloop
 endfacet
 facet normal 0.04209018747622275 -0.19607380437761637 -0.97968539815346056
  outer loop
   vertex -51.524154663085938 48.3260498046875 -44.950382232666016
   vertex -51.168815612792969 48.3260498046875 -44.935115814208984
   vertex -51.524154663085938 47.970710754394531 -44.879264831542969
  endloop
 endfacet
 facet normal 0.14909806777194856 -0.29732546033316937 -0.94306274278244095
  outer loop
   vertex -51.524154663085938 47.970710754394531 -44.879264831542969
   vertex -51.168815612792969 48.3260498046875 -44.935115814208984
   vertex -51.168815612792969 47.970710754394531 -44.823085784912109
  endloop
 endfacet
 facet normal -0 -0.51431973529565989 -0.85759851322480873
  outer loop
   vertex -51.524154663085938 48.859058380126953 -45.1280517578125
   vertex -51.524154663085938 48.681388854980469 -45.021499633789062
   vertex -51.879493713378906 48.681388854980469 -45.021499633789062
  endloop
 endfacet
 facet normal -0 -0.23622247762217052 -0.9716989971519181
  outer loop
   vertex -51.879493713378906 48.681388854980469 -45.021499633789062
   vertex -51.524154663085938 48.681388854980469 -45.021499633789062
   vertex -51.879493713378906 48.3260498046875 -44.935115814208984
  endloop
 endfacet
 facet normal -0.23604500659202129 -0.22954733205687203 -0.94424084703456079
  outer loop
   vertex -51.879493713378906 48.681388854980469 -45.021499633789062
   vertex -51.879493713378906 48.3260498046875 -44.935115814208984
   vertex -52.234832763671875 48.3260498046875 -44.846286773681641
  endloop
 endfacet
 facet normal -0.23191524950794407 -0.29248849298073099 -0.927720754602121
  outer loop
   vertex -52.234832763671875 48.3260498046875 -44.846286773681641
   vertex -51.879493713378906 48.3260498046875 -44.935115814208984
   vertex -51.879493713378906 47.970710754394531 -44.823085784912109
  endloop
 endfacet
 facet normal -0.43423623634288649 -0.4838470079623497 -0.75982298197188447
  outer loop
   vertex -52.234832763671875 48.3260498046875 -44.846286773681641
   vertex -51.879493713378906 47.970710754394531 -44.823085784912109
   vertex -51.967636108398438 47.970710754394531 -44.772712707519531
  endloop
 endfacet
 facet normal -0.64462345580496305 -0.41100024385897133 -0.64462345580496305
  outer loop
   vertex -52.986347198486328 49.036727905273438 -44.772712707519531
   vertex -52.945510864257812 49.036727905273438 -44.813549041748047
   vertex -52.945510864257812 48.972679138183594 -44.772712707519531
  endloop
 endfacet
 facet normal -0.04733206599139398 -0.4496203870955171 -0.89196478800290302
  outer loop
   vertex -50.8134765625 49.036727905273438 -45.253459930419922
   vertex -50.8134765625 48.787940979003906 -45.1280517578125
   vertex -51.168815612792969 49.036727905273438 -45.234603881835938
  endloop
 endfacet
 facet normal -0.10239467995518234 -0.51161639424047822 -0.85309084783582523
  outer loop
   vertex -51.168815612792969 49.036727905273438 -45.234603881835938
   vertex -50.8134765625 48.787940979003906 -45.1280517578125
   vertex -51.168815612792969 48.859058380126953 -45.1280517578125
  endloop
 endfacet
 facet normal 0 -0.51431973529565989 -0.85759851322480873
  outer loop
   vertex -51.168815612792969 49.036727905273438 -45.234603881835938
   vertex -51.168815612792969 48.859058380126953 -45.1280517578125
   vertex -51.524154663085938 49.036727905273438 -45.234603881835938
  endloop
 endfacet
 facet normal -0 -0.51431973529565989 -0.85759851322480873
  outer loop
   vertex -51.524154663085938 49.036727905273438 -45.234603881835938
   vertex -51.168815612792969 48.859058380126953 -45.1280517578125
   vertex -51.524154663085938 48.859058380126953 -45.1280517578125
  endloop
 endfacet
 facet normal 0.28061969420673522 -0.45151772086826208 0.84698543964182071
  outer loop
   vertex -49.747459411621094 48.681388854980469 -40.738574981689453
   vertex -49.940685272216797 48.3260498046875 -40.863983154296875
   vertex -49.747459411621094 48.446140289306641 -40.863983154296875
  endloop
 endfacet
 facet normal 0.31207842092099142 -0.50213488310126675 0.80651572729137644
  outer loop
   vertex -49.747459411621094 48.446140289306641 -40.863983154296875
   vertex -49.940685272216797 48.3260498046875 -40.863983154296875
   vertex -49.747459411621094 48.3260498046875 -40.938751220703125
  endloop
 endfacet
 facet normal 0.25175441672961002 -0.51150829035883139 0.82157104534624348
  outer loop
   vertex -49.747459411621094 48.446140289306641 -40.863983154296875
   vertex -49.747459411621094 48.3260498046875 -40.938751220703125
   vertex -49.392120361328125 48.3260498046875 -41.047637939453125
  endloop
 endfacet
 facet normal 0.24620461613471362 -0.54206590180024095 0.80345992127762655
  outer loop
   vertex -49.392120361328125 48.3260498046875 -41.047637939453125
   vertex -49.747459411621094 48.3260498046875 -40.938751220703125
   vertex -49.747459411621094 47.970710754394531 -41.178485870361328
  endloop
 endfacet
 facet normal 0.37745376284411264 -0.6280406370808439 0.68050981998051141
  outer loop
   vertex -49.392120361328125 48.3260498046875 -41.047637939453125
   vertex -49.747459411621094 47.970710754394531 -41.178485870361328
   vertex -49.673835754394531 47.970710754394531 -41.219322204589844
  endloop
 endfacet
 facet normal 0.36512727177251486 -0.65828644046796236 0.65828644046796236
  outer loop
   vertex -49.673835754394531 47.970710754394531 -41.219322204589844
   vertex -49.747459411621094 47.970710754394531 -41.178485870361328
   vertex -49.747459411621094 47.929874420166016 -41.219322204589844
  endloop
 endfacet
 facet normal 0.40420379622214192 -0.72873734395958323 0.55277588102081776
  outer loop
   vertex -49.673835754394531 47.970710754394531 -41.219322204589844
   vertex -49.747459411621094 47.929874420166016 -41.219322204589844
   vertex -49.392120361328125 47.970710754394531 -41.425319671630859
  endloop
 endfacet
 facet normal 0.38131545258949096 -0.77487650252534468 0.50414772780461969
  outer loop
   vertex -49.392120361328125 47.970710754394531 -41.425319671630859
   vertex -49.747459411621094 47.929874420166016 -41.219322204589844
   vertex -49.392120361328125 47.873546600341797 -41.574661254882812
  endloop
 endfacet
 facet normal 0.41670474847707661 -0.76196551608966445 0.49574762216965551
  outer loop
   vertex -49.392120361328125 47.970710754394531 -41.425319671630859
   vertex -49.392120361328125 47.873546600341797 -41.574661254882812
   vertex -49.214450836181641 47.970710754394531 -41.574661254882812
  endloop
 endfacet
 facet normal 0.43259670901788244 -0.79102476237712993 0.43259670901788244
  outer loop
   vertex -49.214450836181641 47.970710754394531 -41.574661254882812
   vertex -49.392120361328125 47.873546600341797 -41.574661254882812
   vertex -49.036781311035156 47.970710754394531 -41.752330780029297
  endloop
 endfacet
 facet normal 0.43259670901788244 -0.79102476237712993 0.43259670901788244
  outer loop
   vertex -49.214450836181641 47.970710754394531 -41.574661254882812
   vertex -49.036781311035156 47.970710754394531 -41.752330780029297
   vertex -49.036781311035156 48.067874908447266 -41.574661254882812
  endloop
 endfacet
 facet normal 0.47667480739415896 -0.77127709305231329 0.42179707648170633
  outer loop
   vertex -49.036781311035156 48.067874908447266 -41.574661254882812
   vertex -49.036781311035156 47.970710754394531 -41.752330780029297
   vertex -48.879566192626953 47.970710754394531 -41.930000305175781
  endloop
 endfacet
 facet normal 0.51734811896712074 -0.73929039083217363 0.43104598574211744
  outer loop
   vertex -49.036781311035156 48.067874908447266 -41.574661254882812
   vertex -48.879566192626953 47.970710754394531 -41.930000305175781
   vertex -48.681442260742188 48.109355926513672 -41.930000305175781
  endloop
 endfacet
 facet normal 0.52345267769041803 -0.74801380440795817 0.40801059132559792
  outer loop
   vertex -48.681442260742188 48.109355926513672 -41.930000305175781
   vertex -48.879566192626953 47.970710754394531 -41.930000305175781
   vertex -48.681442260742188 47.970710754394531 -42.184181213378906
  endloop
 endfacet
 facet normal 0.13761595655803777 -0.32488415204062887 0.93568805499132968
  outer loop
   vertex -50.102798461914062 48.681388854980469 -40.686313629150391
   vertex -50.458137512207031 48.681388854980469 -40.634052276611328
   vertex -50.458137512207031 48.3260498046875 -40.757431030273438
  endloop
 endfacet
 facet normal -0.12202601387110827 -0.32555368857817824 0.93761636493390543
  outer loop
   vertex -50.458137512207031 48.3260498046875 -40.757431030273438
   vertex -50.458137512207031 48.681388854980469 -40.634052276611328
   vertex -50.8134765625 48.3260498046875 -40.803676605224609
  endloop
 endfacet
 facet normal -0.10590576426516207 -0.57148122131376877 0.81375253165881778
  outer loop
   vertex -50.458137512207031 48.3260498046875 -40.757431030273438
   vertex -50.8134765625 48.3260498046875 -40.803676605224609
   vertex -50.8134765625 48.240177154541016 -40.863983154296875
  endloop
 endfacet
 facet normal -0.26764139278799715 -0.55374696233401299 0.78850008660262938
  outer loop
   vertex -50.8134765625 48.240177154541016 -40.863983154296875
   vertex -50.8134765625 48.3260498046875 -40.803676605224609
   vertex -50.991146087646484 48.3260498046875 -40.863983154296875
  endloop
 endfacet
 facet normal -0.27417187054572484 -0.56725844567842987 0.77656142140074813
  outer loop
   vertex -50.8134765625 48.240177154541016 -40.863983154296875
   vertex -50.991146087646484 48.3260498046875 -40.863983154296875
   vertex -50.8134765625 47.970710754394531 -41.060821533203125
  endloop
 endfacet
 facet normal 0.12264592540355632 -0.31125336475837778 0.94237960499391826
  outer loop
   vertex -50.102798461914062 48.681388854980469 -40.686313629150391
   vertex -50.458137512207031 48.3260498046875 -40.757431030273438
   vertex -50.102798461914062 48.3260498046875 -40.803676605224609
  endloop
 endfacet
 facet normal 0.10476631557841039 -0.58395493179173785 0.80499730232854305
  outer loop
   vertex -50.102798461914062 48.3260498046875 -40.803676605224609
   vertex -50.458137512207031 48.3260498046875 -40.757431030273438
   vertex -50.458137512207031 48.179164886474609 -40.863983154296875
  endloop
 endfacet
 facet normal 0.098202202560759413 -0.57193542381735274 0.81439928683360285
  outer loop
   vertex -50.102798461914062 48.3260498046875 -40.803676605224609
   vertex -50.458137512207031 48.179164886474609 -40.863983154296875
   vertex -50.102798461914062 48.240177154541016 -40.863983154296875
  endloop
 endfacet
 facet normal 0.10300384806733377 -0.59990049065100293 0.79341641563557752
  outer loop
   vertex -50.102798461914062 48.240177154541016 -40.863983154296875
   vertex -50.458137512207031 48.179164886474609 -40.863983154296875
   vertex -50.102798461914062 47.970710754394531 -41.067726135253906
  endloop
 endfacet
 facet normal -0.33408176869334688 -0.51840906444191293 0.78717305195946952
  outer loop
   vertex -51.524154663085938 48.681388854980469 -40.813610076904297
   vertex -51.642845153808594 48.681388854980469 -40.863983154296875
   vertex -51.524154663085938 48.604900360107422 -40.863983154296875
  endloop
 endfacet
 facet normal 0.48846193740747468 -0.48846825612238476 0.72305165684402695
  outer loop
   vertex -48.681442260742188 48.681388854980469 -41.178485870361328
   vertex -48.976337432861328 48.3260498046875 -41.219322204589844
   vertex -48.681442260742188 48.620941162109375 -41.219322204589844
  endloop
 endfacet
 facet normal 0.57734777966657747 -0.57735524820351813 0.57734777966657747
  outer loop
   vertex -48.681442260742188 48.620941162109375 -41.219322204589844
   vertex -48.976337432861328 48.3260498046875 -41.219322204589844
   vertex -48.681442260742188 48.3260498046875 -41.514217376708984
  endloop
 endfacet
 facet normal -0.43988770201277938 -0.51616900090843998 0.73489344269703416
  outer loop
   vertex -51.879493713378906 48.375919342041016 -41.219322204589844
   vertex -51.820976257324219 48.3260498046875 -41.219322204589844
   vertex -51.524154663085938 48.3260498046875 -41.041652679443359
  endloop
 endfacet
 facet normal -0.48610265178082857 -0.32279199049682156 0.81210192882589949
  outer loop
   vertex -51.524154663085938 48.3260498046875 -41.041652679443359
   vertex -51.820976257324219 48.3260498046875 -41.219322204589844
   vertex -51.524154663085938 47.970710754394531 -41.182891845703125
  endloop
 endfacet
 facet normal -0.43128486075470712 -0.56387999975932501 0.70429589999886866
  outer loop
   vertex -51.879493713378906 48.681388854980469 -40.974754333496094
   vertex -51.879493713378906 48.375919342041016 -41.219322204589844
   vertex -51.524154663085938 48.3260498046875 -41.041652679443359
  endloop
 endfacet
 facet normal -0.22156080012635254 -0.6771124846381148 0.70173320784652138
  outer loop
   vertex -52.234832763671875 48.681388854980469 -41.067726135253906
   vertex -52.590171813964844 48.640552520751953 -41.219322204589844
   vertex -52.234832763671875 48.524280548095703 -41.219322204589844
  endloop
 endfacet
 facet normal -0.2661336807279856 -0.81333177033503479 0.51736282756480745
  outer loop
   vertex -52.234832763671875 48.524280548095703 -41.219322204589844
   vertex -52.590171813964844 48.640552520751953 -41.219322204589844
   vertex -52.590171813964844 48.414520263671875 -41.574661254882812
  endloop
 endfacet
 facet normal -0.41866117720761709 -0.66092747564038001 0.62281433079431225
  outer loop
   vertex -52.234832763671875 48.524280548095703 -41.219322204589844
   vertex -52.590171813964844 48.414520263671875 -41.574661254882812
   vertex -52.234832763671875 48.3260498046875 -41.429683685302734
  endloop
 endfacet
 facet normal -0.41480783773982849 -0.68545600092881964 0.59840164483420166
  outer loop
   vertex -52.234832763671875 48.3260498046875 -41.429683685302734
   vertex -52.590171813964844 48.414520263671875 -41.574661254882812
   vertex -52.443977355957031 48.3260498046875 -41.574661254882812
  endloop
 endfacet
 facet normal -0.48821525056698756 -0.51537226500540378 0.70429915346890304
  outer loop
   vertex -52.234832763671875 48.3260498046875 -41.429683685302734
   vertex -52.443977355957031 48.3260498046875 -41.574661254882812
   vertex -52.234832763671875 48.127925872802734 -41.574661254882812
  endloop
 endfacet
 facet normal -0.54455805040086913 -0.57484913782617497 0.61074135154262121
  outer loop
   vertex -52.234832763671875 48.127925872802734 -41.574661254882812
   vertex -52.443977355957031 48.3260498046875 -41.574661254882812
   vertex -52.590171813964844 48.3260498046875 -41.705013275146484
  endloop
 endfacet
 facet normal -0.53018441407185768 -0.50070621324296094 0.68424978998548136
  outer loop
   vertex -52.234832763671875 48.127925872802734 -41.574661254882812
   vertex -52.590171813964844 48.3260498046875 -41.705013275146484
   vertex -52.234832763671875 47.970710754394531 -41.689704895019531
  endloop
 endfacet
 facet normal -0.61075014533618011 -0.58789851630479995 0.5304334025101074
  outer loop
   vertex -52.234832763671875 47.970710754394531 -41.689704895019531
   vertex -52.590171813964844 48.3260498046875 -41.705013275146484
   vertex -52.590171813964844 48.123054504394531 -41.930000305175781
  endloop
 endfacet
 facet normal -0.62093581604212655 -0.51169365249264787 0.59380831785588173
  outer loop
   vertex -52.234832763671875 47.970710754394531 -41.689704895019531
   vertex -52.590171813964844 48.123054504394531 -41.930000305175781
   vertex -52.464630126953125 47.970710754394531 -41.930000305175781
  endloop
 endfacet
 facet normal -0.66937243700904936 -0.55160874654366521 0.49766286912838165
  outer loop
   vertex -52.464630126953125 47.970710754394531 -41.930000305175781
   vertex -52.590171813964844 48.123054504394531 -41.930000305175781
   vertex -52.590171813964844 47.970710754394531 -42.098857879638672
  endloop
 endfacet
 facet normal -0.31343356201706341 -0.6911067593239687 0.65125329129150489
  outer loop
   vertex -52.234832763671875 48.524280548095703 -41.219322204589844
   vertex -52.234832763671875 48.3260498046875 -41.429683685302734
   vertex -51.879493713378906 48.3260498046875 -41.2586669921875
  endloop
 endfacet
 facet normal -0.4092218655573529 -0.3309940457936511 0.8502825450395356
  outer loop
   vertex -51.879493713378906 48.3260498046875 -41.2586669921875
   vertex -52.234832763671875 48.3260498046875 -41.429683685302734
   vertex -51.879493713378906 47.970710754394531 -41.396991729736328
  endloop
 endfacet
 facet normal -0.44772933382436009 -0.7398576659833036 0.50214447892905612
  outer loop
   vertex -52.590171813964844 48.414520263671875 -41.574661254882812
   vertex -52.590171813964844 48.3260498046875 -41.705013275146484
   vertex -52.443977355957031 48.3260498046875 -41.574661254882812
  endloop
 endfacet
 facet normal -0.44548338283076544 -0.79029325388169491 0.42069125078938885
  outer loop
   vertex -53.300849914550781 48.408458709716797 -42.28533935546875
   vertex -53.154655456542969 48.3260498046875 -42.28533935546875
   vertex -52.945510864257812 48.3260498046875 -42.063869476318359
  endloop
 endfacet
 facet normal -0.48986636917215054 -0.73893725736621152 0.46260422612660529
  outer loop
   vertex -52.945510864257812 48.3260498046875 -42.063869476318359
   vertex -53.154655456542969 48.3260498046875 -42.28533935546875
   vertex -52.945510864257812 48.187400817871094 -42.28533935546875
  endloop
 endfacet
 facet normal -0.57023237167057617 -0.74604637583552513 0.34387475540031787
  outer loop
   vertex -53.65618896484375 48.522884368896484 -42.640678405761719
   vertex -53.398666381835938 48.3260498046875 -42.640678405761719
   vertex -53.300849914550781 48.3260498046875 -42.478473663330078
  endloop
 endfacet
 facet normal -0.57024562264057022 -0.7460325640688521 0.34388274630769505
  outer loop
   vertex -53.300849914550781 48.3260498046875 -42.478473663330078
   vertex -53.398666381835938 48.3260498046875 -42.640678405761719
   vertex -53.300849914550781 48.25128173828125 -42.640678405761719
  endloop
 endfacet
 facet normal 0.53753387045971468 -0.47779379540820693 0.69481682994730276
  outer loop
   vertex -47.615425109863281 48.681388854980469 -42.722080230712891
   vertex -47.97076416015625 48.3260498046875 -42.6915283203125
   vertex -47.615425109863281 48.3260498046875 -42.9664306640625
  endloop
 endfacet
 facet normal 0.44499988000862128 -0.6863757495189976 0.57520729938392368
  outer loop
   vertex -47.615425109863281 48.3260498046875 -42.9664306640625
   vertex -47.97076416015625 48.3260498046875 -42.6915283203125
   vertex -47.97076416015625 48.070877075195312 -42.996017456054688
  endloop
 endfacet
 facet normal 0.81562265316424531 -0.56579607731795178 0.12097308186921324
  outer loop
   vertex -47.282833099365234 48.681388854980469 -43.351356506347656
   vertex -47.582035064697266 48.3260498046875 -42.996017456054688
   vertex -47.529331207275391 48.3260498046875 -43.351356506347656
  endloop
 endfacet
 facet normal 0.6844387479543057 -0.72196822859050835 0.10151589631494029
  outer loop
   vertex -47.529331207275391 48.3260498046875 -43.351356506347656
   vertex -47.582035064697266 48.3260498046875 -42.996017456054688
   vertex -47.615425109863281 48.294395446777344 -42.996017456054688
  endloop
 endfacet
 facet normal 0.50085129714075483 -0.86439649194537693 0.044347298282414994
  outer loop
   vertex -47.529331207275391 48.3260498046875 -43.351356506347656
   vertex -47.615425109863281 48.294395446777344 -42.996017456054688
   vertex -47.615425109863281 48.276165008544922 -43.351356506347656
  endloop
 endfacet
 facet normal 0.45931148472639044 -0.31862361266827588 -0.82916340575827108
  outer loop
   vertex -47.282833099365234 48.681388854980469 -43.351356506347656
   vertex -47.529331207275391 48.3260498046875 -43.351356506347656
   vertex -47.615425109863281 48.3260498046875 -43.3990478515625
  endloop
 endfacet
 facet normal 0.37171296321791869 -0.64152251027492591 -0.67102782489723301
  outer loop
   vertex -47.615425109863281 48.3260498046875 -43.3990478515625
   vertex -47.529331207275391 48.3260498046875 -43.351356506347656
   vertex -47.615425109863281 48.276165008544922 -43.351356506347656
  endloop
 endfacet
 facet normal 0.33185712970963011 -0.51769312085430141 -0.78858397021561344
  outer loop
   vertex -48.681442260742188 48.43994140625 -43.706695556640625
   vertex -48.859111785888672 48.3260498046875 -43.706695556640625
   vertex -49.036781311035156 48.3260498046875 -43.781463623046875
  endloop
 endfacet
 facet normal 0.32174990866548142 -0.55849366413591228 -0.76456642837218347
  outer loop
   vertex -49.036781311035156 48.3260498046875 -43.781463623046875
   vertex -48.859111785888672 48.3260498046875 -43.706695556640625
   vertex -49.036781311035156 48.22369384765625 -43.706695556640625
  endloop
 endfacet
 facet normal 0.32452194221257324 -0.4758439410770251 -0.81747052103599671
  outer loop
   vertex -48.681442260742188 48.43994140625 -43.706695556640625
   vertex -49.036781311035156 48.3260498046875 -43.781463623046875
   vertex -48.681442260742188 48.681388854980469 -43.847240447998047
  endloop
 endfacet
 facet normal 0.57132938240078035 -0.5123455909572936 -0.64115889780316115
  outer loop
   vertex -49.392120361328125 48.423625946044922 -44.062034606933594
   vertex -49.160968780517578 48.681388854980469 -44.062034606933594
   vertex -49.392120361328125 48.3260498046875 -43.984062194824219
  endloop
 endfacet
 facet normal 0.50707236208425344 -0.48604353704401404 -0.71178599291362854
  outer loop
   vertex -49.392120361328125 48.3260498046875 -43.984062194824219
   vertex -49.160968780517578 48.681388854980469 -44.062034606933594
   vertex -49.036781311035156 48.681388854980469 -43.973564147949219
  endloop
 endfacet
 facet normal -0.81910048179158046 -0.46549352876651523 -0.33524643981002689
  outer loop
   vertex -53.212375640869141 48.681388854980469 -44.062034606933594
   vertex -53.01043701171875 48.3260498046875 -44.062034606933594
   vertex -53.155872344970703 48.3260498046875 -43.706695556640625
  endloop
 endfacet
 facet normal 0.56542765737914114 -0.50705315740316204 -0.65052952264921893
  outer loop
   vertex -49.160968780517578 48.681388854980469 -44.062034606933594
   vertex -49.392120361328125 48.423625946044922 -44.062034606933594
   vertex -49.392120361328125 48.681388854980469 -44.262947082519531
  endloop
 endfacet
 facet normal 0.80017873927929661 -0.3275020336556434 -0.50245039870300956
  outer loop
   vertex -49.459407806396484 48.3260498046875 -44.062034606933594
   vertex -49.682533264160156 48.3260498046875 -44.417373657226562
   vertex -49.537097930908203 48.681388854980469 -44.417373657226562
  endloop
 endfacet
 facet normal 0.74459484995197822 -0.30475232049832712 -0.59388932687486151
  outer loop
   vertex -49.537097930908203 48.681388854980469 -44.417373657226562
   vertex -49.682533264160156 48.3260498046875 -44.417373657226562
   vertex -49.747459411621094 48.3260498046875 -44.498775482177734
  endloop
 endfacet
 facet normal -0.58643491289292415 -0.55872787171668703 -0.58644459099492918
  outer loop
   vertex -52.945510864257812 48.551036834716797 -44.417373657226562
   vertex -52.945510864257812 48.681388854980469 -44.54156494140625
   vertex -52.714359283447266 48.681388854980469 -44.772712707519531
  endloop
 endfacet
 facet normal 0.65418920216629983 -0.2559028035269526 -0.71172343147887585
  outer loop
   vertex -49.882396697998047 48.681388854980469 -44.772712707519531
   vertex -50.021396636962891 48.3260498046875 -44.772712707519531
   vertex -50.102798461914062 48.3260498046875 -44.8475341796875
  endloop
 endfacet
 facet normal 0.5527121287340141 -0.57699349909765307 -0.60132171484934871
  outer loop
   vertex -50.102798461914062 48.3260498046875 -44.8475341796875
   vertex -50.021396636962891 48.3260498046875 -44.772712707519531
   vertex -50.102798461914062 48.248073577880859 -44.772712707519531
  endloop
 endfacet
 facet normal 0.2458597668394214 -0.5319412992189736 -0.81030329459708839
  outer loop
   vertex -50.458137512207031 48.625892639160156 -45.1280517578125
   vertex -50.338066101074219 48.681388854980469 -45.1280517578125
   vertex -50.458137512207031 48.3260498046875 -44.93121337890625
  endloop
 endfacet
 facet normal 0.29625733642161539 -0.53746541928063596 -0.78953309854233467
  outer loop
   vertex -50.458137512207031 48.3260498046875 -44.93121337890625
   vertex -50.338066101074219 48.681388854980469 -45.1280517578125
   vertex -50.102798461914062 48.681388854980469 -45.039772033691406
  endloop
 endfacet
 facet normal -0.04209018747622275 -0.19607380437761637 -0.97968539815346056
  outer loop
   vertex -51.524154663085938 48.681388854980469 -45.021499633789062
   vertex -51.524154663085938 48.3260498046875 -44.950382232666016
   vertex -51.879493713378906 48.3260498046875 -44.935115814208984
  endloop
 endfacet
 facet normal -0.040940415029492708 -0.30043430999153969 -0.95292345327267514
  outer loop
   vertex -51.879493713378906 48.3260498046875 -44.935115814208984
   vertex -51.524154663085938 48.3260498046875 -44.950382232666016
   vertex -51.879493713378906 47.970710754394531 -44.823085784912109
  endloop
 endfacet
 facet normal -0.47086053446289694 -0.49544181908303736 -0.7299505195484185
  outer loop
   vertex -52.353439331054688 48.3260498046875 -44.772712707519531
   vertex -52.590171813964844 48.551036834716797 -44.772712707519531
   vertex -52.590171813964844 48.681388854980469 -44.861186981201172
  endloop
 endfacet
 facet normal -0.10031226133393124 -0.58422453065247559 0.80536895148122489
  outer loop
   vertex -50.458137512207031 48.3260498046875 -40.757431030273438
   vertex -50.8134765625 48.240177154541016 -40.863983154296875
   vertex -50.458137512207031 48.179164886474609 -40.863983154296875
  endloop
 endfacet
 facet normal -0.11069364433045986 -0.64468631795562936 0.75639042071251461
  outer loop
   vertex -50.458137512207031 48.179164886474609 -40.863983154296875
   vertex -50.8134765625 48.240177154541016 -40.863983154296875
   vertex -50.458137512207031 47.970710754394531 -41.041652679443359
  endloop
 endfacet
 facet normal 0.055757423836105623 -0.64766357599294888 0.75988354503778188
  outer loop
   vertex -50.458137512207031 48.179164886474609 -40.863983154296875
   vertex -50.458137512207031 47.970710754394531 -41.041652679443359
   vertex -50.102798461914062 47.970710754394531 -41.067726135253906
  endloop
 endfacet
 facet normal 0.051815164165245876 -0.70615691909182932 0.70615691909182932
  outer loop
   vertex -50.102798461914062 47.970710754394531 -41.067726135253906
   vertex -50.458137512207031 47.970710754394531 -41.041652679443359
   vertex -50.458137512207031 47.793041229248047 -41.219322204589844
  endloop
 endfacet
 facet normal 0.051806953577641181 -0.70614833563905122 0.70616610484729581
  outer loop
   vertex -50.102798461914062 47.970710754394531 -41.067726135253906
   vertex -50.458137512207031 47.793041229248047 -41.219322204589844
   vertex -50.102798461914062 47.819110870361328 -41.219322204589844
  endloop
 endfacet
 facet normal 0.058421143477552881 -0.79630224099122782 0.60207118431886752
  outer loop
   vertex -50.102798461914062 47.819110870361328 -41.219322204589844
   vertex -50.458137512207031 47.793041229248047 -41.219322204589844
   vertex -50.102798461914062 47.615371704101562 -41.488788604736328
  endloop
 endfacet
 facet normal 0.35568227129104707 -0.74550289559107807 0.56366262476286311
  outer loop
   vertex -50.102798461914062 47.819110870361328 -41.219322204589844
   vertex -50.102798461914062 47.615371704101562 -41.488788604736328
   vertex -49.966712951660156 47.615371704101562 -41.574661254882812
  endloop
 endfacet
 facet normal 0.34736494634703607 -0.61670075456712292 0.70641190063989001
  outer loop
   vertex -49.392120361328125 48.3260498046875 -41.047637939453125
   vertex -49.673835754394531 47.970710754394531 -41.219322204589844
   vertex -49.392120361328125 48.129390716552734 -41.219322204589844
  endloop
 endfacet
 facet normal 0.40749602579506561 -0.72345557383863257 0.55727822642109581
  outer loop
   vertex -49.392120361328125 48.129390716552734 -41.219322204589844
   vertex -49.673835754394531 47.970710754394531 -41.219322204589844
   vertex -49.392120361328125 47.970710754394531 -41.425319671630859
  endloop
 endfacet
 facet normal 0.4564042311019097 -0.70489047866679078 0.5429775233996128
  outer loop
   vertex -49.392120361328125 48.129390716552734 -41.219322204589844
   vertex -49.392120361328125 47.970710754394531 -41.425319671630859
   vertex -49.214450836181641 47.970710754394531 -41.574661254882812
  endloop
 endfacet
 facet normal -0.043519756233006239 -0.58930266665002773 0.80673936181184702
  outer loop
   vertex -50.8134765625 48.240177154541016 -40.863983154296875
   vertex -50.8134765625 47.970710754394531 -41.060821533203125
   vertex -50.458137512207031 47.970710754394531 -41.041652679443359
  endloop
 endfacet
 facet normal -0.039550711021697493 -0.67890087482817285 0.73316392670072061
  outer loop
   vertex -50.458137512207031 47.970710754394531 -41.041652679443359
   vertex -50.8134765625 47.970710754394531 -41.060821533203125
   vertex -50.8134765625 47.799541473388672 -41.219322204589844
  endloop
 endfacet
 facet normal -0.012934075856591551 -0.70704763265346415 0.70704763265346415
  outer loop
   vertex -50.458137512207031 47.970710754394531 -41.041652679443359
   vertex -50.8134765625 47.799541473388672 -41.219322204589844
   vertex -50.458137512207031 47.793041229248047 -41.219322204589844
  endloop
 endfacet
 facet normal -0.01367989193398614 -0.74781803618005216 0.66376279296182661
  outer loop
   vertex -50.458137512207031 47.793041229248047 -41.219322204589844
   vertex -50.8134765625 47.799541473388672 -41.219322204589844
   vertex -50.458137512207031 47.615371704101562 -41.419490814208984
  endloop
 endfacet
 facet normal 0.12838695098561481 -0.7416986104886234 0.6583311947765067
  outer loop
   vertex -50.458137512207031 47.793041229248047 -41.219322204589844
   vertex -50.458137512207031 47.615371704101562 -41.419490814208984
   vertex -50.102798461914062 47.615371704101562 -41.488788604736328
  endloop
 endfacet
 facet normal -0.49816153110411043 -0.33409177680735247 0.80013609692208898
  outer loop
   vertex -51.820976257324219 48.3260498046875 -41.219322204589844
   vertex -51.582668304443359 47.970710754394531 -41.219322204589844
   vertex -51.524154663085938 47.970710754394531 -41.182891845703125
  endloop
 endfacet
 facet normal -0.46168290066945078 -0.48678540097392808 0.74154492286583307
  outer loop
   vertex -51.524154663085938 47.970710754394531 -41.182891845703125
   vertex -51.582668304443359 47.970710754394531 -41.219322204589844
   vertex -51.524154663085938 47.915214538574219 -41.219322204589844
  endloop
 endfacet
 facet normal 0.40565646628956847 -0.74176317841610662 0.53406948845959679
  outer loop
   vertex -49.214450836181641 47.970710754394531 -41.574661254882812
   vertex -49.036781311035156 48.067874908447266 -41.574661254882812
   vertex -49.392120361328125 48.129390716552734 -41.219322204589844
  endloop
 endfacet
 facet normal -0.54963730613972961 -0.43921105969232321 0.71062822681301341
  outer loop
   vertex -51.879493713378906 47.970710754394531 -41.396991729736328
   vertex -52.234832763671875 48.127925872802734 -41.574661254882812
   vertex -52.109203338623047 47.970710754394531 -41.574661254882812
  endloop
 endfacet
 facet normal -0.59432842519895357 -0.4749233986139601 0.64901578443786512
  outer loop
   vertex -52.109203338623047 47.970710754394531 -41.574661254882812
   vertex -52.234832763671875 48.127925872802734 -41.574661254882812
   vertex -52.234832763671875 47.970710754394531 -41.689704895019531
  endloop
 endfacet
 facet normal -0.64000812989199662 -0.31926504065036609 0.69889872477396131
  outer loop
   vertex -52.109203338623047 47.970710754394531 -41.574661254882812
   vertex -52.234832763671875 47.970710754394531 -41.689704895019531
   vertex -52.234832763671875 47.615371704101562 -41.852027893066406
  endloop
 endfacet
 facet normal -0.68918425999890287 -0.301073155275288 0.65907511782978656
  outer loop
   vertex -52.234832763671875 47.615371704101562 -41.852027893066406
   vertex -52.234832763671875 47.970710754394531 -41.689704895019531
   vertex -52.464630126953125 47.970710754394531 -41.930000305175781
  endloop
 endfacet
 facet normal -0.72383277967204118 -0.33584597678395728 0.60272181555861748
  outer loop
   vertex -52.234832763671875 47.615371704101562 -41.852027893066406
   vertex -52.464630126953125 47.970710754394531 -41.930000305175781
   vertex -52.299758911132812 47.615371704101562 -41.930000305175781
  endloop
 endfacet
 facet normal -0.55361221393219362 -0.49178124552524827 0.67206005917234102
  outer loop
   vertex -52.234832763671875 48.127925872802734 -41.574661254882812
   vertex -51.879493713378906 47.970710754394531 -41.396991729736328
   vertex -52.234832763671875 48.3260498046875 -41.429683685302734
  endloop
 endfacet
 facet normal 0.6416910817555791 -0.6416910817555791 0.42007750617083645
  outer loop
   vertex -48.224761962890625 48.3260498046875 -42.28533935546875
   vertex -48.326103210449219 48.3260498046875 -42.130535125732422
   vertex -48.326103210449219 48.224708557128906 -42.28533935546875
  endloop
 endfacet
 facet normal 0.59166303998467729 -0.67450688417813431 0.44156008686519099
  outer loop
   vertex -48.326103210449219 48.224708557128906 -42.28533935546875
   vertex -48.326103210449219 48.3260498046875 -42.130535125732422
   vertex -48.615665435791016 47.970710754394531 -42.28533935546875
  endloop
 endfacet
 facet normal 0.61840520094719398 -0.70499344569714417 0.34721642957315285
  outer loop
   vertex -48.326103210449219 48.224708557128906 -42.28533935546875
   vertex -48.615665435791016 47.970710754394531 -42.28533935546875
   vertex -48.416152954101562 47.970710754394531 -42.640678405761719
  endloop
 endfacet
 facet normal 0.61683158600342292 -0.67732124861417975 0.40094229096495959
  outer loop
   vertex -48.456451416015625 48.3260498046875 -41.930000305175781
   vertex -48.615665435791016 47.970710754394531 -42.28533935546875
   vertex -48.326103210449219 48.3260498046875 -42.130535125732422
  endloop
 endfacet
 facet normal -0.66741953998900794 -0.66741953998900794 0.33030639606541351
  outer loop
   vertex -52.945510864257812 48.011547088623047 -42.640678405761719
   vertex -52.904674530029297 47.970710754394531 -42.640678405761719
   vertex -52.728816986083984 47.970710754394531 -42.28533935546875
  endloop
 endfacet
 facet normal -0.76693940951123551 -0.51743504165478382 0.3795588489368541
  outer loop
   vertex -52.728816986083984 47.970710754394531 -42.28533935546875
   vertex -52.904674530029297 47.970710754394531 -42.640678405761719
   vertex -52.664936065673828 47.615371704101562 -42.640678405761719
  endloop
 endfacet
 facet normal -0.76698632127139099 -0.51739849711137087 0.37951387085253335
  outer loop
   vertex -52.728816986083984 47.970710754394531 -42.28533935546875
   vertex -52.664936065673828 47.615371704101562 -42.640678405761719
   vertex -52.590171813964844 47.615371704101562 -42.489582061767578
  endloop
 endfacet
 facet normal -0.73941482886787324 -0.56515838198976087 0.3658711714757113
  outer loop
   vertex -52.590171813964844 47.615371704101562 -42.489582061767578
   vertex -52.664936065673828 47.615371704101562 -42.640678405761719
   vertex -52.590171813964844 47.517555236816406 -42.640678405761719
  endloop
 endfacet
 facet normal -0.75241379034427924 -0.55293654764589939 0.3579590233213702
  outer loop
   vertex -52.590171813964844 47.615371704101562 -42.489582061767578
   vertex -52.590171813964844 47.517555236816406 -42.640678405761719
   vertex -52.493003845214844 47.615371704101562 -42.28533935546875
  endloop
 endfacet
 facet normal -0.69636641856416248 -0.62019811799715152 0.36114831514062595
  outer loop
   vertex -52.493003845214844 47.615371704101562 -42.28533935546875
   vertex -52.590171813964844 47.517555236816406 -42.640678405761719
   vertex -52.360816955566406 47.260032653808594 -42.640678405761719
  endloop
 endfacet
 facet normal -0.8182877657804416 -0.52908036025146998 0.2246755544562595
  outer loop
   vertex -52.493003845214844 47.615371704101562 -42.28533935546875
   vertex -52.360816955566406 47.260032653808594 -42.640678405761719
   vertex -52.263252258300781 47.260032653808594 -42.28533935546875
  endloop
 endfacet
 facet normal -0.60859735591265995 -0.77568448118136413 0.16710129870984639
  outer loop
   vertex -52.263252258300781 47.260032653808594 -42.28533935546875
   vertex -52.360816955566406 47.260032653808594 -42.640678405761719
   vertex -52.234832763671875 47.161186218261719 -42.640678405761719
  endloop
 endfacet
 facet normal -0.66978320661025792 -0.72749451658352837 0.1488025016045729
  outer loop
   vertex -52.263252258300781 47.260032653808594 -42.28533935546875
   vertex -52.234832763671875 47.161186218261719 -42.640678405761719
   vertex -52.234832763671875 47.233867645263672 -42.28533935546875
  endloop
 endfacet
 facet normal -0.35163722571395967 -0.91714754928754383 0.18759433447746188
  outer loop
   vertex -52.234832763671875 47.233867645263672 -42.28533935546875
   vertex -52.234832763671875 47.161186218261719 -42.640678405761719
   vertex -51.879493713378906 47.097629547119141 -42.28533935546875
  endloop
 endfacet
 facet normal -0.3434214412382251 -0.89571896878928903 0.28239908400862951
  outer loop
   vertex -52.234832763671875 47.233867645263672 -42.28533935546875
   vertex -51.879493713378906 47.097629547119141 -42.28533935546875
   vertex -51.879493713378906 47.209659576416016 -41.930000305175781
  endloop
 endfacet
 facet normal -0.14909806777194856 -0.94306274278244095 0.29732546033316937
  outer loop
   vertex -51.879493713378906 47.209659576416016 -41.930000305175781
   vertex -51.879493713378906 47.097629547119141 -42.28533935546875
   vertex -51.524154663085938 47.153480529785156 -41.930000305175781
  endloop
 endfacet
 facet normal -0.12693784110774742 -0.80289671346415914 0.58244626533557275
  outer loop
   vertex -51.879493713378906 47.209659576416016 -41.930000305175781
   vertex -51.524154663085938 47.153480529785156 -41.930000305175781
   vertex -51.524154663085938 47.260032653808594 -41.783119201660156
  endloop
 endfacet
 facet normal 0 -0.80944457479431142 0.58719628774035704
  outer loop
   vertex -51.524154663085938 47.260032653808594 -41.783119201660156
   vertex -51.524154663085938 47.153480529785156 -41.930000305175781
   vertex -51.168815612792969 47.260032653808594 -41.783119201660156
  endloop
 endfacet
 facet normal 0 -0.74941627732285521 0.66209911892673079
  outer loop
   vertex -51.524154663085938 47.260032653808594 -41.783119201660156
   vertex -51.168815612792969 47.260032653808594 -41.783119201660156
   vertex -51.524154663085938 47.444202423095703 -41.574661254882812
  endloop
 endfacet
 facet normal -0.013921023539635632 -0.76099961427057461 0.64860295418973046
  outer loop
   vertex -51.524154663085938 47.444202423095703 -41.574661254882812
   vertex -51.168815612792969 47.260032653808594 -41.783119201660156
   vertex -51.168815612792969 47.437702178955078 -41.574661254882812
  endloop
 endfacet
 facet normal 0.55010461561340318 -0.68850405138038084 0.47259610992223788
  outer loop
   vertex -48.157890319824219 47.970710754394531 -42.996017456054688
   vertex -48.018424987792969 48.3260498046875 -42.640678405761719
   vertex -48.326103210449219 47.970710754394531 -42.800216674804688
  endloop
 endfacet
 facet normal 0.63659086146320887 -0.69822770509922449 0.32746014556492248
  outer loop
   vertex -48.326103210449219 47.970710754394531 -42.800216674804688
   vertex -48.018424987792969 48.3260498046875 -42.640678405761719
   vertex -48.326103210449219 48.0455322265625 -42.640678405761719
  endloop
 endfacet
 facet normal -0.69264293044640302 -0.69264293044640302 0.20122510232383695
  outer loop
   vertex -52.904674530029297 47.970710754394531 -42.640678405761719
   vertex -52.945510864257812 48.011547088623047 -42.640678405761719
   vertex -52.945510864257812 47.970710754394531 -42.781242370605469
  endloop
 endfacet
 facet normal -0.59916890792432131 -0.76883473555617099 0.22336017814070808
  outer loop
   vertex -52.945510864257812 47.970710754394531 -42.781242370605469
   vertex -52.945510864257812 48.011547088623047 -42.640678405761719
   vertex -53.300849914550781 48.185237884521484 -42.996017456054688
  endloop
 endfacet
 facet normal -0.59063850145881702 -0.78299485322399354 0.19510310202357073
  outer loop
   vertex -52.945510864257812 47.970710754394531 -42.781242370605469
   vertex -53.300849914550781 48.185237884521484 -42.996017456054688
   vertex -53.016456604003906 47.970710754394531 -42.996017456054688
  endloop
 endfacet
 facet normal -0.59225989841837823 -0.78514429907155314 -0.18104320578494976
  outer loop
   vertex -53.016456604003906 47.970710754394531 -42.996017456054688
   vertex -53.300849914550781 48.185237884521484 -42.996017456054688
   vertex -52.945510864257812 47.999130249023438 -43.351356506347656
  endloop
 endfacet
 facet normal -0.66242520711637842 -0.7245782857366283 -0.19020818283079213
  outer loop
   vertex -53.016456604003906 47.970710754394531 -42.996017456054688
   vertex -52.945510864257812 47.999130249023438 -43.351356506347656
   vertex -52.945510864257812 47.970710754394531 -43.243095397949219
  endloop
 endfacet
 facet normal -0.72432460446813285 -0.66686476000629846 -0.17505787392695291
  outer loop
   vertex -52.945510864257812 47.970710754394531 -43.243095397949219
   vertex -52.945510864257812 47.999130249023438 -43.351356506347656
   vertex -52.919345855712891 47.970710754394531 -43.351356506347656
  endloop
 endfacet
 facet normal -0.77754555789917812 -0.60009063922881367 -0.1879205419883884
  outer loop
   vertex -52.945510864257812 47.970710754394531 -43.243095397949219
   vertex -52.919345855712891 47.970710754394531 -43.351356506347656
   vertex -52.730983734130859 47.615371704101562 -42.996017456054688
  endloop
 endfacet
 facet normal -0.86247363114435194 -0.50393829653562694 -0.046748570731592408
  outer loop
   vertex -52.730983734130859 47.615371704101562 -42.996017456054688
   vertex -52.919345855712891 47.970710754394531 -43.351356506347656
   vertex -52.711723327636719 47.615371704101562 -43.351356506347656
  endloop
 endfacet
 facet normal -0.78650908552654109 -0.61610555107844001 -0.042631072172018315
  outer loop
   vertex -52.730983734130859 47.615371704101562 -42.996017456054688
   vertex -52.711723327636719 47.615371704101562 -43.351356506347656
   vertex -52.590171813964844 47.460201263427734 -43.351356506347656
  endloop
 endfacet
 facet normal -0.77791921440674883 -0.60937674479083126 -0.15330257259719099
  outer loop
   vertex -52.590171813964844 47.460201263427734 -43.351356506347656
   vertex -52.711723327636719 47.615371704101562 -43.351356506347656
   vertex -52.590171813964844 47.549594879150391 -43.706695556640625
  endloop
 endfacet
 facet normal -0.68149090928431966 -0.70971265658054494 -0.17854435205913569
  outer loop
   vertex -52.590171813964844 47.460201263427734 -43.351356506347656
   vertex -52.590171813964844 47.549594879150391 -43.706695556640625
   vertex -52.3817138671875 47.260032653808594 -43.351356506347656
  endloop
 endfacet
 facet normal -0.65612718425767647 -0.72583102730053017 -0.20655855800704628
  outer loop
   vertex -52.3817138671875 47.260032653808594 -43.351356506347656
   vertex -52.590171813964844 47.549594879150391 -43.706695556640625
   vertex -52.269847869873047 47.260032653808594 -43.706695556640625
  endloop
 endfacet
 facet normal -0.57516802398605482 -0.79774362226775419 -0.18107141495857282
  outer loop
   vertex -52.3817138671875 47.260032653808594 -43.351356506347656
   vertex -52.269847869873047 47.260032653808594 -43.706695556640625
   vertex -52.234832763671875 47.234786987304688 -43.706695556640625
  endloop
 endfacet
 facet normal -0.51105351220354345 -0.7088184026165496 -0.48621063313809343
  outer loop
   vertex -52.234832763671875 47.234786987304688 -43.706695556640625
   vertex -52.269847869873047 47.260032653808594 -43.706695556640625
   vertex -52.234832763671875 47.260032653808594 -43.743499755859375
  endloop
 endfacet
 facet normal -0.22641212774302846 -0.80322541414720272 -0.55096867649525161
  outer loop
   vertex -52.234832763671875 47.234786987304688 -43.706695556640625
   vertex -52.234832763671875 47.260032653808594 -43.743499755859375
   vertex -51.879493713378906 47.134624481201172 -43.706695556640625
  endloop
 endfacet
 facet normal -0.25409069545721352 -0.85348141664798949 -0.45498064785066489
  outer loop
   vertex -51.879493713378906 47.134624481201172 -43.706695556640625
   vertex -52.234832763671875 47.260032653808594 -43.743499755859375
   vertex -51.879493713378906 47.260032653808594 -43.941944122314453
  endloop
 endfacet
 facet normal -0.17025385878759008 -0.86955938329973492 -0.46355161792762628
  outer loop
   vertex -51.879493713378906 47.134624481201172 -43.706695556640625
   vertex -51.879493713378906 47.260032653808594 -43.941944122314453
   vertex -51.524154663085938 47.254478454589844 -44.062034606933594
  endloop
 endfacet
 facet normal -0.19423220538855071 -0.82108463198250659 -0.53674377268120355
  outer loop
   vertex -51.524154663085938 47.254478454589844 -44.062034606933594
   vertex -51.879493713378906 47.260032653808594 -43.941944122314453
   vertex -51.547634124755859 47.260032653808594 -44.062034606933594
  endloop
 endfacet
 facet normal -0.19240439494785769 -0.81335786463191218 -0.54902598558371074
  outer loop
   vertex -51.524154663085938 47.254478454589844 -44.062034606933594
   vertex -51.547634124755859 47.260032653808594 -44.062034606933594
   vertex -51.524154663085938 47.260032653808594 -44.070262908935547
  endloop
 endfacet
 facet normal -0.18119173303716099 -0.83656969855563468 -0.51703065222240419
  outer loop
   vertex -51.524154663085938 47.260032653808594 -44.070262908935547
   vertex -51.547634124755859 47.260032653808594 -44.062034606933594
   vertex -51.524154663085938 47.474559783935547 -44.417373657226562
  endloop
 endfacet
 facet normal 0.18776211395226022 -0.83552062848000141 -0.5163822885697783
  outer loop
   vertex -51.524154663085938 47.260032653808594 -44.070262908935547
   vertex -51.524154663085938 47.474559783935547 -44.417373657226562
   vertex -51.168815612792969 47.334800720214844 -44.062034606933594
  endloop
 endfacet
 facet normal 0.17959285453429766 -0.84099509349838264 -0.51036620118486387
  outer loop
   vertex -51.168815612792969 47.334800720214844 -44.062034606933594
   vertex -51.524154663085938 47.474559783935547 -44.417373657226562
   vertex -51.168815612792969 47.550441741943359 -44.417373657226562
  endloop
 endfacet
 facet normal 0.24031143719276438 -0.82984283130698799 -0.50359834042890739
  outer loop
   vertex -51.168815612792969 47.334800720214844 -44.062034606933594
   vertex -51.168815612792969 47.550441741943359 -44.417373657226562
   vertex -50.8134765625 47.437702178955078 -44.062034606933594
  endloop
 endfacet
 facet normal 0.34996635699778761 -0.73348803357846626 -0.58268246375439514
  outer loop
   vertex -50.8134765625 47.437702178955078 -44.062034606933594
   vertex -51.168815612792969 47.550441741943359 -44.417373657226562
   vertex -51.032730102539062 47.615371704101562 -44.417373657226562
  endloop
 endfacet
 facet normal 0.33080689063106117 -0.74647701602466698 -0.5773550603033788
  outer loop
   vertex -50.8134765625 47.437702178955078 -44.062034606933594
   vertex -51.032730102539062 47.615371704101562 -44.417373657226562
   vertex -50.8134765625 47.615371704101562 -44.291748046875
  endloop
 endfacet
 facet normal 0.35435546423741088 -0.70138903032266087 -0.61845422878991341
  outer loop
   vertex -50.8134765625 47.615371704101562 -44.291748046875
   vertex -51.032730102539062 47.615371704101562 -44.417373657226562
   vertex -50.8134765625 47.726142883300781 -44.417373657226562
  endloop
 endfacet
 facet normal 0.17874726138550126 -0.73798011692489329 -0.6507186516234984
  outer loop
   vertex -50.8134765625 47.615371704101562 -44.291748046875
   vertex -50.8134765625 47.726142883300781 -44.417373657226562
   vertex -50.458137512207031 47.812210083007812 -44.417373657226562
  endloop
 endfacet
 facet normal 0.16881139044040039 -0.69695864814835995 -0.69695864814835995
  outer loop
   vertex -50.458137512207031 47.812210083007812 -44.417373657226562
   vertex -50.8134765625 47.726142883300781 -44.417373657226562
   vertex -50.8134765625 47.970710754394531 -44.661941528320312
  endloop
 endfacet
 facet normal 0.13898108289372527 -0.72661712830352654 -0.67283861917522514
  outer loop
   vertex -50.458137512207031 47.812210083007812 -44.417373657226562
   vertex -50.8134765625 47.970710754394531 -44.661941528320312
   vertex -50.458137512207031 47.970710754394531 -44.588542938232422
  endloop
 endfacet
 facet normal 0.437365713626442 -0.76333146351249181 -0.47543276007855245
  outer loop
   vertex -48.326103210449219 48.096336364746094 -43.351356506347656
   vertex -48.326103210449219 47.970710754394531 -43.149658203125
   vertex -48.545356750488281 47.970710754394531 -43.351356506347656
  endloop
 endfacet
 facet normal 0.40314567000249119 -0.80338301236767573 -0.43823430285325837
  outer loop
   vertex -48.545356750488281 47.970710754394531 -43.351356506347656
   vertex -48.326103210449219 47.970710754394531 -43.149658203125
   vertex -48.326103210449219 47.88690185546875 -42.996017456054688
  endloop
 endfacet
 facet normal -0.58485872844599174 -0.79324961858419785 -0.16939690190957449
  outer loop
   vertex -52.945510864257812 47.999130249023438 -43.351356506347656
   vertex -53.300849914550781 48.185237884521484 -42.996017456054688
   vertex -53.300849914550781 48.261119842529297 -43.351356506347656
  endloop
 endfacet
 facet normal -0.64264903689982023 -0.74926683285177476 -0.1600044641877349
  outer loop
   vertex -53.300849914550781 48.261119842529297 -43.351356506347656
   vertex -53.300849914550781 48.185237884521484 -42.996017456054688
   vertex -53.465023040771484 48.3260498046875 -42.996017456054688
  endloop
 endfacet
 facet normal -0.719585220530081 -0.66250134598870136 -0.20806027241603295
  outer loop
   vertex -52.945510864257812 47.999130249023438 -43.351356506347656
   vertex -52.945510864257812 48.110725402832031 -43.706695556640625
   vertex -52.919345855712891 47.970710754394531 -43.351356506347656
  endloop
 endfacet
 facet normal -0.76149740868572668 -0.62021042761691136 -0.18831017508401196
  outer loop
   vertex -52.919345855712891 47.970710754394531 -43.351356506347656
   vertex -52.945510864257812 48.110725402832031 -43.706695556640625
   vertex -52.831474304199219 47.970710754394531 -43.706695556640625
  endloop
 endfacet
 facet normal -0.84438511092097379 -0.49336928000102886 -0.20880741846553549
  outer loop
   vertex -52.919345855712891 47.970710754394531 -43.351356506347656
   vertex -52.831474304199219 47.970710754394531 -43.706695556640625
   vertex -52.711723327636719 47.615371704101562 -43.351356506347656
  endloop
 endfacet
 facet normal -0.86749054886047872 -0.46611668771890302 -0.17376818197732338
  outer loop
   vertex -52.711723327636719 47.615371704101562 -43.351356506347656
   vertex -52.831474304199219 47.970710754394531 -43.706695556640625
   vertex -52.640544891357422 47.615371704101562 -43.706695556640625
  endloop
 endfacet
 facet normal -0.78407818014675634 -0.60046119404035947 -0.15705973981061006
  outer loop
   vertex -52.711723327636719 47.615371704101562 -43.351356506347656
   vertex -52.640544891357422 47.615371704101562 -43.706695556640625
   vertex -52.590171813964844 47.549594879150391 -43.706695556640625
  endloop
 endfacet
 facet normal -0.72299085148292508 -0.55367941737702409 -0.41318679969843441
  outer loop
   vertex -52.590171813964844 47.549594879150391 -43.706695556640625
   vertex -52.640544891357422 47.615371704101562 -43.706695556640625
   vertex -52.590171813964844 47.615371704101562 -43.794837951660156
  endloop
 endfacet
 facet normal -0.61856596021577759 -0.6297160497093528 -0.46992962196565263
  outer loop
   vertex -52.590171813964844 47.549594879150391 -43.706695556640625
   vertex -52.590171813964844 47.615371704101562 -43.794837951660156
   vertex -52.387180328369141 47.615371704101562 -44.062034606933594
  endloop
 endfacet
 facet normal -0.62291616595588217 -0.62291616595588217 -0.47323450886600366
  outer loop
   vertex -52.387180328369141 47.615371704101562 -44.062034606933594
   vertex -52.590171813964844 47.615371704101562 -43.794837951660156
   vertex -52.590171813964844 47.818363189697266 -44.062034606933594
  endloop
 endfacet
 facet normal -0.58713535492962221 -0.58713535492962221 -0.55726488314205935
  outer loop
   vertex -52.387180328369141 47.615371704101562 -44.062034606933594
   vertex -52.590171813964844 47.818363189697266 -44.062034606933594
   vertex -52.234832763671875 47.800285339355469 -44.417373657226562
  endloop
 endfacet
 facet normal -0.57893903458859652 -0.60354744238436486 -0.54823359895296042
  outer loop
   vertex -52.234832763671875 47.800285339355469 -44.417373657226562
   vertex -52.590171813964844 47.818363189697266 -44.062034606933594
   vertex -52.412502288818359 47.970710754394531 -44.417373657226562
  endloop
 endfacet
 facet normal -0.57533895945084568 -0.78033786270688676 -0.24506713725847842
  outer loop
   vertex -53.300849914550781 48.261119842529297 -43.351356506347656
   vertex -52.945510864257812 48.110725402832031 -43.706695556640625
   vertex -52.945510864257812 47.999130249023438 -43.351356506347656
  endloop
 endfacet
 facet normal -0.75429881940109711 -0.61434745278924363 -0.23153940982363905
  outer loop
   vertex -52.945510864257812 48.110725402832031 -43.706695556640625
   vertex -52.945510864257812 48.244647979736328 -44.062034606933594
   vertex -52.831474304199219 47.970710754394531 -43.706695556640625
  endloop
 endfacet
 facet normal -0.74332272764751439 -0.62356051908779875 -0.24216441026214838
  outer loop
   vertex -52.831474304199219 47.970710754394531 -43.706695556640625
   vertex -52.945510864257812 48.244647979736328 -44.062034606933594
   vertex -52.715709686279297 47.970710754394531 -44.062034606933594
  endloop
 endfacet
 facet normal -0.84671443031894111 -0.45495334355226325 -0.27584801735790559
  outer loop
   vertex -52.831474304199219 47.970710754394531 -43.706695556640625
   vertex -52.715709686279297 47.970710754394531 -44.062034606933594
   vertex -52.640544891357422 47.615371704101562 -43.706695556640625
  endloop
 endfacet
 facet normal -0.69772248947815418 -0.57493926449749799 -0.42735017235925266
  outer loop
   vertex -52.640544891357422 47.615371704101562 -43.706695556640625
   vertex -52.715709686279297 47.970710754394531 -44.062034606933594
   vertex -52.590171813964844 47.818363189697266 -44.062034606933594
  endloop
 endfacet
 facet normal -0.72691227107025813 -0.54682559257277552 -0.4154278775851622
  outer loop
   vertex -52.640544891357422 47.615371704101562 -43.706695556640625
   vertex -52.590171813964844 47.818363189697266 -44.062034606933594
   vertex -52.590171813964844 47.615371704101562 -43.794837951660156
  endloop
 endfacet
 facet normal -0.59518276100260914 -0.59518276100260914 -0.5399212553795435
  outer loop
   vertex -52.590171813964844 48.148380279541016 -44.417373657226562
   vertex -52.412502288818359 47.970710754394531 -44.417373657226562
   vertex -52.590171813964844 47.970710754394531 -44.221519470214844
  endloop
 endfacet
 facet normal -0.6058090037426016 -0.5753071333523132 -0.54956087315086422
  outer loop
   vertex -52.590171813964844 47.970710754394531 -44.221519470214844
   vertex -52.412502288818359 47.970710754394531 -44.417373657226562
   vertex -52.590171813964844 47.818363189697266 -44.062034606933594
  endloop
 endfacet
 facet normal -0.65957945828277109 -0.54350853575951408 -0.51918533277429468
  outer loop
   vertex -52.590171813964844 47.970710754394531 -44.221519470214844
   vertex -52.590171813964844 47.818363189697266 -44.062034606933594
   vertex -52.715709686279297 47.970710754394531 -44.062034606933594
  endloop
 endfacet
 facet normal -0.64922451996922792 -0.5633393988796549 -0.51103448449261679
  outer loop
   vertex -52.590171813964844 47.970710754394531 -44.221519470214844
   vertex -52.715709686279297 47.970710754394531 -44.062034606933594
   vertex -52.590171813964844 48.148380279541016 -44.417373657226562
  endloop
 endfacet
 facet normal -0.65926033570155007 -0.55304203928363449 -0.5094313619671238
  outer loop
   vertex -52.590171813964844 48.148380279541016 -44.417373657226562
   vertex -52.715709686279297 47.970710754394531 -44.062034606933594
   vertex -52.945510864257812 48.244647979736328 -44.062034606933594
  endloop
 endfacet
 facet normal -0.63655460082738002 -0.61060039391441823 -0.47113204000264297
  outer loop
   vertex -52.590171813964844 48.148380279541016 -44.417373657226562
   vertex -52.945510864257812 48.244647979736328 -44.062034606933594
   vertex -52.760597229003906 48.3260498046875 -44.417373657226562
  endloop
 endfacet
 facet normal -0.64590389098218859 -0.59896929557985257 -0.47333280740578731
  outer loop
   vertex -52.760597229003906 48.3260498046875 -44.417373657226562
   vertex -52.945510864257812 48.244647979736328 -44.062034606933594
   vertex -52.945510864257812 48.3260498046875 -44.165042877197266
  endloop
 endfacet
 facet normal 0.69356275753520635 -0.46147138910278396 -0.55318609743892466
  outer loop
   vertex -49.682533264160156 48.3260498046875 -44.417373657226562
   vertex -49.747459411621094 48.228469848632812 -44.417373657226562
   vertex -49.747459411621094 48.3260498046875 -44.498775482177734
  endloop
 endfacet
 facet normal -0.47880872790084283 -0.54042474035719223 -0.69186942561139242
  outer loop
   vertex -52.234832763671875 47.970710754394531 -44.587799072265625
   vertex -52.234832763671875 48.207443237304688 -44.772712707519531
   vertex -51.967636108398438 47.970710754394531 -44.772712707519531
  endloop
 endfacet
 facet normal -0.42315975154571306 -0.47761451605381938 -0.76994817924743886
  outer loop
   vertex -51.967636108398438 47.970710754394531 -44.772712707519531
   vertex -52.234832763671875 48.207443237304688 -44.772712707519531
   vertex -52.234832763671875 48.3260498046875 -44.846286773681641
  endloop
 endfacet
 facet normal -0.58519405832168525 -0.56133397207900393 -0.58519405832168525
  outer loop
   vertex -52.760597229003906 48.3260498046875 -44.417373657226562
   vertex -52.590171813964844 48.3260498046875 -44.587799072265625
   vertex -52.590171813964844 48.148380279541016 -44.417373657226562
  endloop
 endfacet
 facet normal -0.15319554757405265 -0.19393118716799507 -0.96897978247592886
  outer loop
   vertex -51.524154663085938 48.3260498046875 -44.950382232666016
   vertex -51.524154663085938 47.970710754394531 -44.879264831542969
   vertex -51.879493713378906 47.970710754394531 -44.823085784912109
  endloop
 endfacet
 facet normal -0.030576569868659247 -0.67911480287687376 0.73339495354724915
  outer loop
   vertex -50.8134765625 47.970710754394531 -41.060821533203125
   vertex -51.168815612792969 47.815540313720703 -41.219322204589844
   vertex -50.8134765625 47.799541473388672 -41.219322204589844
  endloop
 endfacet
 facet normal -0.031820762552109368 -0.70674869616809421 0.70674869616809421
  outer loop
   vertex -50.8134765625 47.799541473388672 -41.219322204589844
   vertex -51.168815612792969 47.815540313720703 -41.219322204589844
   vertex -50.8134765625 47.615371704101562 -41.403491973876953
  endloop
 endfacet
 facet normal 0.031820762552109368 -0.70674869616809421 0.70674869616809421
  outer loop
   vertex -50.8134765625 47.799541473388672 -41.219322204589844
   vertex -50.8134765625 47.615371704101562 -41.403491973876953
   vertex -50.458137512207031 47.615371704101562 -41.419490814208984
  endloop
 endfacet
 facet normal 0.33513423016102006 -0.75623944928486475 0.56194923535823482
  outer loop
   vertex -49.966712951660156 47.615371704101562 -41.574661254882812
   vertex -49.747459411621094 47.712535858154297 -41.574661254882812
   vertex -50.102798461914062 47.819110870361328 -41.219322204589844
  endloop
 endfacet
 facet normal 0.01367989193398614 -0.66376279296182661 0.74781803618005216
  outer loop
   vertex -51.168815612792969 47.615371704101562 -41.396991729736328
   vertex -50.8134765625 47.615371704101562 -41.403491973876953
   vertex -51.168815612792969 47.815540313720703 -41.219322204589844
  endloop
 endfacet
 facet normal -0.29827263505067603 -0.34625483536215429 0.88946108637098542
  outer loop
   vertex -51.524154663085938 47.615371704101562 -41.416160583496094
   vertex -51.879493713378906 47.970710754394531 -41.396991729736328
   vertex -51.879493713378906 47.615371704101562 -41.535320281982422
  endloop
 endfacet
 facet normal -0.5847132407601402 -0.29429174118129109 0.75597804012567604
  outer loop
   vertex -51.879493713378906 47.615371704101562 -41.535320281982422
   vertex -51.879493713378906 47.970710754394531 -41.396991729736328
   vertex -52.109203338623047 47.970710754394531 -41.574661254882812
  endloop
 endfacet
 facet normal -0.59097673314894617 -0.29909196061020688 0.74919323273434724
  outer loop
   vertex -51.879493713378906 47.615371704101562 -41.535320281982422
   vertex -52.109203338623047 47.970710754394531 -41.574661254882812
   vertex -51.929367065429688 47.615371704101562 -41.574661254882812
  endloop
 endfacet
 facet normal -0.63641218525582433 -0.32208673805169435 0.70088491468223613
  outer loop
   vertex -51.929367065429688 47.615371704101562 -41.574661254882812
   vertex -52.109203338623047 47.970710754394531 -41.574661254882812
   vertex -52.234832763671875 47.615371704101562 -41.852027893066406
  endloop
 endfacet
 facet normal -0.55789569263306149 -0.55789569263306149 0.61441418626440691
  outer loop
   vertex -51.929367065429688 47.615371704101562 -41.574661254882812
   vertex -52.234832763671875 47.615371704101562 -41.852027893066406
   vertex -51.879493713378906 47.565498352050781 -41.574661254882812
  endloop
 endfacet
 facet normal -0.55261380632468171 -0.57337335103590681 0.60486443223353936
  outer loop
   vertex -51.879493713378906 47.565498352050781 -41.574661254882812
   vertex -52.234832763671875 47.615371704101562 -41.852027893066406
   vertex -51.879493713378906 47.260032653808594 -41.864223480224609
  endloop
 endfacet
 facet normal 0.47667480739415896 -0.77127709305231329 0.42179707648170633
  outer loop
   vertex -48.879566192626953 47.970710754394531 -41.930000305175781
   vertex -49.036781311035156 47.970710754394531 -41.752330780029297
   vertex -49.036781311035156 47.873546600341797 -41.930000305175781
  endloop
 endfacet
 facet normal 0.43259670901788244 -0.79102476237712993 0.43259670901788244
  outer loop
   vertex -49.036781311035156 47.873546600341797 -41.930000305175781
   vertex -49.036781311035156 47.970710754394531 -41.752330780029297
   vertex -49.392120361328125 47.873546600341797 -41.574661254882812
  endloop
 endfacet
 facet normal 0.48646974160099821 -0.78712565115629296 0.3791838601502438
  outer loop
   vertex -48.879566192626953 47.970710754394531 -41.930000305175781
   vertex -49.036781311035156 47.873546600341797 -41.930000305175781
   vertex -48.681442260742188 47.970710754394531 -42.184181213378906
  endloop
 endfacet
 facet normal 0.49100808000109075 -0.77981889455567843 0.388321460992825
  outer loop
   vertex -48.681442260742188 47.970710754394531 -42.184181213378906
   vertex -49.036781311035156 47.873546600341797 -41.930000305175781
   vertex -48.681442260742188 47.920337677001953 -42.28533935546875
  endloop
 endfacet
 facet normal 0.45231521771327171 -0.81933102623967446 0.35228910466552527
  outer loop
   vertex -49.392120361328125 47.712535858154297 -41.930000305175781
   vertex -49.291366577148438 47.615371704101562 -42.28533935546875
   vertex -49.036781311035156 47.755916595458984 -42.28533935546875
  endloop
 endfacet
 facet normal 0.46886966025605642 -0.84931800847294447 0.2425286832004033
  outer loop
   vertex -49.036781311035156 47.755916595458984 -42.28533935546875
   vertex -49.291366577148438 47.615371704101562 -42.28533935546875
   vertex -49.107563018798828 47.615371704101562 -42.640678405761719
  endloop
 endfacet
 facet normal 0.44284806746403482 -0.86042365359111683 0.25210459235064253
  outer loop
   vertex -49.036781311035156 47.755916595458984 -42.28533935546875
   vertex -49.107563018798828 47.615371704101562 -42.640678405761719
   vertex -49.036781311035156 47.651802062988281 -42.640678405761719
  endloop
 endfacet
 facet normal 0.4441626535875175 -0.86297780495459553 0.2408087318056448
  outer loop
   vertex -49.036781311035156 47.651802062988281 -42.640678405761719
   vertex -49.107563018798828 47.615371704101562 -42.640678405761719
   vertex -49.036781311035156 47.615371704101562 -42.771232604980469
  endloop
 endfacet
 facet normal 0.34164047756997418 -0.9052475259945949 0.2526038415512033
  outer loop
   vertex -49.036781311035156 47.651802062988281 -42.640678405761719
   vertex -49.036781311035156 47.615371704101562 -42.771232604980469
   vertex -48.870578765869141 47.615371704101562 -42.996017456054688
  endloop
 endfacet
 facet normal -0.7885192934384806 -0.48735019150425779 0.3751361282468571
  outer loop
   vertex -52.493003845214844 47.615371704101562 -42.28533935546875
   vertex -52.590171813964844 47.772586822509766 -42.28533935546875
   vertex -52.590171813964844 47.615371704101562 -42.489582061767578
  endloop
 endfacet
 facet normal -0.74956075808854405 -0.52453522060820101 0.40375917608796597
  outer loop
   vertex -52.590171813964844 47.615371704101562 -42.489582061767578
   vertex -52.590171813964844 47.772586822509766 -42.28533935546875
   vertex -52.728816986083984 47.970710754394531 -42.28533935546875
  endloop
 endfacet
 facet normal 0.3609155710427967 -0.89544410167498512 0.26061429614342152
  outer loop
   vertex -48.870578765869141 47.615371704101562 -42.996017456054688
   vertex -48.681442260742188 47.691604614257812 -42.996017456054688
   vertex -49.036781311035156 47.651802062988281 -42.640678405761719
  endloop
 endfacet
 facet normal -0.73366603422923038 -0.64521639229348215 0.21314304430156075
  outer loop
   vertex -52.945510864257812 47.970710754394531 -42.781242370605469
   vertex -52.945510864257812 47.899761199951172 -42.996017456054688
   vertex -52.904674530029297 47.970710754394531 -42.640678405761719
  endloop
 endfacet
 facet normal -0.78097735229239651 -0.58912453703997936 0.20738045969615329
  outer loop
   vertex -52.904674530029297 47.970710754394531 -42.640678405761719
   vertex -52.945510864257812 47.899761199951172 -42.996017456054688
   vertex -52.730983734130859 47.615371704101562 -42.996017456054688
  endloop
 endfacet
 facet normal -0.81930472842786106 -0.55276462654618741 0.15228601253891558
  outer loop
   vertex -52.904674530029297 47.970710754394531 -42.640678405761719
   vertex -52.730983734130859 47.615371704101562 -42.996017456054688
   vertex -52.664936065673828 47.615371704101562 -42.640678405761719
  endloop
 endfacet
 facet normal -0.75160263934921268 -0.64465246709337287 0.1397020729757624
  outer loop
   vertex -52.664936065673828 47.615371704101562 -42.640678405761719
   vertex -52.730983734130859 47.615371704101562 -42.996017456054688
   vertex -52.590171813964844 47.451198577880859 -42.996017456054688
  endloop
 endfacet
 facet normal -0.78944132686273183 -0.60339523302326969 0.11267912054148982
  outer loop
   vertex -52.664936065673828 47.615371704101562 -42.640678405761719
   vertex -52.590171813964844 47.451198577880859 -42.996017456054688
   vertex -52.590171813964844 47.517555236816406 -42.640678405761719
  endloop
 endfacet
 facet normal -0.74107309288129375 -0.66001479286002995 0.12325235986903083
  outer loop
   vertex -52.590171813964844 47.517555236816406 -42.640678405761719
   vertex -52.590171813964844 47.451198577880859 -42.996017456054688
   vertex -52.360816955566406 47.260032653808594 -42.640678405761719
  endloop
 endfacet
 facet normal -0.68859034821807685 -0.68855332524113089 0.22745911861318949
  outer loop
   vertex -52.945510864257812 47.970710754394531 -42.781242370605469
   vertex -53.016456604003906 47.970710754394531 -42.996017456054688
   vertex -52.945510864257812 47.899761199951172 -42.996017456054688
  endloop
 endfacet
 facet normal -0.69298532795121481 -0.6929480686723315 -0.19898318865580814
  outer loop
   vertex -52.945510864257812 47.899761199951172 -42.996017456054688
   vertex -53.016456604003906 47.970710754394531 -42.996017456054688
   vertex -52.945510864257812 47.970710754394531 -43.243095397949219
  endloop
 endfacet
 facet normal -0.7866571619243713 -0.59340905977305292 -0.1704001096606301
  outer loop
   vertex -52.945510864257812 47.899761199951172 -42.996017456054688
   vertex -52.945510864257812 47.970710754394531 -43.243095397949219
   vertex -52.730983734130859 47.615371704101562 -42.996017456054688
  endloop
 endfacet
 facet normal 0.42794622787697739 -0.77834036124330763 -0.45939994351926461
  outer loop
   vertex -49.036781311035156 47.750282287597656 -43.351356506347656
   vertex -49.036781311035156 47.615371704101562 -43.122783660888672
   vertex -49.282154083251953 47.615371704101562 -43.351356506347656
  endloop
 endfacet
 facet normal 0.37155277214018378 -0.83836623950937872 -0.39886161254982627
  outer loop
   vertex -49.282154083251953 47.615371704101562 -43.351356506347656
   vertex -49.036781311035156 47.615371704101562 -43.122783660888672
   vertex -49.036781311035156 47.555061340332031 -42.996017456054688
  endloop
 endfacet
 facet normal 0.39074081769403152 -0.82428727052073514 -0.40972198994595826
  outer loop
   vertex -49.282154083251953 47.615371704101562 -43.351356506347656
   vertex -49.036781311035156 47.555061340332031 -42.996017456054688
   vertex -49.392120361328125 47.563243865966797 -43.351356506347656
  endloop
 endfacet
 facet normal 0.22736696765676048 -0.94142476940157527 -0.24904550904555681
  outer loop
   vertex -49.392120361328125 47.563243865966797 -43.351356506347656
   vertex -49.036781311035156 47.555061340332031 -42.996017456054688
   vertex -49.392120361328125 47.469242095947266 -42.996017456054688
  endloop
 endfacet
 facet normal 0.27449230834841859 -0.92961128968024698 -0.24592035856468755
  outer loop
   vertex -49.392120361328125 47.563243865966797 -43.351356506347656
   vertex -49.392120361328125 47.469242095947266 -42.996017456054688
   vertex -49.747459411621094 47.458320617675781 -43.351356506347656
  endloop
 endfacet
 facet normal 0.088265171453134367 -0.99442437359209801 -0.057701167356578528
  outer loop
   vertex -49.747459411621094 47.458320617675781 -43.351356506347656
   vertex -49.392120361328125 47.469242095947266 -42.996017456054688
   vertex -49.747459411621094 47.437702178955078 -42.996017456054688
  endloop
 endfacet
 facet normal 0.20059318117002867 -0.97802956430191934 -0.056749863607642233
  outer loop
   vertex -49.747459411621094 47.458320617675781 -43.351356506347656
   vertex -49.747459411621094 47.437702178955078 -42.996017456054688
   vertex -50.102798461914062 47.385440826416016 -43.351356506347656
  endloop
 endfacet
 facet normal 0.19598258986044315 -0.97922964359278442 -0.051962771103372336
  outer loop
   vertex -50.102798461914062 47.385440826416016 -43.351356506347656
   vertex -49.747459411621094 47.437702178955078 -42.996017456054688
   vertex -50.102798461914062 47.366584777832031 -42.996017456054688
  endloop
 endfacet
 facet normal 0.4496203870955171 -0.89196478800290302 -0.04733206599139398
  outer loop
   vertex -50.102798461914062 47.385440826416016 -43.351356506347656
   vertex -50.102798461914062 47.366584777832031 -42.996017456054688
   vertex -50.351585388183594 47.260032653808594 -43.351356506347656
  endloop
 endfacet
 facet normal 0.51161639424047822 -0.85309084783582523 -0.10239467995518234
  outer loop
   vertex -50.351585388183594 47.260032653808594 -43.351356506347656
   vertex -50.102798461914062 47.366584777832031 -42.996017456054688
   vertex -50.280467987060547 47.260032653808594 -42.996017456054688
  endloop
 endfacet
 facet normal 0.51161639424047822 -0.85309084783582523 -0.10239467995518234
  outer loop
   vertex -50.351585388183594 47.260032653808594 -43.351356506347656
   vertex -50.280467987060547 47.260032653808594 -42.996017456054688
   vertex -50.458137512207031 47.153480529785156 -42.996017456054688
  endloop
 endfacet
 facet normal 0.51431973529565989 -0.85759851322480873 0
  outer loop
   vertex -50.458137512207031 47.153480529785156 -42.996017456054688
   vertex -50.280467987060547 47.260032653808594 -42.996017456054688
   vertex -50.458137512207031 47.153480529785156 -42.640678405761719
  endloop
 endfacet
 facet normal 0.19624771608187738 -0.98055435032059635 0
  outer loop
   vertex -50.458137512207031 47.153480529785156 -42.996017456054688
   vertex -50.458137512207031 47.153480529785156 -42.640678405761719
   vertex -50.8134765625 47.082363128662109 -42.996017456054688
  endloop
 endfacet
 facet normal 0.19624771608187738 -0.98055435032059635 0
  outer loop
   vertex -50.8134765625 47.082363128662109 -42.996017456054688
   vertex -50.458137512207031 47.153480529785156 -42.640678405761719
   vertex -50.8134765625 47.082363128662109 -42.640678405761719
  endloop
 endfacet
 facet normal 0 -1 -0
  outer loop
   vertex -50.8134765625 47.082363128662109 -42.996017456054688
   vertex -50.8134765625 47.082363128662109 -42.640678405761719
   vertex -51.168815612792969 47.082363128662109 -42.996017456054688
  endloop
 endfacet
 facet normal -0 -1 0
  outer loop
   vertex -51.168815612792969 47.082363128662109 -42.996017456054688
   vertex -50.8134765625 47.082363128662109 -42.640678405761719
   vertex -51.168815612792969 47.082363128662109 -42.640678405761719
  endloop
 endfacet
 facet normal 0 -1 -0
  outer loop
   vertex -51.168815612792969 47.082363128662109 -42.996017456054688
   vertex -51.168815612792969 47.082363128662109 -42.640678405761719
   vertex -51.524154663085938 47.082363128662109 -42.996017456054688
  endloop
 endfacet
 facet normal -0 -1 0
  outer loop
   vertex -51.524154663085938 47.082363128662109 -42.996017456054688
   vertex -51.168815612792969 47.082363128662109 -42.640678405761719
   vertex -51.524154663085938 47.082363128662109 -42.640678405761719
  endloop
 endfacet
 facet normal 0 -1 -0
  outer loop
   vertex -51.524154663085938 47.082363128662109 -42.996017456054688
   vertex -51.524154663085938 47.082363128662109 -42.640678405761719
   vertex -51.879493713378906 47.082363128662109 -42.996017456054688
  endloop
 endfacet
 facet normal -0 -1 0
  outer loop
   vertex -51.879493713378906 47.082363128662109 -42.996017456054688
   vertex -51.524154663085938 47.082363128662109 -42.640678405761719
   vertex -51.879493713378906 47.082363128662109 -42.640678405761719
  endloop
 endfacet
 facet normal -0.19624771608187738 -0.98055435032059635 -0
  outer loop
   vertex -51.879493713378906 47.082363128662109 -42.996017456054688
   vertex -51.879493713378906 47.082363128662109 -42.640678405761719
   vertex -52.234832763671875 47.153480529785156 -42.996017456054688
  endloop
 endfacet
 facet normal -0.21651239272051051 -0.97605039838917651 0.02116609559577173
  outer loop
   vertex -52.234832763671875 47.153480529785156 -42.996017456054688
   vertex -51.879493713378906 47.082363128662109 -42.640678405761719
   vertex -52.234832763671875 47.161186218261719 -42.640678405761719
  endloop
 endfacet
 facet normal -0.61718661006660103 -0.7866318687889613 0.017058468866921115
  outer loop
   vertex -52.234832763671875 47.153480529785156 -42.996017456054688
   vertex -52.234832763671875 47.161186218261719 -42.640678405761719
   vertex -52.360816955566406 47.260032653808594 -42.640678405761719
  endloop
 endfacet
 facet normal 0.38173118955070728 -0.69428533918085567 -0.61012225555434896
  outer loop
   vertex -49.036781311035156 47.750282287597656 -43.351356506347656
   vertex -49.282154083251953 47.615371704101562 -43.351356506347656
   vertex -49.392120361328125 47.615371704101562 -43.420158386230469
  endloop
 endfacet
 facet normal 0.35344793066694191 -0.74561606273954872 -0.5649170269092888
  outer loop
   vertex -49.392120361328125 47.615371704101562 -43.420158386230469
   vertex -49.282154083251953 47.615371704101562 -43.351356506347656
   vertex -49.392120361328125 47.563243865966797 -43.351356506347656
  endloop
 endfacet
 facet normal 0.47734694175796116 -0.70039126791750073 -0.53065239942851228
  outer loop
   vertex -49.392120361328125 47.615371704101562 -43.420158386230469
   vertex -49.392120361328125 47.563243865966797 -43.351356506347656
   vertex -49.710655212402344 47.615371704101562 -43.706695556640625
  endloop
 endfacet
 facet normal 0.48825885146577075 -0.6867941972505841 -0.53843943446617304
  outer loop
   vertex -49.710655212402344 47.615371704101562 -43.706695556640625
   vertex -49.392120361328125 47.563243865966797 -43.351356506347656
   vertex -49.747459411621094 47.589206695556641 -43.706695556640625
  endloop
 endfacet
 facet normal 0.49486897725701401 -0.69609212604981352 -0.52015425346722632
  outer loop
   vertex -49.710655212402344 47.615371704101562 -43.706695556640625
   vertex -49.747459411621094 47.589206695556641 -43.706695556640625
   vertex -49.747459411621094 47.615371704101562 -43.741710662841797
  endloop
 endfacet
 facet normal 0.3284539736104537 -0.75661384451050062 -0.56537905648736508
  outer loop
   vertex -49.747459411621094 47.615371704101562 -43.741710662841797
   vertex -49.747459411621094 47.589206695556641 -43.706695556640625
   vertex -50.102798461914062 47.615371704101562 -43.948143005371094
  endloop
 endfacet
 facet normal 0.35545024328231917 -0.70660904571307048 -0.61184865862973348
  outer loop
   vertex -49.747459411621094 47.615371704101562 -43.741710662841797
   vertex -50.102798461914062 47.615371704101562 -43.948143005371094
   vertex -49.747459411621094 47.892738342285156 -44.062034606933594
  endloop
 endfacet
 facet normal 0.43025416884327289 -0.75462579227548243 -0.49540010478963875
  outer loop
   vertex -49.747459411621094 47.892738342285156 -44.062034606933594
   vertex -50.102798461914062 47.615371704101562 -43.948143005371094
   vertex -50.102798461914062 47.690139770507812 -44.062034606933594
  endloop
 endfacet
 facet normal 0.43814640492827334 -0.76846804027619398 -0.46635244067389126
  outer loop
   vertex -49.747459411621094 47.892738342285156 -44.062034606933594
   vertex -50.102798461914062 47.690139770507812 -44.062034606933594
   vertex -50.102798461914062 47.905780792236328 -44.417373657226562
  endloop
 endfacet
 facet normal 0.21962149646453433 -0.83402268317792705 -0.50613492493145507
  outer loop
   vertex -50.102798461914062 47.905780792236328 -44.417373657226562
   vertex -50.102798461914062 47.690139770507812 -44.062034606933594
   vertex -50.458137512207031 47.812210083007812 -44.417373657226562
  endloop
 endfacet
 facet normal 0.18970519297982927 -0.72041415166012046 -0.66709473828258803
  outer loop
   vertex -50.102798461914062 47.905780792236328 -44.417373657226562
   vertex -50.458137512207031 47.812210083007812 -44.417373657226562
   vertex -50.458137512207031 47.970710754394531 -44.588542938232422
  endloop
 endfacet
 facet normal 0.36254446272458329 -0.58485400027481516 -0.72560823514503314
  outer loop
   vertex -49.036781311035156 47.750282287597656 -43.351356506347656
   vertex -49.392120361328125 47.615371704101562 -43.420158386230469
   vertex -49.036781311035156 47.970710754394531 -43.529026031494141
  endloop
 endfacet
 facet normal 0.34628622596399722 -0.57369867051347179 -0.74226389185968522
  outer loop
   vertex -49.036781311035156 47.970710754394531 -43.529026031494141
   vertex -49.392120361328125 47.615371704101562 -43.420158386230469
   vertex -49.392120361328125 47.970710754394531 -43.694801330566406
  endloop
 endfacet
 facet normal 0.58875579857429683 -0.49431045059977002 -0.63954967600100809
  outer loop
   vertex -49.392120361328125 47.970710754394531 -43.694801330566406
   vertex -49.392120361328125 47.615371704101562 -43.420158386230469
   vertex -49.405040740966797 47.970710754394531 -43.706695556640625
  endloop
 endfacet
 facet normal 0.57972022098437359 -0.49859673112359731 -0.64445772948634295
  outer loop
   vertex -49.405040740966797 47.970710754394531 -43.706695556640625
   vertex -49.392120361328125 47.615371704101562 -43.420158386230469
   vertex -49.710655212402344 47.615371704101562 -43.706695556640625
  endloop
 endfacet
 facet normal 0.65537314001386415 -0.5636631144628097 -0.50276231038379726
  outer loop
   vertex -49.405040740966797 47.970710754394531 -43.706695556640625
   vertex -49.710655212402344 47.615371704101562 -43.706695556640625
   vertex -49.677635192871094 47.970710754394531 -44.062034606933594
  endloop
 endfacet
 facet normal 0.54124609350524178 -0.61919650726119935 -0.56890100339237093
  outer loop
   vertex -49.677635192871094 47.970710754394531 -44.062034606933594
   vertex -49.710655212402344 47.615371704101562 -43.706695556640625
   vertex -49.747459411621094 47.615371704101562 -43.741710662841797
  endloop
 endfacet
 facet normal 0.64507066240145872 -0.57766014699590507 -0.50019255800302798
  outer loop
   vertex -49.677635192871094 47.970710754394531 -44.062034606933594
   vertex -49.747459411621094 47.615371704101562 -43.741710662841797
   vertex -49.747459411621094 47.892738342285156 -44.062034606933594
  endloop
 endfacet
 facet normal 0.33185712970963011 -0.78858397021561344 -0.51769312085430141
  outer loop
   vertex -50.102798461914062 47.690139770507812 -44.062034606933594
   vertex -50.102798461914062 47.615371704101562 -43.948143005371094
   vertex -50.280467987060547 47.615371704101562 -44.062034606933594
  endloop
 endfacet
 facet normal 0.3069194216745843 -0.8225326940666321 -0.47879059701546633
  outer loop
   vertex -50.280467987060547 47.615371704101562 -44.062034606933594
   vertex -50.102798461914062 47.615371704101562 -43.948143005371094
   vertex -50.102798461914062 47.474826812744141 -43.706695556640625
  endloop
 endfacet
 facet normal 0.33864432358057861 -0.8047122127941555 -0.48760463152700506
  outer loop
   vertex -50.280467987060547 47.615371704101562 -44.062034606933594
   vertex -50.102798461914062 47.474826812744141 -43.706695556640625
   vertex -50.458137512207031 47.540603637695312 -44.062034606933594
  endloop
 endfacet
 facet normal 0.28220668786311554 -0.85249555631240148 -0.44001217232360657
  outer loop
   vertex -50.458137512207031 47.540603637695312 -44.062034606933594
   vertex -50.102798461914062 47.474826812744141 -43.706695556640625
   vertex -50.458137512207031 47.357196807861328 -43.706695556640625
  endloop
 endfacet
 facet normal 0.24921188148361362 -0.86057782243553693 -0.44418380166267502
  outer loop
   vertex -50.458137512207031 47.540603637695312 -44.062034606933594
   vertex -50.458137512207031 47.357196807861328 -43.706695556640625
   vertex -50.8134765625 47.437702178955078 -44.062034606933594
  endloop
 endfacet
 facet normal 0.34553277873373189 -0.779701076664296 -0.5221813189583514
  outer loop
   vertex -50.8134765625 47.437702178955078 -44.062034606933594
   vertex -50.458137512207031 47.357196807861328 -43.706695556640625
   vertex -50.8134765625 47.260032653808594 -43.796745300292969
  endloop
 endfacet
 facet normal 0.22171966140511934 -0.81019741653351651 -0.54260532432774267
  outer loop
   vertex -50.8134765625 47.437702178955078 -44.062034606933594
   vertex -50.8134765625 47.260032653808594 -43.796745300292969
   vertex -51.168815612792969 47.260032653808594 -43.941944122314453
  endloop
 endfacet
 facet normal 0.22172511388478996 -0.8101869877130855 -0.54261866795492175
  outer loop
   vertex -51.168815612792969 47.260032653808594 -43.941944122314453
   vertex -50.8134765625 47.260032653808594 -43.796745300292969
   vertex -50.8134765625 47.199722290039062 -43.706695556640625
  endloop
 endfacet
 facet normal 0.15959078044968314 -0.87113279805965338 -0.46439038635637198
  outer loop
   vertex -51.168815612792969 47.260032653808594 -43.941944122314453
   vertex -50.8134765625 47.199722290039062 -43.706695556640625
   vertex -51.168815612792969 47.134624481201172 -43.706695556640625
  endloop
 endfacet
 facet normal 0.17340836664588316 -0.94655665707963765 -0.27195594002600476
  outer loop
   vertex -51.168815612792969 47.134624481201172 -43.706695556640625
   vertex -50.8134765625 47.199722290039062 -43.706695556640625
   vertex -50.8134765625 47.097629547119141 -43.351356506347656
  endloop
 endfacet
 facet normal 0.042467356976190161 -0.98846434341132272 -0.14537800863913172
  outer loop
   vertex -51.168815612792969 47.134624481201172 -43.706695556640625
   vertex -50.8134765625 47.097629547119141 -43.351356506347656
   vertex -51.168815612792969 47.082363128662109 -43.351356506347656
  endloop
 endfacet
 facet normal 0.042883880121850286 -0.99815927869823939 -0.042883880121850286
  outer loop
   vertex -51.168815612792969 47.082363128662109 -43.351356506347656
   vertex -50.8134765625 47.097629547119141 -43.351356506347656
   vertex -50.8134765625 47.082363128662109 -42.996017456054688
  endloop
 endfacet
 facet normal -0 -1 0
  outer loop
   vertex -51.168815612792969 47.082363128662109 -43.351356506347656
   vertex -50.8134765625 47.082363128662109 -42.996017456054688
   vertex -51.168815612792969 47.082363128662109 -42.996017456054688
  endloop
 endfacet
 facet normal 0.65739084348199128 -0.58869285709855035 -0.47040195461666806
  outer loop
   vertex -49.677635192871094 47.970710754394531 -44.062034606933594
   vertex -49.747459411621094 47.892738342285156 -44.062034606933594
   vertex -49.747459411621094 47.970710754394531 -44.159614562988281
  endloop
 endfacet
 facet normal 0.52954014717814013 -0.66270239553898358 -0.52954014717814013
  outer loop
   vertex -49.747459411621094 47.970710754394531 -44.159614562988281
   vertex -49.747459411621094 47.892738342285156 -44.062034606933594
   vertex -50.005218505859375 47.970710754394531 -44.417373657226562
  endloop
 endfacet
 facet normal 0.47825976579208557 -0.71875241225319009 -0.50464102717151293
  outer loop
   vertex -49.747459411621094 47.892738342285156 -44.062034606933594
   vertex -50.102798461914062 47.905780792236328 -44.417373657226562
   vertex -50.005218505859375 47.970710754394531 -44.417373657226562
  endloop
 endfacet
 facet normal 0.45526429491921905 -0.68419368215931042 -0.56974856477659597
  outer loop
   vertex -50.005218505859375 47.970710754394531 -44.417373657226562
   vertex -50.102798461914062 47.905780792236328 -44.417373657226562
   vertex -50.102798461914062 47.970710754394531 -44.495346069335938
  endloop
 endfacet
 facet normal 0.31708769526368807 -0.75348772484215676 -0.57594413099236696
  outer loop
   vertex -50.280467987060547 47.615371704101562 -44.062034606933594
   vertex -50.458137512207031 47.615371704101562 -44.15985107421875
   vertex -50.102798461914062 47.690139770507812 -44.062034606933594
  endloop
 endfacet
 facet normal 0.31708685809442816 -0.75349416360928412 -0.57593616819101534
  outer loop
   vertex -50.102798461914062 47.690139770507812 -44.062034606933594
   vertex -50.458137512207031 47.615371704101562 -44.15985107421875
   vertex -50.458137512207031 47.812210083007812 -44.417373657226562
  endloop
 endfacet
 facet normal 0.21989437433813983 -0.77504651630001187 -0.59240979204065614
  outer loop
   vertex -50.458137512207031 47.812210083007812 -44.417373657226562
   vertex -50.458137512207031 47.615371704101562 -44.15985107421875
   vertex -50.8134765625 47.615371704101562 -44.291748046875
  endloop
 endfacet
 facet normal 0.21989732931408665 -0.7750395929006717 -0.59241775293866183
  outer loop
   vertex -50.8134765625 47.615371704101562 -44.291748046875
   vertex -50.458137512207031 47.615371704101562 -44.15985107421875
   vertex -50.458137512207031 47.540603637695312 -44.062034606933594
  endloop
 endfacet
 facet normal 0.22328348884661561 -0.77104196426551408 -0.59635456982407786
  outer loop
   vertex -50.8134765625 47.615371704101562 -44.291748046875
   vertex -50.458137512207031 47.540603637695312 -44.062034606933594
   vertex -50.8134765625 47.437702178955078 -44.062034606933594
  endloop
 endfacet
 facet normal -0.47633638889097207 -0.65000253983519263 -0.59211514321634051
  outer loop
   vertex -52.234832763671875 47.615371704101562 -44.214382171630859
   vertex -52.234832763671875 47.800285339355469 -44.417373657226562
   vertex -51.982501983642578 47.615371704101562 -44.417373657226562
  endloop
 endfacet
 facet normal -0.45514045599790809 -0.62107884108787448 -0.63805034164003005
  outer loop
   vertex -51.982501983642578 47.615371704101562 -44.417373657226562
   vertex -52.234832763671875 47.800285339355469 -44.417373657226562
   vertex -51.879493713378906 47.904933929443359 -44.772712707519531
  endloop
 endfacet
 facet normal -0.4796496410678352 -0.60697047465368914 -0.6336584764067883
  outer loop
   vertex -51.982501983642578 47.615371704101562 -44.417373657226562
   vertex -51.879493713378906 47.904933929443359 -44.772712707519531
   vertex -51.879493713378906 47.615371704101562 -44.495346069335938
  endloop
 endfacet
 facet normal -0.15595324115898618 -0.68327192577769447 -0.71331484073727758
  outer loop
   vertex -51.879493713378906 47.615371704101562 -44.495346069335938
   vertex -51.879493713378906 47.904933929443359 -44.772712707519531
   vertex -51.524154663085938 47.823829650878906 -44.772712707519531
  endloop
 endfacet
 facet normal -0.17599935584989199 -0.66532704356782668 -0.72550958080353312
  outer loop
   vertex -51.879493713378906 47.615371704101562 -44.495346069335938
   vertex -51.524154663085938 47.823829650878906 -44.772712707519531
   vertex -51.524154663085938 47.615371704101562 -44.581546783447266
  endloop
 endfacet
 facet normal 0.1524619902416644 -0.66797584267019605 -0.72839797853961119
  outer loop
   vertex -51.524154663085938 47.615371704101562 -44.581546783447266
   vertex -51.524154663085938 47.823829650878906 -44.772712707519531
   vertex -51.168815612792969 47.904933929443359 -44.772712707519531
  endloop
 endfacet
 facet normal 0.17255670803704704 -0.68135937771477229 -0.7113181994800607
  outer loop
   vertex -51.524154663085938 47.615371704101562 -44.581546783447266
   vertex -51.168815612792969 47.904933929443359 -44.772712707519531
   vertex -51.168815612792969 47.615371704101562 -44.495346069335938
  endloop
 endfacet
 facet normal 0.35795080412092822 -0.64590160177570966 -0.67430137375861354
  outer loop
   vertex -51.168815612792969 47.615371704101562 -44.495346069335938
   vertex -51.168815612792969 47.904933929443359 -44.772712707519531
   vertex -51.050125122070312 47.970710754394531 -44.772712707519531
  endloop
 endfacet
 facet normal 0.32324531162324344 -0.64701004670431139 -0.6905725653233532
  outer loop
   vertex -51.168815612792969 47.615371704101562 -44.495346069335938
   vertex -51.050125122070312 47.970710754394531 -44.772712707519531
   vertex -50.8134765625 47.970710754394531 -44.661941528320312
  endloop
 endfacet
 facet normal -0.55857334476141396 -0.61318156939367741 -0.55857334476141396
  outer loop
   vertex -52.234832763671875 47.800285339355469 -44.417373657226562
   vertex -52.234832763671875 47.615371704101562 -44.214382171630859
   vertex -52.387180328369141 47.615371704101562 -44.062034606933594
  endloop
 endfacet
 facet normal -0.53662442019352097 -0.65120539256361731 -0.53662442019352097
  outer loop
   vertex -52.387180328369141 47.615371704101562 -44.062034606933594
   vertex -52.234832763671875 47.615371704101562 -44.214382171630859
   vertex -52.234832763671875 47.489830017089844 -44.062034606933594
  endloop
 endfacet
 facet normal -0.56740512124882381 -0.68855844203325056 -0.45159572660217928
  outer loop
   vertex -52.387180328369141 47.615371704101562 -44.062034606933594
   vertex -52.234832763671875 47.489830017089844 -44.062034606933594
   vertex -52.590171813964844 47.549594879150391 -43.706695556640625
  endloop
 endfacet
 facet normal -0.58861663904821859 -0.65114848166200689 -0.47909926639981637
  outer loop
   vertex -52.590171813964844 47.549594879150391 -43.706695556640625
   vertex -52.234832763671875 47.489830017089844 -44.062034606933594
   vertex -52.269847869873047 47.260032653808594 -43.706695556640625
  endloop
 endfacet
 facet normal 0.16551819101727364 -0.75784984559415303 -0.63108425742945595
  outer loop
   vertex -50.458137512207031 47.970710754394531 -44.588542938232422
   vertex -50.102798461914062 47.970710754394531 -44.495346069335938
   vertex -50.102798461914062 47.905780792236328 -44.417373657226562
  endloop
 endfacet
 facet normal 0.36880157328628849 -0.67057702150677234 -0.64367061278938631
  outer loop
   vertex -51.168815612792969 47.615371704101562 -44.495346069335938
   vertex -50.8134765625 47.970710754394531 -44.661941528320312
   vertex -51.032730102539062 47.615371704101562 -44.417373657226562
  endloop
 endfacet
 facet normal 0.33642102202147395 -0.66589071773903974 -0.66589071773903974
  outer loop
   vertex -51.032730102539062 47.615371704101562 -44.417373657226562
   vertex -50.8134765625 47.970710754394531 -44.661941528320312
   vertex -50.8134765625 47.726142883300781 -44.417373657226562
  endloop
 endfacet
 facet normal -0.25461029193580637 -0.59891616305528439 0.7592582096174525
  outer loop
   vertex -51.524154663085938 47.615371704101562 -41.416160583496094
   vertex -51.879493713378906 47.615371704101562 -41.535320281982422
   vertex -51.879493713378906 47.565498352050781 -41.574661254882812
  endloop
 endfacet
 facet normal -0.52652623102435514 -0.52652623102435514 0.6674880194329893
  outer loop
   vertex -51.879493713378906 47.565498352050781 -41.574661254882812
   vertex -51.879493713378906 47.615371704101562 -41.535320281982422
   vertex -51.929367065429688 47.615371704101562 -41.574661254882812
  endloop
 endfacet
 facet normal 0.40563427103870303 -0.81909808711643306 0.40563427103870303
  outer loop
   vertex -49.581043243408203 47.615371704101562 -41.930000305175781
   vertex -49.747459411621094 47.615371704101562 -41.763584136962891
   vertex -49.747459411621094 47.532958984375 -41.930000305175781
  endloop
 endfacet
 facet normal 0.36176177251051045 -0.83543917991136729 0.41372671731358573
  outer loop
   vertex -49.747459411621094 47.532958984375 -41.930000305175781
   vertex -49.747459411621094 47.615371704101562 -41.763584136962891
   vertex -50.102798461914062 47.555061340332031 -41.574661254882812
  endloop
 endfacet
 facet normal 0.24668255876891179 -0.92020665369124721 0.30392010414182741
  outer loop
   vertex -49.747459411621094 47.532958984375 -41.930000305175781
   vertex -50.102798461914062 47.555061340332031 -41.574661254882812
   vertex -50.102798461914062 47.437702178955078 -41.930000305175781
  endloop
 endfacet
 facet normal 0.24669183635149133 -0.92020441118618523 0.30391936350126664
  outer loop
   vertex -50.102798461914062 47.437702178955078 -41.930000305175781
   vertex -50.102798461914062 47.555061340332031 -41.574661254882812
   vertex -50.458137512207031 47.342441558837891 -41.930000305175781
  endloop
 endfacet
 facet normal 0.25636640123069171 -0.95629225831486986 0.14064631174357184
  outer loop
   vertex -50.102798461914062 47.437702178955078 -41.930000305175781
   vertex -50.458137512207031 47.342441558837891 -41.930000305175781
   vertex -50.102798461914062 47.385440826416016 -42.28533935546875
  endloop
 endfacet
 facet normal 0.42589682667203999 -0.84490157389801068 0.32365602644682928
  outer loop
   vertex -50.102798461914062 47.385440826416016 -42.28533935546875
   vertex -50.458137512207031 47.342441558837891 -41.930000305175781
   vertex -50.351585388183594 47.260032653808594 -42.28533935546875
  endloop
 endfacet
 facet normal 0.44830936185106279 -0.88936395319247497 0.089724438357373731
  outer loop
   vertex -50.102798461914062 47.385440826416016 -42.28533935546875
   vertex -50.351585388183594 47.260032653808594 -42.28533935546875
   vertex -50.280467987060547 47.260032653808594 -42.640678405761719
  endloop
 endfacet
 facet normal 0.49020842062426045 -0.86606588266140694 0.098110097538358434
  outer loop
   vertex -50.280467987060547 47.260032653808594 -42.640678405761719
   vertex -50.351585388183594 47.260032653808594 -42.28533935546875
   vertex -50.458137512207031 47.199722290039062 -42.28533935546875
  endloop
 endfacet
 facet normal 0.51114636954067416 -0.85230710874111781 0.11091429707095898
  outer loop
   vertex -50.280467987060547 47.260032653808594 -42.640678405761719
   vertex -50.458137512207031 47.199722290039062 -42.28533935546875
   vertex -50.458137512207031 47.153480529785156 -42.640678405761719
  endloop
 endfacet
 facet normal 0.19466924597778965 -0.9726675032361265 0.12657729977700832
  outer loop
   vertex -50.458137512207031 47.153480529785156 -42.640678405761719
   vertex -50.458137512207031 47.199722290039062 -42.28533935546875
   vertex -50.8134765625 47.082363128662109 -42.640678405761719
  endloop
 endfacet
 facet normal 0.1566009612507521 -0.90864454593917765 0.38709330667208147
  outer loop
   vertex -50.102798461914062 47.555061340332031 -41.574661254882812
   vertex -50.458137512207031 47.493820190429688 -41.574661254882812
   vertex -50.458137512207031 47.342441558837891 -41.930000305175781
  endloop
 endfacet
 facet normal 0.095228974758269205 -0.91581447436844687 0.39014778085199225
  outer loop
   vertex -50.458137512207031 47.342441558837891 -41.930000305175781
   vertex -50.458137512207031 47.493820190429688 -41.574661254882812
   vertex -50.8134765625 47.456871032714844 -41.574661254882812
  endloop
 endfacet
 facet normal 0.30583196085983383 -0.77361909610454482 0.55495973354741335
  outer loop
   vertex -50.458137512207031 47.342441558837891 -41.930000305175781
   vertex -50.8134765625 47.456871032714844 -41.574661254882812
   vertex -50.666595458984375 47.260032653808594 -41.930000305175781
  endloop
 endfacet
 facet normal 0.32601550805493157 -0.76338594703170781 0.55763409542655085
  outer loop
   vertex -50.666595458984375 47.260032653808594 -41.930000305175781
   vertex -50.8134765625 47.456871032714844 -41.574661254882812
   vertex -50.8134765625 47.260032653808594 -41.844127655029297
  endloop
 endfacet
 facet normal 0.318514598174922 -0.77571702012189725 0.54480414411297573
  outer loop
   vertex -50.666595458984375 47.260032653808594 -41.930000305175781
   vertex -50.8134765625 47.260032653808594 -41.844127655029297
   vertex -50.8134765625 47.199722290039062 -41.930000305175781
  endloop
 endfacet
 facet normal 0.1058949386137341 -0.8137364735084418 0.5715060924067551
  outer loop
   vertex -50.8134765625 47.199722290039062 -41.930000305175781
   vertex -50.8134765625 47.260032653808594 -41.844127655029297
   vertex -51.168815612792969 47.153480529785156 -41.930000305175781
  endloop
 endfacet
 facet normal 0.12657729977700835 -0.97266750323612661 0.19466924597778967
  outer loop
   vertex -50.8134765625 47.199722290039062 -41.930000305175781
   vertex -51.168815612792969 47.153480529785156 -41.930000305175781
   vertex -51.168815612792969 47.082363128662109 -42.28533935546875
  endloop
 endfacet
 facet normal 0 -0.98055435032059635 0.19624771608187738
  outer loop
   vertex -51.168815612792969 47.082363128662109 -42.28533935546875
   vertex -51.168815612792969 47.153480529785156 -41.930000305175781
   vertex -51.524154663085938 47.082363128662109 -42.28533935546875
  endloop
 endfacet
 facet normal 0 -1 0
  outer loop
   vertex -51.168815612792969 47.082363128662109 -42.28533935546875
   vertex -51.524154663085938 47.082363128662109 -42.28533935546875
   vertex -51.524154663085938 47.082363128662109 -42.640678405761719
  endloop
 endfacet
 facet normal 0 -1 -0
  outer loop
   vertex -51.524154663085938 47.082363128662109 -42.640678405761719
   vertex -51.524154663085938 47.082363128662109 -42.28533935546875
   vertex -51.879493713378906 47.082363128662109 -42.640678405761719
  endloop
 endfacet
 facet normal 0.043519756233006239 -0.80673936181184702 0.58930266665002773
  outer loop
   vertex -50.8134765625 47.456871032714844 -41.574661254882812
   vertex -51.168815612792969 47.437702178955078 -41.574661254882812
   vertex -50.8134765625 47.260032653808594 -41.844127655029297
  endloop
 endfacet
 facet normal 0.11068564930590193 -0.75639692264994896 0.64468006207995776
  outer loop
   vertex -50.8134765625 47.260032653808594 -41.844127655029297
   vertex -51.168815612792969 47.437702178955078 -41.574661254882812
   vertex -51.168815612792969 47.260032653808594 -41.783119201660156
  endloop
 endfacet
 facet normal 0.10030774225542144 -0.80536210851964607 0.584234739641875
  outer loop
   vertex -50.8134765625 47.260032653808594 -41.844127655029297
   vertex -51.168815612792969 47.260032653808594 -41.783119201660156
   vertex -51.168815612792969 47.153480529785156 -41.930000305175781
  endloop
 endfacet
 facet normal 0 -0.80944457479431142 0.58719628774035704
  outer loop
   vertex -51.168815612792969 47.153480529785156 -41.930000305175781
   vertex -51.168815612792969 47.260032653808594 -41.783119201660156
   vertex -51.524154663085938 47.153480529785156 -41.930000305175781
  endloop
 endfacet
 facet normal 0 -0.98055435032059635 0.19624771608187738
  outer loop
   vertex -51.168815612792969 47.153480529785156 -41.930000305175781
   vertex -51.524154663085938 47.153480529785156 -41.930000305175781
   vertex -51.524154663085938 47.082363128662109 -42.28533935546875
  endloop
 endfacet
 facet normal -0.04209018747622275 -0.97968539815346056 0.19607380437761637
  outer loop
   vertex -51.524154663085938 47.082363128662109 -42.28533935546875
   vertex -51.524154663085938 47.153480529785156 -41.930000305175781
   vertex -51.879493713378906 47.097629547119141 -42.28533935546875
  endloop
 endfacet
 facet normal -0.042883880121850286 -0.99815927869823939 0.042883880121850286
  outer loop
   vertex -51.524154663085938 47.082363128662109 -42.28533935546875
   vertex -51.879493713378906 47.097629547119141 -42.28533935546875
   vertex -51.879493713378906 47.082363128662109 -42.640678405761719
  endloop
 endfacet
 facet normal -0.21637066678074826 -0.97541148964945557 0.041906567703458089
  outer loop
   vertex -51.879493713378906 47.082363128662109 -42.640678405761719
   vertex -51.879493713378906 47.097629547119141 -42.28533935546875
   vertex -52.234832763671875 47.161186218261719 -42.640678405761719
  endloop
 endfacet
 facet normal -0.51877370355566577 -0.54764138337465795 0.65647753938320641
  outer loop
   vertex -51.879493713378906 47.260032653808594 -41.864223480224609
   vertex -52.234832763671875 47.517791748046875 -41.930000305175781
   vertex -51.962730407714844 47.260032653808594 -41.930000305175781
  endloop
 endfacet
 facet normal -0.58863282082634716 -0.62138788085753061 0.51709622293090163
  outer loop
   vertex -51.962730407714844 47.260032653808594 -41.930000305175781
   vertex -52.234832763671875 47.517791748046875 -41.930000305175781
   vertex -52.234832763671875 47.260032653808594 -42.23974609375
  endloop
 endfacet
 facet normal -0.51287610335682465 -0.53589359488701438 0.67065353019617546
  outer loop
   vertex -51.879493713378906 47.260032653808594 -41.864223480224609
   vertex -52.234832763671875 47.615371704101562 -41.852027893066406
   vertex -52.234832763671875 47.517791748046875 -41.930000305175781
  endloop
 endfacet
 facet normal -0.68421506249080244 -0.45525177340083889 0.56973289450065845
  outer loop
   vertex -52.234832763671875 47.517791748046875 -41.930000305175781
   vertex -52.234832763671875 47.615371704101562 -41.852027893066406
   vertex -52.299758911132812 47.615371704101562 -41.930000305175781
  endloop
 endfacet
 facet normal -0.75608393916141725 -0.50307070541545429 0.41863700540557958
  outer loop
   vertex -52.234832763671875 47.517791748046875 -41.930000305175781
   vertex -52.299758911132812 47.615371704101562 -41.930000305175781
   vertex -52.234832763671875 47.260032653808594 -42.23974609375
  endloop
 endfacet
 facet normal 0.41451172162089478 -0.83702434066429987 0.35716982763718447
  outer loop
   vertex -49.581043243408203 47.615371704101562 -41.930000305175781
   vertex -49.747459411621094 47.532958984375 -41.930000305175781
   vertex -49.392120361328125 47.615371704101562 -42.149253845214844
  endloop
 endfacet
 facet normal 0.41943292842204172 -0.82993466695123352 0.36781036846159676
  outer loop
   vertex -49.392120361328125 47.615371704101562 -42.149253845214844
   vertex -49.747459411621094 47.532958984375 -41.930000305175781
   vertex -49.392120361328125 47.555061340332031 -42.28533935546875
  endloop
 endfacet
 facet normal 0.2698947475059621 -0.9393825703463875 0.21146444570685347
  outer loop
   vertex -49.392120361328125 47.555061340332031 -42.28533935546875
   vertex -49.747459411621094 47.532958984375 -41.930000305175781
   vertex -49.747459411621094 47.452968597412109 -42.28533935546875
  endloop
 endfacet
 facet normal 0.18229170141549625 -0.95924031108651431 0.21593462247099429
  outer loop
   vertex -49.747459411621094 47.452968597412109 -42.28533935546875
   vertex -49.747459411621094 47.532958984375 -41.930000305175781
   vertex -50.102798461914062 47.385440826416016 -42.28533935546875
  endloop
 endfacet
 facet normal 0.18644309274958185 -0.98108541914041059 0.052061247738175519
  outer loop
   vertex -49.747459411621094 47.452968597412109 -42.28533935546875
   vertex -50.102798461914062 47.385440826416016 -42.28533935546875
   vertex -50.102798461914062 47.366584777832031 -42.640678405761719
  endloop
 endfacet
 facet normal 0.51378797880318505 -0.8567118399240421 0.045461370099243587
  outer loop
   vertex -50.102798461914062 47.366584777832031 -42.640678405761719
   vertex -50.102798461914062 47.385440826416016 -42.28533935546875
   vertex -50.280467987060547 47.260032653808594 -42.640678405761719
  endloop
 endfacet
 facet normal 0.51431973529565989 -0.85759851322480873 0
  outer loop
   vertex -50.102798461914062 47.366584777832031 -42.640678405761719
   vertex -50.280467987060547 47.260032653808594 -42.640678405761719
   vertex -50.280467987060547 47.260032653808594 -42.996017456054688
  endloop
 endfacet
 facet normal 0.51431973529565989 -0.85759851322480873 0
  outer loop
   vertex -50.280467987060547 47.260032653808594 -42.996017456054688
   vertex -50.280467987060547 47.260032653808594 -42.640678405761719
   vertex -50.458137512207031 47.153480529785156 -42.640678405761719
  endloop
 endfacet
 facet normal 0.25635680976864494 -0.95629477513713002 0.14064668190422633
  outer loop
   vertex -50.102798461914062 47.437702178955078 -41.930000305175781
   vertex -50.102798461914062 47.385440826416016 -42.28533935546875
   vertex -49.747459411621094 47.532958984375 -41.930000305175781
  endloop
 endfacet
 facet normal 0.45205185104430901 -0.82952360480981602 0.32793248242701123
  outer loop
   vertex -50.351585388183594 47.260032653808594 -42.28533935546875
   vertex -50.458137512207031 47.342441558837891 -41.930000305175781
   vertex -50.458137512207031 47.260032653808594 -42.138458251953125
  endloop
 endfacet
 facet normal 0.34506042745680982 -0.87284970230082992 0.34506042745680982
  outer loop
   vertex -50.458137512207031 47.260032653808594 -42.138458251953125
   vertex -50.458137512207031 47.342441558837891 -41.930000305175781
   vertex -50.666595458984375 47.260032653808594 -41.930000305175781
  endloop
 endfacet
 facet normal 0.35508189933969647 -0.86477377939125066 0.35508189933969647
  outer loop
   vertex -50.458137512207031 47.260032653808594 -42.138458251953125
   vertex -50.666595458984375 47.260032653808594 -41.930000305175781
   vertex -50.8134765625 47.199722290039062 -41.930000305175781
  endloop
 endfacet
 facet normal 0.27590433294455752 -0.96029924200521366 0.0412573007676314
  outer loop
   vertex -49.392120361328125 47.555061340332031 -42.28533935546875
   vertex -49.747459411621094 47.452968597412109 -42.28533935546875
   vertex -49.747459411621094 47.437702178955078 -42.640678405761719
  endloop
 endfacet
 facet normal 0.19607380437761637 -0.97968539815346056 0.04209018747622275
  outer loop
   vertex -49.747459411621094 47.437702178955078 -42.640678405761719
   vertex -49.747459411621094 47.452968597412109 -42.28533935546875
   vertex -50.102798461914062 47.366584777832031 -42.640678405761719
  endloop
 endfacet
 facet normal 0.19624771608187738 -0.98055435032059635 0
  outer loop
   vertex -49.747459411621094 47.437702178955078 -42.640678405761719
   vertex -50.102798461914062 47.366584777832031 -42.640678405761719
   vertex -50.102798461914062 47.366584777832031 -42.996017456054688
  endloop
 endfacet
 facet normal 0.51431973529565989 -0.85759851322480873 0
  outer loop
   vertex -50.102798461914062 47.366584777832031 -42.996017456054688
   vertex -50.102798461914062 47.366584777832031 -42.640678405761719
   vertex -50.280467987060547 47.260032653808594 -42.996017456054688
  endloop
 endfacet
 facet normal 0.1431765141500651 -0.97349578781595369 0.1783435922606468
  outer loop
   vertex -49.392120361328125 47.555061340332031 -42.28533935546875
   vertex -49.747459411621094 47.437702178955078 -42.640678405761719
   vertex -49.392120361328125 47.489963531494141 -42.640678405761719
  endloop
 endfacet
 facet normal 0.14550927912771366 -0.98935688691580492 0
  outer loop
   vertex -49.392120361328125 47.489963531494141 -42.640678405761719
   vertex -49.747459411621094 47.437702178955078 -42.640678405761719
   vertex -49.747459411621094 47.437702178955078 -42.996017456054688
  endloop
 endfacet
 facet normal 0.08826369982137458 -0.99440779370597987 0.057988439456906953
  outer loop
   vertex -49.392120361328125 47.489963531494141 -42.640678405761719
   vertex -49.747459411621094 47.437702178955078 -42.996017456054688
   vertex -49.392120361328125 47.469242095947266 -42.996017456054688
  endloop
 endfacet
 facet normal 0.23438770012305077 -0.97049447777313325 0.056593945284634031
  outer loop
   vertex -49.036781311035156 47.555061340332031 -42.996017456054688
   vertex -49.392120361328125 47.489963531494141 -42.640678405761719
   vertex -49.392120361328125 47.469242095947266 -42.996017456054688
  endloop
 endfacet
 facet normal 0.19624771608187738 -0.98055435032059635 0
  outer loop
   vertex -50.102798461914062 47.366584777832031 -42.996017456054688
   vertex -49.747459411621094 47.437702178955078 -42.996017456054688
   vertex -49.747459411621094 47.437702178955078 -42.640678405761719
  endloop
 endfacet
 facet normal -0.67534403938212595 -0.73643266968801824 0.039715884570427122
  outer loop
   vertex -52.590171813964844 47.451198577880859 -42.996017456054688
   vertex -52.3817138671875 47.260032653808594 -42.996017456054688
   vertex -52.360816955566406 47.260032653808594 -42.640678405761719
  endloop
 endfacet
 facet normal -0.58684649559939295 -0.80896238960901568 0.034511487953767843
  outer loop
   vertex -52.360816955566406 47.260032653808594 -42.640678405761719
   vertex -52.3817138671875 47.260032653808594 -42.996017456054688
   vertex -52.234832763671875 47.153480529785156 -42.996017456054688
  endloop
 endfacet
 facet normal -0.67575950076872071 -0.73688571187132113 -0.018669353516009853
  outer loop
   vertex -52.590171813964844 47.451198577880859 -42.996017456054688
   vertex -52.590171813964844 47.460201263427734 -43.351356506347656
   vertex -52.3817138671875 47.260032653808594 -42.996017456054688
  endloop
 endfacet
 facet normal -0.69262002150996083 -0.72130264508286768 0
  outer loop
   vertex -52.3817138671875 47.260032653808594 -42.996017456054688
   vertex -52.590171813964844 47.460201263427734 -43.351356506347656
   vertex -52.3817138671875 47.260032653808594 -43.351356506347656
  endloop
 endfacet
 facet normal -0.58719628774035704 -0.80944457479431142 0
  outer loop
   vertex -52.3817138671875 47.260032653808594 -42.996017456054688
   vertex -52.3817138671875 47.260032653808594 -43.351356506347656
   vertex -52.234832763671875 47.153480529785156 -43.351356506347656
  endloop
 endfacet
 facet normal -0.57737676662132575 -0.79590845703807567 -0.18211479176929193
  outer loop
   vertex -52.234832763671875 47.153480529785156 -43.351356506347656
   vertex -52.3817138671875 47.260032653808594 -43.351356506347656
   vertex -52.234832763671875 47.234786987304688 -43.706695556640625
  endloop
 endfacet
 facet normal -0.19148722012404765 -0.95676846830204576 -0.21892177276854324
  outer loop
   vertex -52.234832763671875 47.153480529785156 -43.351356506347656
   vertex -52.234832763671875 47.234786987304688 -43.706695556640625
   vertex -51.879493713378906 47.082363128662109 -43.351356506347656
  endloop
 endfacet
 facet normal -0.2686281484218796 -0.95299204118894321 -0.14016093359407969
  outer loop
   vertex -51.879493713378906 47.082363128662109 -43.351356506347656
   vertex -52.234832763671875 47.234786987304688 -43.706695556640625
   vertex -51.879493713378906 47.134624481201172 -43.706695556640625
  endloop
 endfacet
 facet normal 0 -0.98935688691580492 -0.14550927912771366
  outer loop
   vertex -51.879493713378906 47.082363128662109 -43.351356506347656
   vertex -51.879493713378906 47.134624481201172 -43.706695556640625
   vertex -51.524154663085938 47.082363128662109 -43.351356506347656
  endloop
 endfacet
 facet normal -0.057988439456906953 -0.99440779370597987 -0.08826369982137458
  outer loop
   vertex -51.524154663085938 47.082363128662109 -43.351356506347656
   vertex -51.879493713378906 47.134624481201172 -43.706695556640625
   vertex -51.524154663085938 47.113903045654297 -43.706695556640625
  endloop
 endfacet
 facet normal 0 -0.99608394936120981 -0.088412475505297725
  outer loop
   vertex -51.524154663085938 47.082363128662109 -43.351356506347656
   vertex -51.524154663085938 47.113903045654297 -43.706695556640625
   vertex -51.168815612792969 47.082363128662109 -43.351356506347656
  endloop
 endfacet
 facet normal 0.057598117615061478 -0.98771440645121078 -0.14526771195256669
  outer loop
   vertex -51.168815612792969 47.082363128662109 -43.351356506347656
   vertex -51.524154663085938 47.113903045654297 -43.706695556640625
   vertex -51.168815612792969 47.134624481201172 -43.706695556640625
  endloop
 endfacet
 facet normal -0.75894292983394696 -0.65094826240120096 -0.016492086948650932
  outer loop
   vertex -52.590171813964844 47.451198577880859 -42.996017456054688
   vertex -52.730983734130859 47.615371704101562 -42.996017456054688
   vertex -52.590171813964844 47.460201263427734 -43.351356506347656
  endloop
 endfacet
 facet normal 0.26701753976124237 -0.90429681253443828 -0.33308994025624383
  outer loop
   vertex -49.392120361328125 47.563243865966797 -43.351356506347656
   vertex -49.747459411621094 47.458320617675781 -43.351356506347656
   vertex -49.747459411621094 47.589206695556641 -43.706695556640625
  endloop
 endfacet
 facet normal 0.2891482422425426 -0.89828437716424914 -0.3308753114855883
  outer loop
   vertex -49.747459411621094 47.589206695556641 -43.706695556640625
   vertex -49.747459411621094 47.458320617675781 -43.351356506347656
   vertex -50.102798461914062 47.474826812744141 -43.706695556640625
  endloop
 endfacet
 facet normal 0.26801373651951671 -0.83262671947682032 -0.48466625945088776
  outer loop
   vertex -49.747459411621094 47.589206695556641 -43.706695556640625
   vertex -50.102798461914062 47.474826812744141 -43.706695556640625
   vertex -50.102798461914062 47.615371704101562 -43.948143005371094
  endloop
 endfacet
 facet normal 0.19508123696485857 -0.95115504963499475 -0.23926425252868705
  outer loop
   vertex -49.747459411621094 47.458320617675781 -43.351356506347656
   vertex -50.102798461914062 47.385440826416016 -43.351356506347656
   vertex -50.102798461914062 47.474826812744141 -43.706695556640625
  endloop
 endfacet
 facet normal 0.30566911761475402 -0.92337132915470022 -0.23227522259530797
  outer loop
   vertex -50.102798461914062 47.474826812744141 -43.706695556640625
   vertex -50.102798461914062 47.385440826416016 -43.351356506347656
   vertex -50.458137512207031 47.357196807861328 -43.706695556640625
  endloop
 endfacet
 facet normal 0.42453035663352578 -0.84219074673536998 -0.332398439241118
  outer loop
   vertex -50.351585388183594 47.260032653808594 -43.351356506347656
   vertex -50.458137512207031 47.260032653808594 -43.487442016601562
   vertex -50.102798461914062 47.385440826416016 -43.351356506347656
  endloop
 endfacet
 facet normal 0.43113572938278832 -0.82491346128685195 -0.36556772865956932
  outer loop
   vertex -50.102798461914062 47.385440826416016 -43.351356506347656
   vertex -50.458137512207031 47.260032653808594 -43.487442016601562
   vertex -50.458137512207031 47.357196807861328 -43.706695556640625
  endloop
 endfacet
 facet normal 0.37550719462079907 -0.8473421348994955 -0.37550719462079907
  outer loop
   vertex -50.458137512207031 47.357196807861328 -43.706695556640625
   vertex -50.458137512207031 47.260032653808594 -43.487442016601562
   vertex -50.677391052246094 47.260032653808594 -43.706695556640625
  endloop
 endfacet
 facet normal 0.375519984518568 -0.84733079871697625 -0.375519984518568
  outer loop
   vertex -50.677391052246094 47.260032653808594 -43.706695556640625
   vertex -50.458137512207031 47.260032653808594 -43.487442016601562
   vertex -50.458137512207031 47.199722290039062 -43.351356506347656
  endloop
 endfacet
 facet normal 0.375519984518568 -0.84733079871697625 -0.375519984518568
  outer loop
   vertex -50.677391052246094 47.260032653808594 -43.706695556640625
   vertex -50.458137512207031 47.199722290039062 -43.351356506347656
   vertex -50.8134765625 47.199722290039062 -43.706695556640625
  endloop
 endfacet
 facet normal 0.26617745573208379 -0.92644434485833449 -0.26617745573208379
  outer loop
   vertex -50.8134765625 47.199722290039062 -43.706695556640625
   vertex -50.458137512207031 47.199722290039062 -43.351356506347656
   vertex -50.8134765625 47.097629547119141 -43.351356506347656
  endloop
 endfacet
 facet normal 0.34553255615354023 -0.77970355296144156 -0.52217776871225086
  outer loop
   vertex -50.458137512207031 47.357196807861328 -43.706695556640625
   vertex -50.677391052246094 47.260032653808594 -43.706695556640625
   vertex -50.8134765625 47.260032653808594 -43.796745300292969
  endloop
 endfacet
 facet normal 0.34554252111914124 -0.77968905113246334 -0.52219282802695266
  outer loop
   vertex -50.8134765625 47.260032653808594 -43.796745300292969
   vertex -50.677391052246094 47.260032653808594 -43.706695556640625
   vertex -50.8134765625 47.199722290039062 -43.706695556640625
  endloop
 endfacet
 facet normal 0.23872624675490664 -0.82436885580053942 -0.51325020087324336
  outer loop
   vertex -50.8134765625 47.437702178955078 -44.062034606933594
   vertex -51.168815612792969 47.260032653808594 -43.941944122314453
   vertex -51.168815612792969 47.334800720214844 -44.062034606933594
  endloop
 endfacet
 facet normal 0.18785541743044262 -0.83380010404904881 -0.51912207488203543
  outer loop
   vertex -51.168815612792969 47.334800720214844 -44.062034606933594
   vertex -51.168815612792969 47.260032653808594 -43.941944122314453
   vertex -51.500675201416016 47.260032653808594 -44.062034606933594
  endloop
 endfacet
 facet normal 0.18620028213900494 -0.82645375227973139 -0.53132254824551484
  outer loop
   vertex -51.168815612792969 47.334800720214844 -44.062034606933594
   vertex -51.500675201416016 47.260032653808594 -44.062034606933594
   vertex -51.524154663085938 47.260032653808594 -44.070262908935547
  endloop
 endfacet
 facet normal 0.19240439494785769 -0.81335786463191218 -0.54902598558371074
  outer loop
   vertex -51.524154663085938 47.260032653808594 -44.070262908935547
   vertex -51.500675201416016 47.260032653808594 -44.062034606933594
   vertex -51.524154663085938 47.254478454589844 -44.062034606933594
  endloop
 endfacet
 facet normal -0.18785541743044262 -0.83380010404904881 -0.51912207488203543
  outer loop
   vertex -51.879493713378906 47.260032653808594 -43.941944122314453
   vertex -51.879493713378906 47.334800720214844 -44.062034606933594
   vertex -51.547634124755859 47.260032653808594 -44.062034606933594
  endloop
 endfacet
 facet normal -0.18817929248368434 -0.83523763008255714 -0.51668816047439448
  outer loop
   vertex -51.547634124755859 47.260032653808594 -44.062034606933594
   vertex -51.879493713378906 47.334800720214844 -44.062034606933594
   vertex -51.524154663085938 47.474559783935547 -44.417373657226562
  endloop
 endfacet
 facet normal -0.33355870158550166 -0.76454215188704433 -0.5515558816516436
  outer loop
   vertex -52.234832763671875 47.489830017089844 -44.062034606933594
   vertex -51.879493713378906 47.334800720214844 -44.062034606933594
   vertex -52.234832763671875 47.260032653808594 -43.743499755859375
  endloop
 endfacet
 facet normal -0.28309192939539385 -0.81418687888501773 -0.50691092487997036
  outer loop
   vertex -52.234832763671875 47.260032653808594 -43.743499755859375
   vertex -51.879493713378906 47.334800720214844 -44.062034606933594
   vertex -51.879493713378906 47.260032653808594 -43.941944122314453
  endloop
 endfacet
 facet normal -0.52383291714108038 -0.69081661615744039 -0.49836881700227786
  outer loop
   vertex -52.269847869873047 47.260032653808594 -43.706695556640625
   vertex -52.234832763671875 47.489830017089844 -44.062034606933594
   vertex -52.234832763671875 47.260032653808594 -43.743499755859375
  endloop
 endfacet
 facet normal 0.31708769526368807 -0.75348772484215676 -0.57594413099236696
  outer loop
   vertex -50.280467987060547 47.615371704101562 -44.062034606933594
   vertex -50.458137512207031 47.540603637695312 -44.062034606933594
   vertex -50.458137512207031 47.615371704101562 -44.15985107421875
  endloop
 endfacet
 facet normal -0.17959285453429766 -0.84099509349838264 -0.51036620118486387
  outer loop
   vertex -51.524154663085938 47.474559783935547 -44.417373657226562
   vertex -51.879493713378906 47.334800720214844 -44.062034606933594
   vertex -51.879493713378906 47.550441741943359 -44.417373657226562
  endloop
 endfacet
 facet normal -0.34946215908768369 -0.80099409741677496 -0.48609120056761002
  outer loop
   vertex -51.879493713378906 47.550441741943359 -44.417373657226562
   vertex -51.879493713378906 47.334800720214844 -44.062034606933594
   vertex -52.234832763671875 47.489830017089844 -44.062034606933594
  endloop
 endfacet
 facet normal -0.45028793079105606 -0.68906835256433618 -0.56782531193861097
  outer loop
   vertex -51.879493713378906 47.550441741943359 -44.417373657226562
   vertex -52.234832763671875 47.489830017089844 -44.062034606933594
   vertex -52.234832763671875 47.615371704101562 -44.214382171630859
  endloop
 endfacet
 facet normal -0.44446505671183933 -0.70512249141588612 -0.5524971361569172
  outer loop
   vertex -52.234832763671875 47.615371704101562 -44.214382171630859
   vertex -51.982501983642578 47.615371704101562 -44.417373657226562
   vertex -51.879493713378906 47.550441741943359 -44.417373657226562
  endloop
 endfacet
 facet normal -0.43593376830298608 -0.69158801160246364 -0.57590604429968362
  outer loop
   vertex -51.879493713378906 47.550441741943359 -44.417373657226562
   vertex -51.982501983642578 47.615371704101562 -44.417373657226562
   vertex -51.879493713378906 47.615371704101562 -44.495346069335938
  endloop
 endfacet
 facet normal -0.16193494039972728 -0.75830684185776165 -0.63146481190122117
  outer loop
   vertex -51.879493713378906 47.550441741943359 -44.417373657226562
   vertex -51.879493713378906 47.615371704101562 -44.495346069335938
   vertex -51.524154663085938 47.474559783935547 -44.417373657226562
  endloop
 endfacet
 facet normal -0.15599965308504388 -0.74975324420844569 -0.64306623378642458
  outer loop
   vertex -51.524154663085938 47.474559783935547 -44.417373657226562
   vertex -51.879493713378906 47.615371704101562 -44.495346069335938
   vertex -51.524154663085938 47.615371704101562 -44.581546783447266
  endloop
 endfacet
 facet normal 0.1600044641877349 -0.74926683285177476 -0.64264903689982023
  outer loop
   vertex -51.524154663085938 47.474559783935547 -44.417373657226562
   vertex -51.524154663085938 47.615371704101562 -44.581546783447266
   vertex -51.168815612792969 47.550441741943359 -44.417373657226562
  endloop
 endfacet
 facet normal 0.15339691452567991 -0.75935440659236408 -0.63233715042116578
  outer loop
   vertex -51.168815612792969 47.550441741943359 -44.417373657226562
   vertex -51.524154663085938 47.615371704101562 -44.581546783447266
   vertex -51.168815612792969 47.615371704101562 -44.495346069335938
  endloop
 endfacet
 facet normal 0.34423860279184787 -0.72148333916904894 -0.60080077866909887
  outer loop
   vertex -51.168815612792969 47.550441741943359 -44.417373657226562
   vertex -51.168815612792969 47.615371704101562 -44.495346069335938
   vertex -51.032730102539062 47.615371704101562 -44.417373657226562
  endloop
 endfacet
 facet normal 0.46385936929473609 -0.819514225372585 0.33649802366353027
  outer loop
   vertex -50.351585388183594 47.260032653808594 -42.28533935546875
   vertex -50.458137512207031 47.260032653808594 -42.138458251953125
   vertex -50.458137512207031 47.199722290039062 -42.28533935546875
  endloop
 endfacet
 facet normal 0.35508189933969642 -0.86477377939125055 0.35508189933969642
  outer loop
   vertex -50.458137512207031 47.199722290039062 -42.28533935546875
   vertex -50.458137512207031 47.260032653808594 -42.138458251953125
   vertex -50.8134765625 47.199722290039062 -41.930000305175781
  endloop
 endfacet
 facet normal 0.26617745573208379 -0.92644434485833449 0.26617745573208379
  outer loop
   vertex -50.458137512207031 47.199722290039062 -42.28533935546875
   vertex -50.8134765625 47.199722290039062 -41.930000305175781
   vertex -50.8134765625 47.097629547119141 -42.28533935546875
  endloop
 endfacet
 facet normal 0.0412573007676314 -0.96029924200521366 0.27590433294455752
  outer loop
   vertex -50.8134765625 47.097629547119141 -42.28533935546875
   vertex -50.8134765625 47.199722290039062 -41.930000305175781
   vertex -51.168815612792969 47.082363128662109 -42.28533935546875
  endloop
 endfacet
 facet normal 0.042923366903594898 -0.99907836758367441 0
  outer loop
   vertex -50.8134765625 47.097629547119141 -42.28533935546875
   vertex -51.168815612792969 47.082363128662109 -42.28533935546875
   vertex -51.168815612792969 47.082363128662109 -42.640678405761719
  endloop
 endfacet
 facet normal 0 -1 -0
  outer loop
   vertex -51.168815612792969 47.082363128662109 -42.640678405761719
   vertex -51.168815612792969 47.082363128662109 -42.28533935546875
   vertex -51.524154663085938 47.082363128662109 -42.640678405761719
  endloop
 endfacet
 facet normal 0.27590433294455752 -0.96029924200521366 0.0412573007676314
  outer loop
   vertex -50.458137512207031 47.199722290039062 -42.28533935546875
   vertex -50.8134765625 47.097629547119141 -42.28533935546875
   vertex -50.8134765625 47.082363128662109 -42.640678405761719
  endloop
 endfacet
 facet normal 0 -0.99907836758367441 0.042923366903594898
  outer loop
   vertex -50.8134765625 47.082363128662109 -42.640678405761719
   vertex -50.8134765625 47.097629547119141 -42.28533935546875
   vertex -51.168815612792969 47.082363128662109 -42.640678405761719
  endloop
 endfacet
 facet normal 0.48945602537333716 -0.86473660346160997 -0.11253179932540672
  outer loop
   vertex -50.351585388183594 47.260032653808594 -43.351356506347656
   vertex -50.458137512207031 47.153480529785156 -42.996017456054688
   vertex -50.458137512207031 47.199722290039062 -43.351356506347656
  endloop
 endfacet
 facet normal 0.27400456254637795 -0.95368699328158679 -0.12410728644722915
  outer loop
   vertex -50.458137512207031 47.199722290039062 -43.351356506347656
   vertex -50.458137512207031 47.153480529785156 -42.996017456054688
   vertex -50.8134765625 47.097629547119141 -43.351356506347656
  endloop
 endfacet
 facet normal 0.19607380437761637 -0.97968539815346056 -0.04209018747622275
  outer loop
   vertex -50.8134765625 47.082363128662109 -42.996017456054688
   vertex -50.8134765625 47.097629547119141 -43.351356506347656
   vertex -50.458137512207031 47.153480529785156 -42.996017456054688
  endloop
 endfacet
 facet normal 0 -1 0
  outer loop
   vertex -51.168815612792969 47.082363128662109 -42.996017456054688
   vertex -51.524154663085938 47.082363128662109 -42.996017456054688
   vertex -51.524154663085938 47.082363128662109 -43.351356506347656
  endloop
 endfacet
 facet normal 0 -1 -0
  outer loop
   vertex -51.524154663085938 47.082363128662109 -43.351356506347656
   vertex -51.524154663085938 47.082363128662109 -42.996017456054688
   vertex -51.879493713378906 47.082363128662109 -43.351356506347656
  endloop
 endfacet
 facet normal 0 -1 0
  outer loop
   vertex -51.524154663085938 47.082363128662109 -43.351356506347656
   vertex -51.168815612792969 47.082363128662109 -43.351356506347656
   vertex -51.168815612792969 47.082363128662109 -42.996017456054688
  endloop
 endfacet
 facet normal 0 -1 0
  outer loop
   vertex -51.524154663085938 47.082363128662109 -42.996017456054688
   vertex -51.879493713378906 47.082363128662109 -42.996017456054688
   vertex -51.879493713378906 47.082363128662109 -43.351356506347656
  endloop
 endfacet
 facet normal -0.19624771608187738 -0.98055435032059635 -0
  outer loop
   vertex -51.879493713378906 47.082363128662109 -43.351356506347656
   vertex -51.879493713378906 47.082363128662109 -42.996017456054688
   vertex -52.234832763671875 47.153480529785156 -43.351356506347656
  endloop
 endfacet
 facet normal -0.19624771608187738 -0.98055435032059635 -0
  outer loop
   vertex -51.879493713378906 47.082363128662109 -42.996017456054688
   vertex -52.234832763671875 47.153480529785156 -42.996017456054688
   vertex -52.234832763671875 47.153480529785156 -43.351356506347656
  endloop
 endfacet
 facet normal -0.58719628774035704 -0.80944457479431142 -0
  outer loop
   vertex -52.234832763671875 47.153480529785156 -43.351356506347656
   vertex -52.234832763671875 47.153480529785156 -42.996017456054688
   vertex -52.3817138671875 47.260032653808594 -42.996017456054688
  endloop
 endfacet
 facet normal 0.45958721360510124 -0.81196648010232053 -0.35984722908610439
  outer loop
   vertex -50.351585388183594 47.260032653808594 -43.351356506347656
   vertex -50.458137512207031 47.199722290039062 -43.351356506347656
   vertex -50.458137512207031 47.260032653808594 -43.487442016601562
  endloop
 endfacet
 facet normal 0.16781719894599675 -0.86992815258833744 -0.46374820438699499
  outer loop
   vertex -51.168815612792969 47.260032653808594 -43.941944122314453
   vertex -51.168815612792969 47.134624481201172 -43.706695556640625
   vertex -51.500675201416016 47.260032653808594 -44.062034606933594
  endloop
 endfacet
 facet normal 0.20098666106542251 -0.84963797998466728 -0.4875650367298161
  outer loop
   vertex -51.500675201416016 47.260032653808594 -44.062034606933594
   vertex -51.168815612792969 47.134624481201172 -43.706695556640625
   vertex -51.524154663085938 47.254478454589844 -44.062034606933594
  endloop
 endfacet
 facet normal 0.054145861785341164 -0.92851381172763803 -0.36732863634970681
  outer loop
   vertex -51.168815612792969 47.134624481201172 -43.706695556640625
   vertex -51.524154663085938 47.113903045654297 -43.706695556640625
   vertex -51.524154663085938 47.254478454589844 -44.062034606933594
  endloop
 endfacet
 facet normal -0.054145861785341164 -0.92851381172763803 -0.36732863634970681
  outer loop
   vertex -51.524154663085938 47.254478454589844 -44.062034606933594
   vertex -51.524154663085938 47.113903045654297 -43.706695556640625
   vertex -51.879493713378906 47.134624481201172 -43.706695556640625
  endloop
 endfacet
endsolid
