solid ITK-SNAP coord sys for 3D Slicer: SPACE=RAS
 facet normal 0.23825666166376355 0.80155332858338235 0.54840315882545665
  outer loop
   vertex -48.391082763671875 52.945457458496094 -42.640678405761719
   vertex -48.681442260742188 53.031764984130859 -42.640678405761719
   vertex -48.681442260742188 52.945457458496094 -42.514530181884766
  endloop
 endfacet
 facet normal -0.06387066258455619 0.82363557619614192 0.56351129188780158
  outer loop
   vertex -48.681442260742188 52.945457458496094 -42.514530181884766
   vertex -48.681442260742188 53.031764984130859 -42.640678405761719
   vertex -49.036781311035156 52.945457458496094 -42.554805755615234
  endloop
 endfacet
 facet normal -0.069275918406383655 0.78843842655312302 0.61120020833061539
  outer loop
   vertex -48.681442260742188 52.945457458496094 -42.514530181884766
   vertex -49.036781311035156 52.945457458496094 -42.554805755615234
   vertex -48.681442260742188 52.767787933349609 -42.28533935546875
  endloop
 endfacet
 facet normal -0.043519756233006239 0.80673936181184702 0.58930266665002773
  outer loop
   vertex -48.681442260742188 52.767787933349609 -42.28533935546875
   vertex -49.036781311035156 52.945457458496094 -42.554805755615234
   vertex -49.036781311035156 52.748619079589844 -42.28533935546875
  endloop
 endfacet
 facet normal -0.039550711021697493 0.73316392670072061 0.67890087482817285
  outer loop
   vertex -48.681442260742188 52.767787933349609 -42.28533935546875
   vertex -49.036781311035156 52.748619079589844 -42.28533935546875
   vertex -49.036781311035156 52.590118408203125 -42.114170074462891
  endloop
 endfacet
 facet normal -0.030576569868659247 0.73339495354724915 0.67911480287687376
  outer loop
   vertex -49.036781311035156 52.590118408203125 -42.114170074462891
   vertex -49.036781311035156 52.748619079589844 -42.28533935546875
   vertex -49.392120361328125 52.590118408203125 -42.130168914794922
  endloop
 endfacet
 facet normal -0.031244647038242965 0.71934206693339631 0.69395299752320749
  outer loop
   vertex -49.036781311035156 52.590118408203125 -42.114170074462891
   vertex -49.392120361328125 52.590118408203125 -42.130168914794922
   vertex -49.036781311035156 52.412448883056641 -41.930000305175781
  endloop
 endfacet
 facet normal 0 0.74788801912813263 0.66382490978013031
  outer loop
   vertex -49.036781311035156 52.412448883056641 -41.930000305175781
   vertex -49.392120361328125 52.590118408203125 -42.130168914794922
   vertex -49.392120361328125 52.412448883056641 -41.930000305175781
  endloop
 endfacet
 facet normal -0 0.70710678118654746 0.70710678118654746
  outer loop
   vertex -49.036781311035156 52.412448883056641 -41.930000305175781
   vertex -49.392120361328125 52.412448883056641 -41.930000305175781
   vertex -49.392120361328125 52.234779357910156 -41.752330780029297
  endloop
 endfacet
 facet normal 0 0.70710678118654746 0.70710678118654746
  outer loop
   vertex -49.392120361328125 52.234779357910156 -41.752330780029297
   vertex -49.392120361328125 52.412448883056641 -41.930000305175781
   vertex -49.747459411621094 52.234779357910156 -41.752330780029297
  endloop
 endfacet
 facet normal -0 0.69429197389458752 0.71969344514561007
  outer loop
   vertex -49.392120361328125 52.234779357910156 -41.752330780029297
   vertex -49.747459411621094 52.234779357910156 -41.752330780029297
   vertex -49.392120361328125 52.050609588623047 -41.574661254882812
  endloop
 endfacet
 facet normal 0.012934075856591551 0.70704763265346415 0.70704763265346415
  outer loop
   vertex -49.392120361328125 52.050609588623047 -41.574661254882812
   vertex -49.747459411621094 52.234779357910156 -41.752330780029297
   vertex -49.747459411621094 52.057109832763672 -41.574661254882812
  endloop
 endfacet
 facet normal 0.012934075856591551 0.70704763265346415 0.70704763265346415
  outer loop
   vertex -49.392120361328125 52.050609588623047 -41.574661254882812
   vertex -49.747459411621094 52.057109832763672 -41.574661254882812
   vertex -49.747459411621094 51.879440307617188 -41.396991729736328
  endloop
 endfacet
 facet normal 0.0950854637405327 0.7039029601391259 0.7039029601391259
  outer loop
   vertex -49.747459411621094 51.879440307617188 -41.396991729736328
   vertex -49.747459411621094 52.057109832763672 -41.574661254882812
   vertex -50.102798461914062 51.879440307617188 -41.348991394042969
  endloop
 endfacet
 facet normal 0.096762297063963804 0.69103402216917897 0.71631629750522363
  outer loop
   vertex -49.747459411621094 51.879440307617188 -41.396991729736328
   vertex -50.102798461914062 51.879440307617188 -41.348991394042969
   vertex -49.747459411621094 51.695270538330078 -41.219322204589844
  endloop
 endfacet
 facet normal 0.10782115392194747 0.70298456553716016 0.70298456553716016
  outer loop
   vertex -49.747459411621094 51.695270538330078 -41.219322204589844
   vertex -50.102798461914062 51.879440307617188 -41.348991394042969
   vertex -50.102798461914062 51.749771118164062 -41.219322204589844
  endloop
 endfacet
 facet normal 0.10030970685404572 0.65401058258937206 0.74980538846554401
  outer loop
   vertex -49.747459411621094 51.695270538330078 -41.219322204589844
   vertex -50.102798461914062 51.749771118164062 -41.219322204589844
   vertex -50.102798461914062 51.524101257324219 -41.022483825683594
  endloop
 endfacet
 facet normal 0.034330933664808376 0.65693848204760508 0.75316214575527551
  outer loop
   vertex -50.102798461914062 51.524101257324219 -41.022483825683594
   vertex -50.102798461914062 51.749771118164062 -41.219322204589844
   vertex -50.458137512207031 51.524101257324219 -41.00628662109375
  endloop
 endfacet
 facet normal 0.035845094629976794 0.61670189149774501 0.7863802554833581
  outer loop
   vertex -50.102798461914062 51.524101257324219 -41.022483825683594
   vertex -50.458137512207031 51.524101257324219 -41.00628662109375
   vertex -50.102798461914062 51.321990966796875 -40.863983154296875
  endloop
 endfacet
 facet normal 0.028610917292646497 0.60861085768669132 0.79295286071590876
  outer loop
   vertex -50.102798461914062 51.321990966796875 -40.863983154296875
   vertex -50.458137512207031 51.524101257324219 -41.00628662109375
   vertex -50.458137512207031 51.338695526123047 -40.863983154296875
  endloop
 endfacet
 facet normal 0.027339307199272078 0.58156119333459555 0.81304313581082821
  outer loop
   vertex -50.102798461914062 51.321990966796875 -40.863983154296875
   vertex -50.458137512207031 51.338695526123047 -40.863983154296875
   vertex -50.458137512207031 51.16876220703125 -40.742431640625
  endloop
 endfacet
 facet normal -0.086078353746797509 0.57961930876000167 0.81032831243195436
  outer loop
   vertex -50.458137512207031 51.16876220703125 -40.742431640625
   vertex -50.458137512207031 51.338695526123047 -40.863983154296875
   vertex -50.8134765625 51.16876220703125 -40.780178070068359
  endloop
 endfacet
 facet normal -0.084960063063352118 0.59422244410565039 0.79980089685207179
  outer loop
   vertex -50.458137512207031 51.16876220703125 -40.742431640625
   vertex -50.8134765625 51.16876220703125 -40.780178070068359
   vertex -50.8134765625 50.813423156738281 -40.51617431640625
  endloop
 endfacet
 facet normal -0.22712410869754851 0.58079286840937183 0.78172519676236496
  outer loop
   vertex -50.8134765625 50.813423156738281 -40.51617431640625
   vertex -50.8134765625 51.16876220703125 -40.780178070068359
   vertex -51.168815612792969 50.813423156738281 -40.619415283203125
  endloop
 endfacet
 facet normal -0.24385847968116753 0.48587159006024699 0.83932225030670837
  outer loop
   vertex -50.8134765625 50.813423156738281 -40.51617431640625
   vertex -51.168815612792969 50.813423156738281 -40.619415283203125
   vertex -50.8134765625 50.8004150390625 -40.508644104003906
  endloop
 endfacet
 facet normal -0.2200300832435034 0.59197072044976873 0.77534342622997632
  outer loop
   vertex -50.8134765625 50.8004150390625 -40.508644104003906
   vertex -51.168815612792969 50.813423156738281 -40.619415283203125
   vertex -51.168815612792969 50.668338775634766 -40.508644104003906
  endloop
 endfacet
 facet normal -0.18704123115002283 0.50321724523076061 0.84367528229304445
  outer loop
   vertex -50.8134765625 50.8004150390625 -40.508644104003906
   vertex -51.168815612792969 50.668338775634766 -40.508644104003906
   vertex -51.168815612792969 50.458084106445312 -40.383235931396484
  endloop
 endfacet
 facet normal -0.15543413639283596 0.50603168739143478 0.84839387114688092
  outer loop
   vertex -51.168815612792969 50.458084106445312 -40.383235931396484
   vertex -51.168815612792969 50.668338775634766 -40.508644104003906
   vertex -51.524154663085938 50.458084106445312 -40.448337554931641
  endloop
 endfacet
 facet normal -0.17341774344382696 0.27196487082682436 0.94655237324460806
  outer loop
   vertex -51.168815612792969 50.458084106445312 -40.383235931396484
   vertex -51.524154663085938 50.458084106445312 -40.448337554931641
   vertex -51.524154663085938 50.102745056152344 -40.346240997314453
  endloop
 endfacet
 facet normal -0.26618599207190691 0.26618599207190691 0.92643943960163389
  outer loop
   vertex -51.524154663085938 50.102745056152344 -40.346240997314453
   vertex -51.524154663085938 50.458084106445312 -40.448337554931641
   vertex -51.879493713378906 50.102745056152344 -40.448337554931641
  endloop
 endfacet
 facet normal -0.27401368384141989 0.12411701872700394 0.95368310603154482
  outer loop
   vertex -51.524154663085938 50.102745056152344 -40.346240997314453
   vertex -51.879493713378906 50.102745056152344 -40.448337554931641
   vertex -51.879493713378906 49.747406005859375 -40.402091979980469
  endloop
 endfacet
 facet normal -0.48943197154864976 0.11254267032545763 0.86474880316888381
  outer loop
   vertex -51.879493713378906 49.747406005859375 -40.402091979980469
   vertex -51.879493713378906 50.102745056152344 -40.448337554931641
   vertex -51.986045837402344 50.102745056152344 -40.508644104003906
  endloop
 endfacet
 facet normal -0.51161639424047822 0.10239467995518234 0.85309084783582523
  outer loop
   vertex -51.879493713378906 49.747406005859375 -40.402091979980469
   vertex -51.986045837402344 50.102745056152344 -40.508644104003906
   vertex -52.057163238525391 49.747406005859375 -40.508644104003906
  endloop
 endfacet
 facet normal -0.51161639424047822 0.10239467995518234 0.85309084783582523
  outer loop
   vertex -52.057163238525391 49.747406005859375 -40.508644104003906
   vertex -51.986045837402344 50.102745056152344 -40.508644104003906
   vertex -52.234832763671875 49.747406005859375 -40.615196228027344
  endloop
 endfacet
 facet normal -0.51378797880318505 -0.045461370099243587 0.8567118399240421
  outer loop
   vertex -52.057163238525391 49.747406005859375 -40.508644104003906
   vertex -52.234832763671875 49.747406005859375 -40.615196228027344
   vertex -52.234832763671875 49.392066955566406 -40.634052276611328
  endloop
 endfacet
 facet normal -0.14530916142136144 -0.052427969701152523 0.98799623258392832
  outer loop
   vertex -52.234832763671875 49.392066955566406 -40.634052276611328
   vertex -52.234832763671875 49.747406005859375 -40.615196228027344
   vertex -52.590171813964844 49.392066955566406 -40.686313629150391
  endloop
 endfacet
 facet normal -0.14399288659414911 -0.14399288659414911 0.97904652454342989
  outer loop
   vertex -52.234832763671875 49.392066955566406 -40.634052276611328
   vertex -52.590171813964844 49.392066955566406 -40.686313629150391
   vertex -52.590171813964844 49.036727905273438 -40.738574981689453
  endloop
 endfacet
 facet normal -0.17835371066880923 -0.14317624728481698 0.97349397332705856
  outer loop
   vertex -52.590171813964844 49.036727905273438 -40.738574981689453
   vertex -52.590171813964844 49.392066955566406 -40.686313629150391
   vertex -52.945510864257812 49.036727905273438 -40.803676605224609
  endloop
 endfacet
 facet normal -0.1504925138213753 -0.55010806400804235 0.82142140293338273
  outer loop
   vertex -52.590171813964844 49.036727905273438 -40.738574981689453
   vertex -52.945510864257812 49.036727905273438 -40.803676605224609
   vertex -52.945510864257812 48.946678161621094 -40.863983154296875
  endloop
 endfacet
 facet normal -0.34552923406653152 -0.52217274828812366 0.77970838737993842
  outer loop
   vertex -52.945510864257812 48.946678161621094 -40.863983154296875
   vertex -52.945510864257812 49.036727905273438 -40.803676605224609
   vertex -53.081596374511719 49.036727905273438 -40.863983154296875
  endloop
 endfacet
 facet normal -0.35246811831865571 -0.53265897029991205 0.76944177617799225
  outer loop
   vertex -52.945510864257812 48.946678161621094 -40.863983154296875
   vertex -53.081596374511719 49.036727905273438 -40.863983154296875
   vertex -52.945510864257812 48.681388854980469 -41.047634124755859
  endloop
 endfacet
 facet normal -0.34315866577347331 -0.53162877598688241 0.77434680515080501
  outer loop
   vertex -52.945510864257812 48.681388854980469 -41.047634124755859
   vertex -53.081596374511719 49.036727905273438 -40.863983154296875
   vertex -53.300849914550781 49.036727905273438 -40.961147308349609
  endloop
 endfacet
 facet normal -0.29970269696655771 -0.49779200795792256 0.81386817743673401
  outer loop
   vertex -52.945510864257812 48.681388854980469 -41.047634124755859
   vertex -53.300849914550781 49.036727905273438 -40.961147308349609
   vertex -53.300849914550781 48.681388854980469 -41.178485870361328
  endloop
 endfacet
 facet normal -0.37729868151965817 -0.48321303513242375 0.79003219402859681
  outer loop
   vertex -53.300849914550781 48.681388854980469 -41.178485870361328
   vertex -53.300849914550781 49.036727905273438 -40.961147308349609
   vertex -53.65618896484375 49.036727905273438 -41.130847930908203
  endloop
 endfacet
 facet normal -0.42613642515627675 -0.52491416788262424 0.73679906590000577
  outer loop
   vertex -53.300849914550781 48.681388854980469 -41.178485870361328
   vertex -53.65618896484375 49.036727905273438 -41.130847930908203
   vertex -53.65618896484375 48.912540435791016 -41.219322204589844
  endloop
 endfacet
 facet normal -0.4838059465802157 -0.5078067637734901 0.71278615076298757
  outer loop
   vertex -53.65618896484375 48.912540435791016 -41.219322204589844
   vertex -53.65618896484375 49.036727905273438 -41.130847930908203
   vertex -53.786537170410156 49.036727905273438 -41.219322204589844
  endloop
 endfacet
 facet normal -0.52835992007050203 -0.55457098660141468 0.64287387229768966
  outer loop
   vertex -53.65618896484375 48.912540435791016 -41.219322204589844
   vertex -53.786537170410156 49.036727905273438 -41.219322204589844
   vertex -54.011528015136719 49.036727905273438 -41.40423583984375
  endloop
 endfacet
 facet normal -0.55253814510113775 -0.49267086637436475 0.67229235875036319
  outer loop
   vertex -54.011528015136719 49.036727905273438 -41.40423583984375
   vertex -53.786537170410156 49.036727905273438 -41.219322204589844
   vertex -54.011528015136719 49.289058685302734 -41.219322204589844
  endloop
 endfacet
 facet normal -0.62515144217671637 -0.46135217605307971 0.62955527477375628
  outer loop
   vertex -54.011528015136719 49.036727905273438 -41.40423583984375
   vertex -54.011528015136719 49.289058685302734 -41.219322204589844
   vertex -54.366867065429688 49.392066955566406 -41.496688842773438
  endloop
 endfacet
 facet normal -0.62342180112213064 -0.47190095970582346 0.62342180112213064
  outer loop
   vertex -54.366867065429688 49.392066955566406 -41.496688842773438
   vertex -54.011528015136719 49.289058685302734 -41.219322204589844
   vertex -54.089500427246094 49.392066955566406 -41.219322204589844
  endloop
 endfacet
 facet normal -0.69692781563978046 -0.16906578475590037 0.69692781563978046
  outer loop
   vertex -54.366867065429688 49.392066955566406 -41.496688842773438
   vertex -54.089500427246094 49.392066955566406 -41.219322204589844
   vertex -54.175701141357422 49.747406005859375 -41.219322204589844
  endloop
 endfacet
 facet normal -0.63231572798461655 -0.15339171771624671 0.75937329494744787
  outer loop
   vertex -54.175701141357422 49.747406005859375 -41.219322204589844
   vertex -54.089500427246094 49.392066955566406 -41.219322204589844
   vertex -54.011528015136719 49.392066955566406 -41.154396057128906
  endloop
 endfacet
 facet normal -0.6426482097776004 -0.16001230190241106 0.74926586850699184
  outer loop
   vertex -54.175701141357422 49.747406005859375 -41.219322204589844
   vertex -54.011528015136719 49.392066955566406 -41.154396057128906
   vertex -54.011528015136719 49.747406005859375 -41.078510284423828
  endloop
 endfacet
 facet normal -0.46956854610170823 -0.18439225187234809 0.86342624349817643
  outer loop
   vertex -54.011528015136719 49.747406005859375 -41.078510284423828
   vertex -54.011528015136719 49.392066955566406 -41.154396057128906
   vertex -53.65618896484375 49.392066955566406 -40.961147308349609
  endloop
 endfacet
 facet normal -0.51065710519119212 -0.23775719401168641 0.82625712560524467
  outer loop
   vertex -54.011528015136719 49.747406005859375 -41.078510284423828
   vertex -53.65618896484375 49.392066955566406 -40.961147308349609
   vertex -53.664417266845703 49.747406005859375 -40.863983154296875
  endloop
 endfacet
 facet normal -0.51067208826155819 -0.23775516822365228 0.82624844826088606
  outer loop
   vertex -53.664417266845703 49.747406005859375 -40.863983154296875
   vertex -53.65618896484375 49.392066955566406 -40.961147308349609
   vertex -53.65618896484375 49.729732513427734 -40.863983154296875
  endloop
 endfacet
 facet normal -0.541413653205571 -0.25206761277021728 0.80208052882171466
  outer loop
   vertex -53.664417266845703 49.747406005859375 -40.863983154296875
   vertex -53.65618896484375 49.729732513427734 -40.863983154296875
   vertex -53.65618896484375 49.747406005859375 -40.858428955078125
  endloop
 endfacet
 facet normal -0.45160286379463888 -0.26749667285273609 0.85117588277934497
  outer loop
   vertex -53.65618896484375 49.747406005859375 -40.858428955078125
   vertex -53.65618896484375 49.729732513427734 -40.863983154296875
   vertex -53.300849914550781 49.392066955566406 -40.781570434570312
  endloop
 endfacet
 facet normal -0.36285081379569989 -0.16445954659472942 0.9172198997305141
  outer loop
   vertex -53.65618896484375 49.747406005859375 -40.858428955078125
   vertex -53.300849914550781 49.392066955566406 -40.781570434570312
   vertex -53.300849914550781 49.747406005859375 -40.717857360839844
  endloop
 endfacet
 facet normal -0.087045694874972795 -0.17581777673259108 0.98056675264284865
  outer loop
   vertex -53.300849914550781 49.747406005859375 -40.717857360839844
   vertex -53.300849914550781 49.392066955566406 -40.781570434570312
   vertex -52.945510864257812 49.747406005859375 -40.686313629150391
  endloop
 endfacet
 facet normal -0.087489230286332778 0.14495131877164821 0.98556316376489284
  outer loop
   vertex -53.300849914550781 49.747406005859375 -40.717857360839844
   vertex -52.945510864257812 49.747406005859375 -40.686313629150391
   vertex -52.945510864257812 50.102745056152344 -40.738574981689453
  endloop
 endfacet
 facet normal -0.10246146537498566 0.1447434600574658 0.98414987623014161
  outer loop
   vertex -52.945510864257812 50.102745056152344 -40.738574981689453
   vertex -52.945510864257812 49.747406005859375 -40.686313629150391
   vertex -52.590171813964844 50.102745056152344 -40.701580047607422
  endloop
 endfacet
 facet normal -0.099566031433880264 0.27477678545023421 0.95633902124829318
  outer loop
   vertex -52.945510864257812 50.102745056152344 -40.738574981689453
   vertex -52.590171813964844 50.102745056152344 -40.701580047607422
   vertex -52.590171813964844 50.458084106445312 -40.803676605224609
  endloop
 endfacet
 facet normal -0.21208992658964615 0.26986663474590139 0.93924962735692397
  outer loop
   vertex -52.590171813964844 50.458084106445312 -40.803676605224609
   vertex -52.590171813964844 50.102745056152344 -40.701580047607422
   vertex -52.234832763671875 50.458084106445312 -40.723438262939453
  endloop
 endfacet
 facet normal -0.18621045372779266 0.53412779209096906 0.82464123631947739
  outer loop
   vertex -52.590171813964844 50.458084106445312 -40.803676605224609
   vertex -52.234832763671875 50.458084106445312 -40.723438262939453
   vertex -52.234832763671875 50.675071716308594 -40.863983154296875
  endloop
 endfacet
 facet normal -0.32447946186809395 0.5142213949026847 0.79390769983048359
  outer loop
   vertex -52.234832763671875 50.675071716308594 -40.863983154296875
   vertex -52.234832763671875 50.458084106445312 -40.723438262939453
   vertex -52.015579223632812 50.813423156738281 -40.863983154296875
  endloop
 endfacet
 facet normal -0.36688332507011995 0.58142125266709532 0.72618589406054868
  outer loop
   vertex -52.234832763671875 50.675071716308594 -40.863983154296875
   vertex -52.015579223632812 50.813423156738281 -40.863983154296875
   vertex -52.234832763671875 50.813423156738281 -40.974754333496094
  endloop
 endfacet
 facet normal -0.33517332973714986 0.66897777609864384 0.66342111371211598
  outer loop
   vertex -52.234832763671875 50.813423156738281 -40.974754333496094
   vertex -52.015579223632812 50.813423156738281 -40.863983154296875
   vertex -51.879493713378906 51.16876220703125 -41.153545379638672
  endloop
 endfacet
 facet normal -0.35587059730844806 0.67897133880228844 0.64214798843907983
  outer loop
   vertex -52.234832763671875 50.813423156738281 -40.974754333496094
   vertex -51.879493713378906 51.16876220703125 -41.153545379638672
   vertex -51.998184204101562 51.16876220703125 -41.219322204589844
  endloop
 endfacet
 facet normal -0.31931081163204905 0.75236929898671523 0.5761779616725381
  outer loop
   vertex -51.998184204101562 51.16876220703125 -41.219322204589844
   vertex -51.879493713378906 51.16876220703125 -41.153545379638672
   vertex -51.879493713378906 51.219135284423828 -41.219322204589844
  endloop
 endfacet
 facet normal -0.32482904471361279 0.76537151815368032 0.55560105373331725
  outer loop
   vertex -51.998184204101562 51.16876220703125 -41.219322204589844
   vertex -51.879493713378906 51.219135284423828 -41.219322204589844
   vertex -52.234832763671875 51.16876220703125 -41.357677459716797
  endloop
 endfacet
 facet normal -0.31393861589585531 0.79688360250244106 0.51615798890661968
  outer loop
   vertex -52.234832763671875 51.16876220703125 -41.357677459716797
   vertex -51.879493713378906 51.219135284423828 -41.219322204589844
   vertex -52.234832763671875 51.309307098388672 -41.574661254882812
  endloop
 endfacet
 facet normal -0.19667277639065084 0.82292415957335385 0.5330249962405913
  outer loop
   vertex -52.234832763671875 51.16876220703125 -41.357677459716797
   vertex -52.234832763671875 51.309307098388672 -41.574661254882812
   vertex -52.590171813964844 51.16876220703125 -41.488788604736328
  endloop
 endfacet
 facet normal -0.18170238665567245 0.80471531959187415 0.5651703257406393
  outer loop
   vertex -52.590171813964844 51.16876220703125 -41.488788604736328
   vertex -52.234832763671875 51.309307098388672 -41.574661254882812
   vertex -52.590171813964844 51.229072570800781 -41.574661254882812
  endloop
 endfacet
 facet normal -0.29125132345207727 0.78285997731938495 0.54982080944513689
  outer loop
   vertex -52.590171813964844 51.16876220703125 -41.488788604736328
   vertex -52.590171813964844 51.229072570800781 -41.574661254882812
   vertex -52.752281188964844 51.16876220703125 -41.574661254882812
  endloop
 endfacet
 facet normal -0.30010421373504431 0.80665582965746008 0.50915992907740271
  outer loop
   vertex -52.752281188964844 51.16876220703125 -41.574661254882812
   vertex -52.590171813964844 51.229072570800781 -41.574661254882812
   vertex -52.945510864257812 51.16876220703125 -41.688552856445312
  endloop
 endfacet
 facet normal -0.30775454238496786 0.79539765242962202 0.52213955620204189
  outer loop
   vertex -52.752281188964844 51.16876220703125 -41.574661254882812
   vertex -52.945510864257812 51.16876220703125 -41.688552856445312
   vertex -52.945510864257812 51.093997955322266 -41.574661254882812
  endloop
 endfacet
 facet normal -0.13499490286676075 0.8283186080165057 0.54375054925360045
  outer loop
   vertex -52.945510864257812 51.093997955322266 -41.574661254882812
   vertex -52.945510864257812 51.16876220703125 -41.688552856445312
   vertex -53.300849914550781 51.16876220703125 -41.776771545410156
  endloop
 endfacet
 facet normal -0.18232329971160333 0.77369665929278164 0.60675505253888262
  outer loop
   vertex -52.945510864257812 51.093997955322266 -41.574661254882812
   vertex -53.300849914550781 51.16876220703125 -41.776771545410156
   vertex -53.300849914550781 51.010261535644531 -41.574661254882812
  endloop
 endfacet
 facet normal -0.11618163156265737 0.78155713728739418 0.61291946423863253
  outer loop
   vertex -53.300849914550781 51.010261535644531 -41.574661254882812
   vertex -53.300849914550781 51.16876220703125 -41.776771545410156
   vertex -53.65618896484375 51.16876220703125 -41.844127655029297
  endloop
 endfacet
 facet normal -0.1010316965705222 0.79358314660124318 0.60001532123650958
  outer loop
   vertex -53.300849914550781 51.010261535644531 -41.574661254882812
   vertex -53.65618896484375 51.16876220703125 -41.844127655029297
   vertex -53.65618896484375 50.965023040771484 -41.574661254882812
  endloop
 endfacet
 facet normal -0.35568227129104707 0.74550289559107807 0.56366262476286311
  outer loop
   vertex -53.65618896484375 50.965023040771484 -41.574661254882812
   vertex -53.65618896484375 51.16876220703125 -41.844127655029297
   vertex -53.792274475097656 51.16876220703125 -41.930000305175781
  endloop
 endfacet
 facet normal -0.33513423016102006 0.75623944928486475 0.56194923535823482
  outer loop
   vertex -53.65618896484375 50.965023040771484 -41.574661254882812
   vertex -53.792274475097656 51.16876220703125 -41.930000305175781
   vertex -54.011528015136719 51.071598052978516 -41.930000305175781
  endloop
 endfacet
 facet normal -0.37550719462079907 0.8473421348994955 0.37550719462079907
  outer loop
   vertex -54.011528015136719 51.071598052978516 -41.930000305175781
   vertex -53.792274475097656 51.16876220703125 -41.930000305175781
   vertex -54.011528015136719 51.16876220703125 -42.149253845214844
  endloop
 endfacet
 facet normal -0.54028684949150618 0.76932158423190233 0.34093169448066646
  outer loop
   vertex -54.011528015136719 51.071598052978516 -41.930000305175781
   vertex -54.011528015136719 51.16876220703125 -42.149253845214844
   vertex -54.097400665283203 51.16876220703125 -42.28533935546875
  endloop
 endfacet
 facet normal -0.54030201886131501 0.76930668858868201 0.34094126665322261
  outer loop
   vertex -54.097400665283203 51.16876220703125 -42.28533935546875
   vertex -54.011528015136719 51.16876220703125 -42.149253845214844
   vertex -54.011528015136719 51.229072570800781 -42.28533935546875
  endloop
 endfacet
 facet normal -0.57195976274810656 0.8143824300583572 0.098200241391631443
  outer loop
   vertex -54.097400665283203 51.16876220703125 -42.28533935546875
   vertex -54.011528015136719 51.229072570800781 -42.28533935546875
   vertex -54.158409118652344 51.16876220703125 -42.640678405761719
  endloop
 endfacet
 facet normal -0.58396545474046391 0.80499090180892241 0.104756840705612
  outer loop
   vertex -54.158409118652344 51.16876220703125 -42.640678405761719
   vertex -54.011528015136719 51.229072570800781 -42.28533935546875
   vertex -54.011528015136719 51.275314331054688 -42.640678405761719
  endloop
 endfacet
 facet normal -0.58684649559939295 0.80896238960901568 -0.034511487953767843
  outer loop
   vertex -54.158409118652344 51.16876220703125 -42.640678405761719
   vertex -54.011528015136719 51.275314331054688 -42.640678405761719
   vertex -54.13751220703125 51.16876220703125 -42.996017456054688
  endloop
 endfacet
 facet normal -0.61718661006660103 0.7866318687889613 -0.017058468866921115
  outer loop
   vertex -54.13751220703125 51.16876220703125 -42.996017456054688
   vertex -54.011528015136719 51.275314331054688 -42.640678405761719
   vertex -54.011528015136719 51.267608642578125 -42.996017456054688
  endloop
 endfacet
 facet normal -0.60859735591265995 0.77568448118136413 -0.16710129870984639
  outer loop
   vertex -54.13751220703125 51.16876220703125 -42.996017456054688
   vertex -54.011528015136719 51.267608642578125 -42.996017456054688
   vertex -54.039947509765625 51.16876220703125 -43.351356506347656
  endloop
 endfacet
 facet normal -0.66978320661025792 0.72749451658352837 -0.1488025016045729
  outer loop
   vertex -54.039947509765625 51.16876220703125 -43.351356506347656
   vertex -54.011528015136719 51.267608642578125 -42.996017456054688
   vertex -54.011528015136719 51.194927215576172 -43.351356506347656
  endloop
 endfacet
 facet normal -0.66686476000629846 0.72432460446813285 -0.17505787392695291
  outer loop
   vertex -54.039947509765625 51.16876220703125 -43.351356506347656
   vertex -54.011528015136719 51.194927215576172 -43.351356506347656
   vertex -54.011528015136719 51.16876220703125 -43.459617614746094
  endloop
 endfacet
 facet normal -0.63319906079871568 0.75232855787319297 -0.18182598937463815
  outer loop
   vertex -54.011528015136719 51.16876220703125 -43.459617614746094
   vertex -54.011528015136719 51.194927215576172 -43.351356506347656
   vertex -53.940578460693359 51.16876220703125 -43.706695556640625
  endloop
 endfacet
 facet normal -0.73994195665206164 0.638231250372012 -0.2124776972637285
  outer loop
   vertex -54.011528015136719 51.16876220703125 -43.459617614746094
   vertex -53.940578460693359 51.16876220703125 -43.706695556640625
   vertex -54.011528015136719 51.086505889892578 -43.706695556640625
  endloop
 endfacet
 facet normal -0.75697370547005705 0.65292185447468309 0.026150739497612922
  outer loop
   vertex -54.011528015136719 51.086505889892578 -43.706695556640625
   vertex -53.940578460693359 51.16876220703125 -43.706695556640625
   vertex -53.952854156494141 51.16876220703125 -44.062034606933594
  endloop
 endfacet
 facet normal -0.77481460107033828 0.63192233835637479 0.018343725205750269
  outer loop
   vertex -54.011528015136719 51.086505889892578 -43.706695556640625
   vertex -53.952854156494141 51.16876220703125 -44.062034606933594
   vertex -54.011528015136719 51.096820831298828 -44.062034606933594
  endloop
 endfacet
 facet normal -0.75911935294357336 0.61912162721380248 -0.20106272330460379
  outer loop
   vertex -54.011528015136719 51.096820831298828 -44.062034606933594
   vertex -53.952854156494141 51.16876220703125 -44.062034606933594
   vertex -53.858737945556641 51.16876220703125 -44.417373657226562
  endloop
 endfacet
 facet normal -0.82172182705291741 0.51231942247984963 -0.24960378261302218
  outer loop
   vertex -54.011528015136719 51.096820831298828 -44.062034606933594
   vertex -53.858737945556641 51.16876220703125 -44.417373657226562
   vertex -54.011528015136719 50.923698425292969 -44.417373657226562
  endloop
 endfacet
 facet normal -0.75904501022231829 0.47324226821136506 -0.44709331021025484
  outer loop
   vertex -54.011528015136719 50.923698425292969 -44.417373657226562
   vertex -53.858737945556641 51.16876220703125 -44.417373657226562
   vertex -53.870979309082031 50.813423156738281 -44.772712707519531
  endloop
 endfacet
 facet normal -0.80084565063205893 0.40394817452738124 -0.44212228643183166
  outer loop
   vertex -54.011528015136719 50.923698425292969 -44.417373657226562
   vertex -53.870979309082031 50.813423156738281 -44.772712707519531
   vertex -54.011528015136719 50.813423156738281 -44.51812744140625
  endloop
 endfacet
 facet normal -0.87459448697985609 -0.044194484704392731 -0.48283675384767027
  outer loop
   vertex -54.011528015136719 50.813423156738281 -44.51812744140625
   vertex -53.870979309082031 50.813423156738281 -44.772712707519531
   vertex -53.853023529052734 50.458084106445312 -44.772712707519531
  endloop
 endfacet
 facet normal -0.783637598954947 0.090748182518302092 -0.61455421312830538
  outer loop
   vertex -54.011528015136719 50.813423156738281 -44.51812744140625
   vertex -53.853023529052734 50.458084106445312 -44.772712707519531
   vertex -54.011528015136719 50.458084106445312 -44.570598602294922
  endloop
 endfacet
 facet normal -0.76985805008289154 -0.20689883441519169 -0.60374784060914299
  outer loop
   vertex -54.011528015136719 50.458084106445312 -44.570598602294922
   vertex -53.853023529052734 50.458084106445312 -44.772712707519531
   vertex -53.757526397705078 50.102745056152344 -44.772712707519531
  endloop
 endfacet
 facet normal -0.74205143756955327 -0.16019026795874369 -0.65092145613143326
  outer loop
   vertex -54.011528015136719 50.458084106445312 -44.570598602294922
   vertex -53.757526397705078 50.102745056152344 -44.772712707519531
   vertex -54.011528015136719 50.102745056152344 -44.483150482177734
  endloop
 endfacet
 facet normal -0.69092112605495615 -0.39408972394892205 -0.60607036476700771
  outer loop
   vertex -54.011528015136719 50.102745056152344 -44.483150482177734
   vertex -53.757526397705078 50.102745056152344 -44.772712707519531
   vertex -54.011528015136719 50.0015869140625 -44.417373657226562
  endloop
 endfacet
 facet normal -0.73832512836079367 -0.36765907383680069 -0.56542268282806241
  outer loop
   vertex -54.011528015136719 50.102745056152344 -44.483150482177734
   vertex -54.011528015136719 50.0015869140625 -44.417373657226562
   vertex -54.061901092529297 50.102745056152344 -44.417373657226562
  endloop
 endfacet
 facet normal -0.74842615531513157 -0.37268901806080068 -0.54859929443728483
  outer loop
   vertex -54.061901092529297 50.102745056152344 -44.417373657226562
   vertex -54.011528015136719 50.0015869140625 -44.417373657226562
   vertex -54.145420074462891 49.747406005859375 -44.062034606933594
  endloop
 endfacet
 facet normal -0.91204924561424239 -0.16224979118704894 -0.37661808086475396
  outer loop
   vertex -54.061901092529297 50.102745056152344 -44.417373657226562
   vertex -54.145420074462891 49.747406005859375 -44.062034606933594
   vertex -54.208633422851562 50.102745056152344 -44.062034606933594
  endloop
 endfacet
 facet normal -0.91873089778480233 -0.16343842949213053 -0.35947380602858497
  outer loop
   vertex -54.208633422851562 50.102745056152344 -44.062034606933594
   vertex -54.145420074462891 49.747406005859375 -44.062034606933594
   vertex -54.284454345703125 49.747406005859375 -43.706695556640625
  endloop
 endfacet
 facet normal -0.88747055740345016 -0.21713982664035816 -0.40650498819646097
  outer loop
   vertex -54.208633422851562 50.102745056152344 -44.062034606933594
   vertex -54.284454345703125 49.747406005859375 -43.706695556640625
   vertex -54.366867065429688 50.102745056152344 -43.716583251953125
  endloop
 endfacet
 facet normal -0.87517514092073778 -0.21503632309500739 -0.43339110796617231
  outer loop
   vertex -54.366867065429688 50.102745056152344 -43.716583251953125
   vertex -54.284454345703125 49.747406005859375 -43.706695556640625
   vertex -54.366867065429688 50.082817077636719 -43.706695556640625
  endloop
 endfacet
 facet normal -0.84720817520208846 -0.2361284653702605 -0.47590088853944473
  outer loop
   vertex -54.366867065429688 50.102745056152344 -43.716583251953125
   vertex -54.366867065429688 50.082817077636719 -43.706695556640625
   vertex -54.372421264648438 50.102745056152344 -43.706695556640625
  endloop
 endfacet
 facet normal -0.86949767019130542 -0.24234085141625969 -0.43040064273503831
  outer loop
   vertex -54.372421264648438 50.102745056152344 -43.706695556640625
   vertex -54.366867065429688 50.082817077636719 -43.706695556640625
   vertex -54.449275970458984 49.747406005859375 -43.351356506347656
  endloop
 endfacet
 facet normal -0.91721841435892637 -0.16446912694618515 -0.36285022618493223
  outer loop
   vertex -54.372421264648438 50.102745056152344 -43.706695556640625
   vertex -54.449275970458984 49.747406005859375 -43.351356506347656
   vertex -54.512992858886719 50.102745056152344 -43.351356506347656
  endloop
 endfacet
 facet normal -0.92412665591439958 -0.16570786402295454 -0.34428306323346652
  outer loop
   vertex -54.512992858886719 50.102745056152344 -43.351356506347656
   vertex -54.449275970458984 49.747406005859375 -43.351356506347656
   vertex -54.581657409667969 49.747406005859375 -42.996017456054688
  endloop
 endfacet
 facet normal -0.95667605056585625 -0.091528684515758574 -0.2763936218231704
  outer loop
   vertex -54.512992858886719 50.102745056152344 -43.351356506347656
   vertex -54.581657409667969 49.747406005859375 -42.996017456054688
   vertex -54.615653991699219 50.102745056152344 -42.996017456054688
  endloop
 endfacet
 facet normal -0.85472627378814336 -0.081774777799247814 -0.51259719333226883
  outer loop
   vertex -54.615653991699219 50.102745056152344 -42.996017456054688
   vertex -54.581657409667969 49.747406005859375 -42.996017456054688
   vertex -54.722206115722656 50.102745056152344 -42.818347930908203
  endloop
 endfacet
 facet normal -0.8466901334399628 0.15898922082388287 -0.5077777521684389
  outer loop
   vertex -54.615653991699219 50.102745056152344 -42.996017456054688
   vertex -54.722206115722656 50.102745056152344 -42.818347930908203
   vertex -54.722206115722656 50.458084106445312 -42.707088470458984
  endloop
 endfacet
 facet normal -0.8466901334399628 0.15898922082388287 -0.5077777521684389
  outer loop
   vertex -54.722206115722656 50.458084106445312 -42.707088470458984
   vertex -54.722206115722656 50.102745056152344 -42.818347930908203
   vertex -54.828758239746094 50.102745056152344 -42.640678405761719
  endloop
 endfacet
 facet normal -0.8639110710382305 0.17048216111459746 -0.47391296044661391
  outer loop
   vertex -54.722206115722656 50.458084106445312 -42.707088470458984
   vertex -54.828758239746094 50.102745056152344 -42.640678405761719
   vertex -54.758636474609375 50.458084106445312 -42.640678405761719
  endloop
 endfacet
 facet normal -0.96962098556119602 0.19134270484794316 -0.1523913175374762
  outer loop
   vertex -54.758636474609375 50.458084106445312 -42.640678405761719
   vertex -54.828758239746094 50.102745056152344 -42.640678405761719
   vertex -54.884605407714844 50.102745056152344 -42.28533935546875
  endloop
 endfacet
 facet normal -0.95911961558935555 0.27556541354823322 -0.064445836542928361
  outer loop
   vertex -54.758636474609375 50.458084106445312 -42.640678405761719
   vertex -54.884605407714844 50.102745056152344 -42.28533935546875
   vertex -54.782512664794922 50.458084106445312 -42.28533935546875
  endloop
 endfacet
 facet normal -0.92644434485833449 0.26617745573208379 0.26617745573208379
  outer loop
   vertex -54.782512664794922 50.458084106445312 -42.28533935546875
   vertex -54.884605407714844 50.102745056152344 -42.28533935546875
   vertex -54.782512664794922 50.102745056152344 -41.930000305175781
  endloop
 endfacet
 facet normal -0.84734591395924652 0.37550293081184416 0.37550293081184416
  outer loop
   vertex -54.782512664794922 50.458084106445312 -42.28533935546875
   vertex -54.782512664794922 50.102745056152344 -41.930000305175781
   vertex -54.722206115722656 50.23883056640625 -41.930000305175781
  endloop
 endfacet
 facet normal -0.7693265499423031 0.34092850333682428 0.54028179236985785
  outer loop
   vertex -54.722206115722656 50.23883056640625 -41.930000305175781
   vertex -54.782512664794922 50.102745056152344 -41.930000305175781
   vertex -54.722206115722656 50.102745056152344 -41.844127655029297
  endloop
 endfacet
 facet normal -0.76930925676788231 0.34093961633362618 0.54029940353985961
  outer loop
   vertex -54.722206115722656 50.23883056640625 -41.930000305175781
   vertex -54.722206115722656 50.102745056152344 -41.844127655029297
   vertex -54.625038146972656 50.458084106445312 -41.930000305175781
  endloop
 endfacet
 facet normal -0.74957845511352816 0.34193749298214399 0.56675470048575916
  outer loop
   vertex -54.625038146972656 50.458084106445312 -41.930000305175781
   vertex -54.722206115722656 50.102745056152344 -41.844127655029297
   vertex -54.518463134765625 50.102745056152344 -41.574661254882812
  endloop
 endfacet
 facet normal -0.82443712603925789 0.25697833552925231 0.5042475188602753
  outer loop
   vertex -54.625038146972656 50.458084106445312 -41.930000305175781
   vertex -54.518463134765625 50.102745056152344 -41.574661254882812
   vertex -54.407703399658203 50.458084106445312 -41.574661254882812
  endloop
 endfacet
 facet normal -0.69054128663494363 0.21524279396076851 0.69052391059290552
  outer loop
   vertex -54.407703399658203 50.458084106445312 -41.574661254882812
   vertex -54.518463134765625 50.102745056152344 -41.574661254882812
   vertex -54.366867065429688 50.102745056152344 -41.423061370849609
  endloop
 endfacet
 facet normal -0.69053189933689485 0.21524728104289939 0.69053189933689485
  outer loop
   vertex -54.407703399658203 50.458084106445312 -41.574661254882812
   vertex -54.366867065429688 50.102745056152344 -41.423061370849609
   vertex -54.366867065429688 50.458084106445312 -41.533824920654297
  endloop
 endfacet
 facet normal -0.50425297215058595 0.25698545475768619 0.82443157152081792
  outer loop
   vertex -54.366867065429688 50.458084106445312 -41.533824920654297
   vertex -54.366867065429688 50.102745056152344 -41.423061370849609
   vertex -54.011528015136719 50.458084106445312 -41.316486358642578
  endloop
 endfacet
 facet normal -0.46259218861864226 0.46259218861864226 0.7563180111950456
  outer loop
   vertex -54.366867065429688 50.458084106445312 -41.533824920654297
   vertex -54.011528015136719 50.458084106445312 -41.316486358642578
   vertex -54.011528015136719 50.813423156738281 -41.533824920654297
  endloop
 endfacet
 facet normal -0.25698545475768619 0.50425297215058595 0.82443157152081792
  outer loop
   vertex -54.011528015136719 50.813423156738281 -41.533824920654297
   vertex -54.011528015136719 50.458084106445312 -41.316486358642578
   vertex -53.65618896484375 50.813423156738281 -41.423061370849609
  endloop
 endfacet
 facet normal -0.21524728104289945 0.69053189933689496 0.69053189933689496
  outer loop
   vertex -54.011528015136719 50.813423156738281 -41.533824920654297
   vertex -53.65618896484375 50.813423156738281 -41.423061370849609
   vertex -53.65618896484375 50.965023040771484 -41.574661254882812
  endloop
 endfacet
 facet normal -0.08965975319030528 0.70425887593194503 0.70425887593194503
  outer loop
   vertex -53.65618896484375 50.965023040771484 -41.574661254882812
   vertex -53.65618896484375 50.813423156738281 -41.423061370849609
   vertex -53.300849914550781 51.010261535644531 -41.574661254882812
  endloop
 endfacet
 facet normal -0.059763853761760542 0.81687497841643353 0.57371033755780798
  outer loop
   vertex -49.036781311035156 52.945457458496094 -42.554805755615234
   vertex -48.681442260742188 53.031764984130859 -42.640678405761719
   vertex -49.036781311035156 53.005767822265625 -42.640678405761719
  endloop
 endfacet
 facet normal -0.072773078048779333 0.99468998096020467 0.072773078048779333
  outer loop
   vertex -49.036781311035156 53.005767822265625 -42.640678405761719
   vertex -48.681442260742188 53.031764984130859 -42.640678405761719
   vertex -49.036781311035156 53.031764984130859 -42.996017456054688
  endloop
 endfacet
 facet normal -0.28422498327391882 0.95620193709956269 0.069957232435142458
  outer loop
   vertex -49.036781311035156 53.005767822265625 -42.640678405761719
   vertex -49.036781311035156 53.031764984130859 -42.996017456054688
   vertex -49.327140808105469 52.945457458496094 -42.996017456054688
  endloop
 endfacet
 facet normal -0.25165937351316797 0.84664330936257648 -0.46889515505552459
  outer loop
   vertex -49.327140808105469 52.945457458496094 -42.996017456054688
   vertex -49.036781311035156 53.031764984130859 -42.996017456054688
   vertex -49.036781311035156 52.945457458496094 -43.15185546875
  endloop
 endfacet
 facet normal -0.2711981170212715 0.81922126712898369 -0.50530000673629449
  outer loop
   vertex -49.327140808105469 52.945457458496094 -42.996017456054688
   vertex -49.036781311035156 52.945457458496094 -43.15185546875
   vertex -49.392120361328125 52.923946380615234 -42.996017456054688
  endloop
 endfacet
 facet normal -0.25164163602224665 0.85368978970071518 -0.45594981081342267
  outer loop
   vertex -49.392120361328125 52.923946380615234 -42.996017456054688
   vertex -49.036781311035156 52.945457458496094 -43.15185546875
   vertex -49.036781311035156 52.838905334472656 -43.351356506347656
  endloop
 endfacet
 facet normal -0.050866521689799341 0.95857100857875954 -0.28027525485401067
  outer loop
   vertex -49.392120361328125 52.923946380615234 -42.996017456054688
   vertex -49.036781311035156 52.838905334472656 -43.351356506347656
   vertex -49.392120361328125 52.820049285888672 -43.351356506347656
  endloop
 endfacet
 facet normal -0.052427969701152523 0.98799623258392832 -0.14530916142136144
  outer loop
   vertex -49.392120361328125 52.820049285888672 -43.351356506347656
   vertex -49.036781311035156 52.838905334472656 -43.351356506347656
   vertex -49.392120361328125 52.767787933349609 -43.706695556640625
  endloop
 endfacet
 facet normal -0.042467356976190161 0.98846434341132272 -0.14537800863913172
  outer loop
   vertex -49.392120361328125 52.820049285888672 -43.351356506347656
   vertex -49.392120361328125 52.767787933349609 -43.706695556640625
   vertex -49.747459411621094 52.752521514892578 -43.706695556640625
  endloop
 endfacet
 facet normal -0.0412573007676314 0.96029924200521366 -0.27590433294455752
  outer loop
   vertex -49.747459411621094 52.752521514892578 -43.706695556640625
   vertex -49.392120361328125 52.767787933349609 -43.706695556640625
   vertex -49.747459411621094 52.650428771972656 -44.062034606933594
  endloop
 endfacet
 facet normal -0.21146444570685352 0.93938257034638772 -0.26989474750596215
  outer loop
   vertex -49.747459411621094 52.752521514892578 -43.706695556640625
   vertex -49.747459411621094 52.650428771972656 -44.062034606933594
   vertex -50.102798461914062 52.672531127929688 -43.706695556640625
  endloop
 endfacet
 facet normal -0.34800367262936649 0.84753532010886312 -0.40072100644268643
  outer loop
   vertex -50.102798461914062 52.672531127929688 -43.706695556640625
   vertex -49.747459411621094 52.650428771972656 -44.062034606933594
   vertex -49.894340515136719 52.590118408203125 -44.062034606933594
  endloop
 endfacet
 facet normal -0.3375860991235401 0.85390344254327777 -0.39608652652077236
  outer loop
   vertex -50.102798461914062 52.672531127929688 -43.706695556640625
   vertex -49.894340515136719 52.590118408203125 -44.062034606933594
   vertex -50.102798461914062 52.590118408203125 -43.884365081787109
  endloop
 endfacet
 facet normal -0.33757470512701698 0.85391414786700781 -0.39607315805412707
  outer loop
   vertex -50.102798461914062 52.590118408203125 -43.884365081787109
   vertex -49.894340515136719 52.590118408203125 -44.062034606933594
   vertex -50.102798461914062 52.507709503173828 -44.062034606933594
  endloop
 endfacet
 facet normal -0.38783811080231245 0.83615979311288724 -0.38783811080231245
  outer loop
   vertex -50.102798461914062 52.590118408203125 -43.884365081787109
   vertex -50.102798461914062 52.507709503173828 -44.062034606933594
   vertex -50.458137512207031 52.507709503173828 -43.706695556640625
  endloop
 endfacet
 facet normal -0.21451179299875706 0.95287427362108823 -0.21451179299875706
  outer loop
   vertex -50.458137512207031 52.507709503173828 -43.706695556640625
   vertex -50.102798461914062 52.507709503173828 -44.062034606933594
   vertex -50.458137512207031 52.427715301513672 -44.062034606933594
  endloop
 endfacet
 facet normal -0.041877232980140275 0.9747286986756788 -0.21943167805935571
  outer loop
   vertex -50.458137512207031 52.507709503173828 -43.706695556640625
   vertex -50.458137512207031 52.427715301513672 -44.062034606933594
   vertex -50.8134765625 52.412448883056641 -44.062034606933594
  endloop
 endfacet
 facet normal -0.041906567703458089 0.97541148964945557 -0.21637066678074826
  outer loop
   vertex -50.8134765625 52.412448883056641 -44.062034606933594
   vertex -50.458137512207031 52.427715301513672 -44.062034606933594
   vertex -50.8134765625 52.333625793457031 -44.417373657226562
  endloop
 endfacet
 facet normal -0.034429351117070371 0.97569031230760728 -0.21643251662063434
  outer loop
   vertex -50.8134765625 52.412448883056641 -44.062034606933594
   vertex -50.8134765625 52.333625793457031 -44.417373657226562
   vertex -51.168815612792969 52.321086883544922 -44.417373657226562
  endloop
 endfacet
 facet normal -0.027751360635702067 0.78644333532572186 -0.61703868785078742
  outer loop
   vertex -51.168815612792969 52.321086883544922 -44.417373657226562
   vertex -50.8134765625 52.333625793457031 -44.417373657226562
   vertex -50.8134765625 52.234779357910156 -44.543357849121094
  endloop
 endfacet
 facet normal 0.00026066088189609387 0.8253207006282951 -0.56466421275863121
  outer loop
   vertex -51.168815612792969 52.321086883544922 -44.417373657226562
   vertex -50.8134765625 52.234779357910156 -44.543357849121094
   vertex -51.168815612792969 52.234779357910156 -44.543521881103516
  endloop
 endfacet
 facet normal 0.00030365536463844287 0.75319060896210377 -0.6578022608388594
  outer loop
   vertex -51.168815612792969 52.234779357910156 -44.543521881103516
   vertex -50.8134765625 52.234779357910156 -44.543357849121094
   vertex -51.168815612792969 52.034614562988281 -44.772712707519531
  endloop
 endfacet
 facet normal 0.1775592018618915 0.74122253533365567 -0.64734989221263928
  outer loop
   vertex -51.168815612792969 52.234779357910156 -44.543521881103516
   vertex -51.168815612792969 52.034614562988281 -44.772712707519531
   vertex -51.524154663085938 52.119735717773438 -44.772712707519531
  endloop
 endfacet
 facet normal 0.14613379101937074 0.6100368662478437 -0.77878105841168044
  outer loop
   vertex -51.524154663085938 52.119735717773438 -44.772712707519531
   vertex -51.168815612792969 52.034614562988281 -44.772712707519531
   vertex -51.168815612792969 51.879440307617188 -44.894264221191406
  endloop
 endfacet
 facet normal 0.20271881011412471 0.66389172871565705 -0.7198283521568527
  outer loop
   vertex -51.524154663085938 52.119735717773438 -44.772712707519531
   vertex -51.168815612792969 51.879440307617188 -44.894264221191406
   vertex -51.524154663085938 51.879440307617188 -44.994335174560547
  endloop
 endfacet
 facet normal 0.25080961577526256 0.37939340423108181 -0.89059260128333428
  outer loop
   vertex -51.524154663085938 51.879440307617188 -44.994335174560547
   vertex -51.168815612792969 51.879440307617188 -44.894264221191406
   vertex -51.168815612792969 51.524101257324219 -45.045639038085938
  endloop
 endfacet
 facet normal 0.38489484088123549 0.49716657348394871 -0.77761260256842413
  outer loop
   vertex -51.524154663085938 51.879440307617188 -44.994335174560547
   vertex -51.168815612792969 51.524101257324219 -45.045639038085938
   vertex -51.524154663085938 51.670295715332031 -45.1280517578125
  endloop
 endfacet
 facet normal 0.37464387737083504 0.45530316742893862 -0.80767629089736359
  outer loop
   vertex -51.524154663085938 51.670295715332031 -45.1280517578125
   vertex -51.168815612792969 51.524101257324219 -45.045639038085938
   vertex -51.346485137939453 51.524101257324219 -45.1280517578125
  endloop
 endfacet
 facet normal 0.37463256458349914 0.45528941904489284 -0.80768928831534847
  outer loop
   vertex -51.524154663085938 51.670295715332031 -45.1280517578125
   vertex -51.346485137939453 51.524101257324219 -45.1280517578125
   vertex -51.524154663085938 51.524101257324219 -45.210460662841797
  endloop
 endfacet
 facet normal 0.38783811080231245 0.38783811080231245 -0.83615979311288724
  outer loop
   vertex -51.524154663085938 51.524101257324219 -45.210460662841797
   vertex -51.346485137939453 51.524101257324219 -45.1280517578125
   vertex -51.168815612792969 51.16876220703125 -45.210460662841797
  endloop
 endfacet
 facet normal 0.21451179299875706 0.21451179299875706 -0.95287427362108823
  outer loop
   vertex -51.524154663085938 51.524101257324219 -45.210460662841797
   vertex -51.168815612792969 51.16876220703125 -45.210460662841797
   vertex -51.524154663085938 51.16876220703125 -45.290454864501953
  endloop
 endfacet
 facet normal 0.21885671888864791 0.083535010871947438 -0.9721746954924918
  outer loop
   vertex -51.524154663085938 51.16876220703125 -45.290454864501953
   vertex -51.168815612792969 51.16876220703125 -45.210460662841797
   vertex -51.524154663085938 50.813423156738281 -45.320987701416016
  endloop
 endfacet
 facet normal 0.27520256748177896 0.082304724811275223 -0.95785671116570315
  outer loop
   vertex -51.524154663085938 51.16876220703125 -45.290454864501953
   vertex -51.524154663085938 50.813423156738281 -45.320987701416016
   vertex -51.879493713378906 50.813423156738281 -45.423080444335938
  endloop
 endfacet
 facet normal 0.27476729390987803 0.099566312309456978 -0.95634171907877064
  outer loop
   vertex -51.879493713378906 50.813423156738281 -45.423080444335938
   vertex -51.524154663085938 50.813423156738281 -45.320987701416016
   vertex -51.524154663085938 50.458084106445312 -45.357982635498047
  endloop
 endfacet
 facet normal 0.44356385526551029 0.28808645585900045 -0.84867973950872522
  outer loop
   vertex -51.879493713378906 50.813423156738281 -45.423080444335938
   vertex -51.524154663085938 50.458084106445312 -45.357982635498047
   vertex -51.879493713378906 50.635753631591797 -45.483390808105469
  endloop
 endfacet
 facet normal 0.43456919767362673 0.26062022178034872 -0.86210597517501408
  outer loop
   vertex -51.879493713378906 50.635753631591797 -45.483390808105469
   vertex -51.524154663085938 50.458084106445312 -45.357982635498047
   vertex -51.772941589355469 50.458084106445312 -45.483390808105469
  endloop
 endfacet
 facet normal 0.47238207040637553 0.28329739110232705 -0.83462432731930425
  outer loop
   vertex -51.879493713378906 50.635753631591797 -45.483390808105469
   vertex -51.772941589355469 50.458084106445312 -45.483390808105469
   vertex -51.879493713378906 50.458084106445312 -45.543697357177734
  endloop
 endfacet
 facet normal 0.49256126612823875 0 -0.8702777712375207
  outer loop
   vertex -51.879493713378906 50.458084106445312 -45.543697357177734
   vertex -51.772941589355469 50.458084106445312 -45.483390808105469
   vertex -51.879493713378906 50.102745056152344 -45.543697357177734
  endloop
 endfacet
 facet normal 0.27614898161481566 0 -0.96111484222911669
  outer loop
   vertex -51.879493713378906 50.458084106445312 -45.543697357177734
   vertex -51.879493713378906 50.102745056152344 -45.543697357177734
   vertex -52.234832763671875 50.102745056152344 -45.645793914794922
  endloop
 endfacet
 facet normal 0.26618599207190691 -0.26618599207190691 -0.92643943960163389
  outer loop
   vertex -52.234832763671875 50.102745056152344 -45.645793914794922
   vertex -51.879493713378906 50.102745056152344 -45.543697357177734
   vertex -52.234832763671875 49.747406005859375 -45.543697357177734
  endloop
 endfacet
 facet normal -0 -0.27614898161481566 -0.96111484222911669
  outer loop
   vertex -52.234832763671875 50.102745056152344 -45.645793914794922
   vertex -52.234832763671875 49.747406005859375 -45.543697357177734
   vertex -52.590171813964844 49.747406005859375 -45.543697357177734
  endloop
 endfacet
 facet normal -0 -0.49256126612823875 -0.8702777712375207
  outer loop
   vertex -52.590171813964844 49.747406005859375 -45.543697357177734
   vertex -52.234832763671875 49.747406005859375 -45.543697357177734
   vertex -52.234832763671875 49.640853881835938 -45.483390808105469
  endloop
 endfacet
 facet normal -0.0083802329607639836 -0.51356493440471396 -0.85800980754616385
  outer loop
   vertex -52.590171813964844 49.747406005859375 -45.543697357177734
   vertex -52.234832763671875 49.640853881835938 -45.483390808105469
   vertex -52.590171813964844 49.646652221679688 -45.483390808105469
  endloop
 endfacet
 facet normal -0.0078861139375845483 -0.48328389031973729 -0.87542817556004193
  outer loop
   vertex -52.590171813964844 49.646652221679688 -45.483390808105469
   vertex -52.234832763671875 49.640853881835938 -45.483390808105469
   vertex -52.590171813964844 49.392066955566406 -45.342845916748047
  endloop
 endfacet
 facet normal -0.42274348725730232 -0.43798934702525588 -0.79338091474015493
  outer loop
   vertex -52.590171813964844 49.646652221679688 -45.483390808105469
   vertex -52.590171813964844 49.392066955566406 -45.342845916748047
   vertex -52.945510864257812 49.747406005859375 -45.349674224853516
  endloop
 endfacet
 facet normal -0.36002671484198079 -0.37643030431348906 -0.85362813367094736
  outer loop
   vertex -52.945510864257812 49.747406005859375 -45.349674224853516
   vertex -52.590171813964844 49.392066955566406 -45.342845916748047
   vertex -52.945510864257812 49.392066955566406 -45.192977905273438
  endloop
 endfacet
 facet normal -0.60603619961034638 -0.32094880323000846 -0.72781315628880605
  outer loop
   vertex -52.945510864257812 49.747406005859375 -45.349674224853516
   vertex -52.945510864257812 49.392066955566406 -45.192977905273438
   vertex -53.023483276367188 49.392066955566406 -45.1280517578125
  endloop
 endfacet
 facet normal -0.5758898604645748 -0.43592151790156314 -0.69160920962960692
  outer loop
   vertex -53.023483276367188 49.392066955566406 -45.1280517578125
   vertex -52.945510864257812 49.392066955566406 -45.192977905273438
   vertex -52.945510864257812 49.289058685302734 -45.1280517578125
  endloop
 endfacet
 facet normal -0.62342180112213064 -0.47190095970582346 -0.62342180112213064
  outer loop
   vertex -53.023483276367188 49.392066955566406 -45.1280517578125
   vertex -52.945510864257812 49.289058685302734 -45.1280517578125
   vertex -53.300849914550781 49.289058685302734 -44.772712707519531
  endloop
 endfacet
 facet normal -0.62782314007576112 -0.46008282903279735 -0.62782314007576112
  outer loop
   vertex -53.300849914550781 49.289058685302734 -44.772712707519531
   vertex -52.945510864257812 49.289058685302734 -45.1280517578125
   vertex -53.115936279296875 49.036727905273438 -44.772712707519531
  endloop
 endfacet
 facet normal -0.65000253983519263 -0.47633638889097207 -0.59211514321634051
  outer loop
   vertex -53.300849914550781 49.289058685302734 -44.772712707519531
   vertex -53.115936279296875 49.036727905273438 -44.772712707519531
   vertex -53.300849914550781 49.036727905273438 -44.569721221923828
  endloop
 endfacet
 facet normal -0.62172714696545517 -0.54101211595047882 -0.56635787724810616
  outer loop
   vertex -53.300849914550781 49.036727905273438 -44.569721221923828
   vertex -53.115936279296875 49.036727905273438 -44.772712707519531
   vertex -53.300849914550781 48.877243041992188 -44.417373657226562
  endloop
 endfacet
 facet normal -0.64550299158317948 -0.52755912072822564 -0.55227462552033602
  outer loop
   vertex -53.300849914550781 49.036727905273438 -44.569721221923828
   vertex -53.300849914550781 48.877243041992188 -44.417373657226562
   vertex -53.431194305419922 49.036727905273438 -44.417373657226562
  endloop
 endfacet
 facet normal -0.65538310769439301 -0.5356339793056285 -0.53251218048234084
  outer loop
   vertex -53.431194305419922 49.036727905273438 -44.417373657226562
   vertex -53.300849914550781 48.877243041992188 -44.417373657226562
   vertex -53.65618896484375 48.958755493164062 -44.062034606933594
  endloop
 endfacet
 facet normal -0.62991082135045584 -0.57277922541505344 -0.52453438026360633
  outer loop
   vertex -53.431194305419922 49.036727905273438 -44.417373657226562
   vertex -53.65618896484375 48.958755493164062 -44.062034606933594
   vertex -53.65618896484375 49.036727905273438 -44.147178649902344
  endloop
 endfacet
 facet normal -0.60936694916844714 -0.58474184642807836 -0.53548939699775633
  outer loop
   vertex -53.65618896484375 49.036727905273438 -44.147178649902344
   vertex -53.65618896484375 48.958755493164062 -44.062034606933594
   vertex -53.731010437011719 49.036727905273438 -44.062034606933594
  endloop
 endfacet
 facet normal -0.69180684511542478 -0.38963939149218246 -0.60793456362428056
  outer loop
   vertex -53.65618896484375 49.036727905273438 -44.147178649902344
   vertex -53.731010437011719 49.036727905273438 -44.062034606933594
   vertex -53.65618896484375 49.392066955566406 -44.374923706054688
  endloop
 endfacet
 facet normal -0.58887315127093587 -0.46072449158856188 -0.66404921094953395
  outer loop
   vertex -53.65618896484375 49.392066955566406 -44.374923706054688
   vertex -53.731010437011719 49.036727905273438 -44.062034606933594
   vertex -54.009021759033203 49.392066955566406 -44.062034606933594
  endloop
 endfacet
 facet normal -0.59440980194211945 -0.44427999823750752 -0.67029267527044512
  outer loop
   vertex -53.65618896484375 49.392066955566406 -44.374923706054688
   vertex -54.009021759033203 49.392066955566406 -44.062034606933594
   vertex -53.65618896484375 49.456111907958984 -44.417373657226562
  endloop
 endfacet
 facet normal -0.63328588666045305 -0.34759300546024863 -0.69146806745633271
  outer loop
   vertex -53.65618896484375 49.456111907958984 -44.417373657226562
   vertex -54.009021759033203 49.392066955566406 -44.062034606933594
   vertex -54.011528015136719 49.396633148193359 -44.062034606933594
  endloop
 endfacet
 facet normal -0.60634744091799464 -0.41820432774358668 -0.6763489640331638
  outer loop
   vertex -53.65618896484375 49.456111907958984 -44.417373657226562
   vertex -54.011528015136719 49.396633148193359 -44.062034606933594
   vertex -53.857097625732422 49.747406005859375 -44.417373657226562
  endloop
 endfacet
 facet normal -0.68528607806462949 -0.34695143667359363 -0.64031843000254807
  outer loop
   vertex -53.857097625732422 49.747406005859375 -44.417373657226562
   vertex -54.011528015136719 49.396633148193359 -44.062034606933594
   vertex -54.011528015136719 49.747406005859375 -44.252098083496094
  endloop
 endfacet
 facet normal -0.66782545604836263 -0.40574465627935324 -0.6240035529983351
  outer loop
   vertex -53.857097625732422 49.747406005859375 -44.417373657226562
   vertex -54.011528015136719 49.747406005859375 -44.252098083496094
   vertex -54.011528015136719 50.0015869140625 -44.417373657226562
  endloop
 endfacet
 facet normal -0.76559669965518951 -0.35068884463419375 -0.53933201993411806
  outer loop
   vertex -54.011528015136719 50.0015869140625 -44.417373657226562
   vertex -54.011528015136719 49.747406005859375 -44.252098083496094
   vertex -54.145420074462891 49.747406005859375 -44.062034606933594
  endloop
 endfacet
 facet normal -0.318514598174922 0.77571702012189725 0.54480414411297573
  outer loop
   vertex -49.036781311035156 52.945457458496094 -42.554805755615234
   vertex -49.036781311035156 53.005767822265625 -42.640678405761719
   vertex -49.183662414550781 52.945457458496094 -42.640678405761719
  endloop
 endfacet
 facet normal -0.37544375927715695 0.91436347294166043 0.15159624985434705
  outer loop
   vertex -49.183662414550781 52.945457458496094 -42.640678405761719
   vertex -49.036781311035156 53.005767822265625 -42.640678405761719
   vertex -49.327140808105469 52.945457458496094 -42.996017456054688
  endloop
 endfacet
 facet normal -0.36365580745535692 0.91988775883930174 0.14683652420838308
  outer loop
   vertex -49.183662414550781 52.945457458496094 -42.640678405761719
   vertex -49.327140808105469 52.945457458496094 -42.996017456054688
   vertex -49.392120361328125 52.863048553466797 -42.640678405761719
  endloop
 endfacet
 facet normal -0.31019231873324388 0.93701293798582652 0.16058480453038901
  outer loop
   vertex -49.392120361328125 52.863048553466797 -42.640678405761719
   vertex -49.327140808105469 52.945457458496094 -42.996017456054688
   vertex -49.392120361328125 52.923946380615234 -42.996017456054688
  endloop
 endfacet
 facet normal -0.31936032919343343 0.93401615900685475 0.16007121806103519
  outer loop
   vertex -49.392120361328125 52.863048553466797 -42.640678405761719
   vertex -49.392120361328125 52.923946380615234 -42.996017456054688
   vertex -49.747459411621094 52.802448272705078 -42.996017456054688
  endloop
 endfacet
 facet normal -0.32310155148914488 0.94495791275396679 -0.051574514529695838
  outer loop
   vertex -49.747459411621094 52.802448272705078 -42.996017456054688
   vertex -49.392120361328125 52.923946380615234 -42.996017456054688
   vertex -49.747459411621094 52.783054351806641 -43.351356506347656
  endloop
 endfacet
 facet normal -0.13040415266179856 0.98998751592881296 -0.054032168877961195
  outer loop
   vertex -49.747459411621094 52.802448272705078 -42.996017456054688
   vertex -49.747459411621094 52.783054351806641 -43.351356506347656
   vertex -50.102798461914062 52.736248016357422 -43.351356506347656
  endloop
 endfacet
 facet normal -0.12857887951276981 0.97613061341601526 -0.17503284633266455
  outer loop
   vertex -50.102798461914062 52.736248016357422 -43.351356506347656
   vertex -49.747459411621094 52.783054351806641 -43.351356506347656
   vertex -50.102798461914062 52.672531127929688 -43.706695556640625
  endloop
 endfacet
 facet normal -0.36285877640400399 0.91721513722919257 -0.16446853931443051
  outer loop
   vertex -50.102798461914062 52.736248016357422 -43.351356506347656
   vertex -50.102798461914062 52.672531127929688 -43.706695556640625
   vertex -50.458137512207031 52.595672607421875 -43.351356506347656
  endloop
 endfacet
 facet normal -0.41056336340411587 0.88511334246189122 -0.21911662562717349
  outer loop
   vertex -50.458137512207031 52.595672607421875 -43.351356506347656
   vertex -50.102798461914062 52.672531127929688 -43.706695556640625
   vertex -50.280467987060547 52.590118408203125 -43.706695556640625
  endloop
 endfacet
 facet normal -0.45202531325034306 0.85926705757448474 -0.23944360494324399
  outer loop
   vertex -50.458137512207031 52.595672607421875 -43.351356506347656
   vertex -50.280467987060547 52.590118408203125 -43.706695556640625
   vertex -50.458137512207031 52.590118408203125 -43.371288299560547
  endloop
 endfacet
 facet normal -0.4106951600204915 0.88543846123012504 -0.21755049278310368
  outer loop
   vertex -50.458137512207031 52.590118408203125 -43.371288299560547
   vertex -50.280467987060547 52.590118408203125 -43.706695556640625
   vertex -50.458137512207031 52.507709503173828 -43.706695556640625
  endloop
 endfacet
 facet normal -0.48018744980927092 0.85183117415864906 -0.20929324828375656
  outer loop
   vertex -50.458137512207031 52.590118408203125 -43.371288299560547
   vertex -50.458137512207031 52.507709503173828 -43.706695556640625
   vertex -50.8134765625 52.394706726074219 -43.351356506347656
  endloop
 endfacet
 facet normal -0.25863968604785487 0.96477201487096276 0.048171279024850751
  outer loop
   vertex -50.8134765625 52.394706726074219 -43.351356506347656
   vertex -50.458137512207031 52.507709503173828 -43.706695556640625
   vertex -50.8134765625 52.412448883056641 -43.706695556640625
  endloop
 endfacet
 facet normal -0.3132599783278609 0.94848584369381583 0.04735810691379428
  outer loop
   vertex -50.8134765625 52.394706726074219 -43.351356506347656
   vertex -50.8134765625 52.412448883056641 -43.706695556640625
   vertex -51.168815612792969 52.295089721679688 -43.706695556640625
  endloop
 endfacet
 facet normal -0.3089717978410878 0.93550212803176747 0.1713831864182728
  outer loop
   vertex -51.168815612792969 52.295089721679688 -43.706695556640625
   vertex -50.8134765625 52.412448883056641 -43.706695556640625
   vertex -51.168815612792969 52.360187530517578 -44.062034606933594
  endloop
 endfacet
 facet normal -0.41942898291253833 0.89292762451962682 0.16358357393910286
  outer loop
   vertex -51.168815612792969 52.295089721679688 -43.706695556640625
   vertex -51.168815612792969 52.360187530517578 -44.062034606933594
   vertex -51.435798645019531 52.234779357910156 -44.062034606933594
  endloop
 endfacet
 facet normal -0.41317790669461274 0.87961962992372789 0.23569752665715882
  outer loop
   vertex -51.435798645019531 52.234779357910156 -44.062034606933594
   vertex -51.168815612792969 52.360187530517578 -44.062034606933594
   vertex -51.524154663085938 52.234779357910156 -44.216922760009766
  endloop
 endfacet
 facet normal -0.47742696544069418 0.83539800359124861 0.27234843173010265
  outer loop
   vertex -51.435798645019531 52.234779357910156 -44.062034606933594
   vertex -51.524154663085938 52.234779357910156 -44.216922760009766
   vertex -51.524154663085938 52.184284210205078 -44.062034606933594
  endloop
 endfacet
 facet normal -0.1228675002838249 0.94354752969396416 0.30760630127229527
  outer loop
   vertex -51.524154663085938 52.184284210205078 -44.062034606933594
   vertex -51.524154663085938 52.234779357910156 -44.216922760009766
   vertex -51.879493713378906 52.234779357910156 -44.358856201171875
  endloop
 endfacet
 facet normal -0.29355657456008594 0.82022901554598371 0.49096731010222577
  outer loop
   vertex -51.524154663085938 52.184284210205078 -44.062034606933594
   vertex -51.879493713378906 52.234779357910156 -44.358856201171875
   vertex -51.879493713378906 52.057109832763672 -44.062034606933594
  endloop
 endfacet
 facet normal -0.22434414672659564 0.83616120213467848 0.50050389396507711
  outer loop
   vertex -51.879493713378906 52.057109832763672 -44.062034606933594
   vertex -51.879493713378906 52.234779357910156 -44.358856201171875
   vertex -52.010044097900391 52.234779357910156 -44.417373657226562
  endloop
 endfacet
 facet normal -0.22432788134917367 0.83616731382521081 0.50050097396480908
  outer loop
   vertex -51.879493713378906 52.057109832763672 -44.062034606933594
   vertex -52.010044097900391 52.234779357910156 -44.417373657226562
   vertex -52.234832763671875 52.174472808837891 -44.417373657226562
  endloop
 endfacet
 facet normal -0.25083413834955931 0.93496763049683618 0.25083413834955931
  outer loop
   vertex -52.234832763671875 52.174472808837891 -44.417373657226562
   vertex -52.010044097900391 52.234779357910156 -44.417373657226562
   vertex -52.234832763671875 52.234779357910156 -44.642162322998047
  endloop
 endfacet
 facet normal -0.2137548092830395 0.94352238000230615 0.25312921590198817
  outer loop
   vertex -52.234832763671875 52.174472808837891 -44.417373657226562
   vertex -52.234832763671875 52.234779357910156 -44.642162322998047
   vertex -52.389430999755859 52.234779357910156 -44.772712707519531
  endloop
 endfacet
 facet normal -0.2213438898801629 0.93930930106527355 0.26211623250952176
  outer loop
   vertex -52.389430999755859 52.234779357910156 -44.772712707519531
   vertex -52.234832763671875 52.234779357910156 -44.642162322998047
   vertex -52.234832763671875 52.271209716796875 -44.772712707519531
  endloop
 endfacet
 facet normal -0.19952848705031695 0.8467320413286068 -0.4931868135330687
  outer loop
   vertex -52.389430999755859 52.234779357910156 -44.772712707519531
   vertex -52.234832763671875 52.271209716796875 -44.772712707519531
   vertex -52.234832763671875 52.234779357910156 -44.835258483886719
  endloop
 endfacet
 facet normal 0.038965220303409223 0.86345126084094759 -0.50292507569108624
  outer loop
   vertex -52.234832763671875 52.234779357910156 -44.835258483886719
   vertex -52.234832763671875 52.271209716796875 -44.772712707519531
   vertex -51.879493713378906 52.234779357910156 -44.807727813720703
  endloop
 endfacet
 facet normal 0.043683464805325763 0.82473918923751743 -0.56382357580935216
  outer loop
   vertex -52.234832763671875 52.234779357910156 -44.835258483886719
   vertex -51.879493713378906 52.234779357910156 -44.807727813720703
   vertex -52.234832763671875 52.034614562988281 -45.1280517578125
  endloop
 endfacet
 facet normal 0.18345761643887851 0.72924285104043418 -0.65920267534119159
  outer loop
   vertex -52.234832763671875 52.034614562988281 -45.1280517578125
   vertex -51.879493713378906 52.234779357910156 -44.807727813720703
   vertex -51.879493713378906 51.945220947265625 -45.1280517578125
  endloop
 endfacet
 facet normal 0.15119409138124054 0.60099554545372358 -0.78482144534676324
  outer loop
   vertex -52.234832763671875 52.034614562988281 -45.1280517578125
   vertex -51.879493713378906 51.945220947265625 -45.1280517578125
   vertex -51.879493713378906 51.879440307617188 -45.178424835205078
  endloop
 endfacet
 facet normal 0.36765390001554199 0.56540325762654597 -0.73834258042500256
  outer loop
   vertex -51.879493713378906 51.879440307617188 -45.178424835205078
   vertex -51.879493713378906 51.945220947265625 -45.1280517578125
   vertex -51.778331756591797 51.879440307617188 -45.1280517578125
  endloop
 endfacet
 facet normal 0.39442352251567725 0.46583607499301077 -0.79210279391088567
  outer loop
   vertex -51.879493713378906 51.879440307617188 -45.178424835205078
   vertex -51.778331756591797 51.879440307617188 -45.1280517578125
   vertex -51.524154663085938 51.524101257324219 -45.210460662841797
  endloop
 endfacet
 facet normal 0.37462682690769911 0.45529055746702107 -0.80769130789085386
  outer loop
   vertex -51.524154663085938 51.524101257324219 -45.210460662841797
   vertex -51.778331756591797 51.879440307617188 -45.1280517578125
   vertex -51.524154663085938 51.670295715332031 -45.1280517578125
  endloop
 endfacet
 facet normal 0.28422498327391882 0.95620193709956269 -0.069957232435142458
  outer loop
   vertex -48.391082763671875 52.945457458496094 -42.640678405761719
   vertex -48.681442260742188 53.005767822265625 -42.996017456054688
   vertex -48.681442260742188 53.031764984130859 -42.640678405761719
  endloop
 endfacet
 facet normal 0.072773078048779333 0.99468998096020467 -0.072773078048779333
  outer loop
   vertex -48.681442260742188 53.031764984130859 -42.640678405761719
   vertex -48.681442260742188 53.005767822265625 -42.996017456054688
   vertex -49.036781311035156 53.031764984130859 -42.996017456054688
  endloop
 endfacet
 facet normal 0.37544375927715695 0.91436347294166043 -0.15159624985434705
  outer loop
   vertex -48.391082763671875 52.945457458496094 -42.640678405761719
   vertex -48.534561157226562 52.945457458496094 -42.996017456054688
   vertex -48.681442260742188 53.005767822265625 -42.996017456054688
  endloop
 endfacet
 facet normal 0.33649802366353027 0.819514225372585 -0.46385936929473609
  outer loop
   vertex -48.681442260742188 53.005767822265625 -42.996017456054688
   vertex -48.534561157226562 52.945457458496094 -42.996017456054688
   vertex -48.681442260742188 52.945457458496094 -43.102569580078125
  endloop
 endfacet
 facet normal 0.063541245331548757 0.86850579642461734 -0.49158945444197338
  outer loop
   vertex -48.681442260742188 53.005767822265625 -42.996017456054688
   vertex -48.681442260742188 52.945457458496094 -43.102569580078125
   vertex -49.036781311035156 53.031764984130859 -42.996017456054688
  endloop
 endfacet
 facet normal 0.067047763406535899 0.87282941942150205 -0.4833977679039333
  outer loop
   vertex -49.036781311035156 53.031764984130859 -42.996017456054688
   vertex -48.681442260742188 52.945457458496094 -43.102569580078125
   vertex -49.036781311035156 52.945457458496094 -43.15185546875
  endloop
 endfacet
 facet normal 0.54030201886131501 0.76930668858868201 0.34094126665322261
  outer loop
   vertex -47.529552459716797 52.590118408203125 -42.28533935546875
   vertex -47.615425109863281 52.650428771972656 -42.28533935546875
   vertex -47.615425109863281 52.590118408203125 -42.149253845214844
  endloop
 endfacet
 facet normal 0.22976305469208458 0.88978106947559543 0.39433309156273932
  outer loop
   vertex -47.615425109863281 52.590118408203125 -42.149253845214844
   vertex -47.615425109863281 52.650428771972656 -42.28533935546875
   vertex -47.97076416015625 52.590118408203125 -41.942211151123047
  endloop
 endfacet
 facet normal 0.22975442545750596 0.88978986104284907 0.39431828155442983
  outer loop
   vertex -47.615425109863281 52.590118408203125 -42.149253845214844
   vertex -47.97076416015625 52.590118408203125 -41.942211151123047
   vertex -47.615425109863281 52.492954254150391 -41.930000305175781
  endloop
 endfacet
 facet normal 0.20992153549542636 0.83219947360935287 0.51320267444700485
  outer loop
   vertex -47.615425109863281 52.492954254150391 -41.930000305175781
   vertex -47.97076416015625 52.590118408203125 -41.942211151123047
   vertex -47.97076416015625 52.582588195800781 -41.930000305175781
  endloop
 endfacet
 facet normal 0.210373461476347 0.83399105998730572 0.51009991037806501
  outer loop
   vertex -47.615425109863281 52.492954254150391 -41.930000305175781
   vertex -47.97076416015625 52.582588195800781 -41.930000305175781
   vertex -47.615425109863281 52.275615692138672 -41.574661254882812
  endloop
 endfacet
 facet normal 0.072364277775015515 0.78940537237881425 0.60959213361194708
  outer loop
   vertex -47.615425109863281 52.275615692138672 -41.574661254882812
   vertex -47.97076416015625 52.582588195800781 -41.930000305175781
   vertex -47.97076416015625 52.308189392089844 -41.574661254882812
  endloop
 endfacet
 facet normal 0.064682598297252175 0.70560768607436941 0.70564435435302009
  outer loop
   vertex -47.615425109863281 52.275615692138672 -41.574661254882812
   vertex -47.97076416015625 52.308189392089844 -41.574661254882812
   vertex -47.97076416015625 52.234779357910156 -41.501255035400391
  endloop
 endfacet
 facet normal -0.32724969634547835 0.66815463620402149 0.66818935816193892
  outer loop
   vertex -47.97076416015625 52.234779357910156 -41.501255035400391
   vertex -47.97076416015625 52.308189392089844 -41.574661254882812
   vertex -48.120647430419922 52.234779357910156 -41.574661254882812
  endloop
 endfacet
 facet normal -0.33143411637271031 0.65740667725877433 0.67673324670790214
  outer loop
   vertex -47.97076416015625 52.234779357910156 -41.501255035400391
   vertex -48.120647430419922 52.234779357910156 -41.574661254882812
   vertex -48.326103210449219 51.879440307617188 -41.330093383789062
  endloop
 endfacet
 facet normal -0.32368951530033319 0.65626175812387144 0.68157582300782971
  outer loop
   vertex -48.326103210449219 51.879440307617188 -41.330093383789062
   vertex -48.120647430419922 52.234779357910156 -41.574661254882812
   vertex -48.326103210449219 52.133441925048828 -41.574661254882812
  endloop
 endfacet
 facet normal -0.1718821702895254 0.68328048018575738 0.70963674153307732
  outer loop
   vertex -48.326103210449219 51.879440307617188 -41.330093383789062
   vertex -48.326103210449219 52.133441925048828 -41.574661254882812
   vertex -48.681442260742188 51.879440307617188 -41.416160583496094
  endloop
 endfacet
 facet normal -0.15643122129230355 0.67106789460155092 0.72470487361410807
  outer loop
   vertex -48.681442260742188 51.879440307617188 -41.416160583496094
   vertex -48.326103210449219 52.133441925048828 -41.574661254882812
   vertex -48.681442260742188 52.050609588623047 -41.574661254882812
  endloop
 endfacet
 facet normal -0.042905592565653836 0.67880681863633396 0.73306235280459542
  outer loop
   vertex -48.681442260742188 51.879440307617188 -41.416160583496094
   vertex -48.681442260742188 52.050609588623047 -41.574661254882812
   vertex -49.036781311035156 51.879440307617188 -41.436958312988281
  endloop
 endfacet
 facet normal -0.015159151029519997 0.64566754384992586 0.7634681545152151
  outer loop
   vertex -49.036781311035156 51.879440307617188 -41.436958312988281
   vertex -48.681442260742188 52.050609588623047 -41.574661254882812
   vertex -49.036781311035156 52.042266845703125 -41.574661254882812
  endloop
 endfacet
 facet normal 0.044645794991043798 0.64509786137972658 0.76279453474243031
  outer loop
   vertex -49.036781311035156 51.879440307617188 -41.436958312988281
   vertex -49.036781311035156 52.042266845703125 -41.574661254882812
   vertex -49.392120361328125 51.879440307617188 -41.416160583496094
  endloop
 endfacet
 facet normal 0.015949863975676586 0.67934605822326199 0.7336446926242115
  outer loop
   vertex -49.392120361328125 51.879440307617188 -41.416160583496094
   vertex -49.036781311035156 52.042266845703125 -41.574661254882812
   vertex -49.392120361328125 52.050609588623047 -41.574661254882812
  endloop
 endfacet
 facet normal 0.039550711021697493 0.67890087482817285 0.73316392670072061
  outer loop
   vertex -49.392120361328125 51.879440307617188 -41.416160583496094
   vertex -49.392120361328125 52.050609588623047 -41.574661254882812
   vertex -49.747459411621094 51.879440307617188 -41.396991729736328
  endloop
 endfacet
 facet normal 0.24922398900497095 0.87637654117829533 0.41213051497895359
  outer loop
   vertex -47.97076416015625 52.590118408203125 -41.942211151123047
   vertex -47.615425109863281 52.650428771972656 -42.28533935546875
   vertex -47.97076416015625 52.751480102539062 -42.28533935546875
  endloop
 endfacet
 facet normal 0.27226300054623742 0.95739141188682586 0.096304428656785374
  outer loop
   vertex -47.97076416015625 52.751480102539062 -42.28533935546875
   vertex -47.615425109863281 52.650428771972656 -42.28533935546875
   vertex -47.97076416015625 52.787223815917969 -42.640678405761719
  endloop
 endfacet
 facet normal 0.35752983169778091 0.9292124612217374 0.093469895455154911
  outer loop
   vertex -47.97076416015625 52.751480102539062 -42.28533935546875
   vertex -47.97076416015625 52.787223815917969 -42.640678405761719
   vertex -48.326103210449219 52.923946380615234 -42.640678405761719
  endloop
 endfacet
 facet normal 0.35459471347218352 0.9215841511100108 -0.15794062682039947
  outer loop
   vertex -48.326103210449219 52.923946380615234 -42.640678405761719
   vertex -47.97076416015625 52.787223815917969 -42.640678405761719
   vertex -48.326103210449219 52.863048553466797 -42.996017456054688
  endloop
 endfacet
 facet normal 0.31019231873324388 0.93701293798582652 -0.16058480453038901
  outer loop
   vertex -48.326103210449219 52.923946380615234 -42.640678405761719
   vertex -48.326103210449219 52.863048553466797 -42.996017456054688
   vertex -48.391082763671875 52.945457458496094 -42.640678405761719
  endloop
 endfacet
 facet normal 0.36365580745535692 0.91988775883930174 -0.14683652420838308
  outer loop
   vertex -48.391082763671875 52.945457458496094 -42.640678405761719
   vertex -48.326103210449219 52.863048553466797 -42.996017456054688
   vertex -48.534561157226562 52.945457458496094 -42.996017456054688
  endloop
 endfacet
 facet normal 0.036278595549512745 0.79049150302622506 0.61139761787914626
  outer loop
   vertex -48.326103210449219 52.590118408203125 -42.055625915527344
   vertex -47.97076416015625 52.751480102539062 -42.28533935546875
   vertex -48.326103210449219 52.767787933349609 -42.28533935546875
  endloop
 endfacet
 facet normal 0.041978484958902981 0.91468909331504389 0.4019722246263514
  outer loop
   vertex -48.326103210449219 52.767787933349609 -42.28533935546875
   vertex -47.97076416015625 52.751480102539062 -42.28533935546875
   vertex -48.326103210449219 52.923946380615234 -42.640678405761719
  endloop
 endfacet
 facet normal 0 0.91549608948410011 0.40232686977048976
  outer loop
   vertex -48.326103210449219 52.767787933349609 -42.28533935546875
   vertex -48.326103210449219 52.923946380615234 -42.640678405761719
   vertex -48.681442260742188 52.767787933349609 -42.28533935546875
  endloop
 endfacet
 facet normal 0.25647251235797602 0.76390160837475962 0.59217918160573935
  outer loop
   vertex -48.681442260742188 52.767787933349609 -42.28533935546875
   vertex -48.326103210449219 52.923946380615234 -42.640678405761719
   vertex -48.681442260742188 52.945457458496094 -42.514530181884766
  endloop
 endfacet
 facet normal -0.13459113051396243 0.89669707988376779 0.42168658327589387
  outer loop
   vertex -47.97076416015625 52.751480102539062 -42.28533935546875
   vertex -48.326103210449219 52.590118408203125 -42.055625915527344
   vertex -47.97076416015625 52.590118408203125 -41.942211151123047
  endloop
 endfacet
 facet normal -0.16523081246935495 0.83946560459098751 0.5176835687168414
  outer loop
   vertex -47.97076416015625 52.590118408203125 -41.942211151123047
   vertex -48.326103210449219 52.590118408203125 -42.055625915527344
   vertex -47.97076416015625 52.582588195800781 -41.930000305175781
  endloop
 endfacet
 facet normal -0 0.70710678118654746 0.70710678118654746
  outer loop
   vertex -48.326103210449219 52.767787933349609 -42.28533935546875
   vertex -48.681442260742188 52.767787933349609 -42.28533935546875
   vertex -48.681442260742188 52.590118408203125 -42.107669830322266
  endloop
 endfacet
 facet normal -0.012934075856591551 0.70704763265346415 0.70704763265346415
  outer loop
   vertex -48.681442260742188 52.590118408203125 -42.107669830322266
   vertex -48.681442260742188 52.767787933349609 -42.28533935546875
   vertex -49.036781311035156 52.590118408203125 -42.114170074462891
  endloop
 endfacet
 facet normal -0.012934075856591551 0.70704763265346415 0.70704763265346415
  outer loop
   vertex -48.681442260742188 52.590118408203125 -42.107669830322266
   vertex -49.036781311035156 52.590118408203125 -42.114170074462891
   vertex -48.681442260742188 52.412448883056641 -41.930000305175781
  endloop
 endfacet
 facet normal 0 0.71969344514561007 0.69429197389458752
  outer loop
   vertex -48.681442260742188 52.412448883056641 -41.930000305175781
   vertex -49.036781311035156 52.590118408203125 -42.114170074462891
   vertex -49.036781311035156 52.412448883056641 -41.930000305175781
  endloop
 endfacet
 facet normal -0 0.70710678118654746 0.70710678118654746
  outer loop
   vertex -48.681442260742188 52.412448883056641 -41.930000305175781
   vertex -49.036781311035156 52.412448883056641 -41.930000305175781
   vertex -49.036781311035156 52.234779357910156 -41.752330780029297
  endloop
 endfacet
 facet normal 0 0.70710678118654746 0.70710678118654746
  outer loop
   vertex -49.036781311035156 52.234779357910156 -41.752330780029297
   vertex -49.036781311035156 52.412448883056641 -41.930000305175781
   vertex -49.392120361328125 52.234779357910156 -41.752330780029297
  endloop
 endfacet
 facet normal -0 0.67820933829204577 0.73486875933969686
  outer loop
   vertex -49.036781311035156 52.234779357910156 -41.752330780029297
   vertex -49.392120361328125 52.234779357910156 -41.752330780029297
   vertex -49.036781311035156 52.042266845703125 -41.574661254882812
  endloop
 endfacet
 facet normal 0.0162986028346149 0.69419975036322723 0.71959784751017175
  outer loop
   vertex -49.036781311035156 52.042266845703125 -41.574661254882812
   vertex -49.392120361328125 52.234779357910156 -41.752330780029297
   vertex -49.392120361328125 52.050609588623047 -41.574661254882812
  endloop
 endfacet
 facet normal -0.08924834772463057 0.78785560408734201 0.60935890863808084
  outer loop
   vertex -48.326103210449219 52.767787933349609 -42.28533935546875
   vertex -48.681442260742188 52.590118408203125 -42.107669830322266
   vertex -48.326103210449219 52.590118408203125 -42.055625915527344
  endloop
 endfacet
 facet normal -0.096414757255300812 0.746565468176422 0.65828883957569961
  outer loop
   vertex -48.326103210449219 52.590118408203125 -42.055625915527344
   vertex -48.681442260742188 52.590118408203125 -42.107669830322266
   vertex -48.326103210449219 52.479347229003906 -41.930000305175781
  endloop
 endfacet
 facet normal -0.21292659119933369 0.73285959097760611 0.64620359537251693
  outer loop
   vertex -48.326103210449219 52.590118408203125 -42.055625915527344
   vertex -48.326103210449219 52.479347229003906 -41.930000305175781
   vertex -47.97076416015625 52.582588195800781 -41.930000305175781
  endloop
 endfacet
 facet normal -0.22410919931543413 0.77134835634912391 0.5956482014911989
  outer loop
   vertex -47.97076416015625 52.582588195800781 -41.930000305175781
   vertex -48.326103210449219 52.479347229003906 -41.930000305175781
   vertex -47.97076416015625 52.308189392089844 -41.574661254882812
  endloop
 endfacet
 facet normal -0.081584971562765021 0.78460046469869515 0.61461044834081235
  outer loop
   vertex -49.392120361328125 52.590118408203125 -42.130168914794922
   vertex -49.036781311035156 52.748619079589844 -42.28533935546875
   vertex -49.392120361328125 52.711669921875 -42.28533935546875
  endloop
 endfacet
 facet normal -0.095228974758269205 0.91581447436844687 0.39014778085199225
  outer loop
   vertex -49.392120361328125 52.711669921875 -42.28533935546875
   vertex -49.036781311035156 52.748619079589844 -42.28533935546875
   vertex -49.392120361328125 52.863048553466797 -42.640678405761719
  endloop
 endfacet
 facet normal -0.2028061227913516 0.90087698321480214 0.38378423322504557
  outer loop
   vertex -49.392120361328125 52.711669921875 -42.28533935546875
   vertex -49.392120361328125 52.863048553466797 -42.640678405761719
   vertex -49.747459411621094 52.783054351806641 -42.640678405761719
  endloop
 endfacet
 facet normal -0.21931366755843551 0.97420448893983158 0.053170752783361287
  outer loop
   vertex -49.747459411621094 52.783054351806641 -42.640678405761719
   vertex -49.392120361328125 52.863048553466797 -42.640678405761719
   vertex -49.747459411621094 52.802448272705078 -42.996017456054688
  endloop
 endfacet
 facet normal -0.23727730919593781 0.96999830385331376 0.052941184936019826
  outer loop
   vertex -49.747459411621094 52.783054351806641 -42.640678405761719
   vertex -49.747459411621094 52.802448272705078 -42.996017456054688
   vertex -50.102798461914062 52.715526580810547 -42.996017456054688
  endloop
 endfacet
 facet normal -0.23723024365734746 0.96980589821302177 0.056553791079904825
  outer loop
   vertex -50.102798461914062 52.715526580810547 -42.996017456054688
   vertex -49.747459411621094 52.802448272705078 -42.996017456054688
   vertex -50.102798461914062 52.736248016357422 -43.351356506347656
  endloop
 endfacet
 facet normal -0.36732863634970681 0.92851381172763803 0.054145861785341164
  outer loop
   vertex -50.102798461914062 52.715526580810547 -42.996017456054688
   vertex -50.102798461914062 52.736248016357422 -43.351356506347656
   vertex -50.458137512207031 52.595672607421875 -43.351356506347656
  endloop
 endfacet
 facet normal -0.034147931963216846 0.8089724980604398 0.58685382858467183
  outer loop
   vertex -49.747459411621094 52.590118408203125 -42.138458251953125
   vertex -49.392120361328125 52.711669921875 -42.28533935546875
   vertex -49.747459411621094 52.696670532226562 -42.28533935546875
  endloop
 endfacet
 facet normal -0.040982399885596578 0.97088264225415088 0.23602401968701284
  outer loop
   vertex -49.747459411621094 52.696670532226562 -42.28533935546875
   vertex -49.392120361328125 52.711669921875 -42.28533935546875
   vertex -49.747459411621094 52.783054351806641 -42.640678405761719
  endloop
 endfacet
 facet normal -0.22989534291538613 0.94567238651217567 0.22989534291538613
  outer loop
   vertex -49.747459411621094 52.696670532226562 -42.28533935546875
   vertex -49.747459411621094 52.783054351806641 -42.640678405761719
   vertex -50.102798461914062 52.696670532226562 -42.640678405761719
  endloop
 endfacet
 facet normal -0.23590907308728395 0.97040981046944141 0.05149474710843209
  outer loop
   vertex -50.102798461914062 52.696670532226562 -42.640678405761719
   vertex -49.747459411621094 52.783054351806641 -42.640678405761719
   vertex -50.102798461914062 52.715526580810547 -42.996017456054688
  endloop
 endfacet
 facet normal -0.46990472478335993 0.88147694213429728 0.046775528985183376
  outer loop
   vertex -50.102798461914062 52.696670532226562 -42.640678405761719
   vertex -50.102798461914062 52.715526580810547 -42.996017456054688
   vertex -50.338047027587891 52.590118408203125 -42.996017456054688
  endloop
 endfacet
 facet normal -0.46374820438699499 0.86992815258833744 0.16781719894599675
  outer loop
   vertex -50.338047027587891 52.590118408203125 -42.996017456054688
   vertex -50.102798461914062 52.715526580810547 -42.996017456054688
   vertex -50.458137512207031 52.590118408203125 -43.327877044677734
  endloop
 endfacet
 facet normal -0.51910366091143578 0.83381306950114342 0.1878487539416393
  outer loop
   vertex -50.338047027587891 52.590118408203125 -42.996017456054688
   vertex -50.458137512207031 52.590118408203125 -43.327877044677734
   vertex -50.458137512207031 52.515354156494141 -42.996017456054688
  endloop
 endfacet
 facet normal -0.51075630031340402 0.83870471661364332 0.18895078729709519
  outer loop
   vertex -50.458137512207031 52.515354156494141 -42.996017456054688
   vertex -50.458137512207031 52.590118408203125 -43.327877044677734
   vertex -50.466823577880859 52.590118408203125 -43.351356506347656
  endloop
 endfacet
 facet normal -0.48195705900853975 0.8549737208308873 0.19166984624720348
  outer loop
   vertex -50.458137512207031 52.515354156494141 -42.996017456054688
   vertex -50.466823577880859 52.590118408203125 -43.351356506347656
   vertex -50.8134765625 52.394706726074219 -43.351356506347656
  endloop
 endfacet
 facet normal -0.48018936646141913 0.85183790064515175 -0.20926147127897635
  outer loop
   vertex -50.8134765625 52.394706726074219 -43.351356506347656
   vertex -50.466823577880859 52.590118408203125 -43.351356506347656
   vertex -50.458137512207031 52.590118408203125 -43.371288299560547
  endloop
 endfacet
 facet normal -0.014384079023608618 0.7871433219663202 0.61660237508013926
  outer loop
   vertex -49.392120361328125 52.711669921875 -42.28533935546875
   vertex -49.747459411621094 52.590118408203125 -42.138458251953125
   vertex -49.392120361328125 52.590118408203125 -42.130168914794922
  endloop
 endfacet
 facet normal -0.015483828241346269 0.74779836107516129 0.66374532935177399
  outer loop
   vertex -49.392120361328125 52.590118408203125 -42.130168914794922
   vertex -49.747459411621094 52.590118408203125 -42.138458251953125
   vertex -49.392120361328125 52.412448883056641 -41.930000305175781
  endloop
 endfacet
 facet normal -0.16276877189068997 0.82482380054497728 0.54145362216143333
  outer loop
   vertex -50.102798461914062 52.590118408203125 -42.229843139648438
   vertex -49.747459411621094 52.696670532226562 -42.28533935546875
   vertex -50.102798461914062 52.626548767089844 -42.28533935546875
  endloop
 endfacet
 facet normal -0.19007448995080969 0.963194360728861 0.19007448995080969
  outer loop
   vertex -50.102798461914062 52.626548767089844 -42.28533935546875
   vertex -49.747459411621094 52.696670532226562 -42.28533935546875
   vertex -50.102798461914062 52.696670532226562 -42.640678405761719
  endloop
 endfacet
 facet normal -0.56357447388799564 0.81043591195256781 0.15992950009138057
  outer loop
   vertex -50.102798461914062 52.626548767089844 -42.28533935546875
   vertex -50.102798461914062 52.696670532226562 -42.640678405761719
   vertex -50.256023406982422 52.590118408203125 -42.640678405761719
  endloop
 endfacet
 facet normal -0.56602893820944411 0.81396550053912142 0.13065758700353694
  outer loop
   vertex -50.256023406982422 52.590118408203125 -42.640678405761719
   vertex -50.102798461914062 52.696670532226562 -42.640678405761719
   vertex -50.338047027587891 52.590118408203125 -42.996017456054688
  endloop
 endfacet
 facet normal -0.61092442487327925 0.77902788936368117 0.1410209015955475
  outer loop
   vertex -50.256023406982422 52.590118408203125 -42.640678405761719
   vertex -50.338047027587891 52.590118408203125 -42.996017456054688
   vertex -50.458137512207031 52.431617736816406 -42.640678405761719
  endloop
 endfacet
 facet normal -0.51824380146725191 0.83243191560745733 0.19616439054749649
  outer loop
   vertex -50.458137512207031 52.431617736816406 -42.640678405761719
   vertex -50.338047027587891 52.590118408203125 -42.996017456054688
   vertex -50.458137512207031 52.515354156494141 -42.996017456054688
  endloop
 endfacet
 facet normal -0.49108337482530562 0.84788820160844502 0.19980669794425096
  outer loop
   vertex -50.458137512207031 52.431617736816406 -42.640678405761719
   vertex -50.458137512207031 52.515354156494141 -42.996017456054688
   vertex -50.8134765625 52.309547424316406 -42.996017456054688
  endloop
 endfacet
 facet normal -0.49074774642622976 0.84730871679122355 0.20306301442455477
  outer loop
   vertex -50.8134765625 52.309547424316406 -42.996017456054688
   vertex -50.458137512207031 52.515354156494141 -42.996017456054688
   vertex -50.8134765625 52.394706726074219 -43.351356506347656
  endloop
 endfacet
 facet normal -0.53127666317234168 0.82386913707717424 0.19744556753742176
  outer loop
   vertex -50.8134765625 52.309547424316406 -42.996017456054688
   vertex -50.8134765625 52.394706726074219 -43.351356506347656
   vertex -51.061481475830078 52.234779357910156 -43.351356506347656
  endloop
 endfacet
 facet normal -0.51894045259882793 0.80473894773417609 0.28826382474430379
  outer loop
   vertex -51.061481475830078 52.234779357910156 -43.351356506347656
   vertex -50.8134765625 52.394706726074219 -43.351356506347656
   vertex -51.168815612792969 52.234779357910156 -43.544582366943359
  endloop
 endfacet
 facet normal -0.54476620772975493 0.78208514653258399 0.30260965366102927
  outer loop
   vertex -51.061481475830078 52.234779357910156 -43.351356506347656
   vertex -51.168815612792969 52.234779357910156 -43.544582366943359
   vertex -51.168815612792969 52.160015106201172 -43.351356506347656
  endloop
 endfacet
 facet normal -0.544773695514566 0.78208060999467921 0.30260789835322127
  outer loop
   vertex -51.168815612792969 52.160015106201172 -43.351356506347656
   vertex -51.168815612792969 52.234779357910156 -43.544582366943359
   vertex -51.258865356445312 52.234779357910156 -43.706695556640625
  endloop
 endfacet
 facet normal -0.53061910164481219 0.7923000494854926 0.301171048666598
  outer loop
   vertex -51.168815612792969 52.160015106201172 -43.351356506347656
   vertex -51.258865356445312 52.234779357910156 -43.706695556640625
   vertex -51.524154663085938 52.057109832763672 -43.706695556640625
  endloop
 endfacet
 facet normal -0.5362517088315496 0.8007104420607899 0.26701478002173845
  outer loop
   vertex -51.524154663085938 52.057109832763672 -43.706695556640625
   vertex -51.258865356445312 52.234779357910156 -43.706695556640625
   vertex -51.435798645019531 52.234779357910156 -44.062034606933594
  endloop
 endfacet
 facet normal -0.47383501383349319 0.8291128345101888 0.29673605664949732
  outer loop
   vertex -51.524154663085938 52.057109832763672 -43.706695556640625
   vertex -51.435798645019531 52.234779357910156 -44.062034606933594
   vertex -51.524154663085938 52.184284210205078 -44.062034606933594
  endloop
 endfacet
 facet normal -0.14932012051914129 0.80036981597941137 0.5806131752528807
  outer loop
   vertex -49.747459411621094 52.696670532226562 -42.28533935546875
   vertex -50.102798461914062 52.590118408203125 -42.229843139648438
   vertex -49.747459411621094 52.590118408203125 -42.138458251953125
  endloop
 endfacet
 facet normal -0.16454773979445658 0.75069926438536272 0.63982392560751511
  outer loop
   vertex -49.747459411621094 52.590118408203125 -42.138458251953125
   vertex -50.102798461914062 52.590118408203125 -42.229843139648438
   vertex -49.747459411621094 52.412448883056641 -41.930000305175781
  endloop
 endfacet
 facet normal -0 0.76107336391067626 0.64866581129707113
  outer loop
   vertex -49.747459411621094 52.590118408203125 -42.138458251953125
   vertex -49.747459411621094 52.412448883056641 -41.930000305175781
   vertex -49.392120361328125 52.412448883056641 -41.930000305175781
  endloop
 endfacet
 facet normal -0 0.70710678118654746 0.70710678118654746
  outer loop
   vertex -49.392120361328125 52.412448883056641 -41.930000305175781
   vertex -49.747459411621094 52.412448883056641 -41.930000305175781
   vertex -49.747459411621094 52.234779357910156 -41.752330780029297
  endloop
 endfacet
 facet normal -0.48111736565954782 0.73286013803659078 0.48108429462808927
  outer loop
   vertex -50.102798461914062 52.590118408203125 -42.229843139648438
   vertex -50.102798461914062 52.626548767089844 -42.28533935546875
   vertex -50.158290863037109 52.590118408203125 -42.28533935546875
  endloop
 endfacet
 facet normal -0.54265137451949619 0.82659157540681794 0.14925097386140088
  outer loop
   vertex -50.158290863037109 52.590118408203125 -42.28533935546875
   vertex -50.102798461914062 52.626548767089844 -42.28533935546875
   vertex -50.256023406982422 52.590118408203125 -42.640678405761719
  endloop
 endfacet
 facet normal -0.54263485240299547 0.82660324231458637 0.14924642961422163
  outer loop
   vertex -50.158290863037109 52.590118408203125 -42.28533935546875
   vertex -50.256023406982422 52.590118408203125 -42.640678405761719
   vertex -50.458137512207031 52.393280029296875 -42.28533935546875
  endloop
 endfacet
 facet normal -0.61487930128385937 0.78407099927611845 0.084593811516102957
  outer loop
   vertex -50.458137512207031 52.393280029296875 -42.28533935546875
   vertex -50.256023406982422 52.590118408203125 -42.640678405761719
   vertex -50.458137512207031 52.431617736816406 -42.640678405761719
  endloop
 endfacet
 facet normal -0.58763558581042274 0.80445717337330336 0.086793286016121296
  outer loop
   vertex -50.458137512207031 52.393280029296875 -42.28533935546875
   vertex -50.458137512207031 52.431617736816406 -42.640678405761719
   vertex -50.727603912353516 52.234779357910156 -42.640678405761719
  endloop
 endfacet
 facet normal -0.56301832778860206 0.77075681505153215 0.29823530077062427
  outer loop
   vertex -50.727603912353516 52.234779357910156 -42.640678405761719
   vertex -50.458137512207031 52.431617736816406 -42.640678405761719
   vertex -50.8134765625 52.234779357910156 -42.802791595458984
  endloop
 endfacet
 facet normal -0.54980059237726453 0.78288070940632559 0.29123376085381558
  outer loop
   vertex -50.727603912353516 52.234779357910156 -42.640678405761719
   vertex -50.8134765625 52.234779357910156 -42.802791595458984
   vertex -50.8134765625 52.174472808837891 -42.640678405761719
  endloop
 endfacet
 facet normal -0.54980485690412728 0.78287807857307579 0.29123278217666554
  outer loop
   vertex -50.8134765625 52.174472808837891 -42.640678405761719
   vertex -50.8134765625 52.234779357910156 -42.802791595458984
   vertex -50.915828704833984 52.234779357910156 -42.996017456054688
  endloop
 endfacet
 facet normal -0.54980523226848843 0.78287779278183323 0.29123284179370706
  outer loop
   vertex -50.8134765625 52.174472808837891 -42.640678405761719
   vertex -50.915828704833984 52.234779357910156 -42.996017456054688
   vertex -51.168815612792969 52.057109832763672 -42.996017456054688
  endloop
 endfacet
 facet normal -0.55940521439829893 0.79654738408332337 0.22929908637848467
  outer loop
   vertex -51.168815612792969 52.057109832763672 -42.996017456054688
   vertex -50.915828704833984 52.234779357910156 -42.996017456054688
   vertex -51.061481475830078 52.234779357910156 -43.351356506347656
  endloop
 endfacet
 facet normal -0.55607932148264982 0.79832664261224129 0.23119333882026646
  outer loop
   vertex -51.168815612792969 52.057109832763672 -42.996017456054688
   vertex -51.061481475830078 52.234779357910156 -43.351356506347656
   vertex -51.168815612792969 52.160015106201172 -43.351356506347656
  endloop
 endfacet
 facet normal 0.57458720902341043 0.81812350805350986 -0.022879353070095473
  outer loop
   vertex -47.529552459716797 52.590118408203125 -42.28533935546875
   vertex -47.615425109863281 52.640491485595703 -42.640678405761719
   vertex -47.615425109863281 52.650428771972656 -42.28533935546875
  endloop
 endfacet
 facet normal 0.38154794366804773 0.92398780586711671 -0.02583991663213998
  outer loop
   vertex -47.615425109863281 52.650428771972656 -42.28533935546875
   vertex -47.615425109863281 52.640491485595703 -42.640678405761719
   vertex -47.97076416015625 52.787223815917969 -42.640678405761719
  endloop
 endfacet
 facet normal 0.60764798931991038 0.79346264898471908 -0.034364891119026172
  outer loop
   vertex -47.529552459716797 52.590118408203125 -42.28533935546875
   vertex -47.549648284912109 52.590118408203125 -42.640678405761719
   vertex -47.615425109863281 52.640491485595703 -42.640678405761719
  endloop
 endfacet
 facet normal 0.5761779616725381 0.75236929898671523 -0.31931081163204905
  outer loop
   vertex -47.615425109863281 52.640491485595703 -42.640678405761719
   vertex -47.549648284912109 52.590118408203125 -42.640678405761719
   vertex -47.615425109863281 52.590118408203125 -42.759368896484375
  endloop
 endfacet
 facet normal 0.52955587922912972 0.78086034578082308 -0.33140261188004655
  outer loop
   vertex -47.615425109863281 52.640491485595703 -42.640678405761719
   vertex -47.615425109863281 52.590118408203125 -42.759368896484375
   vertex -47.97076416015625 52.730663299560547 -42.996017456054688
  endloop
 endfacet
 facet normal 0.51810271024398125 0.79988600986314617 -0.30290584818232891
  outer loop
   vertex -47.97076416015625 52.730663299560547 -42.996017456054688
   vertex -47.615425109863281 52.590118408203125 -42.759368896484375
   vertex -47.753780364990234 52.590118408203125 -42.996017456054688
  endloop
 endfacet
 facet normal 0.54189885459383569 0.8366242908599183 -0.080033913643078172
  outer loop
   vertex -47.97076416015625 52.730663299560547 -42.996017456054688
   vertex -47.753780364990234 52.590118408203125 -42.996017456054688
   vertex -47.97076416015625 52.696670532226562 -43.351356506347656
  endloop
 endfacet
 facet normal 0.58329544062636818 0.8040672936373221 -0.1150748289038193
  outer loop
   vertex -47.97076416015625 52.696670532226562 -43.351356506347656
   vertex -47.753780364990234 52.590118408203125 -42.996017456054688
   vertex -47.823883056640625 52.590118408203125 -43.351356506347656
  endloop
 endfacet
 facet normal 0.58244626533557275 0.80289671346415914 -0.12693784110774742
  outer loop
   vertex -47.97076416015625 52.696670532226562 -43.351356506347656
   vertex -47.823883056640625 52.590118408203125 -43.351356506347656
   vertex -47.97076416015625 52.640491485595703 -43.706695556640625
  endloop
 endfacet
 facet normal 0.60223572956322236 0.78639535667236982 -0.13745715347550908
  outer loop
   vertex -47.97076416015625 52.640491485595703 -43.706695556640625
   vertex -47.823883056640625 52.590118408203125 -43.351356506347656
   vertex -47.904987335205078 52.590118408203125 -43.706695556640625
  endloop
 endfacet
 facet normal 0.55367941737702409 0.72299085148292508 -0.41318679969843441
  outer loop
   vertex -47.97076416015625 52.640491485595703 -43.706695556640625
   vertex -47.904987335205078 52.590118408203125 -43.706695556640625
   vertex -47.97076416015625 52.590118408203125 -43.794837951660156
  endloop
 endfacet
 facet normal 0.59167029397461246 0.6745151538617522 -0.44153773387882983
  outer loop
   vertex -47.97076416015625 52.590118408203125 -43.794837951660156
   vertex -47.904987335205078 52.590118408203125 -43.706695556640625
   vertex -47.615425109863281 52.33612060546875 -43.706695556640625
  endloop
 endfacet
 facet normal 0.58246799675648664 0.64173196247744224 -0.49890993284292906
  outer loop
   vertex -47.97076416015625 52.590118408203125 -43.794837951660156
   vertex -47.615425109863281 52.33612060546875 -43.706695556640625
   vertex -47.615425109863281 52.234779357910156 -43.837047576904297
  endloop
 endfacet
 facet normal 0.6196618747384417 0.61963854936485363 -0.48173356654551236
  outer loop
   vertex -47.615425109863281 52.234779357910156 -43.837047576904297
   vertex -47.615425109863281 52.33612060546875 -43.706695556640625
   vertex -47.514087677001953 52.234779357910156 -43.706695556640625
  endloop
 endfacet
 facet normal 0.65998310407960536 0.54879083602003753 -0.51307983845584604
  outer loop
   vertex -47.615425109863281 52.234779357910156 -43.837047576904297
   vertex -47.514087677001953 52.234779357910156 -43.706695556640625
   vertex -47.260086059570312 51.929313659667969 -43.706695556640625
  endloop
 endfacet
 facet normal 0.75862683343213455 0.6308153217453254 -0.16296428273727334
  outer loop
   vertex -47.260086059570312 51.929313659667969 -43.706695556640625
   vertex -47.514087677001953 52.234779357910156 -43.706695556640625
   vertex -47.437755584716797 52.234779357910156 -43.351356506347656
  endloop
 endfacet
 facet normal 0.70029494921299384 0.67557814494076496 -0.23061039478992487
  outer loop
   vertex -47.260086059570312 51.929313659667969 -43.706695556640625
   vertex -47.437755584716797 52.234779357910156 -43.351356506347656
   vertex -47.260086059570312 52.050609588623047 -43.351356506347656
  endloop
 endfacet
 facet normal 0.71317674883326188 0.68800528339255518 -0.13426710299827069
  outer loop
   vertex -47.260086059570312 52.050609588623047 -43.351356506347656
   vertex -47.437755584716797 52.234779357910156 -43.351356506347656
   vertex -47.370857238769531 52.234779357910156 -42.996017456054688
  endloop
 endfacet
 facet normal 0.73099184121208138 0.67170472722750607 -0.12026507182716421
  outer loop
   vertex -47.260086059570312 52.050609588623047 -43.351356506347656
   vertex -47.370857238769531 52.234779357910156 -42.996017456054688
   vertex -47.260086059570312 52.114231109619141 -42.996017456054688
  endloop
 endfacet
 facet normal 0.69614699209036024 0.639685970580674 -0.32585460629827651
  outer loop
   vertex -47.260086059570312 52.114231109619141 -42.996017456054688
   vertex -47.370857238769531 52.234779357910156 -42.996017456054688
   vertex -47.260086059570312 52.234779357910156 -42.759368896484375
  endloop
 endfacet
 facet normal 0.7304394053226767 0.60856884279905754 -0.31000361082747147
  outer loop
   vertex -47.260086059570312 52.114231109619141 -42.996017456054688
   vertex -47.260086059570312 52.234779357910156 -42.759368896484375
   vertex -47.209712982177734 52.234779357910156 -42.640678405761719
  endloop
 endfacet
 facet normal 0.75238378357935154 0.57615564034825661 -0.31931695899483631
  outer loop
   vertex -47.209712982177734 52.234779357910156 -42.640678405761719
   vertex -47.260086059570312 52.234779357910156 -42.759368896484375
   vertex -47.260086059570312 52.300559997558594 -42.640678405761719
  endloop
 endfacet
 facet normal 0.78933258852685639 0.6044500598177418 -0.10767631993999748
  outer loop
   vertex -47.209712982177734 52.234779357910156 -42.640678405761719
   vertex -47.260086059570312 52.300559997558594 -42.640678405761719
   vertex -47.161239624023438 52.234779357910156 -42.28533935546875
  endloop
 endfacet
 facet normal 0.78248745449019586 0.61391633877584872 -0.10401976999355041
  outer loop
   vertex -47.161239624023438 52.234779357910156 -42.28533935546875
   vertex -47.260086059570312 52.300559997558594 -42.640678405761719
   vertex -47.260086059570312 52.360767364501953 -42.28533935546875
  endloop
 endfacet
 facet normal 0.77676201134287615 0.60942432669987001 0.15887972734423855
  outer loop
   vertex -47.161239624023438 52.234779357910156 -42.28533935546875
   vertex -47.260086059570312 52.360767364501953 -42.28533935546875
   vertex -47.233921051025391 52.234779357910156 -41.930000305175781
  endloop
 endfacet
 facet normal 0.72333003448180622 0.66585971097982932 0.18282370336038772
  outer loop
   vertex -47.233921051025391 52.234779357910156 -41.930000305175781
   vertex -47.260086059570312 52.360767364501953 -42.28533935546875
   vertex -47.260086059570312 52.263202667236328 -41.930000305175781
  endloop
 endfacet
 facet normal 0.67119780214050029 0.61786951078804075 0.40954948179714362
  outer loop
   vertex -47.233921051025391 52.234779357910156 -41.930000305175781
   vertex -47.260086059570312 52.263202667236328 -41.930000305175781
   vertex -47.260086059570312 52.234779357910156 -41.887119293212891
  endloop
 endfacet
 facet normal 0.50519804601400042 0.71932972524022143 0.47680151078773148
  outer loop
   vertex -47.260086059570312 52.234779357910156 -41.887119293212891
   vertex -47.260086059570312 52.263202667236328 -41.930000305175781
   vertex -47.554981231689453 52.234779357910156 -41.574661254882812
  endloop
 endfacet
 facet normal 0.56331168486896011 0.63247897341788739 0.53164865642108883
  outer loop
   vertex -47.260086059570312 52.234779357910156 -41.887119293212891
   vertex -47.554981231689453 52.234779357910156 -41.574661254882812
   vertex -47.260086059570312 51.972133636474609 -41.574661254882812
  endloop
 endfacet
 facet normal 0.47396596987227196 0.53216277615395546 0.70154047572406808
  outer loop
   vertex -47.260086059570312 51.972133636474609 -41.574661254882812
   vertex -47.554981231689453 52.234779357910156 -41.574661254882812
   vertex -47.615425109863281 52.234779357910156 -41.533824920654297
  endloop
 endfacet
 facet normal 0.49108704884613824 0.56075513228815954 0.66662372600146713
  outer loop
   vertex -47.260086059570312 51.972133636474609 -41.574661254882812
   vertex -47.615425109863281 52.234779357910156 -41.533824920654297
   vertex -47.260086059570312 51.879440307617188 -41.496688842773438
  endloop
 endfacet
 facet normal 0.42731976638843294 0.50564697267333969 0.749479123311665
  outer loop
   vertex -47.260086059570312 51.879440307617188 -41.496688842773438
   vertex -47.615425109863281 52.234779357910156 -41.533824920654297
   vertex -47.615425109863281 51.879440307617188 -41.294090270996094
  endloop
 endfacet
 facet normal 0.39582212677169204 0.60113421174857506 0.69423519316104521
  outer loop
   vertex -47.260086059570312 51.879440307617188 -41.496688842773438
   vertex -47.615425109863281 51.879440307617188 -41.294090270996094
   vertex -47.260086059570312 51.559116363525391 -41.219322204589844
  endloop
 endfacet
 facet normal 0.28543708194230355 0.5065434212788259 0.81359660435095504
  outer loop
   vertex -47.260086059570312 51.559116363525391 -41.219322204589844
   vertex -47.615425109863281 51.879440307617188 -41.294090270996094
   vertex -47.615425109863281 51.759349822998047 -41.219322204589844
  endloop
 endfacet
 facet normal 0.25623170084948654 0.45471485871841633 0.85298283261767349
  outer loop
   vertex -47.260086059570312 51.559116363525391 -41.219322204589844
   vertex -47.615425109863281 51.759349822998047 -41.219322204589844
   vertex -47.615425109863281 51.524101257324219 -41.093914031982422
  endloop
 endfacet
 facet normal 0.051381819736016347 0.46979824811709553 0.88127720648313812
  outer loop
   vertex -47.615425109863281 51.524101257324219 -41.093914031982422
   vertex -47.615425109863281 51.759349822998047 -41.219322204589844
   vertex -47.97076416015625 51.524101257324219 -41.073196411132812
  endloop
 endfacet
 facet normal 0.057977745373339808 0.088274346619802407 0.99440747220154724
  outer loop
   vertex -47.615425109863281 51.524101257324219 -41.093914031982422
   vertex -47.97076416015625 51.524101257324219 -41.073196411132812
   vertex -47.97076416015625 51.16876220703125 -41.041652679443359
  endloop
 endfacet
 facet normal 0 0.088423085235762464 0.99608300758390045
  outer loop
   vertex -47.97076416015625 51.16876220703125 -41.041652679443359
   vertex -47.97076416015625 51.524101257324219 -41.073196411132812
   vertex -48.326103210449219 51.16876220703125 -41.041652679443359
  endloop
 endfacet
 facet normal -0 0 1
  outer loop
   vertex -47.97076416015625 51.16876220703125 -41.041652679443359
   vertex -48.326103210449219 51.16876220703125 -41.041652679443359
   vertex -48.326103210449219 50.813423156738281 -41.041652679443359
  endloop
 endfacet
 facet normal 0.042923366903594898 0 0.99907836758367441
  outer loop
   vertex -48.326103210449219 50.813423156738281 -41.041652679443359
   vertex -48.326103210449219 51.16876220703125 -41.041652679443359
   vertex -48.681442260742188 50.813423156738281 -41.026386260986328
  endloop
 endfacet
 facet normal 0.041877232980140275 0.21943167805935571 0.9747286986756788
  outer loop
   vertex -48.326103210449219 50.813423156738281 -41.041652679443359
   vertex -48.681442260742188 50.813423156738281 -41.026386260986328
   vertex -48.681442260742188 50.458084106445312 -40.946392059326172
  endloop
 endfacet
 facet normal 0.21451179299875706 0.21451179299875706 0.95287427362108823
  outer loop
   vertex -48.681442260742188 50.458084106445312 -40.946392059326172
   vertex -48.681442260742188 50.813423156738281 -41.026386260986328
   vertex -49.036781311035156 50.813423156738281 -40.946392059326172
  endloop
 endfacet
 facet normal 0.38783811080231245 0.38783811080231245 0.83615979311288724
  outer loop
   vertex -48.681442260742188 50.458084106445312 -40.946392059326172
   vertex -49.036781311035156 50.813423156738281 -40.946392059326172
   vertex -48.859111785888672 50.458084106445312 -40.863983154296875
  endloop
 endfacet
 facet normal 0.38783811080231245 0.38783811080231245 0.83615979311288724
  outer loop
   vertex -48.859111785888672 50.458084106445312 -40.863983154296875
   vertex -49.036781311035156 50.813423156738281 -40.946392059326172
   vertex -49.036781311035156 50.635753631591797 -40.863983154296875
  endloop
 endfacet
 facet normal 0.38785066259930107 0.38785066259930107 0.83614814897993184
  outer loop
   vertex -48.859111785888672 50.458084106445312 -40.863983154296875
   vertex -49.036781311035156 50.635753631591797 -40.863983154296875
   vertex -49.036781311035156 50.458084106445312 -40.781570434570312
  endloop
 endfacet
 facet normal 0.41674129170192165 0.38250786472345472 0.82462987407400956
  outer loop
   vertex -49.036781311035156 50.458084106445312 -40.781570434570312
   vertex -49.036781311035156 50.635753631591797 -40.863983154296875
   vertex -49.392120361328125 50.813423156738281 -40.766819000244141
  endloop
 endfacet
 facet normal 0.33343493385538331 0.29627984959123421 0.89500804220467844
  outer loop
   vertex -49.036781311035156 50.458084106445312 -40.781570434570312
   vertex -49.392120361328125 50.813423156738281 -40.766819000244141
   vertex -49.392120361328125 50.458084106445312 -40.649188995361328
  endloop
 endfacet
 facet normal 0.29980792734028844 0.29980792734028844 0.90566572939900991
  outer loop
   vertex -49.392120361328125 50.458084106445312 -40.649188995361328
   vertex -49.392120361328125 50.813423156738281 -40.766819000244141
   vertex -49.747459411621094 50.813423156738281 -40.649188995361328
  endloop
 endfacet
 facet normal 0.40076313950107317 0.40076313950107317 0.82387973153518401
  outer loop
   vertex -49.392120361328125 50.458084106445312 -40.649188995361328
   vertex -49.747459411621094 50.813423156738281 -40.649188995361328
   vertex -49.681049346923828 50.458084106445312 -40.508644104003906
  endloop
 endfacet
 facet normal 0.40076313950107317 0.40076313950107317 0.8238797315351839
  outer loop
   vertex -49.681049346923828 50.458084106445312 -40.508644104003906
   vertex -49.747459411621094 50.813423156738281 -40.649188995361328
   vertex -49.747459411621094 50.524494171142578 -40.508644104003906
  endloop
 endfacet
 facet normal 0.43342950196536839 0.43342950196536839 0.79011248164556003
  outer loop
   vertex -49.681049346923828 50.458084106445312 -40.508644104003906
   vertex -49.747459411621094 50.524494171142578 -40.508644104003906
   vertex -49.747459411621094 50.458084106445312 -40.472213745117188
  endloop
 endfacet
 facet normal 0.17048216111459746 0.47391296044661391 0.8639110710382305
  outer loop
   vertex -49.747459411621094 50.458084106445312 -40.472213745117188
   vertex -49.747459411621094 50.524494171142578 -40.508644104003906
   vertex -50.102798461914062 50.458084106445312 -40.402091979980469
  endloop
 endfacet
 facet normal 0.18997637048597832 0.19267378277500238 0.96269714453100219
  outer loop
   vertex -49.747459411621094 50.458084106445312 -40.472213745117188
   vertex -50.102798461914062 50.458084106445312 -40.402091979980469
   vertex -50.102798461914062 50.102745056152344 -40.330974578857422
  endloop
 endfacet
 facet normal 0 0.19624771608187738 0.98055435032059635
  outer loop
   vertex -50.102798461914062 50.102745056152344 -40.330974578857422
   vertex -50.102798461914062 50.458084106445312 -40.402091979980469
   vertex -50.458137512207031 50.102745056152344 -40.330974578857422
  endloop
 endfacet
 facet normal -0 0 1
  outer loop
   vertex -50.102798461914062 50.102745056152344 -40.330974578857422
   vertex -50.458137512207031 50.102745056152344 -40.330974578857422
   vertex -50.458137512207031 49.747406005859375 -40.330974578857422
  endloop
 endfacet
 facet normal 0 0 1
  outer loop
   vertex -50.458137512207031 49.747406005859375 -40.330974578857422
   vertex -50.458137512207031 50.102745056152344 -40.330974578857422
   vertex -50.8134765625 49.747406005859375 -40.330974578857422
  endloop
 endfacet
 facet normal -0 0 1
  outer loop
   vertex -50.458137512207031 49.747406005859375 -40.330974578857422
   vertex -50.8134765625 49.747406005859375 -40.330974578857422
   vertex -50.8134765625 49.392066955566406 -40.330974578857422
  endloop
 endfacet
 facet normal 0 0 1
  outer loop
   vertex -50.8134765625 49.392066955566406 -40.330974578857422
   vertex -50.8134765625 49.747406005859375 -40.330974578857422
   vertex -51.168815612792969 49.392066955566406 -40.330974578857422
  endloop
 endfacet
 facet normal 0 -0.19624771608187738 0.98055435032059635
  outer loop
   vertex -50.8134765625 49.392066955566406 -40.330974578857422
   vertex -51.168815612792969 49.392066955566406 -40.330974578857422
   vertex -51.168815612792969 49.036727905273438 -40.402091979980469
  endloop
 endfacet
 facet normal -0.12658757440619814 -0.1946689886706881 0.97266621759773619
  outer loop
   vertex -51.168815612792969 49.036727905273438 -40.402091979980469
   vertex -51.168815612792969 49.392066955566406 -40.330974578857422
   vertex -51.524154663085938 49.036727905273438 -40.448337554931641
  endloop
 endfacet
 facet normal -0.10590576426516207 -0.57148122131376877 0.81375253165881778
  outer loop
   vertex -51.168815612792969 49.036727905273438 -40.402091979980469
   vertex -51.524154663085938 49.036727905273438 -40.448337554931641
   vertex -51.524154663085938 48.950855255126953 -40.508644104003906
  endloop
 endfacet
 facet normal -0.31850247488411348 -0.54478340779787238 0.77573656100562371
  outer loop
   vertex -51.524154663085938 48.950855255126953 -40.508644104003906
   vertex -51.524154663085938 49.036727905273438 -40.448337554931641
   vertex -51.671035766601562 49.036727905273438 -40.508644104003906
  endloop
 endfacet
 facet normal -0.32601550805493157 -0.55763409542655085 0.76338594703170781
  outer loop
   vertex -51.524154663085938 48.950855255126953 -40.508644104003906
   vertex -51.671035766601562 49.036727905273438 -40.508644104003906
   vertex -51.524154663085938 48.681388854980469 -40.705482482910156
  endloop
 endfacet
 facet normal -0.30584380032323127 -0.55496138029298947 0.77361323423733086
  outer loop
   vertex -51.524154663085938 48.681388854980469 -40.705482482910156
   vertex -51.671035766601562 49.036727905273438 -40.508644104003906
   vertex -51.879493713378906 49.036727905273438 -40.591056823730469
  endloop
 endfacet
 facet normal -0.095229340033244805 -0.39013944571538511 0.91581798720800667
  outer loop
   vertex -51.524154663085938 48.681388854980469 -40.705482482910156
   vertex -51.879493713378906 49.036727905273438 -40.591056823730469
   vertex -51.879493713378906 48.681388854980469 -40.742431640625
  endloop
 endfacet
 facet normal -0.15661106799395816 -0.38708442230683576 0.90864658882822824
  outer loop
   vertex -51.879493713378906 48.681388854980469 -40.742431640625
   vertex -51.879493713378906 49.036727905273438 -40.591056823730469
   vertex -52.234832763671875 48.681388854980469 -40.803676605224609
  endloop
 endfacet
 facet normal -0.13966623301721101 -0.56908033778645861 0.81033382781396479
  outer loop
   vertex -51.879493713378906 48.681388854980469 -40.742431640625
   vertex -52.234832763671875 48.681388854980469 -40.803676605224609
   vertex -52.234832763671875 48.595516204833984 -40.863983154296875
  endloop
 endfacet
 facet normal -0.29124003277020477 -0.54979949502921333 0.78287914685322424
  outer loop
   vertex -52.234832763671875 48.595516204833984 -40.863983154296875
   vertex -52.234832763671875 48.681388854980469 -40.803676605224609
   vertex -52.396942138671875 48.681388854980469 -40.863983154296875
  endloop
 endfacet
 facet normal -0.3181555500839009 -0.60061029080740325 0.7335150472396984
  outer loop
   vertex -52.234832763671875 48.595516204833984 -40.863983154296875
   vertex -52.396942138671875 48.681388854980469 -40.863983154296875
   vertex -52.234832763671875 48.3260498046875 -41.084625244140625
  endloop
 endfacet
 facet normal -0.28956264524589248 -0.59677256468819817 0.74834215470844068
  outer loop
   vertex -52.234832763671875 48.3260498046875 -41.084625244140625
   vertex -52.396942138671875 48.681388854980469 -40.863983154296875
   vertex -52.590171813964844 48.681388854980469 -40.938751220703125
  endloop
 endfacet
 facet normal -0.23696857920764824 -0.56222624140795219 0.7923052100930521
  outer loop
   vertex -52.234832763671875 48.3260498046875 -41.084625244140625
   vertex -52.590171813964844 48.681388854980469 -40.938751220703125
   vertex -52.590171813964844 48.3260498046875 -41.190902709960938
  endloop
 endfacet
 facet normal -0.24244035719717924 -0.56144440355721359 0.79120342195695081
  outer loop
   vertex -52.590171813964844 48.3260498046875 -41.190902709960938
   vertex -52.590171813964844 48.681388854980469 -40.938751220703125
   vertex -52.945510864257812 48.681388854980469 -41.047634124755859
  endloop
 endfacet
 facet normal -0.33366012654887811 -0.61997960133137386 0.71013816534838992
  outer loop
   vertex -52.590171813964844 48.3260498046875 -41.190902709960938
   vertex -52.945510864257812 48.681388854980469 -41.047634124755859
   vertex -52.945510864257812 48.484733581542969 -41.219322204589844
  endloop
 endfacet
 facet normal -0.27709956481007836 -0.63191481533671512 0.7238090199355286
  outer loop
   vertex -52.945510864257812 48.484733581542969 -41.219322204589844
   vertex -52.945510864257812 48.681388854980469 -41.047634124755859
   vertex -53.300849914550781 48.640552520751953 -41.219322204589844
  endloop
 endfacet
 facet normal -0.35037192908558218 -0.79900960154532719 0.48869537336384244
  outer loop
   vertex -52.945510864257812 48.484733581542969 -41.219322204589844
   vertex -53.300849914550781 48.640552520751953 -41.219322204589844
   vertex -53.300849914550781 48.4232177734375 -41.574661254882812
  endloop
 endfacet
 facet normal -0.37730022778747668 -0.7900354317853584 0.48320653413963738
  outer loop
   vertex -53.300849914550781 48.4232177734375 -41.574661254882812
   vertex -53.300849914550781 48.640552520751953 -41.219322204589844
   vertex -53.65618896484375 48.592918395996094 -41.574661254882812
  endloop
 endfacet
 facet normal -0.41035305852526333 -0.85924532216041627 0.30546332628386674
  outer loop
   vertex -53.300849914550781 48.4232177734375 -41.574661254882812
   vertex -53.65618896484375 48.592918395996094 -41.574661254882812
   vertex -53.65618896484375 48.466594696044922 -41.930000305175781
  endloop
 endfacet
 facet normal -0.39965305958738467 -0.86371125471126364 0.30705097369579704
  outer loop
   vertex -53.65618896484375 48.466594696044922 -41.930000305175781
   vertex -53.65618896484375 48.592918395996094 -41.574661254882812
   vertex -54.011528015136719 48.631015777587891 -41.930000305175781
  endloop
 endfacet
 facet normal -0.41316720082239355 -0.89291737637710455 0.17886146350853885
  outer loop
   vertex -53.65618896484375 48.466594696044922 -41.930000305175781
   vertex -54.011528015136719 48.631015777587891 -41.930000305175781
   vertex -54.011528015136719 48.559837341308594 -42.28533935546875
  endloop
 endfacet
 facet normal -0.60046119404035947 -0.78407818014675634 0.15705973981061006
  outer loop
   vertex -54.011528015136719 48.559837341308594 -42.28533935546875
   vertex -54.011528015136719 48.631015777587891 -41.930000305175781
   vertex -54.077304840087891 48.681388854980469 -41.930000305175781
  endloop
 endfacet
 facet normal -0.60937674479083126 -0.77791921440674883 0.15330257259719099
  outer loop
   vertex -54.011528015136719 48.559837341308594 -42.28533935546875
   vertex -54.077304840087891 48.681388854980469 -41.930000305175781
   vertex -54.166698455810547 48.681388854980469 -42.28533935546875
  endloop
 endfacet
 facet normal -0.70971265658054494 -0.68149090928431966 0.17854435205913569
  outer loop
   vertex -54.166698455810547 48.681388854980469 -42.28533935546875
   vertex -54.077304840087891 48.681388854980469 -41.930000305175781
   vertex -54.366867065429688 48.889846801757812 -42.28533935546875
  endloop
 endfacet
 facet normal -0.71625608679872033 -0.68777413978313595 -0.11808450689803214
  outer loop
   vertex -54.166698455810547 48.681388854980469 -42.28533935546875
   vertex -54.366867065429688 48.889846801757812 -42.28533935546875
   vertex -54.366867065429688 48.950855255126953 -42.640678405761719
  endloop
 endfacet
 facet normal -0.80536210851964607 -0.584234739641875 -0.10030774225542144
  outer loop
   vertex -54.366867065429688 48.950855255126953 -42.640678405761719
   vertex -54.366867065429688 48.889846801757812 -42.28533935546875
   vertex -54.473419189453125 49.036727905273438 -42.28533935546875
  endloop
 endfacet
 facet normal -0.81375253165881778 -0.57148122131376877 -0.10590576426516207
  outer loop
   vertex -54.366867065429688 48.950855255126953 -42.640678405761719
   vertex -54.473419189453125 49.036727905273438 -42.28533935546875
   vertex -54.427173614501953 49.036727905273438 -42.640678405761719
  endloop
 endfacet
 facet normal -0.9106178071742369 -0.39589145826231958 -0.11851228852789343
  outer loop
   vertex -54.427173614501953 49.036727905273438 -42.640678405761719
   vertex -54.473419189453125 49.036727905273438 -42.28533935546875
   vertex -54.581657409667969 49.392066955566406 -42.640678405761719
  endloop
 endfacet
 facet normal -0.87753552375561161 -0.38150892222792271 -0.29048639694046463
  outer loop
   vertex -54.427173614501953 49.036727905273438 -42.640678405761719
   vertex -54.581657409667969 49.392066955566406 -42.640678405761719
   vertex -54.464031219482422 49.392066955566406 -42.996017456054688
  endloop
 endfacet
 facet normal -0.90567100926467115 -0.29979995244955593 -0.29979995244955593
  outer loop
   vertex -54.464031219482422 49.392066955566406 -42.996017456054688
   vertex -54.581657409667969 49.392066955566406 -42.640678405761719
   vertex -54.581657409667969 49.747406005859375 -42.996017456054688
  endloop
 endfacet
 facet normal -0.89501059001999539 -0.29627108473716113 -0.33343588304309074
  outer loop
   vertex -54.464031219482422 49.392066955566406 -42.996017456054688
   vertex -54.581657409667969 49.747406005859375 -42.996017456054688
   vertex -54.449275970458984 49.747406005859375 -43.351356506347656
  endloop
 endfacet
 facet normal 0.25463439113090947 0.76918641931617515 0.58610031495721993
  outer loop
   vertex -48.681442260742188 52.945457458496094 -42.514530181884766
   vertex -48.326103210449219 52.923946380615234 -42.640678405761719
   vertex -48.391082763671875 52.945457458496094 -42.640678405761719
  endloop
 endfacet
 facet normal -0.32601550805493157 0.76338594703170781 0.55763409542655085
  outer loop
   vertex -49.036781311035156 52.945457458496094 -42.554805755615234
   vertex -49.183662414550781 52.945457458496094 -42.640678405761719
   vertex -49.036781311035156 52.748619079589844 -42.28533935546875
  endloop
 endfacet
 facet normal -0.30583196085983383 0.77361909610454482 0.55495973354741335
  outer loop
   vertex -49.036781311035156 52.748619079589844 -42.28533935546875
   vertex -49.183662414550781 52.945457458496094 -42.640678405761719
   vertex -49.392120361328125 52.863048553466797 -42.640678405761719
  endloop
 endfacet
 facet normal 0.37761052141176582 0.91445262107125924 -0.14555651113927601
  outer loop
   vertex -47.615425109863281 52.640491485595703 -42.640678405761719
   vertex -47.97076416015625 52.730663299560547 -42.996017456054688
   vertex -47.97076416015625 52.787223815917969 -42.640678405761719
  endloop
 endfacet
 facet normal 0.34529839006447016 0.92682529490852339 -0.14752591140750057
  outer loop
   vertex -47.97076416015625 52.787223815917969 -42.640678405761719
   vertex -47.97076416015625 52.730663299560547 -42.996017456054688
   vertex -48.326103210449219 52.863048553466797 -42.996017456054688
  endloop
 endfacet
 facet normal 0.34160010309624528 0.91689861697254638 -0.20641292536676648
  outer loop
   vertex -48.326103210449219 52.863048553466797 -42.996017456054688
   vertex -47.97076416015625 52.730663299560547 -42.996017456054688
   vertex -48.326103210449219 52.783054351806641 -43.351356506347656
  endloop
 endfacet
 facet normal 0.23520847630235001 0.96752791201430355 -0.092556534878791827
  outer loop
   vertex -48.326103210449219 52.783054351806641 -43.351356506347656
   vertex -47.97076416015625 52.730663299560547 -42.996017456054688
   vertex -47.97076416015625 52.696670532226562 -43.351356506347656
  endloop
 endfacet
 facet normal 0.23540337237124409 0.96832961520783334 -0.083204618788228643
  outer loop
   vertex -48.326103210449219 52.783054351806641 -43.351356506347656
   vertex -47.97076416015625 52.696670532226562 -43.351356506347656
   vertex -48.326103210449219 52.752521514892578 -43.706695556640625
  endloop
 endfacet
 facet normal 0.29732546033316937 0.94306274278244095 -0.14909806777194856
  outer loop
   vertex -48.326103210449219 52.752521514892578 -43.706695556640625
   vertex -47.97076416015625 52.696670532226562 -43.351356506347656
   vertex -47.97076416015625 52.640491485595703 -43.706695556640625
  endloop
 endfacet
 facet normal 0.28795088902289351 0.91332829312457542 -0.28795088902289351
  outer loop
   vertex -48.326103210449219 52.752521514892578 -43.706695556640625
   vertex -47.97076416015625 52.640491485595703 -43.706695556640625
   vertex -48.326103210449219 52.640491485595703 -44.062034606933594
  endloop
 endfacet
 facet normal 0.44447644119222074 0.77774120789000012 -0.44447644119222074
  outer loop
   vertex -48.326103210449219 52.640491485595703 -44.062034606933594
   vertex -47.97076416015625 52.640491485595703 -43.706695556640625
   vertex -47.97076416015625 52.590118408203125 -43.794837951660156
  endloop
 endfacet
 facet normal 0.44447644119222085 0.77774120789000034 -0.44447644119222085
  outer loop
   vertex -48.326103210449219 52.640491485595703 -44.062034606933594
   vertex -47.97076416015625 52.590118408203125 -43.794837951660156
   vertex -48.237960815429688 52.590118408203125 -44.062034606933594
  endloop
 endfacet
 facet normal 0.51759777248522276 0.6813113031769481 -0.51759777248522276
  outer loop
   vertex -48.237960815429688 52.590118408203125 -44.062034606933594
   vertex -47.97076416015625 52.590118408203125 -43.794837951660156
   vertex -47.97076416015625 52.387126922607422 -44.062034606933594
  endloop
 endfacet
 facet normal 0.46992962196565263 0.61856596021577759 -0.6297160497093528
  outer loop
   vertex -48.237960815429688 52.590118408203125 -44.062034606933594
   vertex -47.97076416015625 52.387126922607422 -44.062034606933594
   vertex -48.326103210449219 52.590118408203125 -44.127811431884766
  endloop
 endfacet
 facet normal 0.45159230378024912 0.56739595443332047 -0.68856824066983258
  outer loop
   vertex -48.326103210449219 52.590118408203125 -44.127811431884766
   vertex -47.97076416015625 52.387126922607422 -44.062034606933594
   vertex -47.97076416015625 52.234779357910156 -44.187572479248047
  endloop
 endfacet
 facet normal 0.4791046521633569 0.58861466773243121 -0.65114630092297121
  outer loop
   vertex -48.326103210449219 52.590118408203125 -44.127811431884766
   vertex -47.97076416015625 52.234779357910156 -44.187572479248047
   vertex -48.326103210449219 52.269794464111328 -44.417373657226562
  endloop
 endfacet
 facet normal 0.49837276508091505 0.52383706694636334 -0.69081062116808434
  outer loop
   vertex -48.326103210449219 52.269794464111328 -44.417373657226562
   vertex -47.97076416015625 52.234779357910156 -44.187572479248047
   vertex -48.289299011230469 52.234779357910156 -44.417373657226562
  endloop
 endfacet
 facet normal 0.48621063313809343 0.51105351220354345 -0.7088184026165496
  outer loop
   vertex -48.326103210449219 52.269794464111328 -44.417373657226562
   vertex -48.289299011230469 52.234779357910156 -44.417373657226562
   vertex -48.326103210449219 52.234779357910156 -44.442619323730469
  endloop
 endfacet
 facet normal 0.50319216506540554 0.45679936709533814 -0.73357479730296649
  outer loop
   vertex -48.326103210449219 52.234779357910156 -44.442619323730469
   vertex -48.289299011230469 52.234779357910156 -44.417373657226562
   vertex -47.97076416015625 51.879440307617188 -44.420146942138672
  endloop
 endfacet
 facet normal 0.44131793293036403 0.39021412653222015 -0.80806646850909936
  outer loop
   vertex -48.326103210449219 52.234779357910156 -44.442619323730469
   vertex -47.97076416015625 51.879440307617188 -44.420146942138672
   vertex -48.326103210449219 51.879440307617188 -44.614212036132812
  endloop
 endfacet
 facet normal 0.40031009395141959 0.54999302676334172 -0.73297987638973006
  outer loop
   vertex -48.326103210449219 51.879440307617188 -44.614212036132812
   vertex -47.97076416015625 51.879440307617188 -44.420146942138672
   vertex -48.326103210449219 51.668205261230469 -44.772712707519531
  endloop
 endfacet
 facet normal 0.05660246448721841 0.59921804375319865 -0.79858242971816185
  outer loop
   vertex -48.326103210449219 51.879440307617188 -44.614212036132812
   vertex -48.326103210449219 51.668205261230469 -44.772712707519531
   vertex -48.681442260742188 51.701770782470703 -44.772712707519531
  endloop
 endfacet
 facet normal 0.053355868571797353 0.5648481824597027 -0.8234680819928113
  outer loop
   vertex -48.681442260742188 51.701770782470703 -44.772712707519531
   vertex -48.326103210449219 51.668205261230469 -44.772712707519531
   vertex -48.326103210449219 51.524101257324219 -44.871559143066406
  endloop
 endfacet
 facet normal 0.018594197488269976 0.51423081608154153 -0.85745024556056837
  outer loop
   vertex -48.681442260742188 51.701770782470703 -44.772712707519531
   vertex -48.326103210449219 51.524101257324219 -44.871559143066406
   vertex -48.681442260742188 51.524101257324219 -44.879264831542969
  endloop
 endfacet
 facet normal 0.021417538759341749 0.15523474503738741 -0.9876454135805367
  outer loop
   vertex -48.681442260742188 51.524101257324219 -44.879264831542969
   vertex -48.326103210449219 51.524101257324219 -44.871559143066406
   vertex -48.681442260742188 51.16876220703125 -44.935115814208984
  endloop
 endfacet
 facet normal 0.042403734653692474 0.15513070441397089 -0.98698347900835925
  outer loop
   vertex -48.681442260742188 51.524101257324219 -44.879264831542969
   vertex -48.681442260742188 51.16876220703125 -44.935115814208984
   vertex -49.036781311035156 51.16876220703125 -44.950382232666016
  endloop
 endfacet
 facet normal 0.04209018747622275 -0.19607380437761637 -0.97968539815346056
  outer loop
   vertex -49.036781311035156 51.16876220703125 -44.950382232666016
   vertex -48.681442260742188 51.16876220703125 -44.935115814208984
   vertex -49.036781311035156 50.813423156738281 -44.879264831542969
  endloop
 endfacet
 facet normal 0.051962771103372336 -0.19598258986044315 -0.97922964359278442
  outer loop
   vertex -49.036781311035156 51.16876220703125 -44.950382232666016
   vertex -49.036781311035156 50.813423156738281 -44.879264831542969
   vertex -49.392120361328125 50.813423156738281 -44.898120880126953
  endloop
 endfacet
 facet normal 0.045461370099243587 -0.51378797880318505 -0.8567118399240421
  outer loop
   vertex -49.392120361328125 50.813423156738281 -44.898120880126953
   vertex -49.036781311035156 50.813423156738281 -44.879264831542969
   vertex -49.036781311035156 50.635753631591797 -44.772712707519531
  endloop
 endfacet
 facet normal 0.12042741812339054 -0.40035024975709599 -0.9084145058746943
  outer loop
   vertex -49.392120361328125 50.813423156738281 -44.898120880126953
   vertex -49.036781311035156 50.635753631591797 -44.772712707519531
   vertex -49.392120361328125 50.528865814208984 -44.772712707519531
  endloop
 endfacet
 facet normal 0.13637129045513952 -0.45335423647024431 -0.88083642489061598
  outer loop
   vertex -49.392120361328125 50.528865814208984 -44.772712707519531
   vertex -49.036781311035156 50.635753631591797 -44.772712707519531
   vertex -49.392120361328125 50.458084106445312 -44.736282348632812
  endloop
 endfacet
 facet normal 0.48431952000739742 -0.40037602357280894 -0.77790336307785024
  outer loop
   vertex -49.392120361328125 50.528865814208984 -44.772712707519531
   vertex -49.392120361328125 50.458084106445312 -44.736282348632812
   vertex -49.450634002685547 50.458084106445312 -44.772712707519531
  endloop
 endfacet
 facet normal 0.52126683956979747 -0.16522040276514632 -0.83724733530482975
  outer loop
   vertex -49.450634002685547 50.458084106445312 -44.772712707519531
   vertex -49.392120361328125 50.458084106445312 -44.736282348632812
   vertex -49.392120361328125 50.102745056152344 -44.666160583496094
  endloop
 endfacet
 facet normal 0.58103402582110009 -0.14449439836978833 -0.80094995454015605
  outer loop
   vertex -49.450634002685547 50.458084106445312 -44.772712707519531
   vertex -49.392120361328125 50.102745056152344 -44.666160583496094
   vertex -49.53900146484375 50.102745056152344 -44.772712707519531
  endloop
 endfacet
 facet normal 0.58665535582849482 -0.042913566167907299 -0.80869890522770882
  outer loop
   vertex -49.53900146484375 50.102745056152344 -44.772712707519531
   vertex -49.392120361328125 50.102745056152344 -44.666160583496094
   vertex -49.392120361328125 49.747406005859375 -44.647304534912109
  endloop
 endfacet
 facet normal 0.52859186494750054 -0.079768286050102152 -0.84511990915606316
  outer loop
   vertex -49.53900146484375 50.102745056152344 -44.772712707519531
   vertex -49.392120361328125 49.747406005859375 -44.647304534912109
   vertex -49.592624664306641 49.747406005859375 -44.772712707519531
  endloop
 endfacet
 facet normal 0.50881996120294326 -0.28161403074573371 -0.81350831880723651
  outer loop
   vertex -49.592624664306641 49.747406005859375 -44.772712707519531
   vertex -49.392120361328125 49.747406005859375 -44.647304534912109
   vertex -49.747459411621094 49.392066955566406 -44.746547698974609
  endloop
 endfacet
 facet normal 0.58628320376685983 -0.31055985589158985 -0.74821426135129354
  outer loop
   vertex -49.592624664306641 49.747406005859375 -44.772712707519531
   vertex -49.747459411621094 49.392066955566406 -44.746547698974609
   vertex -49.747459411621094 49.455104827880859 -44.772712707519531
  endloop
 endfacet
 facet normal 0.64779528557009503 -0.29204689122524707 -0.70361202471165007
  outer loop
   vertex -49.747459411621094 49.455104827880859 -44.772712707519531
   vertex -49.747459411621094 49.392066955566406 -44.746547698974609
   vertex -49.77587890625 49.392066955566406 -44.772712707519531
  endloop
 endfacet
 facet normal 0.66873433754938316 -0.30148688742770979 -0.67963228476253168
  outer loop
   vertex -49.747459411621094 49.455104827880859 -44.772712707519531
   vertex -49.77587890625 49.392066955566406 -44.772712707519531
   vertex -49.976810455322266 49.747406005859375 -45.1280517578125
  endloop
 endfacet
 facet normal 0.74930744152512874 -0.20574381569391539 -0.62945042726077649
  outer loop
   vertex -49.976810455322266 49.747406005859375 -45.1280517578125
   vertex -49.77587890625 49.392066955566406 -44.772712707519531
   vertex -50.074378967285156 49.392066955566406 -45.1280517578125
  endloop
 endfacet
 facet normal 0.66585480466926428 -0.18282950444472112 -0.72333308468737512
  outer loop
   vertex -49.976810455322266 49.747406005859375 -45.1280517578125
   vertex -50.074378967285156 49.392066955566406 -45.1280517578125
   vertex -50.102798461914062 49.392066955566406 -45.154212951660156
  endloop
 endfacet
 facet normal 0.66681374609895494 -0.17504448232689268 -0.72437480437987956
  outer loop
   vertex -50.102798461914062 49.392066955566406 -45.154212951660156
   vertex -50.074378967285156 49.392066955566406 -45.1280517578125
   vertex -50.102798461914062 49.283805847167969 -45.1280517578125
  endloop
 endfacet
 facet normal 0.45175862831295144 -0.20955327944949398 -0.86718023779186926
  outer loop
   vertex -50.102798461914062 49.392066955566406 -45.154212951660156
   vertex -50.102798461914062 49.283805847167969 -45.1280517578125
   vertex -50.458137512207031 49.036727905273438 -45.253459930419922
  endloop
 endfacet
 facet normal 0.43144137273892946 -0.17087796101392247 -0.8858098353082744
  outer loop
   vertex -50.458137512207031 49.036727905273438 -45.253459930419922
   vertex -50.102798461914062 49.283805847167969 -45.1280517578125
   vertex -50.200656890869141 49.036727905273438 -45.1280517578125
  endloop
 endfacet
 facet normal 0.42719061855376067 -0.21962370250712296 -0.87708243895127558
  outer loop
   vertex -50.458137512207031 49.036727905273438 -45.253459930419922
   vertex -50.200656890869141 49.036727905273438 -45.1280517578125
   vertex -50.458137512207031 48.681388854980469 -45.164482116699219
  endloop
 endfacet
 facet normal 0.28852370160595342 -0.11157179018301715 -0.95094995096848056
  outer loop
   vertex -50.458137512207031 48.681388854980469 -45.164482116699219
   vertex -50.200656890869141 49.036727905273438 -45.1280517578125
   vertex -50.338066101074219 48.681388854980469 -45.1280517578125
  endloop
 endfacet
 facet normal 0.24584902794693306 -0.53195463007201937 -0.81029780143012198
  outer loop
   vertex -50.458137512207031 48.681388854980469 -45.164482116699219
   vertex -50.338066101074219 48.681388854980469 -45.1280517578125
   vertex -50.458137512207031 48.625896453857422 -45.1280517578125
  endloop
 endfacet
 facet normal 0.24584183475888105 -0.53193906584660344 -0.810310201409701
  outer loop
   vertex -50.458137512207031 48.625896453857422 -45.1280517578125
   vertex -50.338066101074219 48.681388854980469 -45.1280517578125
   vertex -50.458137512207031 48.3260498046875 -44.93121337890625
  endloop
 endfacet
 facet normal -0.22191261745738627 -0.53509817963725781 -0.81512252352766235
  outer loop
   vertex -50.458137512207031 48.625896453857422 -45.1280517578125
   vertex -50.458137512207031 48.3260498046875 -44.93121337890625
   vertex -50.8134765625 48.681388854980469 -45.067741394042969
  endloop
 endfacet
 facet normal -0.046291700847106543 -0.39827384941688415 -0.9160977127486668
  outer loop
   vertex -50.8134765625 48.681388854980469 -45.067741394042969
   vertex -50.458137512207031 48.3260498046875 -44.93121337890625
   vertex -50.8134765625 48.3260498046875 -44.913257598876953
  endloop
 endfacet
 facet normal 0.056323473725916826 -0.39806836221264458 -0.91562505716739129
  outer loop
   vertex -50.8134765625 48.681388854980469 -45.067741394042969
   vertex -50.8134765625 48.3260498046875 -44.913257598876953
   vertex -51.168815612792969 48.3260498046875 -44.935115814208984
  endloop
 endfacet
 facet normal 0.058566321863875788 -0.30017028629987857 -0.95208601773473467
  outer loop
   vertex -51.168815612792969 48.3260498046875 -44.935115814208984
   vertex -50.8134765625 48.3260498046875 -44.913257598876953
   vertex -51.168815612792969 47.970710754394531 -44.823085784912109
  endloop
 endfacet
 facet normal 0.14909806777194856 -0.29732546033316937 -0.94306274278244095
  outer loop
   vertex -51.168815612792969 48.3260498046875 -44.935115814208984
   vertex -51.168815612792969 47.970710754394531 -44.823085784912109
   vertex -51.524154663085938 47.970710754394531 -44.879264831542969
  endloop
 endfacet
 facet normal 0.12454317682516491 -0.60327327873313208 -0.78775018138549002
  outer loop
   vertex -51.524154663085938 47.970710754394531 -44.879264831542969
   vertex -51.168815612792969 47.970710754394531 -44.823085784912109
   vertex -51.168815612792969 47.904933929443359 -44.772712707519531
  endloop
 endfacet
 facet normal 0.1328367454558686 -0.5819925139557951 -0.80227122144328855
  outer loop
   vertex -51.524154663085938 47.970710754394531 -44.879264831542969
   vertex -51.168815612792969 47.904933929443359 -44.772712707519531
   vertex -51.524154663085938 47.823829650878906 -44.772712707519531
  endloop
 endfacet
 facet normal 0.1524619902416644 -0.66797584267019605 -0.72839797853961119
  outer loop
   vertex -51.524154663085938 47.823829650878906 -44.772712707519531
   vertex -51.168815612792969 47.904933929443359 -44.772712707519531
   vertex -51.524154663085938 47.615371704101562 -44.581546783447266
  endloop
 endfacet
 facet normal -0.17599935584989199 -0.66532704356782668 -0.72550958080353312
  outer loop
   vertex -51.524154663085938 47.823829650878906 -44.772712707519531
   vertex -51.524154663085938 47.615371704101562 -44.581546783447266
   vertex -51.879493713378906 47.615371704101562 -44.495346069335938
  endloop
 endfacet
 facet normal -0.15599965308504388 -0.74975324420844569 -0.64306623378642458
  outer loop
   vertex -51.879493713378906 47.615371704101562 -44.495346069335938
   vertex -51.524154663085938 47.615371704101562 -44.581546783447266
   vertex -51.524154663085938 47.474559783935547 -44.417373657226562
  endloop
 endfacet
 facet normal -0.1619466614351194 -0.7583236069311502 -0.63144167269903018
  outer loop
   vertex -51.879493713378906 47.615371704101562 -44.495346069335938
   vertex -51.524154663085938 47.474559783935547 -44.417373657226562
   vertex -51.879493713378906 47.550445556640625 -44.417373657226562
  endloop
 endfacet
 facet normal -0.17960076414588527 -0.84098985473227827 -0.51037205032759736
  outer loop
   vertex -51.879493713378906 47.550445556640625 -44.417373657226562
   vertex -51.524154663085938 47.474559783935547 -44.417373657226562
   vertex -51.879493713378906 47.334800720214844 -44.062034606933594
  endloop
 endfacet
 facet normal -0.34946824714737673 -0.80098834235816407 -0.48609630696196471
  outer loop
   vertex -51.879493713378906 47.550445556640625 -44.417373657226562
   vertex -51.879493713378906 47.334800720214844 -44.062034606933594
   vertex -52.234832763671875 47.489833831787109 -44.062034606933594
  endloop
 endfacet
 facet normal -0.33356431149585775 -0.76453619782582005 -0.55156074217653739
  outer loop
   vertex -52.234832763671875 47.489833831787109 -44.062034606933594
   vertex -51.879493713378906 47.334800720214844 -44.062034606933594
   vertex -52.234832763671875 47.260032653808594 -43.743499755859375
  endloop
 endfacet
 facet normal -0.52383706694636334 -0.69081062116808434 -0.49837276508091505
  outer loop
   vertex -52.234832763671875 47.489833831787109 -44.062034606933594
   vertex -52.234832763671875 47.260032653808594 -43.743499755859375
   vertex -52.269847869873047 47.260032653808594 -43.706695556640625
  endloop
 endfacet
 facet normal -0.51105351220354345 -0.7088184026165496 -0.48621063313809343
  outer loop
   vertex -52.269847869873047 47.260032653808594 -43.706695556640625
   vertex -52.234832763671875 47.260032653808594 -43.743499755859375
   vertex -52.234832763671875 47.234786987304688 -43.706695556640625
  endloop
 endfacet
 facet normal -0.56427996402704406 -0.78264215621097577 -0.26279150960233172
  outer loop
   vertex -52.269847869873047 47.260032653808594 -43.706695556640625
   vertex -52.234832763671875 47.234786987304688 -43.706695556640625
   vertex -52.435333251953125 47.260032653808594 -43.351356506347656
  endloop
 endfacet
 facet normal -0.5157651500313194 -0.82459669309950256 -0.23243623586380718
  outer loop
   vertex -52.435333251953125 47.260032653808594 -43.351356506347656
   vertex -52.234832763671875 47.234786987304688 -43.706695556640625
   vertex -52.234832763671875 47.134624481201172 -43.351356506347656
  endloop
 endfacet
 facet normal -0.51368441943804366 -0.82127005583767521 -0.24828172025137465
  outer loop
   vertex -52.435333251953125 47.260032653808594 -43.351356506347656
   vertex -52.234832763671875 47.134624481201172 -43.351356506347656
   vertex -52.590171813964844 47.260032653808594 -43.031002044677734
  endloop
 endfacet
 facet normal -0.54980172353355705 -0.77742030633712511 -0.3055089721992148
  outer loop
   vertex -52.590171813964844 47.260032653808594 -43.031002044677734
   vertex -52.234832763671875 47.134624481201172 -43.351356506347656
   vertex -52.590171813964844 47.246284484863281 -42.996017456054688
  endloop
 endfacet
 facet normal -0.68129255725796956 -0.68129255725796956 -0.26773289459794158
  outer loop
   vertex -52.590171813964844 47.260032653808594 -43.031002044677734
   vertex -52.590171813964844 47.246284484863281 -42.996017456054688
   vertex -52.603919982910156 47.260032653808594 -42.996017456054688
  endloop
 endfacet
 facet normal -0.70259683627814262 -0.70259683627814262 -0.11276245520513399
  outer loop
   vertex -52.603919982910156 47.260032653808594 -42.996017456054688
   vertex -52.590171813964844 47.246284484863281 -42.996017456054688
   vertex -52.66094970703125 47.260032653808594 -42.640678405761719
  endloop
 endfacet
 facet normal -0.86198169537917102 -0.48769749105280136 -0.13834274123369411
  outer loop
   vertex -52.603919982910156 47.260032653808594 -42.996017456054688
   vertex -52.66094970703125 47.260032653808594 -42.640678405761719
   vertex -52.804965972900391 47.615371704101562 -42.996017456054688
  endloop
 endfacet
 facet normal -0.89083271585517443 -0.44626750244407792 -0.085219649285941584
  outer loop
   vertex -52.804965972900391 47.615371704101562 -42.996017456054688
   vertex -52.66094970703125 47.260032653808594 -42.640678405761719
   vertex -52.838958740234375 47.615371704101562 -42.640678405761719
  endloop
 endfacet
 facet normal -0.82520465336880533 -0.55929019580697004 -0.078941477897685713
  outer loop
   vertex -52.804965972900391 47.615371704101562 -42.996017456054688
   vertex -52.838958740234375 47.615371704101562 -42.640678405761719
   vertex -52.945510864257812 47.822738647460938 -42.996017456054688
  endloop
 endfacet
 facet normal -0.80543123469253008 -0.58428488591917072 -0.099457017188774782
  outer loop
   vertex -52.945510864257812 47.822738647460938 -42.996017456054688
   vertex -52.838958740234375 47.615371704101562 -42.640678405761719
   vertex -52.945510864257812 47.762252807617188 -42.640678405761719
  endloop
 endfacet
 facet normal -0.72980194379580077 -0.67396433579136783 -0.11472225988521663
  outer loop
   vertex -52.945510864257812 47.822738647460938 -42.996017456054688
   vertex -52.945510864257812 47.762252807617188 -42.640678405761719
   vertex -53.138019561767578 47.970710754394531 -42.640678405761719
  endloop
 endfacet
 facet normal -0.72949825675022639 -0.67368388403360124 0.1182468510861156
  outer loop
   vertex -53.138019561767578 47.970710754394531 -42.640678405761719
   vertex -52.945510864257812 47.762252807617188 -42.640678405761719
   vertex -53.080421447753906 47.970710754394531 -42.28533935546875
  endloop
 endfacet
 facet normal -0.6422245264108476 -0.75941475732303809 0.10410035560147492
  outer loop
   vertex -53.138019561767578 47.970710754394531 -42.640678405761719
   vertex -53.080421447753906 47.970710754394531 -42.28533935546875
   vertex -53.300849914550781 48.108413696289062 -42.640678405761719
  endloop
 endfacet
 facet normal -0.62515588940261446 -0.77560940232400799 0.087236282427789927
  outer loop
   vertex -53.300849914550781 48.108413696289062 -42.640678405761719
   vertex -53.080421447753906 47.970710754394531 -42.28533935546875
   vertex -53.300849914550781 48.148380279541016 -42.28533935546875
  endloop
 endfacet
 facet normal -0.51012793043783999 -0.8547092726146629 0.096133001064775347
  outer loop
   vertex -53.300849914550781 48.108413696289062 -42.640678405761719
   vertex -53.300849914550781 48.148380279541016 -42.28533935546875
   vertex -53.65618896484375 48.32049560546875 -42.640678405761719
  endloop
 endfacet
 facet normal -0.54997159000577456 -0.82119644133894987 0.15220924715261219
  outer loop
   vertex -53.65618896484375 48.32049560546875 -42.640678405761719
   vertex -53.300849914550781 48.148380279541016 -42.28533935546875
   vertex -53.566139221191406 48.3260498046875 -42.28533935546875
  endloop
 endfacet
 facet normal -0.5826999615520716 -0.79675714158933042 0.16012124198123742
  outer loop
   vertex -53.65618896484375 48.32049560546875 -42.640678405761719
   vertex -53.566139221191406 48.3260498046875 -42.28533935546875
   vertex -53.65618896484375 48.3260498046875 -42.613040924072266
  endloop
 endfacet
 facet normal -0.55007572487577183 -0.82132116137997901 0.15115636530373633
  outer loop
   vertex -53.65618896484375 48.3260498046875 -42.613040924072266
   vertex -53.566139221191406 48.3260498046875 -42.28533935546875
   vertex -53.65618896484375 48.386360168457031 -42.28533935546875
  endloop
 endfacet
 facet normal -0.53172029061634785 -0.83293142028866185 0.15329312327296132
  outer loop
   vertex -53.65618896484375 48.3260498046875 -42.613040924072266
   vertex -53.65618896484375 48.386360168457031 -42.28533935546875
   vertex -54.011528015136719 48.547801971435547 -42.640678405761719
  endloop
 endfacet
 facet normal -0.43850868494141554 -0.89821189203740126 0.030422528388384336
  outer loop
   vertex -54.011528015136719 48.547801971435547 -42.640678405761719
   vertex -53.65618896484375 48.386360168457031 -42.28533935546875
   vertex -54.011528015136719 48.559837341308594 -42.28533935546875
  endloop
 endfacet
 facet normal -0.61644708475005328 -0.7869450811692793 0.026653910156619175
  outer loop
   vertex -54.011528015136719 48.547801971435547 -42.640678405761719
   vertex -54.011528015136719 48.559837341308594 -42.28533935546875
   vertex -54.166698455810547 48.681388854980469 -42.28533935546875
  endloop
 endfacet
 facet normal 0.31040520692184431 0.84885698755723482 -0.42789066616492527
  outer loop
   vertex -48.681442260742188 52.945457458496094 -43.102569580078125
   vertex -48.534561157226562 52.945457458496094 -42.996017456054688
   vertex -48.681442260742188 52.820049285888672 -43.351356506347656
  endloop
 endfacet
 facet normal 0.33141393763724403 0.83833014100471404 -0.43285953451759979
  outer loop
   vertex -48.681442260742188 52.820049285888672 -43.351356506347656
   vertex -48.534561157226562 52.945457458496094 -42.996017456054688
   vertex -48.326103210449219 52.863048553466797 -42.996017456054688
  endloop
 endfacet
 facet normal 0.10104981363270063 0.97059085789709876 -0.21850016414495071
  outer loop
   vertex -48.681442260742188 52.820049285888672 -43.351356506347656
   vertex -48.326103210449219 52.863048553466797 -42.996017456054688
   vertex -48.326103210449219 52.783054351806641 -43.351356506347656
  endloop
 endfacet
 facet normal 0.065204368260529735 0.88019740632155385 -0.47010734546968608
  outer loop
   vertex -49.036781311035156 52.945457458496094 -43.15185546875
   vertex -48.681442260742188 52.945457458496094 -43.102569580078125
   vertex -49.036781311035156 52.838905334472656 -43.351356506347656
  endloop
 endfacet
 facet normal 0.04733206599139398 0.89196478800290302 -0.4496203870955171
  outer loop
   vertex -49.036781311035156 52.838905334472656 -43.351356506347656
   vertex -48.681442260742188 52.945457458496094 -43.102569580078125
   vertex -48.681442260742188 52.820049285888672 -43.351356506347656
  endloop
 endfacet
 facet normal 0.05196277110337235 0.97922964359278453 -0.19598258986044317
  outer loop
   vertex -49.036781311035156 52.838905334472656 -43.351356506347656
   vertex -48.681442260742188 52.820049285888672 -43.351356506347656
   vertex -49.036781311035156 52.767787933349609 -43.706695556640625
  endloop
 endfacet
 facet normal 0 0.98935688691580492 -0.14550927912771366
  outer loop
   vertex -49.036781311035156 52.767787933349609 -43.706695556640625
   vertex -48.681442260742188 52.820049285888672 -43.351356506347656
   vertex -48.681442260742188 52.767787933349609 -43.706695556640625
  endloop
 endfacet
 facet normal 0 0.98055435032059635 -0.19624771608187738
  outer loop
   vertex -49.036781311035156 52.767787933349609 -43.706695556640625
   vertex -48.681442260742188 52.767787933349609 -43.706695556640625
   vertex -49.036781311035156 52.696670532226562 -44.062034606933594
  endloop
 endfacet
 facet normal 0 0.98055435032059635 -0.19624771608187738
  outer loop
   vertex -49.036781311035156 52.696670532226562 -44.062034606933594
   vertex -48.681442260742188 52.767787933349609 -43.706695556640625
   vertex -48.681442260742188 52.696670532226562 -44.062034606933594
  endloop
 endfacet
 facet normal 0 0.80944457479431142 -0.58719628774035704
  outer loop
   vertex -49.036781311035156 52.696670532226562 -44.062034606933594
   vertex -48.681442260742188 52.696670532226562 -44.062034606933594
   vertex -48.681442260742188 52.590118408203125 -44.208915710449219
  endloop
 endfacet
 facet normal 0.1328367454558686 0.80227122144328855 -0.5819925139557951
  outer loop
   vertex -48.681442260742188 52.590118408203125 -44.208915710449219
   vertex -48.681442260742188 52.696670532226562 -44.062034606933594
   vertex -48.326103210449219 52.590118408203125 -44.127811431884766
  endloop
 endfacet
 facet normal 0.15933163982905374 0.69807357368309852 -0.69807357368309852
  outer loop
   vertex -48.681442260742188 52.590118408203125 -44.208915710449219
   vertex -48.326103210449219 52.590118408203125 -44.127811431884766
   vertex -48.681442260742188 52.381660461425781 -44.417373657226562
  endloop
 endfacet
 facet normal 0.20655855800704628 0.65612718425767647 -0.72583102730053017
  outer loop
   vertex -48.681442260742188 52.381660461425781 -44.417373657226562
   vertex -48.326103210449219 52.590118408203125 -44.127811431884766
   vertex -48.326103210449219 52.269794464111328 -44.417373657226562
  endloop
 endfacet
 facet normal 0.18107141495857282 0.57516802398605482 -0.79774362226775419
  outer loop
   vertex -48.681442260742188 52.381660461425781 -44.417373657226562
   vertex -48.326103210449219 52.269794464111328 -44.417373657226562
   vertex -48.326103210449219 52.234779357910156 -44.442619323730469
  endloop
 endfacet
 facet normal -0.099432556102714814 0.95505698092059021 -0.27924779315462367
  outer loop
   vertex -49.392120361328125 52.923946380615234 -42.996017456054688
   vertex -49.392120361328125 52.820049285888672 -43.351356506347656
   vertex -49.747459411621094 52.783054351806641 -43.351356506347656
  endloop
 endfacet
 facet normal -0.10317583107412813 0.99101141106981183 -0.085153573099331983
  outer loop
   vertex -49.747459411621094 52.783054351806641 -43.351356506347656
   vertex -49.392120361328125 52.820049285888672 -43.351356506347656
   vertex -49.747459411621094 52.752521514892578 -43.706695556640625
  endloop
 endfacet
 facet normal -0.21884678209436836 0.97217691602319678 -0.083535201673104312
  outer loop
   vertex -49.747459411621094 52.783054351806641 -43.351356506347656
   vertex -49.747459411621094 52.752521514892578 -43.706695556640625
   vertex -50.102798461914062 52.672531127929688 -43.706695556640625
  endloop
 endfacet
 facet normal -0.4875650367298161 0.84963797998466728 0.20098666106542251
  outer loop
   vertex -50.102798461914062 52.715526580810547 -42.996017456054688
   vertex -50.458137512207031 52.595672607421875 -43.351356506347656
   vertex -50.458137512207031 52.590118408203125 -43.327877044677734
  endloop
 endfacet
 facet normal -0.5283276571689316 0.82623768913025908 0.19545119015006615
  outer loop
   vertex -50.458137512207031 52.590118408203125 -43.327877044677734
   vertex -50.458137512207031 52.595672607421875 -43.351356506347656
   vertex -50.466823577880859 52.590118408203125 -43.351356506347656
  endloop
 endfacet
 facet normal 0.10246146537498566 0.98414987623014161 -0.1447434600574658
  outer loop
   vertex -48.681442260742188 52.820049285888672 -43.351356506347656
   vertex -48.326103210449219 52.783054351806641 -43.351356506347656
   vertex -48.681442260742188 52.767787933349609 -43.706695556640625
  endloop
 endfacet
 facet normal 0.042766070441230354 0.99541715682174103 -0.085532140882460708
  outer loop
   vertex -48.681442260742188 52.767787933349609 -43.706695556640625
   vertex -48.326103210449219 52.783054351806641 -43.351356506347656
   vertex -48.326103210449219 52.752521514892578 -43.706695556640625
  endloop
 endfacet
 facet normal 0.04209018747622275 0.97968539815346056 -0.19607380437761637
  outer loop
   vertex -48.681442260742188 52.767787933349609 -43.706695556640625
   vertex -48.326103210449219 52.752521514892578 -43.706695556640625
   vertex -48.681442260742188 52.696670532226562 -44.062034606933594
  endloop
 endfacet
 facet normal 0.14909806777194856 0.94306274278244095 -0.29732546033316937
  outer loop
   vertex -48.681442260742188 52.696670532226562 -44.062034606933594
   vertex -48.326103210449219 52.752521514892578 -43.706695556640625
   vertex -48.326103210449219 52.640491485595703 -44.062034606933594
  endloop
 endfacet
 facet normal 0.12454317682516491 0.78775018138549002 -0.60327327873313208
  outer loop
   vertex -48.681442260742188 52.696670532226562 -44.062034606933594
   vertex -48.326103210449219 52.640491485595703 -44.062034606933594
   vertex -48.326103210449219 52.590118408203125 -44.127811431884766
  endloop
 endfacet
 facet normal 0.41318679969843441 0.72299085148292508 -0.55367941737702409
  outer loop
   vertex -48.326103210449219 52.590118408203125 -44.127811431884766
   vertex -48.326103210449219 52.640491485595703 -44.062034606933594
   vertex -48.237960815429688 52.590118408203125 -44.062034606933594
  endloop
 endfacet
 facet normal 0 0.98055435032059635 -0.19624771608187738
  outer loop
   vertex -49.036781311035156 52.838905334472656 -43.351356506347656
   vertex -49.036781311035156 52.767787933349609 -43.706695556640625
   vertex -49.392120361328125 52.767787933349609 -43.706695556640625
  endloop
 endfacet
 facet normal 0 0.98055435032059635 -0.19624771608187738
  outer loop
   vertex -49.392120361328125 52.767787933349609 -43.706695556640625
   vertex -49.036781311035156 52.767787933349609 -43.706695556640625
   vertex -49.392120361328125 52.696670532226562 -44.062034606933594
  endloop
 endfacet
 facet normal -0.12657729977700835 0.97266750323612661 -0.19466924597778967
  outer loop
   vertex -49.392120361328125 52.767787933349609 -43.706695556640625
   vertex -49.392120361328125 52.696670532226562 -44.062034606933594
   vertex -49.747459411621094 52.650428771972656 -44.062034606933594
  endloop
 endfacet
 facet normal -0.104756840705612 0.80499090180892241 -0.58396545474046391
  outer loop
   vertex -49.747459411621094 52.650428771972656 -44.062034606933594
   vertex -49.392120361328125 52.696670532226562 -44.062034606933594
   vertex -49.392120361328125 52.590118408203125 -44.208915710449219
  endloop
 endfacet
 facet normal -0.098200241391631443 0.8143824300583572 -0.57195976274810656
  outer loop
   vertex -49.747459411621094 52.650428771972656 -44.062034606933594
   vertex -49.392120361328125 52.590118408203125 -44.208915710449219
   vertex -49.747459411621094 52.590118408203125 -44.147907257080078
  endloop
 endfacet
 facet normal -0.10299626225433736 0.79342244564812303 -0.59989381785728291
  outer loop
   vertex -49.747459411621094 52.590118408203125 -44.147907257080078
   vertex -49.392120361328125 52.590118408203125 -44.208915710449219
   vertex -49.747459411621094 52.386379241943359 -44.417373657226562
  endloop
 endfacet
 facet normal -0.31401032105276611 0.75731841039357028 -0.57259614350019394
  outer loop
   vertex -49.747459411621094 52.590118408203125 -44.147907257080078
   vertex -49.747459411621094 52.386379241943359 -44.417373657226562
   vertex -50.102798461914062 52.507709503173828 -44.062034606933594
  endloop
 endfacet
 facet normal -0.096056369779421141 0.90866770031005173 -0.40632029759543298
  outer loop
   vertex -50.102798461914062 52.507709503173828 -44.062034606933594
   vertex -49.747459411621094 52.386379241943359 -44.417373657226562
   vertex -50.102798461914062 52.34881591796875 -44.417373657226562
  endloop
 endfacet
 facet normal -0.063981571718101996 0.9110185578632225 -0.40737150821982615
  outer loop
   vertex -50.102798461914062 52.507709503173828 -44.062034606933594
   vertex -50.102798461914062 52.34881591796875 -44.417373657226562
   vertex -50.458137512207031 52.323860168457031 -44.417373657226562
  endloop
 endfacet
 facet normal -0.053524194466732136 0.76211842167167509 -0.6452214131252636
  outer loop
   vertex -50.458137512207031 52.323860168457031 -44.417373657226562
   vertex -50.102798461914062 52.34881591796875 -44.417373657226562
   vertex -50.102798461914062 52.234779357910156 -44.552070617675781
  endloop
 endfacet
 facet normal -0.056891467648631185 0.75711728765268704 -0.65079702953088481
  outer loop
   vertex -50.458137512207031 52.323860168457031 -44.417373657226562
   vertex -50.102798461914062 52.234779357910156 -44.552070617675781
   vertex -50.458137512207031 52.234779357910156 -44.521007537841797
  endloop
 endfacet
 facet normal -0.071675771127465426 0.56797525279896377 -0.81991871306931163
  outer loop
   vertex -50.458137512207031 52.234779357910156 -44.521007537841797
   vertex -50.102798461914062 52.234779357910156 -44.552070617675781
   vertex -50.458137512207031 51.879440307617188 -44.767158508300781
  endloop
 endfacet
 facet normal 0.051635709301607505 0.56868022087469317 -0.82093639212233127
  outer loop
   vertex -50.458137512207031 52.234779357910156 -44.521007537841797
   vertex -50.458137512207031 51.879440307617188 -44.767158508300781
   vertex -50.8134765625 52.234779357910156 -44.543357849121094
  endloop
 endfacet
 facet normal 0.16619459762914704 0.63914038058867872 -0.75091872371105839
  outer loop
   vertex -50.8134765625 52.234779357910156 -44.543357849121094
   vertex -50.458137512207031 51.879440307617188 -44.767158508300781
   vertex -50.8134765625 51.965312957763672 -44.772712707519531
  endloop
 endfacet
 facet normal 0.12541119934687633 0.64303700221068583 -0.75549681989156803
  outer loop
   vertex -50.8134765625 52.234779357910156 -44.543357849121094
   vertex -50.8134765625 51.965312957763672 -44.772712707519531
   vertex -51.168815612792969 52.034614562988281 -44.772712707519531
  endloop
 endfacet
 facet normal 0.11138854336591172 0.5711368313169306 -0.81326214243629735
  outer loop
   vertex -51.168815612792969 52.034614562988281 -44.772712707519531
   vertex -50.8134765625 51.965312957763672 -44.772712707519531
   vertex -50.8134765625 51.879440307617188 -44.833019256591797
  endloop
 endfacet
 facet normal 0.13445249643562288 0.61105755937246675 -0.78008408863147127
  outer loop
   vertex -51.168815612792969 52.034614562988281 -44.772712707519531
   vertex -50.8134765625 51.879440307617188 -44.833019256591797
   vertex -51.168815612792969 51.879440307617188 -44.894264221191406
  endloop
 endfacet
 facet normal 0.15661106799395816 0.38708442230683576 -0.90864658882822824
  outer loop
   vertex -51.168815612792969 51.879440307617188 -44.894264221191406
   vertex -50.8134765625 51.879440307617188 -44.833019256591797
   vertex -51.168815612792969 51.524101257324219 -45.045639038085938
  endloop
 endfacet
 facet normal -0.52445854423994587 0.82018688546315699 -0.22855351296351323
  outer loop
   vertex -50.466823577880859 52.590118408203125 -43.351356506347656
   vertex -50.458137512207031 52.595672607421875 -43.351356506347656
   vertex -50.458137512207031 52.590118408203125 -43.371288299560547
  endloop
 endfacet
 facet normal 0 0.98055435032059635 -0.19624771608187738
  outer loop
   vertex -49.036781311035156 52.767787933349609 -43.706695556640625
   vertex -49.036781311035156 52.696670532226562 -44.062034606933594
   vertex -49.392120361328125 52.696670532226562 -44.062034606933594
  endloop
 endfacet
 facet normal 0 0.80944457479431142 -0.58719628774035704
  outer loop
   vertex -49.392120361328125 52.696670532226562 -44.062034606933594
   vertex -49.036781311035156 52.696670532226562 -44.062034606933594
   vertex -49.036781311035156 52.590118408203125 -44.208915710449219
  endloop
 endfacet
 facet normal 0 0.80944457479431142 -0.58719628774035704
  outer loop
   vertex -49.392120361328125 52.696670532226562 -44.062034606933594
   vertex -49.036781311035156 52.590118408203125 -44.208915710449219
   vertex -49.392120361328125 52.590118408203125 -44.208915710449219
  endloop
 endfacet
 facet normal 0 0.72130923945620185 -0.6926131539864917
  outer loop
   vertex -49.392120361328125 52.590118408203125 -44.208915710449219
   vertex -49.036781311035156 52.590118408203125 -44.208915710449219
   vertex -49.392120361328125 52.38995361328125 -44.417373657226562
  endloop
 endfacet
 facet normal -0.0072554907954680116 0.72129025357294052 -0.69259492342494122
  outer loop
   vertex -49.392120361328125 52.590118408203125 -44.208915710449219
   vertex -49.392120361328125 52.38995361328125 -44.417373657226562
   vertex -49.747459411621094 52.386379241943359 -44.417373657226562
  endloop
 endfacet
 facet normal -0.006202858671592276 0.61664491489735374 -0.78721697992074302
  outer loop
   vertex -49.747459411621094 52.386379241943359 -44.417373657226562
   vertex -49.392120361328125 52.38995361328125 -44.417373657226562
   vertex -49.392120361328125 52.234779357910156 -44.538925170898438
  endloop
 endfacet
 facet normal 0.05968132898224051 0.70583746902255862 -0.70585523040829146
  outer loop
   vertex -49.747459411621094 52.386379241943359 -44.417373657226562
   vertex -49.392120361328125 52.234779357910156 -44.538925170898438
   vertex -49.747459411621094 52.234779357910156 -44.5689697265625
  endloop
 endfacet
 facet normal 0.075762225027503891 0.43745085644372361 -0.89604510681970384
  outer loop
   vertex -49.747459411621094 52.234779357910156 -44.5689697265625
   vertex -49.392120361328125 52.234779357910156 -44.538925170898438
   vertex -49.392120361328125 51.879440307617188 -44.71240234375
  endloop
 endfacet
 facet normal 0.270641459635032 0.58060057366312812 -0.76789073063077529
  outer loop
   vertex -49.747459411621094 52.234779357910156 -44.5689697265625
   vertex -49.392120361328125 51.879440307617188 -44.71240234375
   vertex -49.747459411621094 51.965312957763672 -44.772712707519531
  endloop
 endfacet
 facet normal 0.26765191814378686 0.55376873917404268 -0.78848121995868903
  outer loop
   vertex -49.747459411621094 51.965312957763672 -44.772712707519531
   vertex -49.392120361328125 51.879440307617188 -44.71240234375
   vertex -49.569789886474609 51.879440307617188 -44.772712707519531
  endloop
 endfacet
 facet normal 0.26764139278799715 0.55374696233401299 -0.78850008660262938
  outer loop
   vertex -49.747459411621094 51.965312957763672 -44.772712707519531
   vertex -49.569789886474609 51.879440307617188 -44.772712707519531
   vertex -49.747459411621094 51.879440307617188 -44.833019256591797
  endloop
 endfacet
 facet normal 0.28807091040864502 0.44355886527719884 -0.84868762428253786
  outer loop
   vertex -49.747459411621094 51.879440307617188 -44.833019256591797
   vertex -49.569789886474609 51.879440307617188 -44.772712707519531
   vertex -49.392120361328125 51.524101257324219 -44.898120880126953
  endloop
 endfacet
 facet normal 0.099566031433880264 0.27477678545023421 -0.95633902124829318
  outer loop
   vertex -49.747459411621094 51.879440307617188 -44.833019256591797
   vertex -49.392120361328125 51.524101257324219 -44.898120880126953
   vertex -49.747459411621094 51.524101257324219 -44.935115814208984
  endloop
 endfacet
 facet normal 0.10345753364441186 0.042693034609706769 -0.99371718488110583
  outer loop
   vertex -49.747459411621094 51.524101257324219 -44.935115814208984
   vertex -49.392120361328125 51.524101257324219 -44.898120880126953
   vertex -49.747459411621094 51.16876220703125 -44.950382232666016
  endloop
 endfacet
 facet normal 0.042883880121850286 0.042883880121850286 -0.99815927869823939
  outer loop
   vertex -49.747459411621094 51.524101257324219 -44.935115814208984
   vertex -49.747459411621094 51.16876220703125 -44.950382232666016
   vertex -50.102798461914062 51.16876220703125 -44.965648651123047
  endloop
 endfacet
 facet normal 0.041877329134578922 0.21942171779684794 -0.97473093675313005
  outer loop
   vertex -50.102798461914062 51.16876220703125 -44.965648651123047
   vertex -49.747459411621094 51.16876220703125 -44.950382232666016
   vertex -50.102798461914062 50.813423156738281 -45.045639038085938
  endloop
 endfacet
 facet normal 0.10105004368773915 0.21849024191464242 -0.97059306759258623
  outer loop
   vertex -50.102798461914062 51.16876220703125 -44.965648651123047
   vertex -50.102798461914062 50.813423156738281 -45.045639038085938
   vertex -50.458137512207031 51.16876220703125 -45.002643585205078
  endloop
 endfacet
 facet normal 0.32366414659798037 0.42589557636828634 -0.84489909352355586
  outer loop
   vertex -50.458137512207031 51.16876220703125 -45.002643585205078
   vertex -50.102798461914062 50.813423156738281 -45.045639038085938
   vertex -50.458137512207031 50.919975280761719 -45.1280517578125
  endloop
 endfacet
 facet normal 0.17732038168220879 0.44299183483607119 -0.8788149500939586
  outer loop
   vertex -50.458137512207031 51.16876220703125 -45.002643585205078
   vertex -50.458137512207031 50.919975280761719 -45.1280517578125
   vertex -50.8134765625 51.062210083007812 -45.1280517578125
  endloop
 endfacet
 facet normal 0.1934380896825951 0.48325800713226769 -0.85384038555370367
  outer loop
   vertex -50.8134765625 51.062210083007812 -45.1280517578125
   vertex -50.458137512207031 50.919975280761719 -45.1280517578125
   vertex -50.458137512207031 50.813423156738281 -45.188358306884766
  endloop
 endfacet
 facet normal 0.16145373277838354 0.44421937144855628 -0.88125015869602874
  outer loop
   vertex -50.8134765625 51.062210083007812 -45.1280517578125
   vertex -50.458137512207031 50.813423156738281 -45.188358306884766
   vertex -50.8134765625 50.813423156738281 -45.253459930419922
  endloop
 endfacet
 facet normal 0.17835371066880923 0.14317624728481698 -0.97349397332705856
  outer loop
   vertex -50.8134765625 50.813423156738281 -45.253459930419922
   vertex -50.458137512207031 50.813423156738281 -45.188358306884766
   vertex -50.8134765625 50.458084106445312 -45.305721282958984
  endloop
 endfacet
 facet normal 0 0.14550927912771366 -0.98935688691580492
  outer loop
   vertex -50.8134765625 50.813423156738281 -45.253459930419922
   vertex -50.8134765625 50.458084106445312 -45.305721282958984
   vertex -51.168815612792969 50.458084106445312 -45.305721282958984
  endloop
 endfacet
 facet normal -0 0 -1
  outer loop
   vertex -51.168815612792969 50.458084106445312 -45.305721282958984
   vertex -50.8134765625 50.458084106445312 -45.305721282958984
   vertex -51.168815612792969 50.102745056152344 -45.305721282958984
  endloop
 endfacet
 facet normal 0.14550927912771366 0 -0.98935688691580492
  outer loop
   vertex -51.168815612792969 50.458084106445312 -45.305721282958984
   vertex -51.168815612792969 50.102745056152344 -45.305721282958984
   vertex -51.524154663085938 50.102745056152344 -45.357982635498047
  endloop
 endfacet
 facet normal 0.1447434600574658 -0.10246146537498566 -0.98414987623014161
  outer loop
   vertex -51.524154663085938 50.102745056152344 -45.357982635498047
   vertex -51.168815612792969 50.102745056152344 -45.305721282958984
   vertex -51.524154663085938 49.747406005859375 -45.320987701416016
  endloop
 endfacet
 facet normal 0.21849024191464242 -0.10105004368773915 -0.97059306759258623
  outer loop
   vertex -51.524154663085938 50.102745056152344 -45.357982635498047
   vertex -51.524154663085938 49.747406005859375 -45.320987701416016
   vertex -51.879493713378906 49.747406005859375 -45.400978088378906
  endloop
 endfacet
 facet normal 0.21450250490041939 -0.21450250490041939 -0.95287845540913096
  outer loop
   vertex -51.879493713378906 49.747406005859375 -45.400978088378906
   vertex -51.524154663085938 49.747406005859375 -45.320987701416016
   vertex -51.879493713378906 49.392066955566406 -45.320987701416016
  endloop
 endfacet
 facet normal 0.10105004368773915 -0.21849024191464242 -0.97059306759258623
  outer loop
   vertex -51.879493713378906 49.747406005859375 -45.400978088378906
   vertex -51.879493713378906 49.392066955566406 -45.320987701416016
   vertex -52.234832763671875 49.392066955566406 -45.357982635498047
  endloop
 endfacet
 facet normal 0.097879518744015098 -0.326429910779303 -0.94013994339090601
  outer loop
   vertex -52.234832763671875 49.392066955566406 -45.357982635498047
   vertex -51.879493713378906 49.392066955566406 -45.320987701416016
   vertex -52.234832763671875 49.036727905273438 -45.234603881835938
  endloop
 endfacet
 facet normal -0.14771472446273198 -0.32440669065649086 -0.9343129343181561
  outer loop
   vertex -52.234832763671875 49.392066955566406 -45.357982635498047
   vertex -52.234832763671875 49.036727905273438 -45.234603881835938
   vertex -52.590171813964844 49.036727905273438 -45.178424835205078
  endloop
 endfacet
 facet normal -0.13259973356302937 -0.52819009984721854 -0.83870884643146504
  outer loop
   vertex -52.590171813964844 49.036727905273438 -45.178424835205078
   vertex -52.234832763671875 49.036727905273438 -45.234603881835938
   vertex -52.234832763671875 48.867534637451172 -45.1280517578125
  endloop
 endfacet
 facet normal -0.16462079124766543 -0.5826814114344353 -0.79585323261124397
  outer loop
   vertex -52.590171813964844 49.036727905273438 -45.178424835205078
   vertex -52.234832763671875 48.867534637451172 -45.1280517578125
   vertex -52.590171813964844 48.967926025390625 -45.1280517578125
  endloop
 endfacet
 facet normal -0.17406026680640241 -0.61609278614645979 -0.76820095182027492
  outer loop
   vertex -52.590171813964844 48.967926025390625 -45.1280517578125
   vertex -52.234832763671875 48.867534637451172 -45.1280517578125
   vertex -52.590171813964844 48.681388854980469 -44.898250579833984
  endloop
 endfacet
 facet normal -0.52327840706786954 -0.5331492511135314 -0.66477935041154357
  outer loop
   vertex -52.590171813964844 48.967926025390625 -45.1280517578125
   vertex -52.590171813964844 48.681388854980469 -44.898250579833984
   vertex -52.749656677246094 48.681388854980469 -44.772712707519531
  endloop
 endfacet
 facet normal -0.51918533277429468 -0.54350853575951408 -0.65957945828277109
  outer loop
   vertex -52.749656677246094 48.681388854980469 -44.772712707519531
   vertex -52.590171813964844 48.681388854980469 -44.898250579833984
   vertex -52.590171813964844 48.529041290283203 -44.772712707519531
  endloop
 endfacet
 facet normal -0.55464410631344574 -0.58062850982178282 -0.59602051048088522
  outer loop
   vertex -52.749656677246094 48.681388854980469 -44.772712707519531
   vertex -52.590171813964844 48.529041290283203 -44.772712707519531
   vertex -52.945510864257812 48.503719329833984 -44.417373657226562
  endloop
 endfacet
 facet normal -0.56365084530080389 -0.56365084530080389 -0.60381739721821381
  outer loop
   vertex -52.945510864257812 48.503719329833984 -44.417373657226562
   vertex -52.590171813964844 48.529041290283203 -44.772712707519531
   vertex -52.767841339111328 48.3260498046875 -44.417373657226562
  endloop
 endfacet
 facet normal -0.61278318184430913 -0.61278318184430913 -0.49899252909991432
  outer loop
   vertex -52.945510864257812 48.503719329833984 -44.417373657226562
   vertex -52.767841339111328 48.3260498046875 -44.417373657226562
   vertex -52.945510864257812 48.3260498046875 -44.199188232421875
  endloop
 endfacet
 facet normal -0.59913291855619766 -0.63483520001697091 -0.48787704877534976
  outer loop
   vertex -52.945510864257812 48.3260498046875 -44.199188232421875
   vertex -52.767841339111328 48.3260498046875 -44.417373657226562
   vertex -52.945510864257812 48.220645904541016 -44.062034606933594
  endloop
 endfacet
 facet normal -0.63625334704319503 -0.61170678456090899 -0.47010263570680527
  outer loop
   vertex -52.945510864257812 48.3260498046875 -44.199188232421875
   vertex -52.945510864257812 48.220645904541016 -44.062034606933594
   vertex -53.046848297119141 48.3260498046875 -44.062034606933594
  endloop
 endfacet
 facet normal -0.69582655281008809 -0.66898166463030617 -0.26132152761089972
  outer loop
   vertex -53.046848297119141 48.3260498046875 -44.062034606933594
   vertex -52.945510864257812 48.220645904541016 -44.062034606933594
   vertex -53.1802978515625 48.3260498046875 -43.706695556640625
  endloop
 endfacet
 facet normal -0.68341956729248043 -0.68341956729248043 -0.25666201527206489
  outer loop
   vertex -53.046848297119141 48.3260498046875 -44.062034606933594
   vertex -53.1802978515625 48.3260498046875 -43.706695556640625
   vertex -53.300849914550781 48.580051422119141 -44.062034606933594
  endloop
 endfacet
 facet normal -0.64863636122501211 -0.70590971442361161 -0.28453883035387384
  outer loop
   vertex -53.300849914550781 48.580051422119141 -44.062034606933594
   vertex -53.1802978515625 48.3260498046875 -43.706695556640625
   vertex -53.300849914550781 48.436820983886719 -43.706695556640625
  endloop
 endfacet
 facet normal -0.66609749567497833 -0.69178056607222915 -0.27884363837159409
  outer loop
   vertex -53.300849914550781 48.580051422119141 -44.062034606933594
   vertex -53.300849914550781 48.436820983886719 -43.706695556640625
   vertex -53.554847717285156 48.681388854980469 -43.706695556640625
  endloop
 endfacet
 facet normal -0.63196948336731207 -0.65633666209959296 -0.41211255510651118
  outer loop
   vertex -53.554847717285156 48.681388854980469 -43.706695556640625
   vertex -53.300849914550781 48.436820983886719 -43.706695556640625
   vertex -53.65618896484375 48.555850982666016 -43.351356506347656
  endloop
 endfacet
 facet normal -0.62969292217048045 -0.65845833895377337 -0.41221285718744727
  outer loop
   vertex -53.554847717285156 48.681388854980469 -43.706695556640625
   vertex -53.65618896484375 48.555850982666016 -43.351356506347656
   vertex -53.65618896484375 48.681388854980469 -43.551887512207031
  endloop
 endfacet
 facet normal -0.58945861555955847 -0.68469552518702126 -0.42863805049421094
  outer loop
   vertex -53.65618896484375 48.681388854980469 -43.551887512207031
   vertex -53.65618896484375 48.555850982666016 -43.351356506347656
   vertex -53.802009582519531 48.681388854980469 -43.351356506347656
  endloop
 endfacet
 facet normal -0.60163435954009314 -0.66830900118405601 -0.43749191576205299
  outer loop
   vertex -53.65618896484375 48.681388854980469 -43.551887512207031
   vertex -53.802009582519531 48.681388854980469 -43.351356506347656
   vertex -53.65618896484375 48.782730102539062 -43.706695556640625
  endloop
 endfacet
 facet normal -0.66387310812243194 -0.6017421666889422 -0.44404826442669376
  outer loop
   vertex -53.65618896484375 48.782730102539062 -43.706695556640625
   vertex -53.802009582519531 48.681388854980469 -43.351356506347656
   vertex -54.011528015136719 48.912540435791016 -43.351356506347656
  endloop
 endfacet
 facet normal -0.65269582713559771 -0.62846381817429775 -0.42310918979095813
  outer loop
   vertex -53.65618896484375 48.782730102539062 -43.706695556640625
   vertex -54.011528015136719 48.912540435791016 -43.351356506347656
   vertex -53.9007568359375 49.036727905273438 -43.706695556640625
  endloop
 endfacet
 facet normal -0.71408233417447231 -0.56105862893740388 -0.4186879923222277
  outer loop
   vertex -53.9007568359375 49.036727905273438 -43.706695556640625
   vertex -54.011528015136719 48.912540435791016 -43.351356506347656
   vertex -54.011528015136719 49.036727905273438 -43.517772674560547
  endloop
 endfacet
 facet normal -0.70981112427802295 -0.56829511226626683 -0.41618365324149886
  outer loop
   vertex -53.9007568359375 49.036727905273438 -43.706695556640625
   vertex -54.011528015136719 49.036727905273438 -43.517772674560547
   vertex -54.011528015136719 49.175083160400391 -43.706695556640625
  endloop
 endfacet
 facet normal -0.74337863233889767 -0.53963702415632697 -0.39519626913934019
  outer loop
   vertex -54.011528015136719 49.175083160400391 -43.706695556640625
   vertex -54.011528015136719 49.036727905273438 -43.517772674560547
   vertex -54.099998474121094 49.036727905273438 -43.351356506347656
  endloop
 endfacet
 facet normal -0.77365750329179295 -0.50111396413177556 -0.38773555750336697
  outer loop
   vertex -54.011528015136719 49.175083160400391 -43.706695556640625
   vertex -54.099998474121094 49.036727905273438 -43.351356506347656
   vertex -54.152072906494141 49.392066955566406 -43.706695556640625
  endloop
 endfacet
 facet normal -0.86462548448958454 -0.41292248312403279 -0.2862128482473037
  outer loop
   vertex -54.152072906494141 49.392066955566406 -43.706695556640625
   vertex -54.099998474121094 49.036727905273438 -43.351356506347656
   vertex -54.269699096679688 49.392066955566406 -43.351356506347656
  endloop
 endfacet
 facet normal -0.89501059001999539 -0.33343588304309074 -0.29627108473716113
  outer loop
   vertex -54.152072906494141 49.392066955566406 -43.706695556640625
   vertex -54.269699096679688 49.392066955566406 -43.351356506347656
   vertex -54.284454345703125 49.747406005859375 -43.706695556640625
  endloop
 endfacet
 facet normal -0.82462683176017926 -0.41674860689148896 -0.38250645353401852
  outer loop
   vertex -54.284454345703125 49.747406005859375 -43.706695556640625
   vertex -54.269699096679688 49.392066955566406 -43.351356506347656
   vertex -54.366867065429688 49.747406005859375 -43.529026031494141
  endloop
 endfacet
 facet normal -0.88543008469036333 -0.21755603063542761 -0.41071028555342154
  outer loop
   vertex -54.284454345703125 49.747406005859375 -43.706695556640625
   vertex -54.366867065429688 49.747406005859375 -43.529026031494141
   vertex -54.366867065429688 50.082817077636719 -43.706695556640625
  endloop
 endfacet
 facet normal -0.88543893783566929 -0.21754813563751296 -0.41069538108564602
  outer loop
   vertex -54.366867065429688 50.082817077636719 -43.706695556640625
   vertex -54.366867065429688 49.747406005859375 -43.529026031494141
   vertex -54.449275970458984 49.747406005859375 -43.351356506347656
  endloop
 endfacet
 facet normal -0.38785066259930107 0.83614814897993184 -0.38785066259930107
  outer loop
   vertex -50.102798461914062 52.672531127929688 -43.706695556640625
   vertex -50.102798461914062 52.590118408203125 -43.884365081787109
   vertex -50.280467987060547 52.590118408203125 -43.706695556640625
  endloop
 endfacet
 facet normal -0.38783811080231245 0.83615979311288724 -0.38783811080231245
  outer loop
   vertex -50.280467987060547 52.590118408203125 -43.706695556640625
   vertex -50.102798461914062 52.590118408203125 -43.884365081787109
   vertex -50.458137512207031 52.507709503173828 -43.706695556640625
  endloop
 endfacet
 facet normal 0 0.80944457479431142 -0.58719628774035704
  outer loop
   vertex -49.036781311035156 52.696670532226562 -44.062034606933594
   vertex -48.681442260742188 52.590118408203125 -44.208915710449219
   vertex -49.036781311035156 52.590118408203125 -44.208915710449219
  endloop
 endfacet
 facet normal 0 0.70710678118654746 -0.70710678118654746
  outer loop
   vertex -49.036781311035156 52.590118408203125 -44.208915710449219
   vertex -48.681442260742188 52.590118408203125 -44.208915710449219
   vertex -49.036781311035156 52.381660461425781 -44.417373657226562
  endloop
 endfacet
 facet normal 0.016500706945197348 0.70701051147430216 -0.70701051147430216
  outer loop
   vertex -49.036781311035156 52.590118408203125 -44.208915710449219
   vertex -49.036781311035156 52.381660461425781 -44.417373657226562
   vertex -49.392120361328125 52.38995361328125 -44.417373657226562
  endloop
 endfacet
 facet normal 0.013703111865530599 0.58714115467993344 -0.8093685743876613
  outer loop
   vertex -49.392120361328125 52.38995361328125 -44.417373657226562
   vertex -49.036781311035156 52.381660461425781 -44.417373657226562
   vertex -49.036781311035156 52.234779357910156 -44.52392578125
  endloop
 endfacet
 facet normal 0.033211906432119929 0.61631658856328775 -0.78679783421972826
  outer loop
   vertex -49.392120361328125 52.38995361328125 -44.417373657226562
   vertex -49.036781311035156 52.234779357910156 -44.52392578125
   vertex -49.392120361328125 52.234779357910156 -44.538925170898438
  endloop
 endfacet
 facet normal 0.037905156870069276 0.43839646841893959 -0.89798203521031361
  outer loop
   vertex -49.392120361328125 52.234779357910156 -44.538925170898438
   vertex -49.036781311035156 52.234779357910156 -44.52392578125
   vertex -49.392120361328125 51.879440307617188 -44.71240234375
  endloop
 endfacet
 facet normal -0.318514598174922 0.77571702012189725 -0.54480414411297573
  outer loop
   vertex -49.747459411621094 52.650428771972656 -44.062034606933594
   vertex -49.747459411621094 52.590118408203125 -44.147907257080078
   vertex -49.894340515136719 52.590118408203125 -44.062034606933594
  endloop
 endfacet
 facet normal -0.31122153757987486 0.78725233266628902 -0.53232970916332023
  outer loop
   vertex -49.894340515136719 52.590118408203125 -44.062034606933594
   vertex -49.747459411621094 52.590118408203125 -44.147907257080078
   vertex -50.102798461914062 52.507709503173828 -44.062034606933594
  endloop
 endfacet
 facet normal 0.43106312041347905 0.63803784614213688 0.63803784614213688
  outer loop
   vertex -47.554981231689453 52.234779357910156 -41.574661254882812
   vertex -47.615425109863281 52.275615692138672 -41.574661254882812
   vertex -47.615425109863281 52.234779357910156 -41.533824920654297
  endloop
 endfacet
 facet normal 0.064676728497268313 0.70562628947300809 0.70562628947300809
  outer loop
   vertex -47.615425109863281 52.234779357910156 -41.533824920654297
   vertex -47.615425109863281 52.275615692138672 -41.574661254882812
   vertex -47.97076416015625 52.234779357910156 -41.501255035400391
  endloop
 endfacet
 facet normal 0.072355473791551703 0.6095978327767263 0.78940177836531289
  outer loop
   vertex -47.615425109863281 52.234779357910156 -41.533824920654297
   vertex -47.97076416015625 52.234779357910156 -41.501255035400391
   vertex -47.97076416015625 51.879440307617188 -41.226852416992188
  endloop
 endfacet
 facet normal -0.22410809392163611 0.59565354419394956 0.77134455175880889
  outer loop
   vertex -47.97076416015625 51.879440307617188 -41.226852416992188
   vertex -47.97076416015625 52.234779357910156 -41.501255035400391
   vertex -48.326103210449219 51.879440307617188 -41.330093383789062
  endloop
 endfacet
 facet normal -0.24385847968116753 0.48587159006024699 0.83932225030670837
  outer loop
   vertex -47.97076416015625 51.879440307617188 -41.226852416992188
   vertex -48.326103210449219 51.879440307617188 -41.330093383789062
   vertex -47.97076416015625 51.866432189941406 -41.219322204589844
  endloop
 endfacet
 facet normal -0.2200300832435034 0.59197072044976873 0.77534342622997632
  outer loop
   vertex -47.97076416015625 51.866432189941406 -41.219322204589844
   vertex -48.326103210449219 51.879440307617188 -41.330093383789062
   vertex -48.326103210449219 51.734355926513672 -41.219322204589844
  endloop
 endfacet
 facet normal -0.18704123115002283 0.50321724523076061 0.84367528229304445
  outer loop
   vertex -47.97076416015625 51.866432189941406 -41.219322204589844
   vertex -48.326103210449219 51.734355926513672 -41.219322204589844
   vertex -48.326103210449219 51.524101257324219 -41.093914031982422
  endloop
 endfacet
 facet normal -0.15543413639283596 0.50603168739143478 0.84839387114688092
  outer loop
   vertex -48.326103210449219 51.524101257324219 -41.093914031982422
   vertex -48.326103210449219 51.734355926513672 -41.219322204589844
   vertex -48.681442260742188 51.524101257324219 -41.159015655517578
  endloop
 endfacet
 facet normal -0.17341774344382696 0.27196487082682436 0.94655237324460806
  outer loop
   vertex -48.326103210449219 51.524101257324219 -41.093914031982422
   vertex -48.681442260742188 51.524101257324219 -41.159015655517578
   vertex -48.681442260742188 51.16876220703125 -41.056919097900391
  endloop
 endfacet
 facet normal -0.011276776454638298 0.27613142271906627 0.96105372987150728
  outer loop
   vertex -48.681442260742188 51.16876220703125 -41.056919097900391
   vertex -48.681442260742188 51.524101257324219 -41.159015655517578
   vertex -49.036781311035156 51.16876220703125 -41.061088562011719
  endloop
 endfacet
 facet normal -0.011165774915634093 0.30715585945871021 0.95159371764987721
  outer loop
   vertex -48.681442260742188 51.16876220703125 -41.056919097900391
   vertex -49.036781311035156 51.16876220703125 -41.061088562011719
   vertex -49.036781311035156 50.813423156738281 -40.946392059326172
  endloop
 endfacet
 facet normal 0.25855673645730848 0.29672985209595382 0.9192931028282868
  outer loop
   vertex -49.036781311035156 50.813423156738281 -40.946392059326172
   vertex -49.036781311035156 51.16876220703125 -41.061088562011719
   vertex -49.392120361328125 51.16876220703125 -40.961147308349609
  endloop
 endfacet
 facet normal 0.39991369210073835 0.4334481472170057 0.80758389195457625
  outer loop
   vertex -49.036781311035156 50.813423156738281 -40.946392059326172
   vertex -49.392120361328125 51.16876220703125 -40.961147308349609
   vertex -49.203197479248047 50.813423156738281 -40.863983154296875
  endloop
 endfacet
 facet normal 0.41130131399412156 0.43735260495027095 0.79972115643511721
  outer loop
   vertex -49.203197479248047 50.813423156738281 -40.863983154296875
   vertex -49.392120361328125 51.16876220703125 -40.961147308349609
   vertex -49.392120361328125 50.991092681884766 -40.863983154296875
  endloop
 endfacet
 facet normal 0.41130131399412156 0.43735260495027095 0.79972115643511721
  outer loop
   vertex -49.203197479248047 50.813423156738281 -40.863983154296875
   vertex -49.392120361328125 50.991092681884766 -40.863983154296875
   vertex -49.392120361328125 50.813423156738281 -40.766819000244141
  endloop
 endfacet
 facet normal 0.36238353946692048 0.44720305880629513 0.81773320497440993
  outer loop
   vertex -49.392120361328125 50.813423156738281 -40.766819000244141
   vertex -49.392120361328125 50.991092681884766 -40.863983154296875
   vertex -49.747459411621094 51.16876220703125 -40.803676605224609
  endloop
 endfacet
 facet normal 0.29049397857689813 0.38151592763027697 0.87752996836288955
  outer loop
   vertex -49.392120361328125 50.813423156738281 -40.766819000244141
   vertex -49.747459411621094 51.16876220703125 -40.803676605224609
   vertex -49.747459411621094 50.813423156738281 -40.649188995361328
  endloop
 endfacet
 facet normal 0.087394602284636816 0.39718399767963436 0.91356830914756126
  outer loop
   vertex -49.747459411621094 50.813423156738281 -40.649188995361328
   vertex -49.747459411621094 51.16876220703125 -40.803676605224609
   vertex -50.102798461914062 50.813423156738281 -40.615196228027344
  endloop
 endfacet
 facet normal 0.085708667758209775 0.43581794789707828 0.89594460797634845
  outer loop
   vertex -49.747459411621094 50.813423156738281 -40.649188995361328
   vertex -50.102798461914062 50.813423156738281 -40.615196228027344
   vertex -49.747459411621094 50.524494171142578 -40.508644104003906
  endloop
 endfacet
 facet normal 0.15898922082388287 0.5077777521684389 0.8466901334399628
  outer loop
   vertex -49.747459411621094 50.524494171142578 -40.508644104003906
   vertex -50.102798461914062 50.813423156738281 -40.615196228027344
   vertex -50.102798461914062 50.635753631591797 -40.508644104003906
  endloop
 endfacet
 facet normal 0.15898922082388287 0.5077777521684389 0.8466901334399628
  outer loop
   vertex -49.747459411621094 50.524494171142578 -40.508644104003906
   vertex -50.102798461914062 50.635753631591797 -40.508644104003906
   vertex -50.102798461914062 50.458084106445312 -40.402091979980469
  endloop
 endfacet
 facet normal 0.045461370099243587 0.51378797880318505 0.8567118399240421
  outer loop
   vertex -50.102798461914062 50.458084106445312 -40.402091979980469
   vertex -50.102798461914062 50.635753631591797 -40.508644104003906
   vertex -50.458137512207031 50.458084106445312 -40.383235931396484
  endloop
 endfacet
 facet normal 0.052427969701152523 0.14530916142136144 0.98799623258392832
  outer loop
   vertex -50.102798461914062 50.458084106445312 -40.402091979980469
   vertex -50.458137512207031 50.458084106445312 -40.383235931396484
   vertex -50.458137512207031 50.102745056152344 -40.330974578857422
  endloop
 endfacet
 facet normal 0 0.14550927912771366 0.98935688691580492
  outer loop
   vertex -50.458137512207031 50.102745056152344 -40.330974578857422
   vertex -50.458137512207031 50.458084106445312 -40.383235931396484
   vertex -50.8134765625 50.102745056152344 -40.330974578857422
  endloop
 endfacet
 facet normal -0 0 1
  outer loop
   vertex -50.458137512207031 50.102745056152344 -40.330974578857422
   vertex -50.8134765625 50.102745056152344 -40.330974578857422
   vertex -50.8134765625 49.747406005859375 -40.330974578857422
  endloop
 endfacet
 facet normal 0 0 1
  outer loop
   vertex -50.8134765625 49.747406005859375 -40.330974578857422
   vertex -50.8134765625 50.102745056152344 -40.330974578857422
   vertex -51.168815612792969 49.747406005859375 -40.330974578857422
  endloop
 endfacet
 facet normal -0 0 1
  outer loop
   vertex -50.8134765625 49.747406005859375 -40.330974578857422
   vertex -51.168815612792969 49.747406005859375 -40.330974578857422
   vertex -51.168815612792969 49.392066955566406 -40.330974578857422
  endloop
 endfacet
 facet normal -0.042923366903594898 0 0.99907836758367441
  outer loop
   vertex -51.168815612792969 49.392066955566406 -40.330974578857422
   vertex -51.168815612792969 49.747406005859375 -40.330974578857422
   vertex -51.524154663085938 49.392066955566406 -40.346240997314453
  endloop
 endfacet
 facet normal -0.041257183415949174 -0.27591385730746221 0.96029651054364462
  outer loop
   vertex -51.168815612792969 49.392066955566406 -40.330974578857422
   vertex -51.524154663085938 49.392066955566406 -40.346240997314453
   vertex -51.524154663085938 49.036727905273438 -40.448337554931641
  endloop
 endfacet
 facet normal -0.26618599207190691 -0.26618599207190691 0.92643943960163389
  outer loop
   vertex -51.524154663085938 49.036727905273438 -40.448337554931641
   vertex -51.524154663085938 49.392066955566406 -40.346240997314453
   vertex -51.879493713378906 49.392066955566406 -40.448337554931641
  endloop
 endfacet
 facet normal -0.35506510309934747 -0.35506510309934747 0.86478757225234193
  outer loop
   vertex -51.524154663085938 49.036727905273438 -40.448337554931641
   vertex -51.879493713378906 49.392066955566406 -40.448337554931641
   vertex -51.879493713378906 49.245185852050781 -40.508644104003906
  endloop
 endfacet
 facet normal -0.46383966408835664 -0.33648372889351702 0.81953124785349984
  outer loop
   vertex -51.879493713378906 49.245185852050781 -40.508644104003906
   vertex -51.879493713378906 49.392066955566406 -40.448337554931641
   vertex -51.986045837402344 49.392066955566406 -40.508644104003906
  endloop
 endfacet
 facet normal -0.45206624971100506 -0.32794292766797717 0.82951162864952244
  outer loop
   vertex -51.879493713378906 49.245185852050781 -40.508644104003906
   vertex -51.986045837402344 49.392066955566406 -40.508644104003906
   vertex -51.879493713378906 49.036727905273438 -40.591056823730469
  endloop
 endfacet
 facet normal -0.42589557636828634 -0.32366414659798037 0.84489909352355586
  outer loop
   vertex -51.879493713378906 49.036727905273438 -40.591056823730469
   vertex -51.986045837402344 49.392066955566406 -40.508644104003906
   vertex -52.234832763671875 49.392066955566406 -40.634052276611328
  endloop
 endfacet
 facet normal -0.25635680976864494 -0.14064668190422633 0.95629477513713002
  outer loop
   vertex -51.879493713378906 49.036727905273438 -40.591056823730469
   vertex -52.234832763671875 49.392066955566406 -40.634052276611328
   vertex -52.234832763671875 49.036727905273438 -40.686313629150391
  endloop
 endfacet
 facet normal -0.14399288659414911 -0.14399288659414911 0.97904652454342989
  outer loop
   vertex -52.234832763671875 49.036727905273438 -40.686313629150391
   vertex -52.234832763671875 49.392066955566406 -40.634052276611328
   vertex -52.590171813964844 49.036727905273438 -40.738574981689453
  endloop
 endfacet
 facet normal -0.13831217300100834 -0.31060673828824981 0.940421818616345
  outer loop
   vertex -52.234832763671875 49.036727905273438 -40.686313629150391
   vertex -52.590171813964844 49.036727905273438 -40.738574981689453
   vertex -52.234832763671875 48.681388854980469 -40.803676605224609
  endloop
 endfacet
 facet normal -0.295012336958212 -0.4494885517926907 0.84316532355746465
  outer loop
   vertex -52.234832763671875 48.681388854980469 -40.803676605224609
   vertex -52.590171813964844 49.036727905273438 -40.738574981689453
   vertex -52.590171813964844 48.801483154296875 -40.863983154296875
  endloop
 endfacet
 facet normal -0.30408415396990801 -0.48926620720385366 0.81740528857645711
  outer loop
   vertex -52.234832763671875 48.681388854980469 -40.803676605224609
   vertex -52.590171813964844 48.801483154296875 -40.863983154296875
   vertex -52.396942138671875 48.681388854980469 -40.863983154296875
  endloop
 endfacet
 facet normal -0.31207535935091529 -0.50212392009914442 0.8065237373755747
  outer loop
   vertex -52.396942138671875 48.681388854980469 -40.863983154296875
   vertex -52.590171813964844 48.801483154296875 -40.863983154296875
   vertex -52.590171813964844 48.681388854980469 -40.938751220703125
  endloop
 endfacet
 facet normal 0.49446188408148284 0.73187749213181652 0.46889527796879438
  outer loop
   vertex -47.554981231689453 52.234779357910156 -41.574661254882812
   vertex -47.260086059570312 52.263202667236328 -41.930000305175781
   vertex -47.615425109863281 52.275615692138672 -41.574661254882812
  endloop
 endfacet
 facet normal 0.4829787932512386 0.7469860296100298 0.45688440205047598
  outer loop
   vertex -47.615425109863281 52.275615692138672 -41.574661254882812
   vertex -47.260086059570312 52.263202667236328 -41.930000305175781
   vertex -47.615425109863281 52.492954254150391 -41.930000305175781
  endloop
 endfacet
 facet normal -0.32828072960066756 0.67025972493971253 0.66557017939252228
  outer loop
   vertex -47.97076416015625 52.308189392089844 -41.574661254882812
   vertex -48.326103210449219 52.234779357910156 -41.675998687744141
   vertex -48.120647430419922 52.234779357910156 -41.574661254882812
  endloop
 endfacet
 facet normal -0.32931383267360803 0.66766473608009991 0.66766473608009991
  outer loop
   vertex -48.120647430419922 52.234779357910156 -41.574661254882812
   vertex -48.326103210449219 52.234779357910156 -41.675998687744141
   vertex -48.326103210449219 52.133441925048828 -41.574661254882812
  endloop
 endfacet
 facet normal -0.32750810776163541 0.68062856137379768 0.65534967825781953
  outer loop
   vertex -47.97076416015625 52.308189392089844 -41.574661254882812
   vertex -48.326103210449219 52.479347229003906 -41.930000305175781
   vertex -48.326103210449219 52.234779357910156 -41.675998687744141
  endloop
 endfacet
 facet normal -0.14736939210705408 0.71249224493747276 0.6860299287742172
  outer loop
   vertex -48.326103210449219 52.234779357910156 -41.675998687744141
   vertex -48.326103210449219 52.479347229003906 -41.930000305175781
   vertex -48.681442260742188 52.234779357910156 -41.752330780029297
  endloop
 endfacet
 facet normal -0.15017442684397675 0.69908784910127098 0.69908784910127098
  outer loop
   vertex -48.326103210449219 52.234779357910156 -41.675998687744141
   vertex -48.681442260742188 52.234779357910156 -41.752330780029297
   vertex -48.326103210449219 52.133441925048828 -41.574661254882812
  endloop
 endfacet
 facet normal -0.15976602472044427 0.68537373135808155 0.71044891843772029
  outer loop
   vertex -48.326103210449219 52.133441925048828 -41.574661254882812
   vertex -48.681442260742188 52.234779357910156 -41.752330780029297
   vertex -48.681442260742188 52.050609588623047 -41.574661254882812
  endloop
 endfacet
 facet normal -0.13196016343894623 0.70092314673763145 0.70092314673763145
  outer loop
   vertex -48.681442260742188 52.234779357910156 -41.752330780029297
   vertex -48.326103210449219 52.479347229003906 -41.930000305175781
   vertex -48.681442260742188 52.412448883056641 -41.930000305175781
  endloop
 endfacet
 facet normal -0.13196016343894623 0.70092314673763145 0.70092314673763145
  outer loop
   vertex -48.681442260742188 52.412448883056641 -41.930000305175781
   vertex -48.326103210449219 52.479347229003906 -41.930000305175781
   vertex -48.681442260742188 52.590118408203125 -42.107669830322266
  endloop
 endfacet
 facet normal -0 0.70710678118654746 0.70710678118654746
  outer loop
   vertex -48.681442260742188 52.412448883056641 -41.930000305175781
   vertex -49.036781311035156 52.234779357910156 -41.752330780029297
   vertex -48.681442260742188 52.234779357910156 -41.752330780029297
  endloop
 endfacet
 facet normal -0 0.69429197389458752 0.71969344514561007
  outer loop
   vertex -48.681442260742188 52.234779357910156 -41.752330780029297
   vertex -49.036781311035156 52.234779357910156 -41.752330780029297
   vertex -48.681442260742188 52.050609588623047 -41.574661254882812
  endloop
 endfacet
 facet normal -0.040222166107976264 0.74561090009114206 0.66516656787518957
  outer loop
   vertex -50.102798461914062 52.234779357910156 -41.752330780029297
   vertex -49.747459411621094 52.412448883056641 -41.930000305175781
   vertex -50.102798461914062 52.393280029296875 -41.930000305175781
  endloop
 endfacet
 facet normal -0.045050438055009745 0.83511409051227015 0.54822888820173965
  outer loop
   vertex -50.102798461914062 52.393280029296875 -41.930000305175781
   vertex -49.747459411621094 52.412448883056641 -41.930000305175781
   vertex -50.102798461914062 52.590118408203125 -42.229843139648438
  endloop
 endfacet
 facet normal -0.48112690075194209 0.73284761922813746 0.4810938290650606
  outer loop
   vertex -50.102798461914062 52.393280029296875 -41.930000305175781
   vertex -50.102798461914062 52.590118408203125 -42.229843139648438
   vertex -50.158290863037109 52.590118408203125 -42.28533935546875
  endloop
 endfacet
 facet normal -0 0.70710678118654746 0.70710678118654746
  outer loop
   vertex -49.747459411621094 52.412448883056641 -41.930000305175781
   vertex -50.102798461914062 52.234779357910156 -41.752330780029297
   vertex -49.747459411621094 52.234779357910156 -41.752330780029297
  endloop
 endfacet
 facet normal -0 0.70710678118654746 0.70710678118654746
  outer loop
   vertex -49.747459411621094 52.234779357910156 -41.752330780029297
   vertex -50.102798461914062 52.234779357910156 -41.752330780029297
   vertex -49.747459411621094 52.057109832763672 -41.574661254882812
  endloop
 endfacet
 facet normal -0.26386157447404451 0.78687109944478306 0.55786283473147458
  outer loop
   vertex -50.458137512207031 52.234779357910156 -41.874504089355469
   vertex -50.102798461914062 52.393280029296875 -41.930000305175781
   vertex -50.458137512207031 52.274124145507812 -41.930000305175781
  endloop
 endfacet
 facet normal -0.30298669299874892 0.90354752378132486 0.30298669299874892
  outer loop
   vertex -50.458137512207031 52.274124145507812 -41.930000305175781
   vertex -50.102798461914062 52.393280029296875 -41.930000305175781
   vertex -50.458137512207031 52.393280029296875 -42.28533935546875
  endloop
 endfacet
 facet normal -0.6128965438354812 0.74916461295587056 0.25121745410938884
  outer loop
   vertex -50.458137512207031 52.274124145507812 -41.930000305175781
   vertex -50.458137512207031 52.393280029296875 -42.28533935546875
   vertex -50.651878356933594 52.234779357910156 -42.28533935546875
  endloop
 endfacet
 facet normal -0.62751550933339706 0.76703387937483913 0.13372850644956805
  outer loop
   vertex -50.651878356933594 52.234779357910156 -42.28533935546875
   vertex -50.458137512207031 52.393280029296875 -42.28533935546875
   vertex -50.727603912353516 52.234779357910156 -42.640678405761719
  endloop
 endfacet
 facet normal -0.59624387053128802 0.79268399584002081 0.12706427347199784
  outer loop
   vertex -50.651878356933594 52.234779357910156 -42.28533935546875
   vertex -50.727603912353516 52.234779357910156 -42.640678405761719
   vertex -50.8134765625 52.113227844238281 -42.28533935546875
  endloop
 endfacet
 facet normal -0.56908033778645861 0.81033382781396479 0.13966623301721101
  outer loop
   vertex -50.8134765625 52.113227844238281 -42.28533935546875
   vertex -50.727603912353516 52.234779357910156 -42.640678405761719
   vertex -50.8134765625 52.174472808837891 -42.640678405761719
  endloop
 endfacet
 facet normal -0.43355015776231726 0.88803564869186291 0.15305864025494212
  outer loop
   vertex -50.8134765625 52.113227844238281 -42.28533935546875
   vertex -50.8134765625 52.174472808837891 -42.640678405761719
   vertex -51.168815612792969 52.000991821289062 -42.640678405761719
  endloop
 endfacet
 facet normal -0.43436711803094913 0.88970901872557362 0.14051003085852831
  outer loop
   vertex -51.168815612792969 52.000991821289062 -42.640678405761719
   vertex -50.8134765625 52.174472808837891 -42.640678405761719
   vertex -51.168815612792969 52.057109832763672 -42.996017456054688
  endloop
 endfacet
 facet normal -0.551725601032653 0.82381546319301813 0.13010358861011798
  outer loop
   vertex -51.168815612792969 52.000991821289062 -42.640678405761719
   vertex -51.168815612792969 52.057109832763672 -42.996017456054688
   vertex -51.434104919433594 51.879440307617188 -42.996017456054688
  endloop
 endfacet
 facet normal -0.53163685029496688 0.79381971265514062 0.29531766491112077
  outer loop
   vertex -51.434104919433594 51.879440307617188 -42.996017456054688
   vertex -51.168815612792969 52.057109832763672 -42.996017456054688
   vertex -51.524154663085938 51.879440307617188 -43.158126831054688
  endloop
 endfacet
 facet normal -0.53162821048645015 0.79382728425220705 0.29531286560483672
  outer loop
   vertex -51.434104919433594 51.879440307617188 -42.996017456054688
   vertex -51.524154663085938 51.879440307617188 -43.158126831054688
   vertex -51.524154663085938 51.819133758544922 -42.996017456054688
  endloop
 endfacet
 facet normal -0.48927802832523959 0.81739907300148074 0.30408184170464064
  outer loop
   vertex -51.524154663085938 51.819133758544922 -42.996017456054688
   vertex -51.524154663085938 51.879440307617188 -43.158126831054688
   vertex -51.644245147705078 51.879440307617188 -43.351356506347656
  endloop
 endfacet
 facet normal -0.44948370215493511 0.8431698989564318 0.2950066490621765
  outer loop
   vertex -51.524154663085938 51.819133758544922 -42.996017456054688
   vertex -51.644245147705078 51.879440307617188 -43.351356506347656
   vertex -51.879493713378906 51.754032135009766 -43.351356506347656
  endloop
 endfacet
 facet normal -0.45804966510523248 0.85923847292394162 0.22781516838067972
  outer loop
   vertex -51.879493713378906 51.754032135009766 -43.351356506347656
   vertex -51.644245147705078 51.879440307617188 -43.351356506347656
   vertex -51.820976257324219 51.879440307617188 -43.706695556640625
  endloop
 endfacet
 facet normal -0.51695480773470714 0.83037557598433598 0.20792818368045771
  outer loop
   vertex -51.879493713378906 51.754032135009766 -43.351356506347656
   vertex -51.820976257324219 51.879440307617188 -43.706695556640625
   vertex -51.879493713378906 51.843009948730469 -43.706695556640625
  endloop
 endfacet
 facet normal -0.46725530751900862 0.75054412747032373 0.46728576943357403
  outer loop
   vertex -51.879493713378906 51.843009948730469 -43.706695556640625
   vertex -51.820976257324219 51.879440307617188 -43.706695556640625
   vertex -51.879493713378906 51.879440307617188 -43.765209197998047
  endloop
 endfacet
 facet normal -0.16243823331030105 0.83763957121460353 0.52151104407715387
  outer loop
   vertex -51.879493713378906 51.843009948730469 -43.706695556640625
   vertex -51.879493713378906 51.879440307617188 -43.765209197998047
   vertex -52.234832763671875 51.879440307617188 -43.875888824462891
  endloop
 endfacet
 facet normal -0.1579627741241692 0.84726279846803132 0.50714249705888059
  outer loop
   vertex -52.234832763671875 51.879440307617188 -43.875888824462891
   vertex -51.879493713378906 51.879440307617188 -43.765209197998047
   vertex -51.879493713378906 52.057109832763672 -44.062034606933594
  endloop
 endfacet
 facet normal -0.13109163563411225 0.83007177345643102 0.54202936634251531
  outer loop
   vertex -52.234832763671875 51.879440307617188 -43.875888824462891
   vertex -51.879493713378906 52.057109832763672 -44.062034606933594
   vertex -52.234832763671875 52.000991821289062 -44.062034606933594
  endloop
 endfacet
 facet normal -0.14051003085852831 0.88970901872557362 0.43436711803094913
  outer loop
   vertex -52.234832763671875 52.000991821289062 -44.062034606933594
   vertex -51.879493713378906 52.057109832763672 -44.062034606933594
   vertex -52.234832763671875 52.174472808837891 -44.417373657226562
  endloop
 endfacet
 facet normal -0.19886354048203339 0.8806759910574028 0.42995708046502962
  outer loop
   vertex -52.234832763671875 52.000991821289062 -44.062034606933594
   vertex -52.234832763671875 52.174472808837891 -44.417373657226562
   vertex -52.590171813964844 52.094234466552734 -44.417373657226562
  endloop
 endfacet
 facet normal -0.21327428321475264 0.94449460309281208 0.24988802461859747
  outer loop
   vertex -52.590171813964844 52.094234466552734 -44.417373657226562
   vertex -52.234832763671875 52.174472808837891 -44.417373657226562
   vertex -52.590171813964844 52.188247680664062 -44.772712707519531
  endloop
 endfacet
 facet normal -0.41568925994511191 0.87925371974584288 0.23262703084419001
  outer loop
   vertex -52.590171813964844 52.094234466552734 -44.417373657226562
   vertex -52.590171813964844 52.188247680664062 -44.772712707519531
   vertex -52.945510864257812 52.020252227783203 -44.772712707519531
  endloop
 endfacet
 facet normal -0.4138473217769591 0.87535770620413134 -0.24995855745919149
  outer loop
   vertex -52.945510864257812 52.020252227783203 -44.772712707519531
   vertex -52.590171813964844 52.188247680664062 -44.772712707519531
   vertex -52.945510864257812 51.918785095214844 -45.1280517578125
  endloop
 endfacet
 facet normal -0.60439187728529287 0.76606699745497719 -0.21875057504353126
  outer loop
   vertex -52.945510864257812 52.020252227783203 -44.772712707519531
   vertex -52.945510864257812 51.918785095214844 -45.1280517578125
   vertex -52.995380401611328 51.879440307617188 -45.1280517578125
  endloop
 endfacet
 facet normal -0.52657808562610842 0.66743797880454869 -0.52653780888711299
  outer loop
   vertex -52.995380401611328 51.879440307617188 -45.1280517578125
   vertex -52.945510864257812 51.918785095214844 -45.1280517578125
   vertex -52.945510864257812 51.879440307617188 -45.177925109863281
  endloop
 endfacet
 facet normal -0.55669980521363305 0.61661824595869763 -0.55665722453402366
  outer loop
   vertex -52.995380401611328 51.879440307617188 -45.1280517578125
   vertex -52.945510864257812 51.879440307617188 -45.177925109863281
   vertex -53.033653259277344 51.524101257324219 -45.483390808105469
  endloop
 endfacet
 facet normal -0.47623311086503495 0.63816286375036235 -0.60493816497700625
  outer loop
   vertex -53.033653259277344 51.524101257324219 -45.483390808105469
   vertex -52.945510864257812 51.879440307617188 -45.177925109863281
   vertex -52.945510864257812 51.589878082275391 -45.483390808105469
  endloop
 endfacet
 facet normal -0.41318679969843441 0.55367941737702409 -0.72299085148292508
  outer loop
   vertex -53.033653259277344 51.524101257324219 -45.483390808105469
   vertex -52.945510864257812 51.589878082275391 -45.483390808105469
   vertex -52.945510864257812 51.524101257324219 -45.533763885498047
  endloop
 endfacet
 facet normal -0.022188822790590514 0.60785741436848795 -0.79373611480165374
  outer loop
   vertex -52.945510864257812 51.524101257324219 -45.533763885498047
   vertex -52.945510864257812 51.589878082275391 -45.483390808105469
   vertex -52.590171813964844 51.524101257324219 -45.543697357177734
  endloop
 endfacet
 facet normal -0.026982263338342263 0.2600928540920619 -0.9652065399257227
  outer loop
   vertex -52.945510864257812 51.524101257324219 -45.533763885498047
   vertex -52.590171813964844 51.524101257324219 -45.543697357177734
   vertex -52.945510864257812 51.16876220703125 -45.6295166015625
  endloop
 endfacet
 facet normal -0.043983984521569743 0.27588173464618998 -0.96018471014394702
  outer loop
   vertex -52.945510864257812 51.16876220703125 -45.6295166015625
   vertex -52.590171813964844 51.524101257324219 -45.543697357177734
   vertex -52.590171813964844 51.16876220703125 -45.645793914794922
  endloop
 endfacet
 facet normal -0.045682434955899173 -0.058144200666859248 -0.99726243640543899
  outer loop
   vertex -52.945510864257812 51.16876220703125 -45.6295166015625
   vertex -52.590171813964844 51.16876220703125 -45.645793914794922
   vertex -52.945510864257812 50.813423156738281 -45.608798980712891
  endloop
 endfacet
 facet normal -0.14537800863913172 0.042467356976190161 -0.98846434341132272
  outer loop
   vertex -52.945510864257812 50.813423156738281 -45.608798980712891
   vertex -52.590171813964844 51.16876220703125 -45.645793914794922
   vertex -52.590171813964844 50.813423156738281 -45.661060333251953
  endloop
 endfacet
 facet normal -0.14530916142136144 -0.052427969701152523 -0.98799623258392832
  outer loop
   vertex -52.945510864257812 50.813423156738281 -45.608798980712891
   vertex -52.590171813964844 50.813423156738281 -45.661060333251953
   vertex -52.945510864257812 50.458084106445312 -45.589942932128906
  endloop
 endfacet
 facet normal -0.19624771608187738 -0 -0.98055435032059635
  outer loop
   vertex -52.945510864257812 50.458084106445312 -45.589942932128906
   vertex -52.590171813964844 50.813423156738281 -45.661060333251953
   vertex -52.590171813964844 50.458084106445312 -45.661060333251953
  endloop
 endfacet
 facet normal -0.19393118716799507 -0.15319554757405265 -0.96897978247592886
  outer loop
   vertex -52.945510864257812 50.458084106445312 -45.589942932128906
   vertex -52.590171813964844 50.458084106445312 -45.661060333251953
   vertex -52.945510864257812 50.102745056152344 -45.533763885498047
  endloop
 endfacet
 facet normal -0.30043430999153969 -0.040940415029492708 -0.95292345327267514
  outer loop
   vertex -52.945510864257812 50.102745056152344 -45.533763885498047
   vertex -52.590171813964844 50.458084106445312 -45.661060333251953
   vertex -52.590171813964844 50.102745056152344 -45.645793914794922
  endloop
 endfacet
 facet normal -0.28999561360752557 -0.26428230055134211 -0.91981379077707059
  outer loop
   vertex -52.945510864257812 50.102745056152344 -45.533763885498047
   vertex -52.590171813964844 50.102745056152344 -45.645793914794922
   vertex -52.590171813964844 49.747406005859375 -45.543697357177734
  endloop
 endfacet
 facet normal 0 -0.27614898161481566 -0.96111484222911669
  outer loop
   vertex -52.590171813964844 49.747406005859375 -45.543697357177734
   vertex -52.590171813964844 50.102745056152344 -45.645793914794922
   vertex -52.234832763671875 50.102745056152344 -45.645793914794922
  endloop
 endfacet
 facet normal -0.22311434052350762 0.72740439384875399 0.64892437067988684
  outer loop
   vertex -50.102798461914062 52.393280029296875 -41.930000305175781
   vertex -50.458137512207031 52.234779357910156 -41.874504089355469
   vertex -50.102798461914062 52.234779357910156 -41.752330780029297
  endloop
 endfacet
 facet normal -0.22311434052350762 0.72740439384875399 0.64892437067988684
  outer loop
   vertex -50.102798461914062 52.234779357910156 -41.752330780029297
   vertex -50.458137512207031 52.234779357910156 -41.874504089355469
   vertex -50.102798461914062 52.076278686523438 -41.574661254882812
  endloop
 endfacet
 facet normal 0.040222166107976264 0.74561090009114206 0.66516656787518957
  outer loop
   vertex -50.102798461914062 52.234779357910156 -41.752330780029297
   vertex -50.102798461914062 52.076278686523438 -41.574661254882812
   vertex -49.747459411621094 52.057109832763672 -41.574661254882812
  endloop
 endfacet
 facet normal 0.040619931825205458 0.75298440786425636 0.65678345187118614
  outer loop
   vertex -49.747459411621094 52.057109832763672 -41.574661254882812
   vertex -50.102798461914062 52.076278686523438 -41.574661254882812
   vertex -50.102798461914062 51.879440307617188 -41.348991394042969
  endloop
 endfacet
 facet normal -0.52306230822419597 0.69528643065287243 0.4929326536811745
  outer loop
   vertex -50.458137512207031 52.234779357910156 -41.874504089355469
   vertex -50.458137512207031 52.274124145507812 -41.930000305175781
   vertex -50.51043701171875 52.234779357910156 -41.930000305175781
  endloop
 endfacet
 facet normal -0.58466776070545456 0.77717616824430702 0.23272475825482389
  outer loop
   vertex -50.51043701171875 52.234779357910156 -41.930000305175781
   vertex -50.458137512207031 52.274124145507812 -41.930000305175781
   vertex -50.651878356933594 52.234779357910156 -42.28533935546875
  endloop
 endfacet
 facet normal -0.57466168282587016 0.78577420664900299 0.22874187735714024
  outer loop
   vertex -50.51043701171875 52.234779357910156 -41.930000305175781
   vertex -50.651878356933594 52.234779357910156 -42.28533935546875
   vertex -50.8134765625 52.013156890869141 -41.930000305175781
  endloop
 endfacet
 facet normal -0.58644722780058911 0.77965972458224186 0.21956858352083683
  outer loop
   vertex -50.8134765625 52.013156890869141 -41.930000305175781
   vertex -50.651878356933594 52.234779357910156 -42.28533935546875
   vertex -50.8134765625 52.113227844238281 -42.28533935546875
  endloop
 endfacet
 facet normal -0.42530366897214822 0.87116361959617394 0.24533800572051992
  outer loop
   vertex -50.8134765625 52.013156890869141 -41.930000305175781
   vertex -50.8134765625 52.113227844238281 -42.28533935546875
   vertex -51.168815612792969 51.939750671386719 -42.28533935546875
  endloop
 endfacet
 facet normal -0.43354304887006512 0.88804061487920138 0.15304996276189695
  outer loop
   vertex -51.168815612792969 51.939750671386719 -42.28533935546875
   vertex -50.8134765625 52.113227844238281 -42.28533935546875
   vertex -51.168815612792969 52.000991821289062 -42.640678405761719
  endloop
 endfacet
 facet normal -0.54114236503704571 0.8287134065626639 0.14282517476067638
  outer loop
   vertex -51.168815612792969 51.939750671386719 -42.28533935546875
   vertex -51.168815612792969 52.000991821289062 -42.640678405761719
   vertex -51.354961395263672 51.879440307617188 -42.640678405761719
  endloop
 endfacet
 facet normal -0.54273827159846244 0.83115740143077377 0.12088235019702953
  outer loop
   vertex -51.354961395263672 51.879440307617188 -42.640678405761719
   vertex -51.168815612792969 52.000991821289062 -42.640678405761719
   vertex -51.434104919433594 51.879440307617188 -42.996017456054688
  endloop
 endfacet
 facet normal -0.52918139918585783 0.84028292274417704 0.11786287159322591
  outer loop
   vertex -51.354961395263672 51.879440307617188 -42.640678405761719
   vertex -51.434104919433594 51.879440307617188 -42.996017456054688
   vertex -51.524154663085938 51.77288818359375 -42.640678405761719
  endloop
 endfacet
 facet normal -0.55322026422287141 0.82606854053040057 0.1075086303472898
  outer loop
   vertex -51.524154663085938 51.77288818359375 -42.640678405761719
   vertex -51.434104919433594 51.879440307617188 -42.996017456054688
   vertex -51.524154663085938 51.819133758544922 -42.996017456054688
  endloop
 endfacet
 facet normal -0.27401368384141989 0.95368310603154482 0.12411701872700394
  outer loop
   vertex -51.524154663085938 51.77288818359375 -42.640678405761719
   vertex -51.524154663085938 51.819133758544922 -42.996017456054688
   vertex -51.879493713378906 51.717037200927734 -42.996017456054688
  endloop
 endfacet
 facet normal -0.27477678545023421 0.95633902124829318 0.099566031433880264
  outer loop
   vertex -51.879493713378906 51.717037200927734 -42.996017456054688
   vertex -51.524154663085938 51.819133758544922 -42.996017456054688
   vertex -51.879493713378906 51.754032135009766 -43.351356506347656
  endloop
 endfacet
 facet normal -0.1447434600574658 0.98414987623014161 0.10246146537498566
  outer loop
   vertex -51.879493713378906 51.717037200927734 -42.996017456054688
   vertex -51.879493713378906 51.754032135009766 -43.351356506347656
   vertex -52.234832763671875 51.701770782470703 -43.351356506347656
  endloop
 endfacet
 facet normal -0.1427379654637807 0.97051397685774987 0.19423824015629662
  outer loop
   vertex -52.234832763671875 51.701770782470703 -43.351356506347656
   vertex -51.879493713378906 51.754032135009766 -43.351356506347656
   vertex -52.234832763671875 51.77288818359375 -43.706695556640625
  endloop
 endfacet
 facet normal -0.05196277110337235 0.97922964359278453 0.19598258986044317
  outer loop
   vertex -52.234832763671875 51.701770782470703 -43.351356506347656
   vertex -52.234832763671875 51.77288818359375 -43.706695556640625
   vertex -52.590171813964844 51.754032135009766 -43.706695556640625
  endloop
 endfacet
 facet normal -0.04733206599139398 0.89196478800290302 0.4496203870955171
  outer loop
   vertex -52.590171813964844 51.754032135009766 -43.706695556640625
   vertex -52.234832763671875 51.77288818359375 -43.706695556640625
   vertex -52.590171813964844 51.879440307617188 -43.955482482910156
  endloop
 endfacet
 facet normal -0.31040520692184431 0.84885698755723482 0.42789066616492527
  outer loop
   vertex -52.590171813964844 51.754032135009766 -43.706695556640625
   vertex -52.590171813964844 51.879440307617188 -43.955482482910156
   vertex -52.737052917480469 51.879440307617188 -44.062034606933594
  endloop
 endfacet
 facet normal -0.33649802366353027 0.819514225372585 0.46385936929473609
  outer loop
   vertex -52.737052917480469 51.879440307617188 -44.062034606933594
   vertex -52.590171813964844 51.879440307617188 -43.955482482910156
   vertex -52.590171813964844 51.939750671386719 -44.062034606933594
  endloop
 endfacet
 facet normal -0.35144549302238193 0.85591760046387055 0.37932983886114841
  outer loop
   vertex -52.737052917480469 51.879440307617188 -44.062034606933594
   vertex -52.590171813964844 51.939750671386719 -44.062034606933594
   vertex -52.945510864257812 51.879440307617188 -44.255168914794922
  endloop
 endfacet
 facet normal -0.35657755757497644 0.84846562330129105 0.39109913258637624
  outer loop
   vertex -52.945510864257812 51.879440307617188 -44.255168914794922
   vertex -52.590171813964844 51.939750671386719 -44.062034606933594
   vertex -52.945510864257812 51.954208374023438 -44.417373657226562
  endloop
 endfacet
 facet normal -0.57024562264057022 0.7460325640688521 0.34388274630769505
  outer loop
   vertex -52.945510864257812 51.879440307617188 -44.255168914794922
   vertex -52.945510864257812 51.954208374023438 -44.417373657226562
   vertex -53.043327331542969 51.879440307617188 -44.417373657226562
  endloop
 endfacet
 facet normal -0.60341441949657459 0.78942615024138596 0.11268270345832436
  outer loop
   vertex -53.043327331542969 51.879440307617188 -44.417373657226562
   vertex -52.945510864257812 51.954208374023438 -44.417373657226562
   vertex -53.109683990478516 51.879440307617188 -44.772712707519531
  endloop
 endfacet
 facet normal -0.60340600700600266 0.78943280466979115 0.11268113249457236
  outer loop
   vertex -53.043327331542969 51.879440307617188 -44.417373657226562
   vertex -53.109683990478516 51.879440307617188 -44.772712707519531
   vertex -53.300849914550781 51.682601928710938 -44.417373657226562
  endloop
 endfacet
 facet normal -0.68024590930621898 0.73191976925523461 0.039483594637762257
  outer loop
   vertex -53.300849914550781 51.682601928710938 -44.417373657226562
   vertex -53.109683990478516 51.879440307617188 -44.772712707519531
   vertex -53.300849914550781 51.701770782470703 -44.772712707519531
  endloop
 endfacet
 facet normal -0.70659290581732426 0.70659290581732426 0.038117330668084315
  outer loop
   vertex -53.300849914550781 51.682601928710938 -44.417373657226562
   vertex -53.300849914550781 51.701770782470703 -44.772712707519531
   vertex -53.478519439697266 51.524101257324219 -44.772712707519531
  endloop
 endfacet
 facet normal -0.69908784910127098 0.69908784910127098 -0.15017442684397675
  outer loop
   vertex -53.478519439697266 51.524101257324219 -44.772712707519531
   vertex -53.300849914550781 51.701770782470703 -44.772712707519531
   vertex -53.402187347412109 51.524101257324219 -45.1280517578125
  endloop
 endfacet
 facet normal -0.73841308707828901 0.6554274571327815 -0.15862207055755836
  outer loop
   vertex -53.478519439697266 51.524101257324219 -44.772712707519531
   vertex -53.402187347412109 51.524101257324219 -45.1280517578125
   vertex -53.65618896484375 51.323936462402344 -44.772712707519531
  endloop
 endfacet
 facet normal -0.77776445622680823 0.58673350763461918 -0.22544676012086193
  outer loop
   vertex -53.65618896484375 51.323936462402344 -44.772712707519531
   vertex -53.402187347412109 51.524101257324219 -45.1280517578125
   vertex -53.65618896484375 51.187400817871094 -45.1280517578125
  endloop
 endfacet
 facet normal -0.79559742515392096 0.56551573015955126 -0.21729403128148855
  outer loop
   vertex -53.65618896484375 51.323936462402344 -44.772712707519531
   vertex -53.65618896484375 51.187400817871094 -45.1280517578125
   vertex -53.669437408447266 51.16876220703125 -45.1280517578125
  endloop
 endfacet
 facet normal -0.68523901256365527 0.48707226578665058 -0.54148693757305455
  outer loop
   vertex -53.669437408447266 51.16876220703125 -45.1280517578125
   vertex -53.65618896484375 51.187400817871094 -45.1280517578125
   vertex -53.65618896484375 51.16876220703125 -45.144817352294922
  endloop
 endfacet
 facet normal -0.78428065158341453 0.028500161090819733 -0.6197512407165412
  outer loop
   vertex -53.669437408447266 51.16876220703125 -45.1280517578125
   vertex -53.65618896484375 51.16876220703125 -45.144817352294922
   vertex -53.682350158691406 50.813423156738281 -45.1280517578125
  endloop
 endfacet
 facet normal -0.73555272187612286 0.02220666649525202 -0.67710343176193966
  outer loop
   vertex -53.682350158691406 50.813423156738281 -45.1280517578125
   vertex -53.65618896484375 51.16876220703125 -45.144817352294922
   vertex -53.65618896484375 50.813423156738281 -45.156471252441406
  endloop
 endfacet
 facet normal -0.70366019191452323 -0.29204197507563545 -0.64774518069124842
  outer loop
   vertex -53.682350158691406 50.813423156738281 -45.1280517578125
   vertex -53.65618896484375 50.813423156738281 -45.156471252441406
   vertex -53.65618896484375 50.750389099121094 -45.1280517578125
  endloop
 endfacet
 facet normal -0.67963475221764458 -0.30150111100846178 -0.66872541722198964
  outer loop
   vertex -53.65618896484375 50.750389099121094 -45.1280517578125
   vertex -53.65618896484375 50.813423156738281 -45.156471252441406
   vertex -53.526515960693359 50.458084106445312 -45.1280517578125
  endloop
 endfacet
 facet normal -0.67469061497083704 -0.29930778162377863 -0.67469061497083704
  outer loop
   vertex -53.65618896484375 50.750389099121094 -45.1280517578125
   vertex -53.526515960693359 50.458084106445312 -45.1280517578125
   vertex -53.65618896484375 50.458084106445312 -44.998378753662109
  endloop
 endfacet
 facet normal -0.68641097995315337 -0.24016646976525147 -0.68641097995315337
  outer loop
   vertex -53.65618896484375 50.458084106445312 -44.998378753662109
   vertex -53.526515960693359 50.458084106445312 -45.1280517578125
   vertex -53.402187347412109 50.102745056152344 -45.1280517578125
  endloop
 endfacet
 facet normal -0.68641097995315326 -0.24016646976525144 -0.68641097995315326
  outer loop
   vertex -53.65618896484375 50.458084106445312 -44.998378753662109
   vertex -53.402187347412109 50.102745056152344 -45.1280517578125
   vertex -53.65618896484375 50.102745056152344 -44.874050140380859
  endloop
 endfacet
 facet normal -0.64169534416185414 -0.42006448381409167 -0.64169534416185414
  outer loop
   vertex -53.65618896484375 50.102745056152344 -44.874050140380859
   vertex -53.402187347412109 50.102745056152344 -45.1280517578125
   vertex -53.65618896484375 49.947940826416016 -44.772712707519531
  endloop
 endfacet
 facet normal -0.64169534416185403 -0.42006448381409167 -0.64169534416185403
  outer loop
   vertex -53.65618896484375 50.102745056152344 -44.874050140380859
   vertex -53.65618896484375 49.947940826416016 -44.772712707519531
   vertex -53.757526397705078 50.102745056152344 -44.772712707519531
  endloop
 endfacet
 facet normal -0.6680587047686436 -0.43732237973876981 -0.60203546669815167
  outer loop
   vertex -53.757526397705078 50.102745056152344 -44.772712707519531
   vertex -53.65618896484375 49.947940826416016 -44.772712707519531
   vertex -54.011528015136719 50.0015869140625 -44.417373657226562
  endloop
 endfacet
 facet normal 0.59991175611300007 0.70484118457272948 0.37855619055501893
  outer loop
   vertex -47.529552459716797 52.590118408203125 -42.28533935546875
   vertex -47.615425109863281 52.590118408203125 -42.149253845214844
   vertex -47.260086059570312 52.360767364501953 -42.28533935546875
  endloop
 endfacet
 facet normal 0.59756415790489381 0.73306271440773341 0.32486325420487472
  outer loop
   vertex -47.260086059570312 52.360767364501953 -42.28533935546875
   vertex -47.615425109863281 52.590118408203125 -42.149253845214844
   vertex -47.615425109863281 52.492954254150391 -41.930000305175781
  endloop
 endfacet
 facet normal 0.52908036025146998 0.8182877657804416 0.2246755544562595
  outer loop
   vertex -47.260086059570312 52.360767364501953 -42.28533935546875
   vertex -47.615425109863281 52.492954254150391 -41.930000305175781
   vertex -47.260086059570312 52.263202667236328 -41.930000305175781
  endloop
 endfacet
 facet normal -0.48109819667022707 0.73286359598584994 0.48109819667022707
  outer loop
   vertex -50.158290863037109 52.590118408203125 -42.28533935546875
   vertex -50.458137512207031 52.393280029296875 -42.28533935546875
   vertex -50.102798461914062 52.393280029296875 -41.930000305175781
  endloop
 endfacet
 facet normal 0.70653741827512206 0.70654672633269688 -0.039957478469923167
  outer loop
   vertex -47.549648284912109 52.590118408203125 -42.640678405761719
   vertex -47.529552459716797 52.590118408203125 -42.28533935546875
   vertex -47.260086059570312 52.300559997558594 -42.640678405761719
  endloop
 endfacet
 facet normal 0.64281919434811741 0.75525348152215732 -0.12796742564534846
  outer loop
   vertex -47.260086059570312 52.300559997558594 -42.640678405761719
   vertex -47.529552459716797 52.590118408203125 -42.28533935546875
   vertex -47.260086059570312 52.360767364501953 -42.28533935546875
  endloop
 endfacet
 facet normal 0.67129187850716943 0.67129187850716943 -0.31422034896013901
  outer loop
   vertex -47.370857238769531 52.234779357910156 -42.996017456054688
   vertex -47.615425109863281 52.479347229003906 -42.996017456054688
   vertex -47.260086059570312 52.234779357910156 -42.759368896484375
  endloop
 endfacet
 facet normal 0.67129187850716943 0.67129187850716943 -0.31422034896013901
  outer loop
   vertex -47.260086059570312 52.234779357910156 -42.759368896484375
   vertex -47.615425109863281 52.479347229003906 -42.996017456054688
   vertex -47.615425109863281 52.590118408203125 -42.759368896484375
  endloop
 endfacet
 facet normal 0.65835655626230527 0.65835655626230527 -0.36487434775943922
  outer loop
   vertex -47.260086059570312 52.234779357910156 -42.759368896484375
   vertex -47.615425109863281 52.590118408203125 -42.759368896484375
   vertex -47.260086059570312 52.300559997558594 -42.640678405761719
  endloop
 endfacet
 facet normal 0.65835787967015691 0.65836655300137803 -0.364853921680032
  outer loop
   vertex -47.260086059570312 52.300559997558594 -42.640678405761719
   vertex -47.615425109863281 52.590118408203125 -42.759368896484375
   vertex -47.549648284912109 52.590118408203125 -42.640678405761719
  endloop
 endfacet
 facet normal 0.58703236314567986 0.73321429777982861 -0.34320518374702852
  outer loop
   vertex -47.615425109863281 52.590118408203125 -42.759368896484375
   vertex -47.615425109863281 52.479347229003906 -42.996017456054688
   vertex -47.753780364990234 52.590118408203125 -42.996017456054688
  endloop
 endfacet
 facet normal 0.6183519952471741 0.77233309854741228 -0.14540424636850208
  outer loop
   vertex -47.753780364990234 52.590118408203125 -42.996017456054688
   vertex -47.615425109863281 52.479347229003906 -42.996017456054688
   vertex -47.615425109863281 52.412448883056641 -43.351356506347656
  endloop
 endfacet
 facet normal 0.64341867982431766 0.75491695496896749 -0.12693617905669871
  outer loop
   vertex -47.753780364990234 52.590118408203125 -42.996017456054688
   vertex -47.615425109863281 52.412448883056641 -43.351356506347656
   vertex -47.823883056640625 52.590118408203125 -43.351356506347656
  endloop
 endfacet
 facet normal 0.64016757766353771 0.75110246804083047 -0.16133987421394499
  outer loop
   vertex -47.823883056640625 52.590118408203125 -43.351356506347656
   vertex -47.615425109863281 52.412448883056641 -43.351356506347656
   vertex -47.615425109863281 52.33612060546875 -43.706695556640625
  endloop
 endfacet
 facet normal 0.65208696554074586 0.74339128459241555 -0.14883543719121628
  outer loop
   vertex -47.823883056640625 52.590118408203125 -43.351356506347656
   vertex -47.615425109863281 52.33612060546875 -43.706695556640625
   vertex -47.904987335205078 52.590118408203125 -43.706695556640625
  endloop
 endfacet
 facet normal -0.56301923805822396 0.7707541046686055 0.29824058696433908
  outer loop
   vertex -50.458137512207031 52.431617736816406 -42.640678405761719
   vertex -50.8134765625 52.309547424316406 -42.996017456054688
   vertex -50.8134765625 52.234779357910156 -42.802791595458984
  endloop
 endfacet
 facet normal -0.56302970733410929 0.77074745293272884 0.29823801309856252
  outer loop
   vertex -50.8134765625 52.234779357910156 -42.802791595458984
   vertex -50.8134765625 52.309547424316406 -42.996017456054688
   vertex -50.915828704833984 52.234779357910156 -42.996017456054688
  endloop
 endfacet
 facet normal 0.70092314673763145 0.70092314673763145 -0.13196016343894626
  outer loop
   vertex -47.615425109863281 52.479347229003906 -42.996017456054688
   vertex -47.370857238769531 52.234779357910156 -42.996017456054688
   vertex -47.615425109863281 52.412448883056641 -43.351356506347656
  endloop
 endfacet
 facet normal 0.70092314673763145 0.70092314673763145 -0.13196016343894623
  outer loop
   vertex -47.615425109863281 52.412448883056641 -43.351356506347656
   vertex -47.370857238769531 52.234779357910156 -42.996017456054688
   vertex -47.437755584716797 52.234779357910156 -43.351356506347656
  endloop
 endfacet
 facet normal 0.69908863699294899 0.69908863699294899 -0.15016709111746557
  outer loop
   vertex -47.615425109863281 52.412448883056641 -43.351356506347656
   vertex -47.437755584716797 52.234779357910156 -43.351356506347656
   vertex -47.615425109863281 52.33612060546875 -43.706695556640625
  endloop
 endfacet
 facet normal 0.69910071004692598 0.69907439442884101 -0.15017718956563597
  outer loop
   vertex -47.615425109863281 52.33612060546875 -43.706695556640625
   vertex -47.437755584716797 52.234779357910156 -43.351356506347656
   vertex -47.514087677001953 52.234779357910156 -43.706695556640625
  endloop
 endfacet
 facet normal -0.57335247715857163 0.78487858748171613 0.23501604168404275
  outer loop
   vertex -51.061481475830078 52.234779357910156 -43.351356506347656
   vertex -50.915828704833984 52.234779357910156 -42.996017456054688
   vertex -50.8134765625 52.309547424316406 -42.996017456054688
  endloop
 endfacet
 facet normal -0.52164719117395675 0.79961886200001098 0.29747921519684151
  outer loop
   vertex -50.8134765625 52.394706726074219 -43.351356506347656
   vertex -51.168815612792969 52.295089721679688 -43.706695556640625
   vertex -51.168815612792969 52.234779357910156 -43.544582366943359
  endloop
 endfacet
 facet normal -0.53165049204349624 0.79381034251605143 0.29531829341315324
  outer loop
   vertex -51.168815612792969 52.234779357910156 -43.544582366943359
   vertex -51.168815612792969 52.295089721679688 -43.706695556640625
   vertex -51.258865356445312 52.234779357910156 -43.706695556640625
  endloop
 endfacet
 facet normal 0.59612261750349327 0.59612261750349327 -0.53784351795068397
  outer loop
   vertex -47.818416595458984 52.234779357910156 -44.062034606933594
   vertex -47.97076416015625 52.387126922607422 -44.062034606933594
   vertex -47.615425109863281 52.234779357910156 -43.837047576904297
  endloop
 endfacet
 facet normal 0.58665734343959897 0.64485086664422464 -0.48989848047997153
  outer loop
   vertex -47.615425109863281 52.234779357910156 -43.837047576904297
   vertex -47.97076416015625 52.387126922607422 -44.062034606933594
   vertex -47.97076416015625 52.590118408203125 -43.794837951660156
  endloop
 endfacet
 facet normal -0.25894029240130845 0.96589333001689415 0
  outer loop
   vertex -50.458137512207031 52.507709503173828 -43.706695556640625
   vertex -50.8134765625 52.412448883056641 -44.062034606933594
   vertex -50.8134765625 52.412448883056641 -43.706695556640625
  endloop
 endfacet
 facet normal -0.14550927912771366 0.98935688691580492 0
  outer loop
   vertex -50.8134765625 52.412448883056641 -43.706695556640625
   vertex -50.8134765625 52.412448883056641 -44.062034606933594
   vertex -51.168815612792969 52.360187530517578 -44.062034606933594
  endloop
 endfacet
 facet normal -0.5362645891749187 0.80069967691733901 0.26702119350629178
  outer loop
   vertex -51.435798645019531 52.234779357910156 -44.062034606933594
   vertex -51.258865356445312 52.234779357910156 -43.706695556640625
   vertex -51.168815612792969 52.295089721679688 -43.706695556640625
  endloop
 endfacet
 facet normal 0.53661750522946683 0.53661750522946683 -0.65121678891334345
  outer loop
   vertex -47.97076416015625 52.387126922607422 -44.062034606933594
   vertex -47.818416595458984 52.234779357910156 -44.062034606933594
   vertex -47.97076416015625 52.234779357910156 -44.187572479248047
  endloop
 endfacet
 facet normal 0.55158993789685129 0.49766451389994992 -0.66938671335460054
  outer loop
   vertex -47.97076416015625 52.234779357910156 -44.187572479248047
   vertex -47.818416595458984 52.234779357910156 -44.062034606933594
   vertex -47.615425109863281 52.009792327880859 -44.062034606933594
  endloop
 endfacet
 facet normal 0.56476184824559394 0.54735733655580909 -0.61761152910608086
  outer loop
   vertex -47.97076416015625 52.234779357910156 -44.187572479248047
   vertex -47.615425109863281 52.009792327880859 -44.062034606933594
   vertex -47.615425109863281 51.879440307617188 -44.177558898925781
  endloop
 endfacet
 facet normal 0.63419357685949596 0.51281503971802789 -0.5786356730354224
  outer loop
   vertex -47.615425109863281 51.879440307617188 -44.177558898925781
   vertex -47.615425109863281 52.009792327880859 -44.062034606933594
   vertex -47.510021209716797 51.879440307617188 -44.062034606933594
  endloop
 endfacet
 facet normal 0.57252053929848346 0.63194507508120101 -0.52236544120183581
  outer loop
   vertex -47.615425109863281 51.879440307617188 -44.177558898925781
   vertex -47.510021209716797 51.879440307617188 -44.062034606933594
   vertex -47.615425109863281 51.681209564208984 -44.417373657226562
  endloop
 endfacet
 facet normal 0.60521003437158483 0.60521003437158483 -0.51714758879056
  outer loop
   vertex -47.615425109863281 51.681209564208984 -44.417373657226562
   vertex -47.510021209716797 51.879440307617188 -44.062034606933594
   vertex -47.458316802978516 51.524101257324219 -44.417373657226562
  endloop
 endfacet
 facet normal 0.65686209913245319 0.65686209913245319 -0.37022204883909138
  outer loop
   vertex -47.615425109863281 51.681209564208984 -44.417373657226562
   vertex -47.458316802978516 51.524101257324219 -44.417373657226562
   vertex -47.615425109863281 51.524101257324219 -44.696121215820312
  endloop
 endfacet
 facet normal 0.75299015094690902 0.5028805191357939 -0.42440195104483858
  outer loop
   vertex -47.615425109863281 51.524101257324219 -44.696121215820312
   vertex -47.458316802978516 51.524101257324219 -44.417373657226562
   vertex -47.260086059570312 51.227279663085938 -44.417373657226562
  endloop
 endfacet
 facet normal 0.75143463417073375 0.42798810621717942 -0.50216747356367852
  outer loop
   vertex -47.615425109863281 51.524101257324219 -44.696121215820312
   vertex -47.260086059570312 51.227279663085938 -44.417373657226562
   vertex -47.260086059570312 51.16876220703125 -44.467247009277344
  endloop
 endfacet
 facet normal 0.69434179563072218 0.46680227759710807 -0.54770895964048016
  outer loop
   vertex -47.260086059570312 51.16876220703125 -44.467247009277344
   vertex -47.260086059570312 51.227279663085938 -44.417373657226562
   vertex -47.220745086669922 51.16876220703125 -44.417373657226562
  endloop
 endfacet
 facet normal 0.78486319317075515 0.02622676481287024 -0.61911382217913402
  outer loop
   vertex -47.260086059570312 51.16876220703125 -44.467247009277344
   vertex -47.220745086669922 51.16876220703125 -44.417373657226562
   vertex -47.260086059570312 50.813423156738281 -44.4822998046875
  endloop
 endfacet
 facet normal 0.55167982704318741 0.090418635743084716 -0.82914042160779866
  outer loop
   vertex -47.260086059570312 50.813423156738281 -44.4822998046875
   vertex -47.220745086669922 51.16876220703125 -44.417373657226562
   vertex -47.162506103515625 50.813423156738281 -44.417373657226562
  endloop
 endfacet
 facet normal 0.51986273008013228 -0.34536901712678642 -0.78132130643065723
  outer loop
   vertex -47.260086059570312 50.813423156738281 -44.4822998046875
   vertex -47.162506103515625 50.813423156738281 -44.417373657226562
   vertex -47.260086059570312 50.666542053222656 -44.417373657226562
  endloop
 endfacet
 facet normal 0.48420719848033461 -0.3216813873137066 -0.81367344432257038
  outer loop
   vertex -47.260086059570312 50.666542053222656 -44.417373657226562
   vertex -47.162506103515625 50.813423156738281 -44.417373657226562
   vertex -47.260086059570312 50.458084106445312 -44.3349609375
  endloop
 endfacet
 facet normal 0.05774780933371125 -0.36704192427095139 -0.92841015523562354
  outer loop
   vertex -47.260086059570312 50.666542053222656 -44.417373657226562
   vertex -47.260086059570312 50.458084106445312 -44.3349609375
   vertex -47.615425109863281 50.458084106445312 -44.357063293457031
  endloop
 endfacet
 facet normal 0.056950537481845073 -0.3980541795654608 -0.91559243466238671
  outer loop
   vertex -47.615425109863281 50.458084106445312 -44.357063293457031
   vertex -47.260086059570312 50.458084106445312 -44.3349609375
   vertex -47.615425109863281 50.102745056152344 -44.202579498291016
  endloop
 endfacet
 facet normal 0.29048639694046463 -0.38150892222792271 -0.87753552375561161
  outer loop
   vertex -47.615425109863281 50.458084106445312 -44.357063293457031
   vertex -47.615425109863281 50.102745056152344 -44.202579498291016
   vertex -47.97076416015625 50.102745056152344 -44.320205688476562
  endloop
 endfacet
 facet normal 0.28868039897155007 -0.39514621694153446 -0.87207975236581448
  outer loop
   vertex -47.97076416015625 50.102745056152344 -44.320205688476562
   vertex -47.615425109863281 50.102745056152344 -44.202579498291016
   vertex -47.97076416015625 49.747406005859375 -44.159198760986328
  endloop
 endfacet
 facet normal 0.38150268951067606 -0.38150268951067606 -0.84196876176746682
  outer loop
   vertex -47.97076416015625 50.102745056152344 -44.320205688476562
   vertex -47.97076416015625 49.747406005859375 -44.159198760986328
   vertex -48.326103210449219 49.747406005859375 -44.320205688476562
  endloop
 endfacet
 facet normal 0.37349947435749203 -0.42546215622133432 -0.82430582691023724
  outer loop
   vertex -48.326103210449219 49.747406005859375 -44.320205688476562
   vertex -47.97076416015625 49.747406005859375 -44.159198760986328
   vertex -48.326103210449219 49.392066955566406 -44.136798858642578
  endloop
 endfacet
 facet normal 0.34474211465093008 -0.43053810926027503 -0.83414016259894375
  outer loop
   vertex -48.326103210449219 49.747406005859375 -44.320205688476562
   vertex -48.326103210449219 49.392066955566406 -44.136798858642578
   vertex -48.681442260742188 49.392066955566406 -44.283657073974609
  endloop
 endfacet
 facet normal 0.32655755055294861 -0.51868861047749126 -0.79014067832113788
  outer loop
   vertex -48.681442260742188 49.392066955566406 -44.283657073974609
   vertex -48.326103210449219 49.392066955566406 -44.136798858642578
   vertex -48.326103210449219 49.278175354003906 -44.062034606933594
  endloop
 endfacet
 facet normal 0.28492759584844179 -0.58645083751203919 -0.75821611714962556
  outer loop
   vertex -48.681442260742188 49.392066955566406 -44.283657073974609
   vertex -48.326103210449219 49.278175354003906 -44.062034606933594
   vertex -48.681442260742188 49.105533599853516 -44.062034606933594
  endloop
 endfacet
 facet normal 0.27586489296062977 -0.56779757339820713 -0.77556719662123919
  outer loop
   vertex -48.681442260742188 49.105533599853516 -44.062034606933594
   vertex -48.326103210449219 49.278175354003906 -44.062034606933594
   vertex -48.681442260742188 49.036727905273438 -44.011661529541016
  endloop
 endfacet
 facet normal 0.41875041608438857 -0.53643328236657328 -0.73272602151047961
  outer loop
   vertex -48.681442260742188 49.105533599853516 -44.062034606933594
   vertex -48.681442260742188 49.036727905273438 -44.011661529541016
   vertex -48.769584655761719 49.036727905273438 -44.062034606933594
  endloop
 endfacet
 facet normal 0.42748256642100052 -0.50768738225901278 -0.74800546609039287
  outer loop
   vertex -48.769584655761719 49.036727905273438 -44.062034606933594
   vertex -48.681442260742188 49.036727905273438 -44.011661529541016
   vertex -49.036781311035156 48.681388854980469 -43.973560333251953
  endloop
 endfacet
 facet normal 0.42749033613604381 -0.50769143431243413 -0.74799827542319608
  outer loop
   vertex -48.769584655761719 49.036727905273438 -44.062034606933594
   vertex -49.036781311035156 48.681388854980469 -43.973560333251953
   vertex -49.036781311035156 48.811740875244141 -44.062034606933594
  endloop
 endfacet
 facet normal 0.50781024218776294 -0.48379510211649124 -0.71279103326101079
  outer loop
   vertex -49.036781311035156 48.811740875244141 -44.062034606933594
   vertex -49.036781311035156 48.681388854980469 -43.973560333251953
   vertex -49.160968780517578 48.681388854980469 -44.062034606933594
  endloop
 endfacet
 facet normal 0.54528975188713646 -0.51950214722091037 -0.65785758756719426
  outer loop
   vertex -49.036781311035156 48.811740875244141 -44.062034606933594
   vertex -49.160968780517578 48.681388854980469 -44.062034606933594
   vertex -49.036781311035156 49.036727905273438 -44.239704132080078
  endloop
 endfacet
 facet normal 0.56086974554311153 -0.51866733497470818 -0.6452978569347948
  outer loop
   vertex -49.036781311035156 49.036727905273438 -44.239704132080078
   vertex -49.160968780517578 48.681388854980469 -44.062034606933594
   vertex -49.392120361328125 48.681388854980469 -44.262943267822266
  endloop
 endfacet
 facet normal 0.52641162856665225 -0.48053965542517729 -0.70140746850433289
  outer loop
   vertex -49.036781311035156 49.036727905273438 -44.239704132080078
   vertex -49.392120361328125 48.681388854980469 -44.262943267822266
   vertex -49.273513793945312 49.036727905273438 -44.417373657226562
  endloop
 endfacet
 facet normal 0.54237326228857019 -0.48053655917351673 -0.68914139307701661
  outer loop
   vertex -49.273513793945312 49.036727905273438 -44.417373657226562
   vertex -49.392120361328125 48.681388854980469 -44.262943267822266
   vertex -49.392120361328125 48.902858734130859 -44.417373657226562
  endloop
 endfacet
 facet normal 0.47761425474681168 -0.42316081294240643 -0.76994775800217075
  outer loop
   vertex -49.273513793945312 49.036727905273438 -44.417373657226562
   vertex -49.392120361328125 48.902858734130859 -44.417373657226562
   vertex -49.392120361328125 49.036727905273438 -44.490947723388672
  endloop
 endfacet
 facet normal 0.62992446650357092 -0.374074560511507 -0.68063454928347156
  outer loop
   vertex -49.392120361328125 49.036727905273438 -44.490947723388672
   vertex -49.392120361328125 48.902858734130859 -44.417373657226562
   vertex -49.747459411621094 48.681388854980469 -44.624519348144531
  endloop
 endfacet
 facet normal 0.44084165414087484 -0.10579204549893668 -0.89132860331276709
  outer loop
   vertex -49.392120361328125 49.036727905273438 -44.490947723388672
   vertex -49.747459411621094 48.681388854980469 -44.624519348144531
   vertex -49.747459411621094 49.036727905273438 -44.666694641113281
  endloop
 endfacet
 facet normal 0.67210427636307846 -0.087272423479677452 -0.73529542756258637
  outer loop
   vertex -49.747459411621094 49.036727905273438 -44.666694641113281
   vertex -49.747459411621094 48.681388854980469 -44.624519348144531
   vertex -49.863445281982422 49.036727905273438 -44.772712707519531
  endloop
 endfacet
 facet normal 0.66554248787414561 -0.16400996037735924 -0.72811670062656153
  outer loop
   vertex -49.747459411621094 49.036727905273438 -44.666694641113281
   vertex -49.863445281982422 49.036727905273438 -44.772712707519531
   vertex -49.77587890625 49.392066955566406 -44.772712707519531
  endloop
 endfacet
 facet normal 0.75241155427062845 -0.18541714684146296 -0.63205801526222949
  outer loop
   vertex -49.77587890625 49.392066955566406 -44.772712707519531
   vertex -49.863445281982422 49.036727905273438 -44.772712707519531
   vertex -50.074378967285156 49.392066955566406 -45.1280517578125
  endloop
 endfacet
 facet normal 0 0.70710678118654746 -0.70710678118654746
  outer loop
   vertex -48.681442260742188 52.590118408203125 -44.208915710449219
   vertex -48.681442260742188 52.381660461425781 -44.417373657226562
   vertex -49.036781311035156 52.381660461425781 -44.417373657226562
  endloop
 endfacet
 facet normal 0 0.58719628774035704 -0.80944457479431142
  outer loop
   vertex -49.036781311035156 52.381660461425781 -44.417373657226562
   vertex -48.681442260742188 52.381660461425781 -44.417373657226562
   vertex -48.681442260742188 52.234779357910156 -44.52392578125
  endloop
 endfacet
 facet normal 0 0.58719628774035704 -0.80944457479431142
  outer loop
   vertex -49.036781311035156 52.381660461425781 -44.417373657226562
   vertex -48.681442260742188 52.234779357910156 -44.52392578125
   vertex -49.036781311035156 52.234779357910156 -44.52392578125
  endloop
 endfacet
 facet normal 0 0.37161405455859814 -0.92838730843033357
  outer loop
   vertex -49.036781311035156 52.234779357910156 -44.52392578125
   vertex -48.681442260742188 52.234779357910156 -44.52392578125
   vertex -49.036781311035156 51.879440307617188 -44.666160583496094
  endloop
 endfacet
 facet normal 0.11994274649754527 0.36893130225272014 -0.92168510445853347
  outer loop
   vertex -49.036781311035156 52.234779357910156 -44.52392578125
   vertex -49.036781311035156 51.879440307617188 -44.666160583496094
   vertex -49.392120361328125 51.879440307617188 -44.71240234375
  endloop
 endfacet
 facet normal 0.11253179932540672 0.48945602537333716 -0.86473660346160997
  outer loop
   vertex -49.392120361328125 51.879440307617188 -44.71240234375
   vertex -49.036781311035156 51.879440307617188 -44.666160583496094
   vertex -49.392120361328125 51.77288818359375 -44.772712707519531
  endloop
 endfacet
 facet normal 0.28330987377986783 0.47240288455167351 -0.83460830937997121
  outer loop
   vertex -49.392120361328125 51.879440307617188 -44.71240234375
   vertex -49.392120361328125 51.77288818359375 -44.772712707519531
   vertex -49.569789886474609 51.879440307617188 -44.772712707519531
  endloop
 endfacet
 facet normal 0.26062022178034872 0.43456919767362673 -0.86210597517501408
  outer loop
   vertex -49.569789886474609 51.879440307617188 -44.772712707519531
   vertex -49.392120361328125 51.77288818359375 -44.772712707519531
   vertex -49.392120361328125 51.524101257324219 -44.898120880126953
  endloop
 endfacet
 facet normal -0.2112063730902965 0.93819139977878485 -0.27420569896916175
  outer loop
   vertex -50.102798461914062 52.507709503173828 -44.062034606933594
   vertex -50.458137512207031 52.323860168457031 -44.417373657226562
   vertex -50.458137512207031 52.427715301513672 -44.062034606933594
  endloop
 endfacet
 facet normal 0.026369793816724382 0.95951027110463905 -0.28043657682043799
  outer loop
   vertex -50.458137512207031 52.427715301513672 -44.062034606933594
   vertex -50.458137512207031 52.323860168457031 -44.417373657226562
   vertex -50.8134765625 52.333625793457031 -44.417373657226562
  endloop
 endfacet
 facet normal -0.14465458824606092 0.98354561278252373 -0.1082269729578193
  outer loop
   vertex -50.8134765625 52.412448883056641 -44.062034606933594
   vertex -51.168815612792969 52.321086883544922 -44.417373657226562
   vertex -51.168815612792969 52.360187530517578 -44.062034606933594
  endloop
 endfacet
 facet normal -0.072531079343299221 0.99138225103863864 -0.10908929761831504
  outer loop
   vertex -51.168815612792969 52.360187530517578 -44.062034606933594
   vertex -51.168815612792969 52.321086883544922 -44.417373657226562
   vertex -51.524154663085938 52.295089721679688 -44.417373657226562
  endloop
 endfacet
 facet normal -0.42055905775818031 0.86879327348314905 0.26139687620165925
  outer loop
   vertex -51.168815612792969 52.360187530517578 -44.062034606933594
   vertex -51.524154663085938 52.295089721679688 -44.417373657226562
   vertex -51.524154663085938 52.234779357910156 -44.216922760009766
  endloop
 endfacet
 facet normal -0.11432756487208418 0.95131690609371622 0.28622605068494211
  outer loop
   vertex -51.524154663085938 52.234779357910156 -44.216922760009766
   vertex -51.524154663085938 52.295089721679688 -44.417373657226562
   vertex -51.879493713378906 52.234779357910156 -44.358856201171875
  endloop
 endfacet
 facet normal -0.056958373184446583 0.84755151152255581 0.52764777933770579
  outer loop
   vertex -51.879493713378906 52.234779357910156 -44.358856201171875
   vertex -51.524154663085938 52.295089721679688 -44.417373657226562
   vertex -51.879493713378906 52.271209716796875 -44.417373657226562
  endloop
 endfacet
 facet normal -0.067019172387169895 0.99725813224678517 -0.031379104515462455
  outer loop
   vertex -51.879493713378906 52.271209716796875 -44.417373657226562
   vertex -51.524154663085938 52.295089721679688 -44.417373657226562
   vertex -51.879493713378906 52.260028839111328 -44.772712707519531
  endloop
 endfacet
 facet normal 0.031434271682611911 0.99901139789672444 -0.031434271682611911
  outer loop
   vertex -51.879493713378906 52.271209716796875 -44.417373657226562
   vertex -51.879493713378906 52.260028839111328 -44.772712707519531
   vertex -52.234832763671875 52.271209716796875 -44.772712707519531
  endloop
 endfacet
 facet normal 0.025513577722756284 0.8108460473813538 -0.58470312535321722
  outer loop
   vertex -52.234832763671875 52.271209716796875 -44.772712707519531
   vertex -51.879493713378906 52.260028839111328 -44.772712707519531
   vertex -51.879493713378906 52.234779357910156 -44.807727813720703
  endloop
 endfacet
 facet normal -0.23051568746107096 0.82606684523353213 0.51427238409258358
  outer loop
   vertex -51.879493713378906 52.234779357910156 -44.358856201171875
   vertex -51.879493713378906 52.271209716796875 -44.417373657226562
   vertex -52.010044097900391 52.234779357910156 -44.417373657226562
  endloop
 endfacet
 facet normal -0.25957041664397645 0.93018621662898504 0.25957041664397645
  outer loop
   vertex -52.010044097900391 52.234779357910156 -44.417373657226562
   vertex -51.879493713378906 52.271209716796875 -44.417373657226562
   vertex -52.234832763671875 52.234779357910156 -44.642162322998047
  endloop
 endfacet
 facet normal 0.18211479176929199 0.57737676662132598 -0.79590845703807578
  outer loop
   vertex -48.681442260742188 52.381660461425781 -44.417373657226562
   vertex -48.326103210449219 52.234779357910156 -44.442619323730469
   vertex -48.681442260742188 52.234779357910156 -44.52392578125
  endloop
 endfacet
 facet normal 0.20779115765223802 0.36350291377598509 -0.90812359647677443
  outer loop
   vertex -48.681442260742188 52.234779357910156 -44.52392578125
   vertex -48.326103210449219 52.234779357910156 -44.442619323730469
   vertex -48.681442260742188 51.879440307617188 -44.666160583496094
  endloop
 endfacet
 facet normal 0 0.37161405455859814 -0.92838730843033357
  outer loop
   vertex -48.681442260742188 52.234779357910156 -44.52392578125
   vertex -48.681442260742188 51.879440307617188 -44.666160583496094
   vertex -49.036781311035156 51.879440307617188 -44.666160583496094
  endloop
 endfacet
 facet normal 0 0.51431973529565989 -0.85759851322480873
  outer loop
   vertex -49.036781311035156 51.879440307617188 -44.666160583496094
   vertex -48.681442260742188 51.879440307617188 -44.666160583496094
   vertex -49.036781311035156 51.701770782470703 -44.772712707519531
  endloop
 endfacet
 facet normal 0.10239467995518234 0.51161639424047822 -0.85309084783582523
  outer loop
   vertex -49.036781311035156 51.879440307617188 -44.666160583496094
   vertex -49.036781311035156 51.701770782470703 -44.772712707519531
   vertex -49.392120361328125 51.77288818359375 -44.772712707519531
  endloop
 endfacet
 facet normal 0.10239467995518234 0.51161639424047822 -0.85309084783582523
  outer loop
   vertex -49.392120361328125 51.77288818359375 -44.772712707519531
   vertex -49.036781311035156 51.701770782470703 -44.772712707519531
   vertex -49.036781311035156 51.524101257324219 -44.879264831542969
  endloop
 endfacet
 facet normal 0.04733206599139398 0.4496203870955171 -0.89196478800290302
  outer loop
   vertex -49.392120361328125 51.77288818359375 -44.772712707519531
   vertex -49.036781311035156 51.524101257324219 -44.879264831542969
   vertex -49.392120361328125 51.524101257324219 -44.898120880126953
  endloop
 endfacet
 facet normal 0.052427969701152523 0.14530916142136144 -0.98799623258392832
  outer loop
   vertex -49.392120361328125 51.524101257324219 -44.898120880126953
   vertex -49.036781311035156 51.524101257324219 -44.879264831542969
   vertex -49.392120361328125 51.16876220703125 -44.950382232666016
  endloop
 endfacet
 facet normal 0 0.14550927912771366 -0.98935688691580492
  outer loop
   vertex -49.392120361328125 51.524101257324219 -44.898120880126953
   vertex -49.392120361328125 51.16876220703125 -44.950382232666016
   vertex -49.747459411621094 51.16876220703125 -44.950382232666016
  endloop
 endfacet
 facet normal -0 0 -1
  outer loop
   vertex -49.747459411621094 51.16876220703125 -44.950382232666016
   vertex -49.392120361328125 51.16876220703125 -44.950382232666016
   vertex -49.747459411621094 50.813423156738281 -44.950382232666016
  endloop
 endfacet
 facet normal 0.25893061839444798 0 -0.96589592340886743
  outer loop
   vertex -49.747459411621094 51.16876220703125 -44.950382232666016
   vertex -49.747459411621094 50.813423156738281 -44.950382232666016
   vertex -50.102798461914062 50.813423156738281 -45.045639038085938
  endloop
 endfacet
 facet normal 0.25893061839444798 0 -0.96589592340886743
  outer loop
   vertex -50.102798461914062 50.813423156738281 -45.045639038085938
   vertex -49.747459411621094 50.813423156738281 -44.950382232666016
   vertex -49.747459411621094 50.458084106445312 -44.950382232666016
  endloop
 endfacet
 facet normal 0.52506535840855806 0.31289756255835 -0.79145529548063287
  outer loop
   vertex -50.102798461914062 50.813423156738281 -45.045639038085938
   vertex -49.747459411621094 50.458084106445312 -44.950382232666016
   vertex -50.102798461914062 50.604965209960938 -45.1280517578125
  endloop
 endfacet
 facet normal 0.52665161700780871 0.3228791312873035 -0.78637595390641013
  outer loop
   vertex -50.102798461914062 50.604965209960938 -45.1280517578125
   vertex -49.747459411621094 50.458084106445312 -44.950382232666016
   vertex -50.012748718261719 50.458084106445312 -45.1280517578125
  endloop
 endfacet
 facet normal 0.52664321797356706 0.32287398201444067 -0.78638369305357858
  outer loop
   vertex -50.102798461914062 50.604965209960938 -45.1280517578125
   vertex -50.012748718261719 50.458084106445312 -45.1280517578125
   vertex -50.102798461914062 50.458084106445312 -45.188358306884766
  endloop
 endfacet
 facet normal 0.55322026422287141 0.1075086303472898 -0.82606854053040057
  outer loop
   vertex -50.102798461914062 50.458084106445312 -45.188358306884766
   vertex -50.012748718261719 50.458084106445312 -45.1280517578125
   vertex -50.102798461914062 50.102745056152344 -45.234603881835938
  endloop
 endfacet
 facet normal 0.1946689886706881 0.12658757440619814 -0.97266621759773619
  outer loop
   vertex -50.102798461914062 50.458084106445312 -45.188358306884766
   vertex -50.102798461914062 50.102745056152344 -45.234603881835938
   vertex -50.458137512207031 50.102745056152344 -45.305721282958984
  endloop
 endfacet
 facet normal 0.19624771608187738 0 -0.98055435032059635
  outer loop
   vertex -50.458137512207031 50.102745056152344 -45.305721282958984
   vertex -50.102798461914062 50.102745056152344 -45.234603881835938
   vertex -50.458137512207031 49.747406005859375 -45.305721282958984
  endloop
 endfacet
 facet normal 0 0 -1
  outer loop
   vertex -50.458137512207031 50.102745056152344 -45.305721282958984
   vertex -50.458137512207031 49.747406005859375 -45.305721282958984
   vertex -50.8134765625 49.747406005859375 -45.305721282958984
  endloop
 endfacet
 facet normal -0 0 -1
  outer loop
   vertex -50.8134765625 49.747406005859375 -45.305721282958984
   vertex -50.458137512207031 49.747406005859375 -45.305721282958984
   vertex -50.8134765625 49.392066955566406 -45.305721282958984
  endloop
 endfacet
 facet normal 0 0 -1
  outer loop
   vertex -50.8134765625 49.747406005859375 -45.305721282958984
   vertex -50.8134765625 49.392066955566406 -45.305721282958984
   vertex -51.168815612792969 49.392066955566406 -45.305721282958984
  endloop
 endfacet
 facet normal -0 -0.19624771608187738 -0.98055435032059635
  outer loop
   vertex -51.168815612792969 49.392066955566406 -45.305721282958984
   vertex -50.8134765625 49.392066955566406 -45.305721282958984
   vertex -51.168815612792969 49.036727905273438 -45.234603881835938
  endloop
 endfacet
 facet normal -0 -0.19624771608187738 -0.98055435032059635
  outer loop
   vertex -51.168815612792969 49.392066955566406 -45.305721282958984
   vertex -51.168815612792969 49.036727905273438 -45.234603881835938
   vertex -51.524154663085938 49.036727905273438 -45.234603881835938
  endloop
 endfacet
 facet normal -0 -0.51431973529565989 -0.85759851322480873
  outer loop
   vertex -51.524154663085938 49.036727905273438 -45.234603881835938
   vertex -51.168815612792969 49.036727905273438 -45.234603881835938
   vertex -51.168815612792969 48.859058380126953 -45.1280517578125
  endloop
 endfacet
 facet normal -0 -0.51431973529565989 -0.85759851322480873
  outer loop
   vertex -51.524154663085938 49.036727905273438 -45.234603881835938
   vertex -51.168815612792969 48.859058380126953 -45.1280517578125
   vertex -51.524154663085938 48.859058380126953 -45.1280517578125
  endloop
 endfacet
 facet normal -0 -0.51431973529565989 -0.85759851322480873
  outer loop
   vertex -51.524154663085938 48.859058380126953 -45.1280517578125
   vertex -51.168815612792969 48.859058380126953 -45.1280517578125
   vertex -51.524154663085938 48.681388854980469 -45.021499633789062
  endloop
 endfacet
 facet normal -0 -0.51431973529565989 -0.85759851322480873
  outer loop
   vertex -51.524154663085938 48.859058380126953 -45.1280517578125
   vertex -51.524154663085938 48.681388854980469 -45.021499633789062
   vertex -51.879493713378906 48.681388854980469 -45.021499633789062
  endloop
 endfacet
 facet normal -0 -0.23622247762217052 -0.9716989971519181
  outer loop
   vertex -51.879493713378906 48.681388854980469 -45.021499633789062
   vertex -51.524154663085938 48.681388854980469 -45.021499633789062
   vertex -51.879493713378906 48.3260498046875 -44.935115814208984
  endloop
 endfacet
 facet normal -0.23604500659202129 -0.22954733205687203 -0.94424084703456079
  outer loop
   vertex -51.879493713378906 48.681388854980469 -45.021499633789062
   vertex -51.879493713378906 48.3260498046875 -44.935115814208984
   vertex -52.234832763671875 48.3260498046875 -44.846286773681641
  endloop
 endfacet
 facet normal -0.23191524950794407 -0.29248849298073099 -0.927720754602121
  outer loop
   vertex -52.234832763671875 48.3260498046875 -44.846286773681641
   vertex -51.879493713378906 48.3260498046875 -44.935115814208984
   vertex -51.879493713378906 47.970710754394531 -44.823085784912109
  endloop
 endfacet
 facet normal -0.43423623634288649 -0.4838470079623497 -0.75982298197188447
  outer loop
   vertex -52.234832763671875 48.3260498046875 -44.846286773681641
   vertex -51.879493713378906 47.970710754394531 -44.823085784912109
   vertex -51.967636108398438 47.970710754394531 -44.772712707519531
  endloop
 endfacet
 facet normal -0.41318679969843441 -0.55367941737702409 -0.72299085148292508
  outer loop
   vertex -51.967636108398438 47.970710754394531 -44.772712707519531
   vertex -51.879493713378906 47.970710754394531 -44.823085784912109
   vertex -51.879493713378906 47.904933929443359 -44.772712707519531
  endloop
 endfacet
 facet normal -0.45928212167093774 -0.61544816466558527 -0.6405337534612866
  outer loop
   vertex -51.967636108398438 47.970710754394531 -44.772712707519531
   vertex -51.879493713378906 47.904933929443359 -44.772712707519531
   vertex -52.234832763671875 47.800285339355469 -44.417373657226562
  endloop
 endfacet
 facet normal -0.45514045599790809 -0.62107884108787448 -0.63805034164003005
  outer loop
   vertex -52.234832763671875 47.800285339355469 -44.417373657226562
   vertex -51.879493713378906 47.904933929443359 -44.772712707519531
   vertex -51.982501983642578 47.615371704101562 -44.417373657226562
  endloop
 endfacet
 facet normal -0.47633638889097207 -0.65000253983519263 -0.59211514321634051
  outer loop
   vertex -52.234832763671875 47.800285339355469 -44.417373657226562
   vertex -51.982501983642578 47.615371704101562 -44.417373657226562
   vertex -52.234832763671875 47.615371704101562 -44.214382171630859
  endloop
 endfacet
 facet normal -0.44445207293834821 -0.70514332112539468 -0.55248099653567584
  outer loop
   vertex -52.234832763671875 47.615371704101562 -44.214382171630859
   vertex -51.982501983642578 47.615371704101562 -44.417373657226562
   vertex -51.879493713378906 47.550445556640625 -44.417373657226562
  endloop
 endfacet
 facet normal -0.45027858661992565 -0.68908045713360078 -0.5678180324964236
  outer loop
   vertex -52.234832763671875 47.615371704101562 -44.214382171630859
   vertex -51.879493713378906 47.550445556640625 -44.417373657226562
   vertex -52.234832763671875 47.489833831787109 -44.062034606933594
  endloop
 endfacet
 facet normal -0.074540230065310353 0.70513074343288917 -0.70514848703488797
  outer loop
   vertex -49.747459411621094 52.386379241943359 -44.417373657226562
   vertex -49.747459411621094 52.234779357910156 -44.5689697265625
   vertex -50.102798461914062 52.34881591796875 -44.417373657226562
  endloop
 endfacet
 facet normal -0.030714798505125658 0.76285235450713806 -0.64584277217888375
  outer loop
   vertex -50.102798461914062 52.34881591796875 -44.417373657226562
   vertex -49.747459411621094 52.234779357910156 -44.5689697265625
   vertex -50.102798461914062 52.234779357910156 -44.552070617675781
  endloop
 endfacet
 facet normal 0.020836747868488551 0.75818088435535491 -0.65171126776847821
  outer loop
   vertex -50.458137512207031 52.323860168457031 -44.417373657226562
   vertex -50.458137512207031 52.234779357910156 -44.521007537841797
   vertex -50.8134765625 52.333625793457031 -44.417373657226562
  endloop
 endfacet
 facet normal 0.038796561920831966 0.78615402757916863 -0.61681169874133768
  outer loop
   vertex -50.8134765625 52.333625793457031 -44.417373657226562
   vertex -50.458137512207031 52.234779357910156 -44.521007537841797
   vertex -50.8134765625 52.234779357910156 -44.543357849121094
  endloop
 endfacet
 facet normal -0.060271983533492134 0.82382028850253741 -0.56363766752456712
  outer loop
   vertex -51.168815612792969 52.321086883544922 -44.417373657226562
   vertex -51.168815612792969 52.234779357910156 -44.543521881103516
   vertex -51.524154663085938 52.295089721679688 -44.417373657226562
  endloop
 endfacet
 facet normal 0.011330193331309321 0.91418141945536402 -0.40514683639595517
  outer loop
   vertex -51.524154663085938 52.295089721679688 -44.417373657226562
   vertex -51.168815612792969 52.234779357910156 -44.543521881103516
   vertex -51.524154663085938 52.234779357910156 -44.553459167480469
  endloop
 endfacet
 facet normal 0.30041694742887148 0.87200950379825304 -0.38645709073976514
  outer loop
   vertex -51.524154663085938 52.295089721679688 -44.417373657226562
   vertex -51.524154663085938 52.234779357910156 -44.553459167480469
   vertex -51.879493713378906 52.260028839111328 -44.772712707519531
  endloop
 endfacet
 facet normal 0.31324449843264407 0.85710395998090594 -0.40896293962501179
  outer loop
   vertex -51.879493713378906 52.260028839111328 -44.772712707519531
   vertex -51.524154663085938 52.234779357910156 -44.553459167480469
   vertex -51.810405731201172 52.234779357910156 -44.772712707519531
  endloop
 endfacet
 facet normal 0.28421074195874302 0.77766139108850196 -0.56077358618747086
  outer loop
   vertex -51.879493713378906 52.260028839111328 -44.772712707519531
   vertex -51.810405731201172 52.234779357910156 -44.772712707519531
   vertex -51.879493713378906 52.234779357910156 -44.807727813720703
  endloop
 endfacet
 facet normal 0.30036390741468194 0.74736412389715234 -0.59264524754192227
  outer loop
   vertex -51.879493713378906 52.234779357910156 -44.807727813720703
   vertex -51.810405731201172 52.234779357910156 -44.772712707519531
   vertex -51.524154663085938 52.119735717773438 -44.772712707519531
  endloop
 endfacet
 facet normal 0.28023572929072588 0.65080302243877397 -0.70563684853715769
  outer loop
   vertex -51.879493713378906 52.234779357910156 -44.807727813720703
   vertex -51.524154663085938 52.119735717773438 -44.772712707519531
   vertex -51.524154663085938 51.879440307617188 -44.994335174560547
  endloop
 endfacet
 facet normal -0.25957041664397645 0.93018621662898493 0.25957041664397645
  outer loop
   vertex -52.234832763671875 52.234779357910156 -44.642162322998047
   vertex -51.879493713378906 52.271209716796875 -44.417373657226562
   vertex -52.234832763671875 52.271209716796875 -44.772712707519531
  endloop
 endfacet
 facet normal 0.66348072118272172 0.48163037330515779 0.57256049123982522
  outer loop
   vertex -47.260086059570312 51.972133636474609 -41.574661254882812
   vertex -47.260086059570312 51.879440307617188 -41.496688842773438
   vertex -47.192798614501953 51.879440307617188 -41.574661254882812
  endloop
 endfacet
 facet normal 0.65359284240661741 0.50466747727182215 0.56402760015706088
  outer loop
   vertex -47.192798614501953 51.879440307617188 -41.574661254882812
   vertex -47.260086059570312 51.879440307617188 -41.496688842773438
   vertex -47.225070953369141 51.524101257324219 -41.219322204589844
  endloop
 endfacet
 facet normal 0.74147788076792431 0.4395853407142013 0.50692729317041851
  outer loop
   vertex -47.192798614501953 51.879440307617188 -41.574661254882812
   vertex -47.225070953369141 51.524101257324219 -41.219322204589844
   vertex -46.982135772705078 51.524101257324219 -41.574661254882812
  endloop
 endfacet
 facet normal 0.68002674805989838 0.56693716830470897 0.46491490524365608
  outer loop
   vertex -46.982135772705078 51.524101257324219 -41.574661254882812
   vertex -47.225070953369141 51.524101257324219 -41.219322204589844
   vertex -46.928825378417969 51.16876220703125 -41.219322204589844
  endloop
 endfacet
 facet normal 0.77622002715256455 0.50021205459941165 0.38375821799761789
  outer loop
   vertex -46.982135772705078 51.524101257324219 -41.574661254882812
   vertex -46.928825378417969 51.16876220703125 -41.219322204589844
   vertex -46.904747009277344 51.404010772705078 -41.574661254882812
  endloop
 endfacet
 facet normal 0.60158483184742007 0.64670127878033912 0.46890632978771496
  outer loop
   vertex -46.904747009277344 51.404010772705078 -41.574661254882812
   vertex -46.928825378417969 51.16876220703125 -41.219322204589844
   vertex -46.904747009277344 51.16876220703125 -41.250213623046875
  endloop
 endfacet
 facet normal 0.83519521722182122 0.44523249551909988 0.32282653866067079
  outer loop
   vertex -46.904747009277344 51.404010772705078 -41.574661254882812
   vertex -46.904747009277344 51.16876220703125 -41.250213623046875
   vertex -46.779338836669922 51.16876220703125 -41.574661254882812
  endloop
 endfacet
 facet normal 0.91150513135768163 0.21219629758048622 0.35232247558415775
  outer loop
   vertex -46.779338836669922 51.16876220703125 -41.574661254882812
   vertex -46.904747009277344 51.16876220703125 -41.250213623046875
   vertex -46.833965301513672 50.813423156738281 -41.219322204589844
  endloop
 endfacet
 facet normal 0.94825515646853964 0.13946425811721946 0.28524003740470727
  outer loop
   vertex -46.779338836669922 51.16876220703125 -41.574661254882812
   vertex -46.833965301513672 50.813423156738281 -41.219322204589844
   vertex -46.727077484130859 50.813423156738281 -41.574661254882812
  endloop
 endfacet
 facet normal 0.95761381513915145 0 0.28805517015779952
  outer loop
   vertex -46.727077484130859 50.813423156738281 -41.574661254882812
   vertex -46.833965301513672 50.813423156738281 -41.219322204589844
   vertex -46.833965301513672 50.458084106445312 -41.219322204589844
  endloop
 endfacet
 facet normal 0.95761381513915145 0 0.28805517015779952
  outer loop
   vertex -46.727077484130859 50.813423156738281 -41.574661254882812
   vertex -46.833965301513672 50.458084106445312 -41.219322204589844
   vertex -46.727077484130859 50.458084106445312 -41.574661254882812
  endloop
 endfacet
 facet normal 0.94049634815269245 -0.18823052515953456 0.2829061478823236
  outer loop
   vertex -46.727077484130859 50.458084106445312 -41.574661254882812
   vertex -46.833965301513672 50.458084106445312 -41.219322204589844
   vertex -46.798194885253906 50.102745056152344 -41.574661254882812
  endloop
 endfacet
 facet normal 0.98055435032059635 -0.19624771608187738 0
  outer loop
   vertex -46.727077484130859 50.458084106445312 -41.574661254882812
   vertex -46.798194885253906 50.102745056152344 -41.574661254882812
   vertex -46.727077484130859 50.458084106445312 -41.930000305175781
  endloop
 endfacet
 facet normal 0.98055435032059635 -0.19624771608187738 0
  outer loop
   vertex -46.727077484130859 50.458084106445312 -41.930000305175781
   vertex -46.798194885253906 50.102745056152344 -41.574661254882812
   vertex -46.798194885253906 50.102745056152344 -41.930000305175781
  endloop
 endfacet
 facet normal 0.98055435032059635 -0.19624771608187738 0
  outer loop
   vertex -46.727077484130859 50.458084106445312 -41.930000305175781
   vertex -46.798194885253906 50.102745056152344 -41.930000305175781
   vertex -46.727077484130859 50.458084106445312 -42.28533935546875
  endloop
 endfacet
 facet normal 0.98055435032059635 -0.19624771608187738 0
  outer loop
   vertex -46.727077484130859 50.458084106445312 -42.28533935546875
   vertex -46.798194885253906 50.102745056152344 -41.930000305175781
   vertex -46.798194885253906 50.102745056152344 -42.28533935546875
  endloop
 endfacet
 facet normal 0.98055435032059635 -0.19624771608187738 0
  outer loop
   vertex -46.727077484130859 50.458084106445312 -42.28533935546875
   vertex -46.798194885253906 50.102745056152344 -42.28533935546875
   vertex -46.727077484130859 50.458084106445312 -42.640678405761719
  endloop
 endfacet
 facet normal 0.98799623258392832 -0.14530916142136144 0.052427969701152523
  outer loop
   vertex -46.727077484130859 50.458084106445312 -42.640678405761719
   vertex -46.798194885253906 50.102745056152344 -42.28533935546875
   vertex -46.779338836669922 50.102745056152344 -42.640678405761719
  endloop
 endfacet
 facet normal 0.98935688691580492 -0.14550927912771366 0
  outer loop
   vertex -46.727077484130859 50.458084106445312 -42.640678405761719
   vertex -46.779338836669922 50.102745056152344 -42.640678405761719
   vertex -46.727077484130859 50.458084106445312 -42.996017456054688
  endloop
 endfacet
 facet normal 0.99371718488110583 -0.042693034609706769 0.10345753364441186
  outer loop
   vertex -46.727077484130859 50.458084106445312 -42.996017456054688
   vertex -46.779338836669922 50.102745056152344 -42.640678405761719
   vertex -46.742343902587891 50.102745056152344 -42.996017456054688
  endloop
 endfacet
 facet normal 0.99907836758367441 -0.042923366903594898 0
  outer loop
   vertex -46.727077484130859 50.458084106445312 -42.996017456054688
   vertex -46.742343902587891 50.102745056152344 -42.996017456054688
   vertex -46.727077484130859 50.458084106445312 -43.351356506347656
  endloop
 endfacet
 facet normal 0.99907836758367441 0 0.042923366903594898
  outer loop
   vertex -46.727077484130859 50.458084106445312 -43.351356506347656
   vertex -46.742343902587891 50.102745056152344 -42.996017456054688
   vertex -46.727077484130859 50.102745056152344 -43.351356506347656
  endloop
 endfacet
 facet normal 1 -0 0
  outer loop
   vertex -46.727077484130859 50.458084106445312 -43.351356506347656
   vertex -46.727077484130859 50.102745056152344 -43.351356506347656
   vertex -46.727077484130859 50.458084106445312 -43.706695556640625
  endloop
 endfacet
 facet normal 0.99665004400446611 -0.057830311195320873 -0.057830311195320873
  outer loop
   vertex -46.727077484130859 50.458084106445312 -43.706695556640625
   vertex -46.727077484130859 50.102745056152344 -43.351356506347656
   vertex -46.747695922851562 50.102745056152344 -43.706695556640625
  endloop
 endfacet
 facet normal 0.98786565463711395 -0.057320599713511548 -0.14434610225728137
  outer loop
   vertex -46.727077484130859 50.458084106445312 -43.706695556640625
   vertex -46.747695922851562 50.102745056152344 -43.706695556640625
   vertex -46.778999328613281 50.458084106445312 -44.062034606933594
  endloop
 endfacet
 facet normal 0.89094221835929521 -0.27945839759551144 -0.35794548126546716
  outer loop
   vertex -46.778999328613281 50.458084106445312 -44.062034606933594
   vertex -46.747695922851562 50.102745056152344 -43.706695556640625
   vertex -46.890457153320312 50.102745056152344 -44.062034606933594
  endloop
 endfacet
 facet normal 0.72679265531126036 -0.22797023942978428 -0.64792129623892936
  outer loop
   vertex -46.778999328613281 50.458084106445312 -44.062034606933594
   vertex -46.890457153320312 50.102745056152344 -44.062034606933594
   vertex -46.904747009277344 50.102745056152344 -44.07806396484375
  endloop
 endfacet
 facet normal 0.66539301360298764 -0.45319313253759852 -0.59318472845235404
  outer loop
   vertex -46.904747009277344 50.102745056152344 -44.07806396484375
   vertex -46.890457153320312 50.102745056152344 -44.062034606933594
   vertex -46.904747009277344 50.081764221191406 -44.062034606933594
  endloop
 endfacet
 facet normal 0.22966660970839689 -0.59086804086738476 -0.77338748804631519
  outer loop
   vertex -46.904747009277344 50.102745056152344 -44.07806396484375
   vertex -46.904747009277344 50.081764221191406 -44.062034606933594
   vertex -47.260086059570312 50.102745056152344 -44.183586120605469
  endloop
 endfacet
 facet normal 0.24630427350818526 -0.52990375955118041 -0.81150244020898032
  outer loop
   vertex -47.260086059570312 50.102745056152344 -44.183586120605469
   vertex -46.904747009277344 50.081764221191406 -44.062034606933594
   vertex -47.260086059570312 49.916599273681641 -44.062034606933594
  endloop
 endfacet
 facet normal 0.044709984636121261 -0.54620091613082433 -0.83646014638575927
  outer loop
   vertex -47.260086059570312 50.102745056152344 -44.183586120605469
   vertex -47.260086059570312 49.916599273681641 -44.062034606933594
   vertex -47.615425109863281 50.102745056152344 -44.202579498291016
  endloop
 endfacet
 facet normal 0.092684300180054843 -0.4812185810028487 -0.87168704120099105
  outer loop
   vertex -47.615425109863281 50.102745056152344 -44.202579498291016
   vertex -47.260086059570312 49.916599273681641 -44.062034606933594
   vertex -47.615425109863281 49.848159790039062 -44.062034606933594
  endloop
 endfacet
 facet normal 0.35228910466552527 -0.45231521771327171 -0.81933102623967446
  outer loop
   vertex -47.615425109863281 50.102745056152344 -44.202579498291016
   vertex -47.615425109863281 49.848159790039062 -44.062034606933594
   vertex -47.97076416015625 49.747406005859375 -44.159198760986328
  endloop
 endfacet
 facet normal 0.35541903185040818 -0.48005522271056572 -0.8020126526101865
  outer loop
   vertex -47.97076416015625 49.747406005859375 -44.159198760986328
   vertex -47.615425109863281 49.848159790039062 -44.062034606933594
   vertex -47.751510620117188 49.747406005859375 -44.062034606933594
  endloop
 endfacet
 facet normal 0.36238544605729311 -0.44720270311516863 -0.81773255457535932
  outer loop
   vertex -47.97076416015625 49.747406005859375 -44.159198760986328
   vertex -47.751510620117188 49.747406005859375 -44.062034606933594
   vertex -47.97076416015625 49.569736480712891 -44.062034606933594
  endloop
 endfacet
 facet normal 0.36239495952511058 -0.44721444323489545 -0.81772191793597893
  outer loop
   vertex -47.97076416015625 49.569736480712891 -44.062034606933594
   vertex -47.751510620117188 49.747406005859375 -44.062034606933594
   vertex -47.97076416015625 49.392066955566406 -43.964866638183594
  endloop
 endfacet
 facet normal 0.38519374102443626 -0.44280532663852584 -0.80965994378884032
  outer loop
   vertex -47.97076416015625 49.569736480712891 -44.062034606933594
   vertex -47.97076416015625 49.392066955566406 -43.964866638183594
   vertex -48.175006866455078 49.392066955566406 -44.062034606933594
  endloop
 endfacet
 facet normal 0.37803920021829168 -0.47504016823418399 -0.79462142033949257
  outer loop
   vertex -48.175006866455078 49.392066955566406 -44.062034606933594
   vertex -47.97076416015625 49.392066955566406 -43.964866638183594
   vertex -48.326103210449219 49.036727905273438 -43.921489715576172
  endloop
 endfacet
 facet normal 0.35456314717293291 -0.47038758361376942 -0.8080968356879169
  outer loop
   vertex -48.175006866455078 49.392066955566406 -44.062034606933594
   vertex -48.326103210449219 49.036727905273438 -43.921489715576172
   vertex -48.326103210449219 49.278175354003906 -44.062034606933594
  endloop
 endfacet
 facet normal 0.21422184924776216 -0.49139229024436054 -0.84418162524025064
  outer loop
   vertex -48.326103210449219 49.278175354003906 -44.062034606933594
   vertex -48.326103210449219 49.036727905273438 -43.921489715576172
   vertex -48.681442260742188 49.036727905273438 -44.011661529541016
  endloop
 endfacet
 facet normal 0.15496564412153288 0.55252558180062028 0.81896344887783878
  outer loop
   vertex -47.615425109863281 52.234779357910156 -41.533824920654297
   vertex -47.97076416015625 51.879440307617188 -41.226852416992188
   vertex -47.615425109863281 51.879440307617188 -41.294090270996094
  endloop
 endfacet
 facet normal 0.1585997213509058 0.52184204256014988 0.83816884397122859
  outer loop
   vertex -47.615425109863281 51.879440307617188 -41.294090270996094
   vertex -47.97076416015625 51.879440307617188 -41.226852416992188
   vertex -47.615425109863281 51.759349822998047 -41.219322204589844
  endloop
 endfacet
 facet normal -0.090217385258142838 0.83619397381054783 0.54096253249195436
  outer loop
   vertex -50.458137512207031 51.879440307617188 -41.329658508300781
   vertex -50.102798461914062 52.076278686523438 -41.574661254882812
   vertex -50.458137512207031 52.037940979003906 -41.574661254882812
  endloop
 endfacet
 facet normal -0.089827827085063344 0.8325832928331991 0.54656749077877242
  outer loop
   vertex -50.458137512207031 52.037940979003906 -41.574661254882812
   vertex -50.102798461914062 52.076278686523438 -41.574661254882812
   vertex -50.458137512207031 52.234779357910156 -41.874504089355469
  endloop
 endfacet
 facet normal -0.46167176737085297 0.74154152613227398 0.4868011341750253
  outer loop
   vertex -50.458137512207031 52.037940979003906 -41.574661254882812
   vertex -50.458137512207031 52.234779357910156 -41.874504089355469
   vertex -50.712722778320312 51.879440307617188 -41.574661254882812
  endloop
 endfacet
 facet normal -0.51189921587712595 0.73790162829295181 0.43984131200581189
  outer loop
   vertex -50.712722778320312 51.879440307617188 -41.574661254882812
   vertex -50.458137512207031 52.234779357910156 -41.874504089355469
   vertex -50.8134765625 51.879440307617188 -41.691921234130859
  endloop
 endfacet
 facet normal -0.49109178886094756 0.76208674074003213 0.42196285914946313
  outer loop
   vertex -50.712722778320312 51.879440307617188 -41.574661254882812
   vertex -50.8134765625 51.879440307617188 -41.691921234130859
   vertex -50.8134765625 51.81451416015625 -41.574661254882812
  endloop
 endfacet
 facet normal -0.50306600367633614 0.75608542723096417 0.41863996784121182
  outer loop
   vertex -50.8134765625 51.81451416015625 -41.574661254882812
   vertex -50.8134765625 51.879440307617188 -41.691921234130859
   vertex -51.011600494384766 51.879440307617188 -41.930000305175781
  endloop
 endfacet
 facet normal -0.47968397191023382 0.77614603016514727 0.40926840453583058
  outer loop
   vertex -50.8134765625 51.81451416015625 -41.574661254882812
   vertex -51.011600494384766 51.879440307617188 -41.930000305175781
   vertex -51.168815612792969 51.782276153564453 -41.930000305175781
  endloop
 endfacet
 facet normal -0.49193696109924084 0.79597181020702035 0.3527419788743652
  outer loop
   vertex -51.168815612792969 51.782276153564453 -41.930000305175781
   vertex -51.011600494384766 51.879440307617188 -41.930000305175781
   vertex -51.168815612792969 51.879440307617188 -42.149253845214844
  endloop
 endfacet
 facet normal -0.45957283972603408 0.81197960340309017 0.35983597463776373
  outer loop
   vertex -51.168815612792969 51.782276153564453 -41.930000305175781
   vertex -51.168815612792969 51.879440307617188 -42.149253845214844
   vertex -51.275367736816406 51.879440307617188 -42.28533935546875
  endloop
 endfacet
 facet normal -0.45958721360510124 0.81196648010232053 0.35984722908610439
  outer loop
   vertex -51.275367736816406 51.879440307617188 -42.28533935546875
   vertex -51.168815612792969 51.879440307617188 -42.149253845214844
   vertex -51.168815612792969 51.939750671386719 -42.28533935546875
  endloop
 endfacet
 facet normal -0.48961360184990482 0.8650149985370994 0.10967029310357772
  outer loop
   vertex -51.275367736816406 51.879440307617188 -42.28533935546875
   vertex -51.168815612792969 51.939750671386719 -42.28533935546875
   vertex -51.354961395263672 51.879440307617188 -42.640678405761719
  endloop
 endfacet
 facet normal 0.035740200144348394 0.75312491398752779 0.65690600699409096
  outer loop
   vertex -50.102798461914062 52.076278686523438 -41.574661254882812
   vertex -50.458137512207031 51.879440307617188 -41.329658508300781
   vertex -50.102798461914062 51.879440307617188 -41.348991394042969
  endloop
 endfacet
 facet normal 0.038443028815307957 0.70658408329635669 0.70658408329635669
  outer loop
   vertex -50.102798461914062 51.879440307617188 -41.348991394042969
   vertex -50.458137512207031 51.879440307617188 -41.329658508300781
   vertex -50.102798461914062 51.749771118164062 -41.219322204589844
  endloop
 endfacet
 facet normal -0.46325785027416411 0.74408910737899314 0.48137673857311936
  outer loop
   vertex -50.458137512207031 52.037940979003906 -41.574661254882812
   vertex -50.712722778320312 51.879440307617188 -41.574661254882812
   vertex -50.458137512207031 51.879440307617188 -41.329658508300781
  endloop
 endfacet
 facet normal -0.51526816596350378 0.66919561755609158 0.53542127580843146
  outer loop
   vertex -50.458137512207031 51.879440307617188 -41.329658508300781
   vertex -50.712722778320312 51.879440307617188 -41.574661254882812
   vertex -50.458137512207031 51.791160583496094 -41.219322204589844
  endloop
 endfacet
 facet normal 0.090576513485022547 0.77762232544975585 0.62217313841647937
  outer loop
   vertex -50.458137512207031 51.879440307617188 -41.329658508300781
   vertex -50.458137512207031 51.791160583496094 -41.219322204589844
   vertex -50.102798461914062 51.749771118164062 -41.219322204589844
  endloop
 endfacet
 facet normal 0.072445584375576938 0.62196370364838638 0.77968762247996692
  outer loop
   vertex -50.102798461914062 51.749771118164062 -41.219322204589844
   vertex -50.458137512207031 51.791160583496094 -41.219322204589844
   vertex -50.458137512207031 51.524101257324219 -41.00628662109375
  endloop
 endfacet
 facet normal 0.72561329507558658 0.52673331873074081 0.44276106078611921
  outer loop
   vertex -47.260086059570312 51.972133636474609 -41.574661254882812
   vertex -47.192798614501953 51.879440307617188 -41.574661254882812
   vertex -47.260086059570312 52.234779357910156 -41.887119293212891
  endloop
 endfacet
 facet normal 0.72561887938699487 0.52672990246775486 0.44275597310874459
  outer loop
   vertex -47.260086059570312 52.234779357910156 -41.887119293212891
   vertex -47.192798614501953 51.879440307617188 -41.574661254882812
   vertex -47.233921051025391 52.234779357910156 -41.930000305175781
  endloop
 endfacet
 facet normal 0.82927897098725423 0.44021671022413045 0.34424647611524584
  outer loop
   vertex -47.233921051025391 52.234779357910156 -41.930000305175781
   vertex -47.192798614501953 51.879440307617188 -41.574661254882812
   vertex -47.045291900634766 51.879440307617188 -41.930000305175781
  endloop
 endfacet
 facet normal 0.8100971899281395 0.48026631472454723 0.33628382329727641
  outer loop
   vertex -47.045291900634766 51.879440307617188 -41.930000305175781
   vertex -47.192798614501953 51.879440307617188 -41.574661254882812
   vertex -46.982135772705078 51.524101257324219 -41.574661254882812
  endloop
 endfacet
 facet normal 0.83192515880868134 0.45926786277665266 0.31140578087395243
  outer loop
   vertex -47.045291900634766 51.879440307617188 -41.930000305175781
   vertex -46.982135772705078 51.524101257324219 -41.574661254882812
   vertex -46.904747009277344 51.624855041503906 -41.930000305175781
  endloop
 endfacet
 facet normal 0.79664557975250028 0.51337509006674442 0.31906400166700832
  outer loop
   vertex -46.904747009277344 51.624855041503906 -41.930000305175781
   vertex -46.982135772705078 51.524101257324219 -41.574661254882812
   vertex -46.904747009277344 51.524101257324219 -41.767887115478516
  endloop
 endfacet
 facet normal 0.81740916969680366 0.4892632728962884 0.30407844233091202
  outer loop
   vertex -46.904747009277344 51.624855041503906 -41.930000305175781
   vertex -46.904747009277344 51.524101257324219 -41.767887115478516
   vertex -46.844440460205078 51.524101257324219 -41.930000305175781
  endloop
 endfacet
 facet normal 0.83141662477693323 0.46161299103688608 0.30928925385553185
  outer loop
   vertex -46.844440460205078 51.524101257324219 -41.930000305175781
   vertex -46.904747009277344 51.524101257324219 -41.767887115478516
   vertex -46.779338836669922 51.16876220703125 -41.574661254882812
  endloop
 endfacet
 facet normal 0.95633902124829318 0.27477678545023421 0.099566031433880264
  outer loop
   vertex -46.844440460205078 51.524101257324219 -41.930000305175781
   vertex -46.779338836669922 51.16876220703125 -41.574661254882812
   vertex -46.742343902587891 51.16876220703125 -41.930000305175781
  endloop
 endfacet
 facet normal 0.98414987623014161 0.1447434600574658 0.10246146537498566
  outer loop
   vertex -46.742343902587891 51.16876220703125 -41.930000305175781
   vertex -46.779338836669922 51.16876220703125 -41.574661254882812
   vertex -46.727077484130859 50.813423156738281 -41.574661254882812
  endloop
 endfacet
 facet normal 0.99907836758367441 0.042923366903594898 0
  outer loop
   vertex -46.742343902587891 51.16876220703125 -41.930000305175781
   vertex -46.727077484130859 50.813423156738281 -41.574661254882812
   vertex -46.727077484130859 50.813423156738281 -41.930000305175781
  endloop
 endfacet
 facet normal 1 0 0
  outer loop
   vertex -46.727077484130859 50.813423156738281 -41.930000305175781
   vertex -46.727077484130859 50.813423156738281 -41.574661254882812
   vertex -46.727077484130859 50.458084106445312 -41.574661254882812
  endloop
 endfacet
 facet normal 1 0 0
  outer loop
   vertex -46.727077484130859 50.813423156738281 -41.930000305175781
   vertex -46.727077484130859 50.458084106445312 -41.574661254882812
   vertex -46.727077484130859 50.458084106445312 -41.930000305175781
  endloop
 endfacet
 facet normal -0.015921157511465292 0.67812337548833657 0.73477561497357791
  outer loop
   vertex -49.036781311035156 52.042266845703125 -41.574661254882812
   vertex -48.681442260742188 52.050609588623047 -41.574661254882812
   vertex -49.036781311035156 52.234779357910156 -41.752330780029297
  endloop
 endfacet
 facet normal -0.53764306212981905 0.73515611573046502 0.41289880509365323
  outer loop
   vertex -50.51043701171875 52.234779357910156 -41.930000305175781
   vertex -50.8134765625 52.013156890869141 -41.930000305175781
   vertex -50.8134765625 51.879440307617188 -41.691921234130859
  endloop
 endfacet
 facet normal -0.50715922992697549 0.75144292713083982 0.42204625666496814
  outer loop
   vertex -50.8134765625 51.879440307617188 -41.691921234130859
   vertex -50.8134765625 52.013156890869141 -41.930000305175781
   vertex -51.011600494384766 51.879440307617188 -41.930000305175781
  endloop
 endfacet
 facet normal -0.49440469800729825 0.73381002427579722 0.4659257911520524
  outer loop
   vertex -50.458137512207031 52.234779357910156 -41.874504089355469
   vertex -50.51043701171875 52.234779357910156 -41.930000305175781
   vertex -50.8134765625 51.879440307617188 -41.691921234130859
  endloop
 endfacet
 facet normal 0.86919361486422919 0.46140510861842621 0.17778578576498291
  outer loop
   vertex -47.233921051025391 52.234779357910156 -41.930000305175781
   vertex -47.045291900634766 51.879440307617188 -41.930000305175781
   vertex -47.161239624023438 52.234779357910156 -42.28533935546875
  endloop
 endfacet
 facet normal 0.91777674944259313 0.38726927443468134 0.087797193926816397
  outer loop
   vertex -47.161239624023438 52.234779357910156 -42.28533935546875
   vertex -47.045291900634766 51.879440307617188 -41.930000305175781
   vertex -47.011299133300781 51.879440307617188 -42.28533935546875
  endloop
 endfacet
 facet normal 0.9141428589881061 0.38573590139974773 -0.12470223627656322
  outer loop
   vertex -47.161239624023438 52.234779357910156 -42.28533935546875
   vertex -47.011299133300781 51.879440307617188 -42.28533935546875
   vertex -47.209712982177734 52.234779357910156 -42.640678405761719
  endloop
 endfacet
 facet normal 0.88798227895866477 0.45834756795074139 -0.037483052290557914
  outer loop
   vertex -47.209712982177734 52.234779357910156 -42.640678405761719
   vertex -47.011299133300781 51.879440307617188 -42.28533935546875
   vertex -47.026298522949219 51.879440307617188 -42.640678405761719
  endloop
 endfacet
 facet normal 0.88483751157249368 0.45672434131956058 -0.092007902706292791
  outer loop
   vertex -47.209712982177734 52.234779357910156 -42.640678405761719
   vertex -47.026298522949219 51.879440307617188 -42.640678405761719
   vertex -47.063247680664062 51.879440307617188 -42.996017456054688
  endloop
 endfacet
 facet normal 0.78426501659146231 0.61504306065032011 -0.081550090721469723
  outer loop
   vertex -47.063247680664062 51.879440307617188 -42.996017456054688
   vertex -47.026298522949219 51.879440307617188 -42.640678405761719
   vertex -46.904747009277344 51.677330017089844 -42.996017456054688
  endloop
 endfacet
 facet normal 0.78155713728739418 0.61291946423863253 -0.11618163156265737
  outer loop
   vertex -47.063247680664062 51.879440307617188 -42.996017456054688
   vertex -46.904747009277344 51.677330017089844 -42.996017456054688
   vertex -46.904747009277344 51.609973907470703 -43.351356506347656
  endloop
 endfacet
 facet normal 0.81624440118572295 0.56759954724954231 -0.10759103817268029
  outer loop
   vertex -46.904747009277344 51.609973907470703 -43.351356506347656
   vertex -46.904747009277344 51.677330017089844 -42.996017456054688
   vertex -46.798194885253906 51.524101257324219 -42.996017456054688
  endloop
 endfacet
 facet normal 0.81375253165881778 0.57148122131376877 -0.10590576426516207
  outer loop
   vertex -46.904747009277344 51.609973907470703 -43.351356506347656
   vertex -46.798194885253906 51.524101257324219 -42.996017456054688
   vertex -46.844440460205078 51.524101257324219 -43.351356506347656
  endloop
 endfacet
 facet normal 0.97266621759773619 0.1946689886706881 -0.12658757440619814
  outer loop
   vertex -46.844440460205078 51.524101257324219 -43.351356506347656
   vertex -46.798194885253906 51.524101257324219 -42.996017456054688
   vertex -46.727077484130859 51.16876220703125 -42.996017456054688
  endloop
 endfacet
 facet normal 0.96029651054364462 0.27591385730746221 -0.041257183415949174
  outer loop
   vertex -46.844440460205078 51.524101257324219 -43.351356506347656
   vertex -46.727077484130859 51.16876220703125 -42.996017456054688
   vertex -46.742343902587891 51.16876220703125 -43.351356506347656
  endloop
 endfacet
 facet normal 0.99907836758367441 0 -0.042923366903594898
  outer loop
   vertex -46.742343902587891 51.16876220703125 -43.351356506347656
   vertex -46.727077484130859 51.16876220703125 -42.996017456054688
   vertex -46.727077484130859 50.813423156738281 -42.996017456054688
  endloop
 endfacet
 facet normal 0.99907836758367441 0.042923366903594898 0
  outer loop
   vertex -46.742343902587891 51.16876220703125 -43.351356506347656
   vertex -46.727077484130859 50.813423156738281 -42.996017456054688
   vertex -46.727077484130859 50.813423156738281 -43.351356506347656
  endloop
 endfacet
 facet normal 1 0 0
  outer loop
   vertex -46.727077484130859 50.813423156738281 -43.351356506347656
   vertex -46.727077484130859 50.813423156738281 -42.996017456054688
   vertex -46.727077484130859 50.458084106445312 -42.996017456054688
  endloop
 endfacet
 facet normal 1 0 0
  outer loop
   vertex -46.727077484130859 50.813423156738281 -43.351356506347656
   vertex -46.727077484130859 50.458084106445312 -42.996017456054688
   vertex -46.727077484130859 50.458084106445312 -43.351356506347656
  endloop
 endfacet
 facet normal -0.51920881405322727 0.76929644183044155 0.37229718236438958
  outer loop
   vertex -51.011600494384766 51.879440307617188 -41.930000305175781
   vertex -50.8134765625 52.013156890869141 -41.930000305175781
   vertex -51.168815612792969 51.879440307617188 -42.149253845214844
  endloop
 endfacet
 facet normal -0.51072135379784034 0.78601454531308812 0.34834585304142857
  outer loop
   vertex -51.168815612792969 51.879440307617188 -42.149253845214844
   vertex -50.8134765625 52.013156890869141 -41.930000305175781
   vertex -51.168815612792969 51.939750671386719 -42.28533935546875
  endloop
 endfacet
 facet normal 0.72846063735550592 0.61070966039324937 -0.310449368699587
  outer loop
   vertex -47.209712982177734 52.234779357910156 -42.640678405761719
   vertex -47.063247680664062 51.879440307617188 -42.996017456054688
   vertex -47.260086059570312 52.114231109619141 -42.996017456054688
  endloop
 endfacet
 facet normal 0.76130480153756597 0.63824477667124413 -0.11427424997662919
  outer loop
   vertex -47.260086059570312 52.114231109619141 -42.996017456054688
   vertex -47.063247680664062 51.879440307617188 -42.996017456054688
   vertex -47.260086059570312 52.050609588623047 -43.351356506347656
  endloop
 endfacet
 facet normal 0.73144967068881561 0.67731349462058543 -0.078916470106522779
  outer loop
   vertex -47.063247680664062 51.879440307617188 -42.996017456054688
   vertex -47.101585388183594 51.879440307617188 -43.351356506347656
   vertex -47.260086059570312 52.050609588623047 -43.351356506347656
  endloop
 endfacet
 facet normal 0.71476627435206896 0.66186487261992089 -0.22592933284697395
  outer loop
   vertex -47.260086059570312 52.050609588623047 -43.351356506347656
   vertex -47.101585388183594 51.879440307617188 -43.351356506347656
   vertex -47.260086059570312 51.929313659667969 -43.706695556640625
  endloop
 endfacet
 facet normal -0.53360644278796521 0.78874546578936844 0.305196255566621
  outer loop
   vertex -51.524154663085938 51.879440307617188 -43.158126831054688
   vertex -51.168815612792969 52.057109832763672 -42.996017456054688
   vertex -51.524154663085938 51.954208374023438 -43.351356506347656
  endloop
 endfacet
 facet normal -0.48615677259446 0.83938209425541599 0.24308289183718843
  outer loop
   vertex -51.524154663085938 51.954208374023438 -43.351356506347656
   vertex -51.168815612792969 52.057109832763672 -42.996017456054688
   vertex -51.168815612792969 52.160015106201172 -43.351356506347656
  endloop
 endfacet
 facet normal -0.48615783747515312 0.83938393284295953 0.24307441318774917
  outer loop
   vertex -51.524154663085938 51.954208374023438 -43.351356506347656
   vertex -51.168815612792969 52.160015106201172 -43.351356506347656
   vertex -51.524154663085938 52.057109832763672 -43.706695556640625
  endloop
 endfacet
 facet normal -0.50213584855416793 0.8065172779762122 0.31207285995841905
  outer loop
   vertex -51.524154663085938 51.879440307617188 -43.158126831054688
   vertex -51.524154663085938 51.954208374023438 -43.351356506347656
   vertex -51.644245147705078 51.879440307617188 -43.351356506347656
  endloop
 endfacet
 facet normal -0.51116573145889888 0.82102083632946921 0.25423292724379309
  outer loop
   vertex -51.644245147705078 51.879440307617188 -43.351356506347656
   vertex -51.524154663085938 51.954208374023438 -43.351356506347656
   vertex -51.820976257324219 51.879440307617188 -43.706695556640625
  endloop
 endfacet
 facet normal 0.7592582096174525 0.59891616305528439 -0.25461029193580637
  outer loop
   vertex -47.101585388183594 51.879440307617188 -43.351356506347656
   vertex -47.220745086669922 51.879440307617188 -43.706695556640625
   vertex -47.260086059570312 51.929313659667969 -43.706695556640625
  endloop
 endfacet
 facet normal 0.67603456271676099 0.53326789393437024 -0.50852986471903405
  outer loop
   vertex -47.260086059570312 51.929313659667969 -43.706695556640625
   vertex -47.220745086669922 51.879440307617188 -43.706695556640625
   vertex -47.260086059570312 51.879440307617188 -43.758995056152344
  endloop
 endfacet
 facet normal 0.6586252420422799 0.54455838580945215 -0.51929659635833536
  outer loop
   vertex -47.260086059570312 51.929313659667969 -43.706695556640625
   vertex -47.260086059570312 51.879440307617188 -43.758995056152344
   vertex -47.615425109863281 52.234779357910156 -43.837047576904297
  endloop
 endfacet
 facet normal 0.65309530393514714 0.5354748005171942 -0.5354748005171942
  outer loop
   vertex -47.615425109863281 52.234779357910156 -43.837047576904297
   vertex -47.260086059570312 51.879440307617188 -43.758995056152344
   vertex -47.615425109863281 52.009792327880859 -44.062034606933594
  endloop
 endfacet
 facet normal 0.61685384898858098 0.55654798938994143 -0.55654798938994143
  outer loop
   vertex -47.615425109863281 52.234779357910156 -43.837047576904297
   vertex -47.615425109863281 52.009792327880859 -44.062034606933594
   vertex -47.818416595458984 52.234779357910156 -44.062034606933594
  endloop
 endfacet
 facet normal -0.49843913920865646 0.83271174281965765 0.24114223577627769
  outer loop
   vertex -51.524154663085938 51.954208374023438 -43.351356506347656
   vertex -51.524154663085938 52.057109832763672 -43.706695556640625
   vertex -51.820976257324219 51.879440307617188 -43.706695556640625
  endloop
 endfacet
 facet normal -0.45685614488259763 0.76324158096220984 0.45688592884145302
  outer loop
   vertex -51.820976257324219 51.879440307617188 -43.706695556640625
   vertex -51.524154663085938 52.057109832763672 -43.706695556640625
   vertex -51.879493713378906 51.879440307617188 -43.765209197998047
  endloop
 endfacet
 facet normal 0.65454895556519654 0.52927459516028053 -0.53984633710569119
  outer loop
   vertex -47.615425109863281 52.009792327880859 -44.062034606933594
   vertex -47.260086059570312 51.879440307617188 -43.758995056152344
   vertex -47.510021209716797 51.879440307617188 -44.062034606933594
  endloop
 endfacet
 facet normal 0.70378356838710654 0.40958865681828455 -0.58045311703367108
  outer loop
   vertex -47.510021209716797 51.879440307617188 -44.062034606933594
   vertex -47.260086059570312 51.879440307617188 -43.758995056152344
   vertex -47.260086059570312 51.524101257324219 -44.009735107421875
  endloop
 endfacet
 facet normal 0.71502538504151181 0.42075578589012808 -0.55830392026764286
  outer loop
   vertex -47.510021209716797 51.879440307617188 -44.062034606933594
   vertex -47.260086059570312 51.524101257324219 -44.009735107421875
   vertex -47.300922393798828 51.524101257324219 -44.062034606933594
  endloop
 endfacet
 facet normal 0.67124086071291811 0.52415445429511909 -0.52411622275213621
  outer loop
   vertex -47.300922393798828 51.524101257324219 -44.062034606933594
   vertex -47.260086059570312 51.524101257324219 -44.009735107421875
   vertex -47.260086059570312 51.471805572509766 -44.062034606933594
  endloop
 endfacet
 facet normal 0.72575964458894549 0.5667267485100782 -0.38999196249323159
  outer loop
   vertex -47.300922393798828 51.524101257324219 -44.062034606933594
   vertex -47.260086059570312 51.471805572509766 -44.062034606933594
   vertex -47.260086059570312 51.227279663085938 -44.417373657226562
  endloop
 endfacet
 facet normal 0.74782606534256579 0.54691152860956416 -0.37635615561354452
  outer loop
   vertex -47.260086059570312 51.227279663085938 -44.417373657226562
   vertex -47.260086059570312 51.471805572509766 -44.062034606933594
   vertex -47.038459777832031 51.16876220703125 -44.062034606933594
  endloop
 endfacet
 facet normal 0.76357268573711035 0.51334583494177444 -0.39170500040738399
  outer loop
   vertex -47.260086059570312 51.227279663085938 -44.417373657226562
   vertex -47.038459777832031 51.16876220703125 -44.062034606933594
   vertex -47.220745086669922 51.16876220703125 -44.417373657226562
  endloop
 endfacet
 facet normal 0.88044382751250805 0.14430204953981171 -0.45165870421562204
  outer loop
   vertex -47.220745086669922 51.16876220703125 -44.417373657226562
   vertex -47.038459777832031 51.16876220703125 -44.062034606933594
   vertex -47.162506103515625 50.813423156738281 -44.417373657226562
  endloop
 endfacet
 facet normal -0.45685894119275094 0.76325606168865578 0.45685894119275094
  outer loop
   vertex -51.879493713378906 51.879440307617188 -43.765209197998047
   vertex -51.524154663085938 52.057109832763672 -43.706695556640625
   vertex -51.879493713378906 52.057109832763672 -44.062034606933594
  endloop
 endfacet
 facet normal -0.31932354011447622 0.8922247213889094 0.31932354011447622
  outer loop
   vertex -51.879493713378906 52.057109832763672 -44.062034606933594
   vertex -51.524154663085938 52.057109832763672 -43.706695556640625
   vertex -51.524154663085938 52.184284210205078 -44.062034606933594
  endloop
 endfacet
 facet normal -0.14832721377196051 0.86063784495191986 0.48713605644743851
  outer loop
   vertex -52.590171813964844 51.879440307617188 -43.955482482910156
   vertex -52.234832763671875 52.000991821289062 -44.062034606933594
   vertex -52.590171813964844 51.939750671386719 -44.062034606933594
  endloop
 endfacet
 facet normal -0.15611694479821595 0.90583614102116705 0.39381262697728614
  outer loop
   vertex -52.590171813964844 51.939750671386719 -44.062034606933594
   vertex -52.234832763671875 52.000991821289062 -44.062034606933594
   vertex -52.590171813964844 52.094234466552734 -44.417373657226562
  endloop
 endfacet
 facet normal -0.33987477284100626 0.86248767510664814 0.37496686396987577
  outer loop
   vertex -52.590171813964844 51.939750671386719 -44.062034606933594
   vertex -52.590171813964844 52.094234466552734 -44.417373657226562
   vertex -52.945510864257812 51.954208374023438 -44.417373657226562
  endloop
 endfacet
 facet normal -0.36126301241515923 0.91676382179072335 0.17039111161205361
  outer loop
   vertex -52.945510864257812 51.954208374023438 -44.417373657226562
   vertex -52.590171813964844 52.094234466552734 -44.417373657226562
   vertex -52.945510864257812 52.020252227783203 -44.772712707519531
  endloop
 endfacet
 facet normal -0.64465319373810448 0.75160348654692943 0.13969416170249049
  outer loop
   vertex -52.945510864257812 51.954208374023438 -44.417373657226562
   vertex -52.945510864257812 52.020252227783203 -44.772712707519531
   vertex -53.109683990478516 51.879440307617188 -44.772712707519531
  endloop
 endfacet
 facet normal -0.63721341654553543 0.74292942345163515 -0.20497544619828689
  outer loop
   vertex -53.109683990478516 51.879440307617188 -44.772712707519531
   vertex -52.945510864257812 52.020252227783203 -44.772712707519531
   vertex -52.995380401611328 51.879440307617188 -45.1280517578125
  endloop
 endfacet
 facet normal -0.6650176824609485 0.71553475300409042 -0.21391937560128674
  outer loop
   vertex -53.109683990478516 51.879440307617188 -44.772712707519531
   vertex -52.995380401611328 51.879440307617188 -45.1280517578125
   vertex -53.300849914550781 51.701770782470703 -44.772712707519531
  endloop
 endfacet
 facet normal -0.63080571203156544 0.75863614385365352 -0.1629581385117311
  outer loop
   vertex -53.300849914550781 51.701770782470703 -44.772712707519531
   vertex -52.995380401611328 51.879440307617188 -45.1280517578125
   vertex -53.300849914550781 51.625442504882812 -45.1280517578125
  endloop
 endfacet
 facet normal -0.69910209141545188 0.69907577574536917 -0.1501643284690187
  outer loop
   vertex -53.300849914550781 51.701770782470703 -44.772712707519531
   vertex -53.300849914550781 51.625442504882812 -45.1280517578125
   vertex -53.402187347412109 51.524101257324219 -45.1280517578125
  endloop
 endfacet
 facet normal -0.61965766625575203 0.61963434104058013 -0.48174439286169307
  outer loop
   vertex -53.402187347412109 51.524101257324219 -45.1280517578125
   vertex -53.300849914550781 51.625442504882812 -45.1280517578125
   vertex -53.300849914550781 51.524101257324219 -45.258399963378906
  endloop
 endfacet
 facet normal -0.67829691542160409 0.51169672928201193 -0.52733267656350336
  outer loop
   vertex -53.402187347412109 51.524101257324219 -45.1280517578125
   vertex -53.300849914550781 51.524101257324219 -45.258399963378906
   vertex -53.65618896484375 51.187400817871094 -45.1280517578125
  endloop
 endfacet
 facet normal -0.67158523623565336 0.49550472385715799 -0.55086145182390756
  outer loop
   vertex -53.65618896484375 51.187400817871094 -45.1280517578125
   vertex -53.300849914550781 51.524101257324219 -45.258399963378906
   vertex -53.65618896484375 51.16876220703125 -45.144817352294922
  endloop
 endfacet
 facet normal -0.12155974581927047 0.83108813628332134 0.54269304208315572
  outer loop
   vertex -52.234832763671875 52.000991821289062 -44.062034606933594
   vertex -52.590171813964844 51.879440307617188 -43.955482482910156
   vertex -52.234832763671875 51.879440307617188 -43.875888824462891
  endloop
 endfacet
 facet normal -0.11852383404353414 0.84021635130467109 0.52913947477379375
  outer loop
   vertex -52.234832763671875 51.879440307617188 -43.875888824462891
   vertex -52.590171813964844 51.879440307617188 -43.955482482910156
   vertex -52.234832763671875 51.77288818359375 -43.706695556640625
  endloop
 endfacet
 facet normal -0.16470287873579958 0.83462480438688558 0.52561811007450432
  outer loop
   vertex -52.234832763671875 51.879440307617188 -43.875888824462891
   vertex -52.234832763671875 51.77288818359375 -43.706695556640625
   vertex -51.879493713378906 51.843009948730469 -43.706695556640625
  endloop
 endfacet
 facet normal -0.18801363530148291 0.95275106780182417 0.23857132213073054
  outer loop
   vertex -51.879493713378906 51.843009948730469 -43.706695556640625
   vertex -52.234832763671875 51.77288818359375 -43.706695556640625
   vertex -51.879493713378906 51.754032135009766 -43.351356506347656
  endloop
 endfacet
 facet normal 0.47398374813613658 0.54047787107609824 -0.69514248710596593
  outer loop
   vertex -47.967136383056641 51.879440307617188 -44.417373657226562
   vertex -47.97076416015625 51.882621765136719 -44.417373657226562
   vertex -47.615425109863281 51.879440307617188 -44.177558898925781
  endloop
 endfacet
 facet normal 0.49526208857554604 0.47475967099720667 -0.72754293235135759
  outer loop
   vertex -47.615425109863281 51.879440307617188 -44.177558898925781
   vertex -47.97076416015625 51.882621765136719 -44.417373657226562
   vertex -47.97076416015625 52.234779357910156 -44.187572479248047
  endloop
 endfacet
 facet normal 0.51712046924191024 0.46774766478874719 -0.7167974207373381
  outer loop
   vertex -47.97076416015625 52.234779357910156 -44.187572479248047
   vertex -47.97076416015625 51.882621765136719 -44.417373657226562
   vertex -48.289299011230469 52.234779357910156 -44.417373657226562
  endloop
 endfacet
 facet normal 0.58773890826651898 0.53162370897862632 -0.60986818884205551
  outer loop
   vertex -48.289299011230469 52.234779357910156 -44.417373657226562
   vertex -47.97076416015625 51.882621765136719 -44.417373657226562
   vertex -47.97076416015625 51.879440307617188 -44.420146942138672
  endloop
 endfacet
 facet normal 0.49928762081105327 0.56933156761548165 -0.65312589737456905
  outer loop
   vertex -47.97076416015625 51.882621765136719 -44.417373657226562
   vertex -47.967136383056641 51.879440307617188 -44.417373657226562
   vertex -47.97076416015625 51.879440307617188 -44.420146942138672
  endloop
 endfacet
 facet normal 0.41312664642441482 0.73299073749032273 -0.54041738755105706
  outer loop
   vertex -47.97076416015625 51.879440307617188 -44.420146942138672
   vertex -47.967136383056641 51.879440307617188 -44.417373657226562
   vertex -47.615425109863281 51.681209564208984 -44.417373657226562
  endloop
 endfacet
 facet normal 0.43988431450726945 0.78234686169705214 -0.44094804438079005
  outer loop
   vertex -47.97076416015625 51.879440307617188 -44.420146942138672
   vertex -47.615425109863281 51.681209564208984 -44.417373657226562
   vertex -47.615425109863281 51.524101257324219 -44.696121215820312
  endloop
 endfacet
 facet normal 0.13052211331482302 0.43113127486616015 -0.89279885851635798
  outer loop
   vertex -48.326103210449219 52.234779357910156 -44.442619323730469
   vertex -48.326103210449219 51.879440307617188 -44.614212036132812
   vertex -48.681442260742188 51.879440307617188 -44.666160583496094
  endloop
 endfacet
 facet normal 0.12440208818098249 0.5103244422192984 -0.8509365923086003
  outer loop
   vertex -48.681442260742188 51.879440307617188 -44.666160583496094
   vertex -48.326103210449219 51.879440307617188 -44.614212036132812
   vertex -48.681442260742188 51.701770782470703 -44.772712707519531
  endloop
 endfacet
 facet normal 0 0.51431973529565989 -0.85759851322480873
  outer loop
   vertex -48.681442260742188 51.879440307617188 -44.666160583496094
   vertex -48.681442260742188 51.701770782470703 -44.772712707519531
   vertex -49.036781311035156 51.701770782470703 -44.772712707519531
  endloop
 endfacet
 facet normal 0 0.51431973529565989 -0.85759851322480873
  outer loop
   vertex -49.036781311035156 51.701770782470703 -44.772712707519531
   vertex -48.681442260742188 51.701770782470703 -44.772712707519531
   vertex -48.681442260742188 51.524101257324219 -44.879264831542969
  endloop
 endfacet
 facet normal 0 0.51431973529565989 -0.85759851322480873
  outer loop
   vertex -49.036781311035156 51.701770782470703 -44.772712707519531
   vertex -48.681442260742188 51.524101257324219 -44.879264831542969
   vertex -49.036781311035156 51.524101257324219 -44.879264831542969
  endloop
 endfacet
 facet normal 0 0.19624771608187738 -0.98055435032059635
  outer loop
   vertex -49.036781311035156 51.524101257324219 -44.879264831542969
   vertex -48.681442260742188 51.524101257324219 -44.879264831542969
   vertex -49.036781311035156 51.16876220703125 -44.950382232666016
  endloop
 endfacet
 facet normal 0 0.19624771608187738 -0.98055435032059635
  outer loop
   vertex -49.036781311035156 51.524101257324219 -44.879264831542969
   vertex -49.036781311035156 51.16876220703125 -44.950382232666016
   vertex -49.392120361328125 51.16876220703125 -44.950382232666016
  endloop
 endfacet
 facet normal -0 -0.14550927912771366 -0.98935688691580492
  outer loop
   vertex -49.392120361328125 51.16876220703125 -44.950382232666016
   vertex -49.036781311035156 51.16876220703125 -44.950382232666016
   vertex -49.392120361328125 50.813423156738281 -44.898120880126953
  endloop
 endfacet
 facet normal 0.14399288659414911 -0.14399288659414911 -0.97904652454342989
  outer loop
   vertex -49.392120361328125 51.16876220703125 -44.950382232666016
   vertex -49.392120361328125 50.813423156738281 -44.898120880126953
   vertex -49.747459411621094 50.813423156738281 -44.950382232666016
  endloop
 endfacet
 facet normal 0.14550927912771366 0 -0.98935688691580492
  outer loop
   vertex -49.747459411621094 50.813423156738281 -44.950382232666016
   vertex -49.392120361328125 50.813423156738281 -44.898120880126953
   vertex -49.747459411621094 50.458084106445312 -44.950382232666016
  endloop
 endfacet
 facet normal -0.036771394232561379 0.63310095955286616 -0.77319534373884702
  outer loop
   vertex -50.102798461914062 52.234779357910156 -44.552070617675781
   vertex -49.747459411621094 52.234779357910156 -44.5689697265625
   vertex -50.102798461914062 51.965312957763672 -44.772712707519531
  endloop
 endfacet
 facet normal 0 0.60310845010795244 -0.79765919878628821
  outer loop
   vertex -50.102798461914062 51.965312957763672 -44.772712707519531
   vertex -49.747459411621094 52.234779357910156 -44.5689697265625
   vertex -49.747459411621094 51.965312957763672 -44.772712707519531
  endloop
 endfacet
 facet normal 0 0.57471331080096422 -0.81835481937127619
  outer loop
   vertex -50.102798461914062 51.965312957763672 -44.772712707519531
   vertex -49.747459411621094 51.965312957763672 -44.772712707519531
   vertex -49.747459411621094 51.879440307617188 -44.833019256591797
  endloop
 endfacet
 facet normal -0.16377191949473482 0.62497564498223968 -0.76327203640906682
  outer loop
   vertex -50.102798461914062 51.965312957763672 -44.772712707519531
   vertex -50.430500030517578 51.879440307617188 -44.772712707519531
   vertex -50.102798461914062 52.234779357910156 -44.552070617675781
  endloop
 endfacet
 facet normal -0.1545684359778122 0.62012328075200895 -0.76912659248574822
  outer loop
   vertex -50.102798461914062 52.234779357910156 -44.552070617675781
   vertex -50.430500030517578 51.879440307617188 -44.772712707519531
   vertex -50.458137512207031 51.879440307617188 -44.767158508300781
  endloop
 endfacet
 facet normal 0.15749187872473783 0.60101716199757127 -0.78356536365522034
  outer loop
   vertex -50.8134765625 51.965312957763672 -44.772712707519531
   vertex -50.458137512207031 51.879440307617188 -44.767158508300781
   vertex -50.485771179199219 51.879440307617188 -44.772712707519531
  endloop
 endfacet
 facet normal 0.1751228320563622 0.4584711945848528 -0.87128420014854924
  outer loop
   vertex -50.485771179199219 51.879440307617188 -44.772712707519531
   vertex -50.458137512207031 51.879440307617188 -44.767158508300781
   vertex -50.458137512207031 51.868885040283203 -44.772712707519531
  endloop
 endfacet
 facet normal 0.14480207231949452 0.37909151134167629 -0.9139595099787865
  outer loop
   vertex -50.485771179199219 51.879440307617188 -44.772712707519531
   vertex -50.458137512207031 51.868885040283203 -44.772712707519531
   vertex -50.458137512207031 51.524101257324219 -44.915721893310547
  endloop
 endfacet
 facet normal -0.16581832659582449 0.37782552774538281 -0.91090732412736897
  outer loop
   vertex -50.458137512207031 51.524101257324219 -44.915721893310547
   vertex -50.458137512207031 51.868885040283203 -44.772712707519531
   vertex -50.102798461914062 51.879440307617188 -44.833019256591797
  endloop
 endfacet
 facet normal -0.052384315118528174 0.27576982884191348 -0.95979523078105811
  outer loop
   vertex -50.458137512207031 51.524101257324219 -44.915721893310547
   vertex -50.102798461914062 51.879440307617188 -44.833019256591797
   vertex -50.102798461914062 51.524101257324219 -44.935115814208984
  endloop
 endfacet
 facet normal 0 0.27614898161481566 -0.96111484222911669
  outer loop
   vertex -50.102798461914062 51.524101257324219 -44.935115814208984
   vertex -50.102798461914062 51.879440307617188 -44.833019256591797
   vertex -49.747459411621094 51.879440307617188 -44.833019256591797
  endloop
 endfacet
 facet normal 0 0.27614898161481566 -0.96111484222911669
  outer loop
   vertex -50.102798461914062 51.524101257324219 -44.935115814208984
   vertex -49.747459411621094 51.879440307617188 -44.833019256591797
   vertex -49.747459411621094 51.524101257324219 -44.935115814208984
  endloop
 endfacet
 facet normal 0.012992575420057818 0.88543029513720506 -0.46459055676713462
  outer loop
   vertex -51.168815612792969 52.234779357910156 -44.543521881103516
   vertex -51.524154663085938 52.119735717773438 -44.772712707519531
   vertex -51.524154663085938 52.234779357910156 -44.553459167480469
  endloop
 endfacet
 facet normal 0.33528303740972787 0.83424974614326453 -0.4377358174575226
  outer loop
   vertex -51.524154663085938 52.234779357910156 -44.553459167480469
   vertex -51.524154663085938 52.119735717773438 -44.772712707519531
   vertex -51.810405731201172 52.234779357910156 -44.772712707519531
  endloop
 endfacet
 facet normal -0.21835506446485198 0.94199857003885101 0.25487204606882718
  outer loop
   vertex -52.234832763671875 52.174472808837891 -44.417373657226562
   vertex -52.389430999755859 52.234779357910156 -44.772712707519531
   vertex -52.590171813964844 52.188247680664062 -44.772712707519531
  endloop
 endfacet
 facet normal -0.19717773839064495 0.85063814783824476 -0.48737632372271705
  outer loop
   vertex -52.590171813964844 52.188247680664062 -44.772712707519531
   vertex -52.389430999755859 52.234779357910156 -44.772712707519531
   vertex -52.234832763671875 52.234779357910156 -44.835258483886719
  endloop
 endfacet
 facet normal -0.20311614930338984 0.80831881620333246 -0.55259797435731373
  outer loop
   vertex -52.590171813964844 52.188247680664062 -44.772712707519531
   vertex -52.234832763671875 52.234779357910156 -44.835258483886719
   vertex -52.234832763671875 52.034614562988281 -45.1280517578125
  endloop
 endfacet
 facet normal 0 0.57471331080096422 -0.81835481937127619
  outer loop
   vertex -49.747459411621094 51.879440307617188 -44.833019256591797
   vertex -50.102798461914062 51.879440307617188 -44.833019256591797
   vertex -50.102798461914062 51.965312957763672 -44.772712707519531
  endloop
 endfacet
 facet normal -0.14892156293580688 0.56830468944073964 -0.80922935441840027
  outer loop
   vertex -50.102798461914062 51.965312957763672 -44.772712707519531
   vertex -50.102798461914062 51.879440307617188 -44.833019256591797
   vertex -50.430500030517578 51.879440307617188 -44.772712707519531
  endloop
 endfacet
 facet normal 0.14891986784010089 0.56830483615440031 -0.80922956332922424
  outer loop
   vertex -50.8134765625 51.965312957763672 -44.772712707519531
   vertex -50.485771179199219 51.879440307617188 -44.772712707519531
   vertex -50.8134765625 51.879440307617188 -44.833019256591797
  endloop
 endfacet
 facet normal 0.16746576908350372 0.37926362782896061 -0.91000786633483899
  outer loop
   vertex -50.8134765625 51.879440307617188 -44.833019256591797
   vertex -50.485771179199219 51.879440307617188 -44.772712707519531
   vertex -50.458137512207031 51.524101257324219 -44.915721893310547
  endloop
 endfacet
 facet normal 0.092225716399160107 0.31228443657677307 -0.94550137382586008
  outer loop
   vertex -50.8134765625 51.879440307617188 -44.833019256591797
   vertex -50.458137512207031 51.524101257324219 -44.915721893310547
   vertex -50.8134765625 51.524101257324219 -44.950382232666016
  endloop
 endfacet
 facet normal 0.092226008731383688 0.31227527609740474 -0.94550437082636929
  outer loop
   vertex -50.8134765625 51.524101257324219 -44.950382232666016
   vertex -50.458137512207031 51.524101257324219 -44.915721893310547
   vertex -50.8134765625 51.16876220703125 -45.067741394042969
  endloop
 endfacet
 facet normal 0.24668255876891179 0.30392010414182741 -0.92020665369124721
  outer loop
   vertex -50.8134765625 51.524101257324219 -44.950382232666016
   vertex -50.8134765625 51.16876220703125 -45.067741394042969
   vertex -51.168815612792969 51.524101257324219 -45.045639038085938
  endloop
 endfacet
 facet normal 0.34234611587684816 0.39536245723009711 -0.85234245720661794
  outer loop
   vertex -51.168815612792969 51.524101257324219 -45.045639038085938
   vertex -50.8134765625 51.16876220703125 -45.067741394042969
   vertex -51.168815612792969 51.346431732177734 -45.1280517578125
  endloop
 endfacet
 facet normal 0.38785066259930107 0.38785066259930107 -0.83614814897993184
  outer loop
   vertex -51.168815612792969 51.524101257324219 -45.045639038085938
   vertex -51.168815612792969 51.346431732177734 -45.1280517578125
   vertex -51.346485137939453 51.524101257324219 -45.1280517578125
  endloop
 endfacet
 facet normal 0.38783811080231245 0.38783811080231245 -0.83615979311288724
  outer loop
   vertex -51.346485137939453 51.524101257324219 -45.1280517578125
   vertex -51.168815612792969 51.346431732177734 -45.1280517578125
   vertex -51.168815612792969 51.16876220703125 -45.210460662841797
  endloop
 endfacet
 facet normal 0.37855102653784839 0.58216160245634441 -0.71957417194657736
  outer loop
   vertex -51.778331756591797 51.879440307617188 -45.1280517578125
   vertex -51.879493713378906 51.945220947265625 -45.1280517578125
   vertex -51.524154663085938 51.879440307617188 -44.994335174560547
  endloop
 endfacet
 facet normal 0.36308185502663265 0.69120876839587675 -0.62482157856709364
  outer loop
   vertex -51.524154663085938 51.879440307617188 -44.994335174560547
   vertex -51.879493713378906 51.945220947265625 -45.1280517578125
   vertex -51.879493713378906 52.234779357910156 -44.807727813720703
  endloop
 endfacet
 facet normal -0.0091985957461582744 0.91446018543718599 -0.40457132261998791
  outer loop
   vertex -52.590171813964844 52.188247680664062 -44.772712707519531
   vertex -52.234832763671875 52.034614562988281 -45.1280517578125
   vertex -52.590171813964844 52.031040191650391 -45.1280517578125
  endloop
 endfacet
 facet normal -0.006202858671592276 0.61664491489735374 -0.78721697992074302
  outer loop
   vertex -52.590171813964844 52.031040191650391 -45.1280517578125
   vertex -52.234832763671875 52.034614562988281 -45.1280517578125
   vertex -52.234832763671875 51.879440307617188 -45.249603271484375
  endloop
 endfacet
 facet normal 0.05968132898224051 0.70583746902255862 -0.70585523040829146
  outer loop
   vertex -52.590171813964844 52.031040191650391 -45.1280517578125
   vertex -52.234832763671875 51.879440307617188 -45.249603271484375
   vertex -52.590171813964844 51.879440307617188 -45.279647827148438
  endloop
 endfacet
 facet normal 0.077553294171493592 0.3907402005222459 -0.91722820620551393
  outer loop
   vertex -52.590171813964844 51.879440307617188 -45.279647827148438
   vertex -52.234832763671875 51.879440307617188 -45.249603271484375
   vertex -52.234832763671875 51.524101257324219 -45.400978088378906
  endloop
 endfacet
 facet normal 0.31401805716895476 0.57260142169133632 -0.75731121188643147
  outer loop
   vertex -52.590171813964844 51.879440307617188 -45.279647827148438
   vertex -52.234832763671875 51.524101257324219 -45.400978088378906
   vertex -52.590171813964844 51.609973907470703 -45.483390808105469
  endloop
 endfacet
 facet normal 0.31123046594669074 0.53234498071215763 -0.78723847630637211
  outer loop
   vertex -52.590171813964844 51.609973907470703 -45.483390808105469
   vertex -52.234832763671875 51.524101257324219 -45.400978088378906
   vertex -52.443290710449219 51.524101257324219 -45.483390808105469
  endloop
 endfacet
 facet normal 0.31850247488411348 0.54478340779787238 -0.77573656100562371
  outer loop
   vertex -52.590171813964844 51.609973907470703 -45.483390808105469
   vertex -52.443290710449219 51.524101257324219 -45.483390808105469
   vertex -52.590171813964844 51.524101257324219 -45.543697357177734
  endloop
 endfacet
 facet normal 0.35506510309934747 0.35506510309934747 -0.86478757225234193
  outer loop
   vertex -52.590171813964844 51.524101257324219 -45.543697357177734
   vertex -52.443290710449219 51.524101257324219 -45.483390808105469
   vertex -52.234832763671875 51.16876220703125 -45.543697357177734
  endloop
 endfacet
 facet normal 0.26618599207190691 0.26618599207190691 -0.92643943960163389
  outer loop
   vertex -52.590171813964844 51.524101257324219 -45.543697357177734
   vertex -52.234832763671875 51.16876220703125 -45.543697357177734
   vertex -52.590171813964844 51.16876220703125 -45.645793914794922
  endloop
 endfacet
 facet normal 0.27591385730746221 0.041257183415949174 -0.96029651054364462
  outer loop
   vertex -52.590171813964844 51.16876220703125 -45.645793914794922
   vertex -52.234832763671875 51.16876220703125 -45.543697357177734
   vertex -52.590171813964844 50.813423156738281 -45.661060333251953
  endloop
 endfacet
 facet normal -0.27754877620831991 0.87856963006099842 -0.38869278609172092
  outer loop
   vertex -52.590171813964844 52.188247680664062 -44.772712707519531
   vertex -52.590171813964844 52.031040191650391 -45.1280517578125
   vertex -52.945510864257812 51.918785095214844 -45.1280517578125
  endloop
 endfacet
 facet normal -0.21800630875133425 0.69009031366387275 -0.69010767879506718
  outer loop
   vertex -52.945510864257812 51.918785095214844 -45.1280517578125
   vertex -52.590171813964844 52.031040191650391 -45.1280517578125
   vertex -52.590171813964844 51.879440307617188 -45.279647827148438
  endloop
 endfacet
 facet normal -0.17458202367640036 0.77304693276996272 -0.60985207775656991
  outer loop
   vertex -52.945510864257812 51.918785095214844 -45.1280517578125
   vertex -52.590171813964844 51.879440307617188 -45.279647827148438
   vertex -52.945510864257812 51.879440307617188 -45.177925109863281
  endloop
 endfacet
 facet normal -0.19323081691050142 0.71206873535870674 -0.67499627222730096
  outer loop
   vertex -52.945510864257812 51.879440307617188 -45.177925109863281
   vertex -52.590171813964844 51.879440307617188 -45.279647827148438
   vertex -52.945510864257812 51.589878082275391 -45.483390808105469
  endloop
 endfacet
 facet normal 0.15576670778235688 0.60912978626723069 -0.77762306822051241
  outer loop
   vertex -52.234832763671875 52.034614562988281 -45.1280517578125
   vertex -51.879493713378906 51.879440307617188 -45.178424835205078
   vertex -52.234832763671875 51.879440307617188 -45.249603271484375
  endloop
 endfacet
 facet normal 0.18123443547169271 0.3854303482709529 -0.90476379571189114
  outer loop
   vertex -52.234832763671875 51.879440307617188 -45.249603271484375
   vertex -51.879493713378906 51.879440307617188 -45.178424835205078
   vertex -52.234832763671875 51.524101257324219 -45.400978088378906
  endloop
 endfacet
 facet normal 0.51360513373995276 0.51360513373995276 0.68732782076090193
  outer loop
   vertex -47.225070953369141 51.524101257324219 -41.219322204589844
   vertex -47.260086059570312 51.559116363525391 -41.219322204589844
   vertex -47.260086059570312 51.524101257324219 -41.193157196044922
  endloop
 endfacet
 facet normal 0.21833075503481483 0.58414771872102811 0.78173085145652677
  outer loop
   vertex -47.260086059570312 51.524101257324219 -41.193157196044922
   vertex -47.260086059570312 51.559116363525391 -41.219322204589844
   vertex -47.615425109863281 51.524101257324219 -41.093914031982422
  endloop
 endfacet
 facet normal 0.26633819603764031 0.14025343195401571 0.95362096251945716
  outer loop
   vertex -47.260086059570312 51.524101257324219 -41.193157196044922
   vertex -47.615425109863281 51.524101257324219 -41.093914031982422
   vertex -47.615425109863281 51.16876220703125 -41.041652679443359
  endloop
 endfacet
 facet normal 0 0.14550927912771366 0.98935688691580492
  outer loop
   vertex -47.615425109863281 51.16876220703125 -41.041652679443359
   vertex -47.615425109863281 51.524101257324219 -41.093914031982422
   vertex -47.97076416015625 51.16876220703125 -41.041652679443359
  endloop
 endfacet
 facet normal -0 0 1
  outer loop
   vertex -47.615425109863281 51.16876220703125 -41.041652679443359
   vertex -47.97076416015625 51.16876220703125 -41.041652679443359
   vertex -47.97076416015625 50.813423156738281 -41.041652679443359
  endloop
 endfacet
 facet normal 0 0 1
  outer loop
   vertex -47.97076416015625 50.813423156738281 -41.041652679443359
   vertex -47.97076416015625 51.16876220703125 -41.041652679443359
   vertex -48.326103210449219 50.813423156738281 -41.041652679443359
  endloop
 endfacet
 facet normal -0 0 1
  outer loop
   vertex -47.97076416015625 50.813423156738281 -41.041652679443359
   vertex -48.326103210449219 50.813423156738281 -41.041652679443359
   vertex -48.326103210449219 50.458084106445312 -41.041652679443359
  endloop
 endfacet
 facet normal 0.25894029240130845 0 0.96589333001689415
  outer loop
   vertex -48.326103210449219 50.458084106445312 -41.041652679443359
   vertex -48.326103210449219 50.813423156738281 -41.041652679443359
   vertex -48.681442260742188 50.458084106445312 -40.946392059326172
  endloop
 endfacet
 facet normal 0.25894029240130845 0 0.96589333001689415
  outer loop
   vertex -48.326103210449219 50.458084106445312 -41.041652679443359
   vertex -48.681442260742188 50.458084106445312 -40.946392059326172
   vertex -48.326103210449219 50.102745056152344 -41.041652679443359
  endloop
 endfacet
 facet normal 0.52784004453132904 0.31654972255448166 0.7881504682101288
  outer loop
   vertex -48.326103210449219 50.102745056152344 -41.041652679443359
   vertex -48.681442260742188 50.458084106445312 -40.946392059326172
   vertex -48.591392517089844 50.102745056152344 -40.863983154296875
  endloop
 endfacet
 facet normal 0.55426455700871402 0.088646627700652944 0.82760653467770284
  outer loop
   vertex -48.326103210449219 50.102745056152344 -41.041652679443359
   vertex -48.591392517089844 50.102745056152344 -40.863983154296875
   vertex -48.534561157226562 49.747406005859375 -40.863983154296875
  endloop
 endfacet
 facet normal 0.55425476640906057 0.08864506183534282 0.82761325927334317
  outer loop
   vertex -48.534561157226562 49.747406005859375 -40.863983154296875
   vertex -48.591392517089844 50.102745056152344 -40.863983154296875
   vertex -48.681442260742188 50.102745056152344 -40.803676605224609
  endloop
 endfacet
 facet normal 0.58396492605790307 0.10476538773571366 0.80499017302497133
  outer loop
   vertex -48.534561157226562 49.747406005859375 -40.863983154296875
   vertex -48.681442260742188 50.102745056152344 -40.803676605224609
   vertex -48.681442260742188 49.747406005859375 -40.757431030273438
  endloop
 endfacet
 facet normal 0.1946689886706881 0.12658757440619814 0.97266621759773619
  outer loop
   vertex -48.681442260742188 49.747406005859375 -40.757431030273438
   vertex -48.681442260742188 50.102745056152344 -40.803676605224609
   vertex -49.036781311035156 49.747406005859375 -40.686313629150391
  endloop
 endfacet
 facet normal 0.19624771608187738 0 0.98055435032059635
  outer loop
   vertex -48.681442260742188 49.747406005859375 -40.757431030273438
   vertex -49.036781311035156 49.747406005859375 -40.686313629150391
   vertex -49.036781311035156 49.392066955566406 -40.686313629150391
  endloop
 endfacet
 facet normal 0.14550927912771366 0 0.98935688691580492
  outer loop
   vertex -49.036781311035156 49.392066955566406 -40.686313629150391
   vertex -49.036781311035156 49.747406005859375 -40.686313629150391
   vertex -49.392120361328125 49.392066955566406 -40.634052276611328
  endloop
 endfacet
 facet normal 0.1447434600574658 -0.10246146537498566 0.98414987623014161
  outer loop
   vertex -49.036781311035156 49.392066955566406 -40.686313629150391
   vertex -49.392120361328125 49.392066955566406 -40.634052276611328
   vertex -49.392120361328125 49.036727905273438 -40.671047210693359
  endloop
 endfacet
 facet normal 0.10300117990605147 -0.10300117990605147 0.9893338738140538
  outer loop
   vertex -49.392120361328125 49.036727905273438 -40.671047210693359
   vertex -49.392120361328125 49.392066955566406 -40.634052276611328
   vertex -49.747459411621094 49.036727905273438 -40.634052276611328
  endloop
 endfacet
 facet normal 0.10246146537498566 -0.1447434600574658 0.98414987623014161
  outer loop
   vertex -49.392120361328125 49.036727905273438 -40.671047210693359
   vertex -49.747459411621094 49.036727905273438 -40.634052276611328
   vertex -49.747459411621094 48.681388854980469 -40.686313629150391
  endloop
 endfacet
 facet normal 0.042467356976190161 -0.14537800863913172 0.98846434341132272
  outer loop
   vertex -49.747459411621094 48.681388854980469 -40.686313629150391
   vertex -49.747459411621094 49.036727905273438 -40.634052276611328
   vertex -50.102798461914062 48.681388854980469 -40.671047210693359
  endloop
 endfacet
 facet normal 0.041710736743691468 -0.23601689994025318 0.97085335524109451
  outer loop
   vertex -49.747459411621094 48.681388854980469 -40.686313629150391
   vertex -50.102798461914062 48.681388854980469 -40.671047210693359
   vertex -50.102798461914062 48.3260498046875 -40.757431030273438
  endloop
 endfacet
 facet normal 0 -0.23622247762217052 0.9716989971519181
  outer loop
   vertex -50.102798461914062 48.3260498046875 -40.757431030273438
   vertex -50.102798461914062 48.681388854980469 -40.671047210693359
   vertex -50.458137512207031 48.3260498046875 -40.757431030273438
  endloop
 endfacet
 facet normal 0 -0.58719628774035704 0.80944457479431142
  outer loop
   vertex -50.102798461914062 48.3260498046875 -40.757431030273438
   vertex -50.458137512207031 48.3260498046875 -40.757431030273438
   vertex -50.458137512207031 48.179168701171875 -40.863983154296875
  endloop
 endfacet
 facet normal -0.10030774225542144 -0.584234739641875 0.80536210851964607
  outer loop
   vertex -50.458137512207031 48.179168701171875 -40.863983154296875
   vertex -50.458137512207031 48.3260498046875 -40.757431030273438
   vertex -50.8134765625 48.240177154541016 -40.863983154296875
  endloop
 endfacet
 facet normal -0.11068564930590193 -0.64468006207995776 0.75639692264994896
  outer loop
   vertex -50.458137512207031 48.179168701171875 -40.863983154296875
   vertex -50.8134765625 48.240177154541016 -40.863983154296875
   vertex -50.458137512207031 47.970710754394531 -41.041652679443359
  endloop
 endfacet
 facet normal -0.043519756233006239 -0.58930266665002773 0.80673936181184702
  outer loop
   vertex -50.458137512207031 47.970710754394531 -41.041652679443359
   vertex -50.8134765625 48.240177154541016 -40.863983154296875
   vertex -50.8134765625 47.970710754394531 -41.060821533203125
  endloop
 endfacet
 facet normal -0.039550711021697493 -0.67890087482817285 0.73316392670072061
  outer loop
   vertex -50.458137512207031 47.970710754394531 -41.041652679443359
   vertex -50.8134765625 47.970710754394531 -41.060821533203125
   vertex -50.8134765625 47.799541473388672 -41.219322204589844
  endloop
 endfacet
 facet normal -0.030576569868659247 -0.67911480287687376 0.73339495354724915
  outer loop
   vertex -50.8134765625 47.799541473388672 -41.219322204589844
   vertex -50.8134765625 47.970710754394531 -41.060821533203125
   vertex -51.168815612792969 47.815540313720703 -41.219322204589844
  endloop
 endfacet
 facet normal -0.031820762552109368 -0.70674869616809421 0.70674869616809421
  outer loop
   vertex -50.8134765625 47.799541473388672 -41.219322204589844
   vertex -51.168815612792969 47.815540313720703 -41.219322204589844
   vertex -50.8134765625 47.615371704101562 -41.403491973876953
  endloop
 endfacet
 facet normal 0.01367989193398614 -0.66376279296182661 0.74781803618005216
  outer loop
   vertex -50.8134765625 47.615371704101562 -41.403491973876953
   vertex -51.168815612792969 47.815540313720703 -41.219322204589844
   vertex -51.168815612792969 47.615371704101562 -41.396991729736328
  endloop
 endfacet
 facet normal 0.012934075856591551 -0.70704763265346415 0.70704763265346415
  outer loop
   vertex -50.8134765625 47.615371704101562 -41.403491973876953
   vertex -51.168815612792969 47.615371704101562 -41.396991729736328
   vertex -51.168815612792969 47.437702178955078 -41.574661254882812
  endloop
 endfacet
 facet normal -0.012934075856591551 -0.70704763265346415 0.70704763265346415
  outer loop
   vertex -51.168815612792969 47.437702178955078 -41.574661254882812
   vertex -51.168815612792969 47.615371704101562 -41.396991729736328
   vertex -51.524154663085938 47.444202423095703 -41.574661254882812
  endloop
 endfacet
 facet normal -0.013921023539635632 -0.76099961427057461 0.64860295418973046
  outer loop
   vertex -51.168815612792969 47.437702178955078 -41.574661254882812
   vertex -51.524154663085938 47.444202423095703 -41.574661254882812
   vertex -51.168815612792969 47.260032653808594 -41.783119201660156
  endloop
 endfacet
 facet normal 0 -0.74941627732285521 0.66209911892673079
  outer loop
   vertex -51.168815612792969 47.260032653808594 -41.783119201660156
   vertex -51.524154663085938 47.444202423095703 -41.574661254882812
   vertex -51.524154663085938 47.260032653808594 -41.783119201660156
  endloop
 endfacet
 facet normal 0 -0.80944457479431142 0.58719628774035704
  outer loop
   vertex -51.168815612792969 47.260032653808594 -41.783119201660156
   vertex -51.524154663085938 47.260032653808594 -41.783119201660156
   vertex -51.524154663085938 47.153480529785156 -41.930000305175781
  endloop
 endfacet
 facet normal -0.12693784110774742 -0.80289671346415914 0.58244626533557275
  outer loop
   vertex -51.524154663085938 47.153480529785156 -41.930000305175781
   vertex -51.524154663085938 47.260032653808594 -41.783119201660156
   vertex -51.879493713378906 47.209659576416016 -41.930000305175781
  endloop
 endfacet
 facet normal -0.14909806777194856 -0.94306274278244095 0.29732546033316937
  outer loop
   vertex -51.524154663085938 47.153480529785156 -41.930000305175781
   vertex -51.879493713378906 47.209659576416016 -41.930000305175781
   vertex -51.879493713378906 47.097629547119141 -42.28533935546875
  endloop
 endfacet
 facet normal -0.098807789947830821 -0.94905605626319256 0.29921501084634933
  outer loop
   vertex -51.879493713378906 47.097629547119141 -42.28533935546875
   vertex -51.879493713378906 47.209659576416016 -41.930000305175781
   vertex -52.234832763671875 47.134624481201172 -42.28533935546875
  endloop
 endfacet
 facet normal -0.10246146537498566 -0.98414987623014161 0.1447434600574658
  outer loop
   vertex -51.879493713378906 47.097629547119141 -42.28533935546875
   vertex -52.234832763671875 47.134624481201172 -42.28533935546875
   vertex -52.234832763671875 47.082363128662109 -42.640678405761719
  endloop
 endfacet
 facet normal -0.28524003740470727 -0.94825515646853964 0.13946425811721946
  outer loop
   vertex -52.234832763671875 47.082363128662109 -42.640678405761719
   vertex -52.234832763671875 47.134624481201172 -42.28533935546875
   vertex -52.590171813964844 47.189250946044922 -42.640678405761719
  endloop
 endfacet
 facet normal -0.28471176915734503 -0.94649897562479268 -0.1519174040211087
  outer loop
   vertex -52.234832763671875 47.082363128662109 -42.640678405761719
   vertex -52.590171813964844 47.189250946044922 -42.640678405761719
   vertex -52.590171813964844 47.246284484863281 -42.996017456054688
  endloop
 endfacet
 facet normal -0.70261541252008475 -0.7025775458850797 -0.11276690164817849
  outer loop
   vertex -52.590171813964844 47.246284484863281 -42.996017456054688
   vertex -52.590171813964844 47.189250946044922 -42.640678405761719
   vertex -52.66094970703125 47.260032653808594 -42.640678405761719
  endloop
 endfacet
 facet normal 0.11748733558973121 0.38986659934393014 0.91334591513403351
  outer loop
   vertex -47.97076416015625 51.524101257324219 -41.073196411132812
   vertex -47.615425109863281 51.759349822998047 -41.219322204589844
   vertex -47.97076416015625 51.866432189941406 -41.219322204589844
  endloop
 endfacet
 facet normal 0.14928474591806912 0.49538221232831531 0.85575144074952136
  outer loop
   vertex -47.97076416015625 51.866432189941406 -41.219322204589844
   vertex -47.615425109863281 51.759349822998047 -41.219322204589844
   vertex -47.97076416015625 51.879440307617188 -41.226852416992188
  endloop
 endfacet
 facet normal -0.053545991302947814 0.39202228766559372 0.91839607620504304
  outer loop
   vertex -47.97076416015625 51.866432189941406 -41.219322204589844
   vertex -48.326103210449219 51.524101257324219 -41.093914031982422
   vertex -47.97076416015625 51.524101257324219 -41.073196411132812
  endloop
 endfacet
 facet normal -0.057587549300267223 0.1452678006653767 0.98771500963356507
  outer loop
   vertex -47.97076416015625 51.524101257324219 -41.073196411132812
   vertex -48.326103210449219 51.524101257324219 -41.093914031982422
   vertex -48.326103210449219 51.16876220703125 -41.041652679443359
  endloop
 endfacet
 facet normal -0.19722009605934157 0.56342550291135574 0.80228170637216334
  outer loop
   vertex -48.681442260742188 51.524101257324219 -41.159015655517578
   vertex -48.326103210449219 51.734355926513672 -41.219322204589844
   vertex -48.681442260742188 51.609973907470703 -41.219322204589844
  endloop
 endfacet
 facet normal -0.20220846580532828 0.57767645800669598 0.79082339761889531
  outer loop
   vertex -48.681442260742188 51.609973907470703 -41.219322204589844
   vertex -48.326103210449219 51.734355926513672 -41.219322204589844
   vertex -48.681442260742188 51.879440307617188 -41.416160583496094
  endloop
 endfacet
 facet normal -0.15333514192241562 0.5828859620647151 0.79795506733119015
  outer loop
   vertex -48.681442260742188 51.609973907470703 -41.219322204589844
   vertex -48.681442260742188 51.879440307617188 -41.416160583496094
   vertex -49.036781311035156 51.524101257324219 -41.224876403808594
  endloop
 endfacet
 facet normal -0.050194913782962522 0.5118555441448247 0.85760385526099758
  outer loop
   vertex -49.036781311035156 51.524101257324219 -41.224876403808594
   vertex -48.681442260742188 51.879440307617188 -41.416160583496094
   vertex -49.036781311035156 51.879440307617188 -41.436958312988281
  endloop
 endfacet
 facet normal 0.050194913782962522 0.5118555441448247 0.85760385526099758
  outer loop
   vertex -49.036781311035156 51.524101257324219 -41.224876403808594
   vertex -49.036781311035156 51.879440307617188 -41.436958312988281
   vertex -49.392120361328125 51.879440307617188 -41.416160583496094
  endloop
 endfacet
 facet normal -0.14892156293580688 0.56830468944073964 0.80922935441840027
  outer loop
   vertex -48.681442260742188 51.524101257324219 -41.159015655517578
   vertex -48.681442260742188 51.609973907470703 -41.219322204589844
   vertex -49.009143829345703 51.524101257324219 -41.219322204589844
  endloop
 endfacet
 facet normal -0.1574791931318951 0.60096175585249201 0.78361040813226646
  outer loop
   vertex -49.009143829345703 51.524101257324219 -41.219322204589844
   vertex -48.681442260742188 51.609973907470703 -41.219322204589844
   vertex -49.036781311035156 51.524101257324219 -41.224876403808594
  endloop
 endfacet
 facet normal -0.17258576003467627 0.48240116954136947 0.85878010401870164
  outer loop
   vertex -49.009143829345703 51.524101257324219 -41.219322204589844
   vertex -49.036781311035156 51.524101257324219 -41.224876403808594
   vertex -49.036781311035156 51.514213562011719 -41.219322204589844
  endloop
 endfacet
 facet normal 0.20199277201130295 0.47965490421665496 0.85389114816591316
  outer loop
   vertex -49.036781311035156 51.514213562011719 -41.219322204589844
   vertex -49.036781311035156 51.524101257324219 -41.224876403808594
   vertex -49.060260772705078 51.524101257324219 -41.219322204589844
  endloop
 endfacet
 facet normal 0.19484903008412816 0.46269127321288922 0.86484139653922087
  outer loop
   vertex -49.036781311035156 51.514213562011719 -41.219322204589844
   vertex -49.060260772705078 51.524101257324219 -41.219322204589844
   vertex -49.392120361328125 51.524101257324219 -41.144554138183594
  endloop
 endfacet
 facet normal 0.17619998759980829 0.59776617093340567 0.78206724087986335
  outer loop
   vertex -49.392120361328125 51.524101257324219 -41.144554138183594
   vertex -49.060260772705078 51.524101257324219 -41.219322204589844
   vertex -49.392120361328125 51.621921539306641 -41.219322204589844
  endloop
 endfacet
 facet normal 0.18401939721013336 0.59689669937486467 0.7809296970443701
  outer loop
   vertex -49.392120361328125 51.524101257324219 -41.144554138183594
   vertex -49.392120361328125 51.621921539306641 -41.219322204589844
   vertex -49.747459411621094 51.524101257324219 -41.060821533203125
  endloop
 endfacet
 facet normal 0.13888899360723225 0.67284739725991705 0.72662660800119705
  outer loop
   vertex -49.747459411621094 51.524101257324219 -41.060821533203125
   vertex -49.392120361328125 51.621921539306641 -41.219322204589844
   vertex -49.747459411621094 51.695270538330078 -41.219322204589844
  endloop
 endfacet
 facet normal 0.078916470106522779 0.67731349462058543 0.73144967068881561
  outer loop
   vertex -49.747459411621094 51.524101257324219 -41.060821533203125
   vertex -49.747459411621094 51.695270538330078 -41.219322204589844
   vertex -50.102798461914062 51.524101257324219 -41.022483825683594
  endloop
 endfacet
 facet normal -0.31866018395859774 0.6832833694522209 0.65694712434829361
  outer loop
   vertex -50.8134765625 51.524101257324219 -41.113918304443359
   vertex -50.458137512207031 51.791160583496094 -41.219322204589844
   vertex -50.8134765625 51.625442504882812 -41.219322204589844
  endloop
 endfacet
 facet normal -0.38070827092100157 0.81632925363222908 0.43435902444474289
  outer loop
   vertex -50.8134765625 51.625442504882812 -41.219322204589844
   vertex -50.458137512207031 51.791160583496094 -41.219322204589844
   vertex -50.8134765625 51.81451416015625 -41.574661254882812
  endloop
 endfacet
 facet normal -0.43280452134446779 0.79584154848665911 0.42345776177340599
  outer loop
   vertex -50.8134765625 51.625442504882812 -41.219322204589844
   vertex -50.8134765625 51.81451416015625 -41.574661254882812
   vertex -51.168815612792969 51.621269226074219 -41.574661254882812
  endloop
 endfacet
 facet normal -0.44388050411730751 0.81620808082686236 0.36983032171185592
  outer loop
   vertex -51.168815612792969 51.621269226074219 -41.574661254882812
   vertex -50.8134765625 51.81451416015625 -41.574661254882812
   vertex -51.168815612792969 51.782276153564453 -41.930000305175781
  endloop
 endfacet
 facet normal -0.28868898083465544 0.87207739540628348 0.39514514898457331
  outer loop
   vertex -51.168815612792969 51.621269226074219 -41.574661254882812
   vertex -51.168815612792969 51.782276153564453 -41.930000305175781
   vertex -51.524154663085938 51.664646148681641 -41.930000305175781
  endloop
 endfacet
 facet normal -0.30566911761475402 0.92337132915470022 0.23227522259530797
  outer loop
   vertex -51.524154663085938 51.664646148681641 -41.930000305175781
   vertex -51.168815612792969 51.782276153564453 -41.930000305175781
   vertex -51.524154663085938 51.754032135009766 -42.28533935546875
  endloop
 endfacet
 facet normal -0.18124378720253309 0.95372606360388412 0.23991099433565446
  outer loop
   vertex -51.524154663085938 51.664646148681641 -41.930000305175781
   vertex -51.524154663085938 51.754032135009766 -42.28533935546875
   vertex -51.879493713378906 51.686504364013672 -42.28533935546875
  endloop
 endfacet
 facet normal -0.18653019682163355 0.98154377098266665 0.04217002867925531
  outer loop
   vertex -51.879493713378906 51.686504364013672 -42.28533935546875
   vertex -51.524154663085938 51.754032135009766 -42.28533935546875
   vertex -51.879493713378906 51.701770782470703 -42.640678405761719
  endloop
 endfacet
 facet normal 0 0.99907836758367441 0.042923366903594898
  outer loop
   vertex -51.879493713378906 51.686504364013672 -42.28533935546875
   vertex -51.879493713378906 51.701770782470703 -42.640678405761719
   vertex -52.234832763671875 51.701770782470703 -42.640678405761719
  endloop
 endfacet
 facet normal 0 1 0
  outer loop
   vertex -52.234832763671875 51.701770782470703 -42.640678405761719
   vertex -51.879493713378906 51.701770782470703 -42.640678405761719
   vertex -52.234832763671875 51.701770782470703 -42.996017456054688
  endloop
 endfacet
 facet normal 0 1 -0
  outer loop
   vertex -52.234832763671875 51.701770782470703 -42.640678405761719
   vertex -52.234832763671875 51.701770782470703 -42.996017456054688
   vertex -52.590171813964844 51.701770782470703 -42.996017456054688
  endloop
 endfacet
 facet normal 0 1 0
  outer loop
   vertex -52.590171813964844 51.701770782470703 -42.996017456054688
   vertex -52.234832763671875 51.701770782470703 -42.996017456054688
   vertex -52.590171813964844 51.701770782470703 -43.351356506347656
  endloop
 endfacet
 facet normal 0 1 -0
  outer loop
   vertex -52.590171813964844 51.701770782470703 -42.996017456054688
   vertex -52.590171813964844 51.701770782470703 -43.351356506347656
   vertex -52.945510864257812 51.701770782470703 -43.351356506347656
  endloop
 endfacet
 facet normal 0 0.99907836758367441 0.042923366903594898
  outer loop
   vertex -52.945510864257812 51.701770782470703 -43.351356506347656
   vertex -52.590171813964844 51.701770782470703 -43.351356506347656
   vertex -52.945510864257812 51.717037200927734 -43.706695556640625
  endloop
 endfacet
 facet normal -0.23601689994025318 0.97085335524109451 0.041710736743691468
  outer loop
   vertex -52.945510864257812 51.701770782470703 -43.351356506347656
   vertex -52.945510864257812 51.717037200927734 -43.706695556640625
   vertex -53.300849914550781 51.630653381347656 -43.706695556640625
  endloop
 endfacet
 facet normal -0.23602401968701284 0.97088264225415088 0.040982399885596578
  outer loop
   vertex -53.300849914550781 51.630653381347656 -43.706695556640625
   vertex -52.945510864257812 51.717037200927734 -43.706695556640625
   vertex -53.300849914550781 51.645652770996094 -44.062034606933594
  endloop
 endfacet
 facet normal -0.58144471913385087 0.8128620530547489 0.034312115862708242
  outer loop
   vertex -53.300849914550781 51.630653381347656 -43.706695556640625
   vertex -53.300849914550781 51.645652770996094 -44.062034606933594
   vertex -53.470779418945312 51.524101257324219 -44.062034606933594
  endloop
 endfacet
 facet normal -0.58174058539754214 0.81327567527990552 0.012671515273984036
  outer loop
   vertex -53.470779418945312 51.524101257324219 -44.062034606933594
   vertex -53.300849914550781 51.645652770996094 -44.062034606933594
   vertex -53.478519439697266 51.524101257324219 -44.417373657226562
  endloop
 endfacet
 facet normal -0.59617975236720067 0.80274595351567779 0.012986030247483092
  outer loop
   vertex -53.470779418945312 51.524101257324219 -44.062034606933594
   vertex -53.478519439697266 51.524101257324219 -44.417373657226562
   vertex -53.65618896484375 51.386402130126953 -44.062034606933594
  endloop
 endfacet
 facet normal -0.6773999439349091 0.73359923707229957 -0.054419438842400324
  outer loop
   vertex -53.65618896484375 51.386402130126953 -44.062034606933594
   vertex -53.478519439697266 51.524101257324219 -44.417373657226562
   vertex -53.65618896484375 51.360042572021484 -44.417373657226562
  endloop
 endfacet
 facet normal -0.68559698025186666 0.72598653571651794 -0.053854717786378306
  outer loop
   vertex -53.65618896484375 51.386402130126953 -44.062034606933594
   vertex -53.65618896484375 51.360042572021484 -44.417373657226562
   vertex -53.858737945556641 51.16876220703125 -44.417373657226562
  endloop
 endfacet
 facet normal -0.6783361185445822 0.71829792565984651 -0.15462276763346339
  outer loop
   vertex -53.858737945556641 51.16876220703125 -44.417373657226562
   vertex -53.65618896484375 51.360042572021484 -44.417373657226562
   vertex -53.777740478515625 51.16876220703125 -44.772712707519531
  endloop
 endfacet
 facet normal -0.944570038257041 0.24784949946407508 -0.21530923910157543
  outer loop
   vertex -53.858737945556641 51.16876220703125 -44.417373657226562
   vertex -53.777740478515625 51.16876220703125 -44.772712707519531
   vertex -53.870979309082031 50.813423156738281 -44.772712707519531
  endloop
 endfacet
 facet normal -0.92777859394586626 0.2434435254237774 -0.28277576017946421
  outer loop
   vertex -53.870979309082031 50.813423156738281 -44.772712707519531
   vertex -53.777740478515625 51.16876220703125 -44.772712707519531
   vertex -53.669437408447266 51.16876220703125 -45.1280517578125
  endloop
 endfacet
 facet normal -0.88281008684369644 0.03208064566791103 -0.46863331373319489
  outer loop
   vertex -53.870979309082031 50.813423156738281 -44.772712707519531
   vertex -53.669437408447266 51.16876220703125 -45.1280517578125
   vertex -53.682350158691406 50.813423156738281 -45.1280517578125
  endloop
 endfacet
 facet normal -0.2304169398705177 0.60682240912495589 0.76070664359166129
  outer loop
   vertex -50.458137512207031 51.791160583496094 -41.219322204589844
   vertex -50.8134765625 51.524101257324219 -41.113918304443359
   vertex -50.458137512207031 51.524101257324219 -41.00628662109375
  endloop
 endfacet
 facet normal -0.23363279307326187 0.59200984815608615 0.77132357521794592
  outer loop
   vertex -50.458137512207031 51.524101257324219 -41.00628662109375
   vertex -50.8134765625 51.524101257324219 -41.113918304443359
   vertex -50.458137512207031 51.338695526123047 -40.863983154296875
  endloop
 endfacet
 facet normal -0.44700699789155324 0.6448335910636902 0.61997934132669807
  outer loop
   vertex -50.8134765625 51.524101257324219 -41.113918304443359
   vertex -50.8134765625 51.625442504882812 -41.219322204589844
   vertex -50.959667205810547 51.524101257324219 -41.219322204589844
  endloop
 endfacet
 facet normal -0.4882198521797223 0.70428553019210638 0.51538652281528841
  outer loop
   vertex -50.959667205810547 51.524101257324219 -41.219322204589844
   vertex -50.8134765625 51.625442504882812 -41.219322204589844
   vertex -51.168815612792969 51.524101257324219 -41.417446136474609
  endloop
 endfacet
 facet normal -0.46824222552430217 0.73240661014552422 0.49429725434316413
  outer loop
   vertex -50.959667205810547 51.524101257324219 -41.219322204589844
   vertex -51.168815612792969 51.524101257324219 -41.417446136474609
   vertex -51.168815612792969 51.390388488769531 -41.219322204589844
  endloop
 endfacet
 facet normal -0.37229089657841086 0.76930540011427995 0.51920004784268903
  outer loop
   vertex -51.168815612792969 51.390388488769531 -41.219322204589844
   vertex -51.168815612792969 51.524101257324219 -41.417446136474609
   vertex -51.388069152832031 51.524101257324219 -41.574661254882812
  endloop
 endfacet
 facet normal -0.34833041289003525 0.78602942307793766 0.51070898710676904
  outer loop
   vertex -51.168815612792969 51.390388488769531 -41.219322204589844
   vertex -51.388069152832031 51.524101257324219 -41.574661254882812
   vertex -51.524154663085938 51.463794708251953 -41.574661254882812
  endloop
 endfacet
 facet normal -0.35541541637210983 0.80201717778851578 0.48005033937826158
  outer loop
   vertex -51.524154663085938 51.463794708251953 -41.574661254882812
   vertex -51.388069152832031 51.524101257324219 -41.574661254882812
   vertex -51.524154663085938 51.524101257324219 -41.6754150390625
  endloop
 endfacet
 facet normal -0.21703777751712339 0.83758701547709369 0.50134079689828004
  outer loop
   vertex -51.524154663085938 51.463794708251953 -41.574661254882812
   vertex -51.524154663085938 51.524101257324219 -41.6754150390625
   vertex -51.879493713378906 51.524101257324219 -41.829246520996094
  endloop
 endfacet
 facet normal -0.20479269152989868 0.85690044587745751 0.47305557744408233
  outer loop
   vertex -51.879493713378906 51.524101257324219 -41.829246520996094
   vertex -51.524154663085938 51.524101257324219 -41.6754150390625
   vertex -51.524154663085938 51.664646148681641 -41.930000305175781
  endloop
 endfacet
 facet normal -0.19020294023957318 0.84236218719708278 0.50423088670247906
  outer loop
   vertex -51.879493713378906 51.524101257324219 -41.829246520996094
   vertex -51.524154663085938 51.664646148681641 -41.930000305175781
   vertex -51.879493713378906 51.58441162109375 -41.930000305175781
  endloop
 endfacet
 facet normal -0.21208087401682374 0.93925419173047742 0.26985786294452785
  outer loop
   vertex -51.879493713378906 51.58441162109375 -41.930000305175781
   vertex -51.524154663085938 51.664646148681641 -41.930000305175781
   vertex -51.879493713378906 51.686504364013672 -42.28533935546875
  endloop
 endfacet
 facet normal -0.099566312309456978 0.95634171907877064 0.27476729390987803
  outer loop
   vertex -51.879493713378906 51.58441162109375 -41.930000305175781
   vertex -51.879493713378906 51.686504364013672 -42.28533935546875
   vertex -52.234832763671875 51.649509429931641 -42.28533935546875
  endloop
 endfacet
 facet normal -0.10246146537498566 0.98414987623014161 0.1447434600574658
  outer loop
   vertex -52.234832763671875 51.649509429931641 -42.28533935546875
   vertex -51.879493713378906 51.686504364013672 -42.28533935546875
   vertex -52.234832763671875 51.701770782470703 -42.640678405761719
  endloop
 endfacet
 facet normal -0.042467356976190161 0.98846434341132272 0.14537800863913172
  outer loop
   vertex -52.234832763671875 51.649509429931641 -42.28533935546875
   vertex -52.234832763671875 51.701770782470703 -42.640678405761719
   vertex -52.590171813964844 51.686504364013672 -42.640678405761719
  endloop
 endfacet
 facet normal -0.042883880121850286 0.99815927869823939 0.042883880121850286
  outer loop
   vertex -52.590171813964844 51.686504364013672 -42.640678405761719
   vertex -52.234832763671875 51.701770782470703 -42.640678405761719
   vertex -52.590171813964844 51.701770782470703 -42.996017456054688
  endloop
 endfacet
 facet normal 0 0.99907836758367441 0.042923366903594898
  outer loop
   vertex -52.590171813964844 51.686504364013672 -42.640678405761719
   vertex -52.590171813964844 51.701770782470703 -42.996017456054688
   vertex -52.945510864257812 51.701770782470703 -42.996017456054688
  endloop
 endfacet
 facet normal 0 1 0
  outer loop
   vertex -52.945510864257812 51.701770782470703 -42.996017456054688
   vertex -52.590171813964844 51.701770782470703 -42.996017456054688
   vertex -52.945510864257812 51.701770782470703 -43.351356506347656
  endloop
 endfacet
 facet normal -0.19624771608187738 0.98055435032059635 0
  outer loop
   vertex -52.945510864257812 51.701770782470703 -42.996017456054688
   vertex -52.945510864257812 51.701770782470703 -43.351356506347656
   vertex -53.300849914550781 51.630653381347656 -43.351356506347656
  endloop
 endfacet
 facet normal -0.19624771608187738 0.98055435032059635 0
  outer loop
   vertex -53.300849914550781 51.630653381347656 -43.351356506347656
   vertex -52.945510864257812 51.701770782470703 -43.351356506347656
   vertex -53.300849914550781 51.630653381347656 -43.706695556640625
  endloop
 endfacet
 facet normal -0.55394025668235236 0.83255641972582817 0
  outer loop
   vertex -53.300849914550781 51.630653381347656 -43.351356506347656
   vertex -53.300849914550781 51.630653381347656 -43.706695556640625
   vertex -53.460994720458984 51.524101257324219 -43.706695556640625
  endloop
 endfacet
 facet normal -0.55387582610365216 0.83245958240217033 0.015251653182564334
  outer loop
   vertex -53.460994720458984 51.524101257324219 -43.706695556640625
   vertex -53.300849914550781 51.630653381347656 -43.706695556640625
   vertex -53.470779418945312 51.524101257324219 -44.062034606933594
  endloop
 endfacet
 facet normal -0.58497302908151971 0.8108927728733043 0.016107952974708514
  outer loop
   vertex -53.460994720458984 51.524101257324219 -43.706695556640625
   vertex -53.470779418945312 51.524101257324219 -44.062034606933594
   vertex -53.65618896484375 51.383289337158203 -43.706695556640625
  endloop
 endfacet
 facet normal -0.59621528382142486 0.80279379601785561 0.0070325253628617298
  outer loop
   vertex -53.65618896484375 51.383289337158203 -43.706695556640625
   vertex -53.470779418945312 51.524101257324219 -44.062034606933594
   vertex -53.65618896484375 51.386402130126953 -44.062034606933594
  endloop
 endfacet
 facet normal -0.59149992131400764 0.80627412021574774 0.0070630132270107374
  outer loop
   vertex -53.65618896484375 51.383289337158203 -43.706695556640625
   vertex -53.65618896484375 51.386402130126953 -44.062034606933594
   vertex -53.952854156494141 51.16876220703125 -44.062034606933594
  endloop
 endfacet
 facet normal -0.58438609427890864 0.79657725563908022 -0.15478232654910609
  outer loop
   vertex -53.952854156494141 51.16876220703125 -44.062034606933594
   vertex -53.65618896484375 51.386402130126953 -44.062034606933594
   vertex -53.858737945556641 51.16876220703125 -44.417373657226562
  endloop
 endfacet
 facet normal 0.54768935512527706 0.54768935512527706 0.63251303588536156
  outer loop
   vertex -47.260086059570312 51.879440307617188 -41.496688842773438
   vertex -47.260086059570312 51.559116363525391 -41.219322204589844
   vertex -47.225070953369141 51.524101257324219 -41.219322204589844
  endloop
 endfacet
 facet normal -0.18904373108382896 0.59590037955554309 0.780490362133617
  outer loop
   vertex -48.681442260742188 51.879440307617188 -41.416160583496094
   vertex -48.326103210449219 51.734355926513672 -41.219322204589844
   vertex -48.326103210449219 51.879440307617188 -41.330093383789062
  endloop
 endfacet
 facet normal 0.17620337584288107 0.59777766569634749 0.78205769143727377
  outer loop
   vertex -49.392120361328125 51.621921539306641 -41.219322204589844
   vertex -49.060260772705078 51.524101257324219 -41.219322204589844
   vertex -49.392120361328125 51.879440307617188 -41.416160583496094
  endloop
 endfacet
 facet normal 0.18380317776590802 0.60207230818576485 0.77699763677827183
  outer loop
   vertex -49.392120361328125 51.879440307617188 -41.416160583496094
   vertex -49.060260772705078 51.524101257324219 -41.219322204589844
   vertex -49.036781311035156 51.524101257324219 -41.224876403808594
  endloop
 endfacet
 facet normal 0.042819567412423952 0.60672230578487196 0.79375974218254552
  outer loop
   vertex -49.392120361328125 51.879440307617188 -41.416160583496094
   vertex -49.747459411621094 51.879440307617188 -41.396991729736328
   vertex -49.392120361328125 51.621921539306641 -41.219322204589844
  endloop
 endfacet
 facet normal 0.14186606429067014 0.6872698090636532 0.71241436632923483
  outer loop
   vertex -49.392120361328125 51.621921539306641 -41.219322204589844
   vertex -49.747459411621094 51.879440307617188 -41.396991729736328
   vertex -49.747459411621094 51.695270538330078 -41.219322204589844
  endloop
 endfacet
 facet normal -0.46511483091424449 0.7217751418394257 0.51255130346755595
  outer loop
   vertex -50.712722778320312 51.879440307617188 -41.574661254882812
   vertex -50.8134765625 51.81451416015625 -41.574661254882812
   vertex -50.458137512207031 51.791160583496094 -41.219322204589844
  endloop
 endfacet
 facet normal -0.47223620953417716 0.74981705222236583 0.46342998457302559
  outer loop
   vertex -50.8134765625 51.625442504882812 -41.219322204589844
   vertex -51.168815612792969 51.621269226074219 -41.574661254882812
   vertex -51.168815612792969 51.524101257324219 -41.417446136474609
  endloop
 endfacet
 facet normal -0.35275075286474417 0.79596035928290032 0.4919491973807788
  outer loop
   vertex -51.168815612792969 51.524101257324219 -41.417446136474609
   vertex -51.168815612792969 51.621269226074219 -41.574661254882812
   vertex -51.388069152832031 51.524101257324219 -41.574661254882812
  endloop
 endfacet
 facet normal -0.35542800713025108 0.80200141872716357 0.48006734538711865
  outer loop
   vertex -51.388069152832031 51.524101257324219 -41.574661254882812
   vertex -51.168815612792969 51.621269226074219 -41.574661254882812
   vertex -51.524154663085938 51.524101257324219 -41.6754150390625
  endloop
 endfacet
 facet normal -0.35229680882518677 0.8193284873808192 0.45231381612531874
  outer loop
   vertex -51.524154663085938 51.524101257324219 -41.6754150390625
   vertex -51.168815612792969 51.621269226074219 -41.574661254882812
   vertex -51.524154663085938 51.664646148681641 -41.930000305175781
  endloop
 endfacet
 facet normal -0.27963920913847284 0.82379482388515957 0.49311661993125749
  outer loop
   vertex -51.879493713378906 51.524101257324219 -41.829246520996094
   vertex -51.879493713378906 51.58441162109375 -41.930000305175781
   vertex -52.057163238525391 51.524101257324219 -41.930000305175781
  endloop
 endfacet
 facet normal -0.28330987377986783 0.83460830937997121 0.47240288455167351
  outer loop
   vertex -52.057163238525391 51.524101257324219 -41.930000305175781
   vertex -51.879493713378906 51.58441162109375 -41.930000305175781
   vertex -52.234832763671875 51.524101257324219 -42.036552429199219
  endloop
 endfacet
 facet normal -0.28329739110232705 0.83462432731930425 0.47238207040637553
  outer loop
   vertex -52.057163238525391 51.524101257324219 -41.930000305175781
   vertex -52.234832763671875 51.524101257324219 -42.036552429199219
   vertex -52.234832763671875 51.463794708251953 -41.930000305175781
  endloop
 endfacet
 facet normal -0.20101115349386789 0.85251449044875316 0.48250757480682865
  outer loop
   vertex -52.234832763671875 51.463794708251953 -41.930000305175781
   vertex -52.234832763671875 51.524101257324219 -42.036552429199219
   vertex -52.590171813964844 51.524101257324219 -42.184585571289062
  endloop
 endfacet
 facet normal -0.19393165434480034 0.85883491500514175 0.47412350944790727
  outer loop
   vertex -52.234832763671875 51.463794708251953 -41.930000305175781
   vertex -52.590171813964844 51.524101257324219 -42.184585571289062
   vertex -52.590171813964844 51.383556365966797 -41.930000305175781
  endloop
 endfacet
 facet normal -0.26432407699080274 0.8443188801824143 0.4661098699775344
  outer loop
   vertex -52.590171813964844 51.383556365966797 -41.930000305175781
   vertex -52.590171813964844 51.524101257324219 -42.184585571289062
   vertex -52.767841339111328 51.524101257324219 -42.28533935546875
  endloop
 endfacet
 facet normal -0.28338033970082444 0.83486870273678904 0.4719002354964833
  outer loop
   vertex -52.590171813964844 51.383556365966797 -41.930000305175781
   vertex -52.767841339111328 51.524101257324219 -42.28533935546875
   vertex -52.945510864257812 51.463794708251953 -42.28533935546875
  endloop
 endfacet
 facet normal -0.28329739110232705 0.83462432731930425 0.47238207040637553
  outer loop
   vertex -52.945510864257812 51.463794708251953 -42.28533935546875
   vertex -52.767841339111328 51.524101257324219 -42.28533935546875
   vertex -52.945510864257812 51.524101257324219 -42.391891479492188
  endloop
 endfacet
 facet normal -0.23956104147496238 0.8449364178073876 0.47821852459963449
  outer loop
   vertex -52.945510864257812 51.463794708251953 -42.28533935546875
   vertex -52.945510864257812 51.524101257324219 -42.391891479492188
   vertex -53.300849914550781 51.524101257324219 -42.569896697998047
  endloop
 endfacet
 facet normal -0.21996498359572883 0.8710948944632434 0.43910031978102865
  outer loop
   vertex -53.300849914550781 51.524101257324219 -42.569896697998047
   vertex -52.945510864257812 51.524101257324219 -42.391891479492188
   vertex -52.945510864257812 51.649509429931641 -42.640678405761719
  endloop
 endfacet
 facet normal -0.21732247781232159 0.86789233904470553 0.44669209581659597
  outer loop
   vertex -53.300849914550781 51.524101257324219 -42.569896697998047
   vertex -52.945510864257812 51.649509429931641 -42.640678405761719
   vertex -53.300849914550781 51.560531616210938 -42.640678405761719
  endloop
 endfacet
 facet normal -0.23857132213073054 0.95275106780182417 0.18801363530148291
  outer loop
   vertex -53.300849914550781 51.560531616210938 -42.640678405761719
   vertex -52.945510864257812 51.649509429931641 -42.640678405761719
   vertex -53.300849914550781 51.630653381347656 -42.996017456054688
  endloop
 endfacet
 facet normal -0.50710895357119901 0.84557495032860508 0.16686375455652622
  outer loop
   vertex -53.300849914550781 51.560531616210938 -42.640678405761719
   vertex -53.300849914550781 51.630653381347656 -42.996017456054688
   vertex -53.478519439697266 51.524101257324219 -42.996017456054688
  endloop
 endfacet
 facet normal -0.51428103244632717 0.85753397845437807 -0.012267659195874815
  outer loop
   vertex -53.478519439697266 51.524101257324219 -42.996017456054688
   vertex -53.300849914550781 51.630653381347656 -42.996017456054688
   vertex -53.470043182373047 51.524101257324219 -43.351356506347656
  endloop
 endfacet
 facet normal -0.51428103244632717 0.85753397845437807 -0.012267659195874815
  outer loop
   vertex -53.478519439697266 51.524101257324219 -42.996017456054688
   vertex -53.470043182373047 51.524101257324219 -43.351356506347656
   vertex -53.65618896484375 51.417549133300781 -42.996017456054688
  endloop
 endfacet
 facet normal -0.54640648884543741 0.83677496347573466 -0.035321515366469013
  outer loop
   vertex -53.65618896484375 51.417549133300781 -42.996017456054688
   vertex -53.470043182373047 51.524101257324219 -43.351356506347656
   vertex -53.65618896484375 51.402549743652344 -43.351356506347656
  endloop
 endfacet
 facet normal -0.50415513254447397 0.86284473876050027 -0.036421959343062665
  outer loop
   vertex -53.65618896484375 51.417549133300781 -42.996017456054688
   vertex -53.65618896484375 51.402549743652344 -43.351356506347656
   vertex -54.011528015136719 51.194927215576172 -43.351356506347656
  endloop
 endfacet
 facet normal -0.50393829653562694 0.86247363114435194 -0.046748570731592408
  outer loop
   vertex -54.011528015136719 51.194927215576172 -43.351356506347656
   vertex -53.65618896484375 51.402549743652344 -43.351356506347656
   vertex -53.65618896484375 51.383289337158203 -43.706695556640625
  endloop
 endfacet
 facet normal -0.59279171266307351 0.78583877110700773 -0.17622545566122888
  outer loop
   vertex -54.011528015136719 51.194927215576172 -43.351356506347656
   vertex -53.65618896484375 51.383289337158203 -43.706695556640625
   vertex -53.940578460693359 51.16876220703125 -43.706695556640625
  endloop
 endfacet
 facet normal -0.60208621833347087 0.79816010212099842 0.020799929689716688
  outer loop
   vertex -53.940578460693359 51.16876220703125 -43.706695556640625
   vertex -53.65618896484375 51.383289337158203 -43.706695556640625
   vertex -53.952854156494141 51.16876220703125 -44.062034606933594
  endloop
 endfacet
 facet normal 0.85278653684564143 0.51043852646496846 0.11048815898135435
  outer loop
   vertex -46.844440460205078 51.524101257324219 -41.930000305175781
   vertex -46.904747009277344 51.701770782470703 -42.28533935546875
   vertex -46.904747009277344 51.624855041503906 -41.930000305175781
  endloop
 endfacet
 facet normal 0.87070387026055363 0.48067581725568004 0.10404580250484463
  outer loop
   vertex -46.904747009277344 51.624855041503906 -41.930000305175781
   vertex -46.904747009277344 51.701770782470703 -42.28533935546875
   vertex -47.045291900634766 51.879440307617188 -41.930000305175781
  endloop
 endfacet
 facet normal 0.85230624374502573 0.5111458507844564 0.11092333433087437
  outer loop
   vertex -46.844440460205078 51.524101257324219 -41.930000305175781
   vertex -46.798194885253906 51.524101257324219 -42.28533935546875
   vertex -46.904747009277344 51.701770782470703 -42.28533935546875
  endloop
 endfacet
 facet normal 0.85753397845437807 0.51428103244632717 -0.012267659195874815
  outer loop
   vertex -46.904747009277344 51.701770782470703 -42.28533935546875
   vertex -46.798194885253906 51.524101257324219 -42.28533935546875
   vertex -46.904747009277344 51.693294525146484 -42.640678405761719
  endloop
 endfacet
 facet normal 0.85753397845437807 0.51428103244632717 -0.012267659195874815
  outer loop
   vertex -46.904747009277344 51.701770782470703 -42.28533935546875
   vertex -46.904747009277344 51.693294525146484 -42.640678405761719
   vertex -47.011299133300781 51.879440307617188 -42.28533935546875
  endloop
 endfacet
 facet normal 0.83677496347573466 0.54640648884543741 -0.035321515366469013
  outer loop
   vertex -47.011299133300781 51.879440307617188 -42.28533935546875
   vertex -46.904747009277344 51.693294525146484 -42.640678405761719
   vertex -47.026298522949219 51.879440307617188 -42.640678405761719
  endloop
 endfacet
 facet normal 0.85472691509627119 0.51259757793814376 0.081765663343240716
  outer loop
   vertex -47.045291900634766 51.879440307617188 -41.930000305175781
   vertex -46.904747009277344 51.701770782470703 -42.28533935546875
   vertex -47.011299133300781 51.879440307617188 -42.28533935546875
  endloop
 endfacet
 facet normal -0.4208883367336349 0.83496564395723805 0.35452134126547186
  outer loop
   vertex -51.168815612792969 51.782276153564453 -41.930000305175781
   vertex -51.275367736816406 51.879440307617188 -42.28533935546875
   vertex -51.524154663085938 51.754032135009766 -42.28533935546875
  endloop
 endfacet
 facet normal -0.44785426365766279 0.88846112143651568 0.10031647032975989
  outer loop
   vertex -51.524154663085938 51.754032135009766 -42.28533935546875
   vertex -51.275367736816406 51.879440307617188 -42.28533935546875
   vertex -51.354961395263672 51.879440307617188 -42.640678405761719
  endloop
 endfacet
 facet normal -0.5323593347398492 0.84532914126151115 0.044857347775154585
  outer loop
   vertex -51.524154663085938 51.754032135009766 -42.28533935546875
   vertex -51.354961395263672 51.879440307617188 -42.640678405761719
   vertex -51.524154663085938 51.77288818359375 -42.640678405761719
  endloop
 endfacet
 facet normal -0.27544989105906514 0.85842162509607711 0.43271199553855583
  outer loop
   vertex -51.879493713378906 51.58441162109375 -41.930000305175781
   vertex -52.234832763671875 51.649509429931641 -42.28533935546875
   vertex -52.234832763671875 51.524101257324219 -42.036552429199219
  endloop
 endfacet
 facet normal -0.1843081179970974 0.87766778811606849 0.44241357499947487
  outer loop
   vertex -52.234832763671875 51.524101257324219 -42.036552429199219
   vertex -52.234832763671875 51.649509429931641 -42.28533935546875
   vertex -52.590171813964844 51.524101257324219 -42.184585571289062
  endloop
 endfacet
 facet normal -0.15528285537849223 0.84761781298016714 0.50737685988249448
  outer loop
   vertex -52.590171813964844 51.524101257324219 -42.184585571289062
   vertex -52.234832763671875 51.649509429931641 -42.28533935546875
   vertex -52.590171813964844 51.58441162109375 -42.28533935546875
  endloop
 endfacet
 facet normal -0.17340836664588316 0.94655665707963765 0.27195594002600476
  outer loop
   vertex -52.590171813964844 51.58441162109375 -42.28533935546875
   vertex -52.234832763671875 51.649509429931641 -42.28533935546875
   vertex -52.590171813964844 51.686504364013672 -42.640678405761719
  endloop
 endfacet
 facet normal -0.099566312309456978 0.95634171907877064 0.27476729390987803
  outer loop
   vertex -52.590171813964844 51.58441162109375 -42.28533935546875
   vertex -52.590171813964844 51.686504364013672 -42.640678405761719
   vertex -52.945510864257812 51.649509429931641 -42.640678405761719
  endloop
 endfacet
 facet normal -0.10246146537498566 0.98414987623014161 0.1447434600574658
  outer loop
   vertex -52.945510864257812 51.649509429931641 -42.640678405761719
   vertex -52.590171813964844 51.686504364013672 -42.640678405761719
   vertex -52.945510864257812 51.701770782470703 -42.996017456054688
  endloop
 endfacet
 facet normal -0.19423824015629662 0.97051397685774987 0.1427379654637807
  outer loop
   vertex -52.945510864257812 51.649509429931641 -42.640678405761719
   vertex -52.945510864257812 51.701770782470703 -42.996017456054688
   vertex -53.300849914550781 51.630653381347656 -42.996017456054688
  endloop
 endfacet
 facet normal -0.19624771608187738 0.98055435032059635 0
  outer loop
   vertex -53.300849914550781 51.630653381347656 -42.996017456054688
   vertex -52.945510864257812 51.701770782470703 -42.996017456054688
   vertex -53.300849914550781 51.630653381347656 -43.351356506347656
  endloop
 endfacet
 facet normal -0.53289574623588476 0.84618090479737218 0
  outer loop
   vertex -53.300849914550781 51.630653381347656 -42.996017456054688
   vertex -53.300849914550781 51.630653381347656 -43.351356506347656
   vertex -53.470043182373047 51.524101257324219 -43.351356506347656
  endloop
 endfacet
 facet normal -0.53284668929726164 0.84610300767583579 -0.013568570553012395
  outer loop
   vertex -53.470043182373047 51.524101257324219 -43.351356506347656
   vertex -53.300849914550781 51.630653381347656 -43.351356506347656
   vertex -53.460994720458984 51.524101257324219 -43.706695556640625
  endloop
 endfacet
 facet normal -0.5466946767003199 0.83721629861114444 -0.013921199926281897
  outer loop
   vertex -53.470043182373047 51.524101257324219 -43.351356506347656
   vertex -53.460994720458984 51.524101257324219 -43.706695556640625
   vertex -53.65618896484375 51.402549743652344 -43.351356506347656
  endloop
 endfacet
 facet normal -0.58448449401113778 0.81021556291972763 -0.043916031961156253
  outer loop
   vertex -53.65618896484375 51.402549743652344 -43.351356506347656
   vertex -53.460994720458984 51.524101257324219 -43.706695556640625
   vertex -53.65618896484375 51.383289337158203 -43.706695556640625
  endloop
 endfacet
 facet normal -0.27963920913847284 0.82379482388515957 0.49311661993125749
  outer loop
   vertex -52.590171813964844 51.524101257324219 -42.184585571289062
   vertex -52.590171813964844 51.58441162109375 -42.28533935546875
   vertex -52.767841339111328 51.524101257324219 -42.28533935546875
  endloop
 endfacet
 facet normal -0.28330987377986783 0.83460830937997121 0.47240288455167351
  outer loop
   vertex -52.767841339111328 51.524101257324219 -42.28533935546875
   vertex -52.590171813964844 51.58441162109375 -42.28533935546875
   vertex -52.945510864257812 51.524101257324219 -42.391891479492188
  endloop
 endfacet
 facet normal 0.84618090479737218 0.53289574623588476 -0
  outer loop
   vertex -46.798194885253906 51.524101257324219 -42.28533935546875
   vertex -46.798194885253906 51.524101257324219 -42.640678405761719
   vertex -46.904747009277344 51.693294525146484 -42.640678405761719
  endloop
 endfacet
 facet normal 0.84593849158727474 0.53274308270051085 -0.023934834150312806
  outer loop
   vertex -46.904747009277344 51.693294525146484 -42.640678405761719
   vertex -46.798194885253906 51.524101257324219 -42.640678405761719
   vertex -46.904747009277344 51.677330017089844 -42.996017456054688
  endloop
 endfacet
 facet normal 0.83704494183265032 0.54658278227258994 -0.024556617754275777
  outer loop
   vertex -46.904747009277344 51.693294525146484 -42.640678405761719
   vertex -46.904747009277344 51.677330017089844 -42.996017456054688
   vertex -47.026298522949219 51.879440307617188 -42.640678405761719
  endloop
 endfacet
 facet normal -0.19598258986044315 0.97922964359278442 0.051962771103372336
  outer loop
   vertex -51.524154663085938 51.754032135009766 -42.28533935546875
   vertex -51.524154663085938 51.77288818359375 -42.640678405761719
   vertex -51.879493713378906 51.701770782470703 -42.640678405761719
  endloop
 endfacet
 facet normal -0.19607380437761637 0.97968539815346056 0.04209018747622275
  outer loop
   vertex -51.879493713378906 51.701770782470703 -42.640678405761719
   vertex -51.524154663085938 51.77288818359375 -42.640678405761719
   vertex -51.879493713378906 51.717037200927734 -42.996017456054688
  endloop
 endfacet
 facet normal -0.042883880121850286 0.99815927869823939 0.042883880121850286
  outer loop
   vertex -51.879493713378906 51.701770782470703 -42.640678405761719
   vertex -51.879493713378906 51.717037200927734 -42.996017456054688
   vertex -52.234832763671875 51.701770782470703 -42.996017456054688
  endloop
 endfacet
 facet normal -0.042923366903594898 0.99907836758367441 0
  outer loop
   vertex -52.234832763671875 51.701770782470703 -42.996017456054688
   vertex -51.879493713378906 51.717037200927734 -42.996017456054688
   vertex -52.234832763671875 51.701770782470703 -43.351356506347656
  endloop
 endfacet
 facet normal 0 1 -0
  outer loop
   vertex -52.234832763671875 51.701770782470703 -42.996017456054688
   vertex -52.234832763671875 51.701770782470703 -43.351356506347656
   vertex -52.590171813964844 51.701770782470703 -43.351356506347656
  endloop
 endfacet
 facet normal 0 0.98935688691580492 0.14550927912771366
  outer loop
   vertex -52.590171813964844 51.701770782470703 -43.351356506347656
   vertex -52.234832763671875 51.701770782470703 -43.351356506347656
   vertex -52.590171813964844 51.754032135009766 -43.706695556640625
  endloop
 endfacet
 facet normal -0.10246146537498566 0.98414987623014161 0.1447434600574658
  outer loop
   vertex -52.590171813964844 51.701770782470703 -43.351356506347656
   vertex -52.590171813964844 51.754032135009766 -43.706695556640625
   vertex -52.945510864257812 51.717037200927734 -43.706695556640625
  endloop
 endfacet
 facet normal -0.10104981363270063 0.97059085789709876 0.21850016414495071
  outer loop
   vertex -52.945510864257812 51.717037200927734 -43.706695556640625
   vertex -52.590171813964844 51.754032135009766 -43.706695556640625
   vertex -52.945510864257812 51.797031402587891 -44.062034606933594
  endloop
 endfacet
 facet normal -0.38378423322504557 0.90087698321480214 0.2028061227913516
  outer loop
   vertex -52.945510864257812 51.717037200927734 -43.706695556640625
   vertex -52.945510864257812 51.797031402587891 -44.062034606933594
   vertex -53.300849914550781 51.645652770996094 -44.062034606933594
  endloop
 endfacet
 facet normal -0.39014778085199225 0.91581447436844687 0.095228974758269205
  outer loop
   vertex -53.300849914550781 51.645652770996094 -44.062034606933594
   vertex -52.945510864257812 51.797031402587891 -44.062034606933594
   vertex -53.300849914550781 51.682601928710938 -44.417373657226562
  endloop
 endfacet
 facet normal -0.66371026263170196 0.74397847128932659 0.077360981995796219
  outer loop
   vertex -53.300849914550781 51.645652770996094 -44.062034606933594
   vertex -53.300849914550781 51.682601928710938 -44.417373657226562
   vertex -53.478519439697266 51.524101257324219 -44.417373657226562
  endloop
 endfacet
 facet normal -0.6657052823903673 0.74621476600075476 0
  outer loop
   vertex -53.478519439697266 51.524101257324219 -44.417373657226562
   vertex -53.300849914550781 51.682601928710938 -44.417373657226562
   vertex -53.478519439697266 51.524101257324219 -44.772712707519531
  endloop
 endfacet
 facet normal -0.6784052289410184 0.73468792377817405 0
  outer loop
   vertex -53.478519439697266 51.524101257324219 -44.417373657226562
   vertex -53.478519439697266 51.524101257324219 -44.772712707519531
   vertex -53.65618896484375 51.360042572021484 -44.417373657226562
  endloop
 endfacet
 facet normal -0.7461861675722985 0.66232696971108018 -0.067299246036665317
  outer loop
   vertex -53.65618896484375 51.360042572021484 -44.417373657226562
   vertex -53.478519439697266 51.524101257324219 -44.772712707519531
   vertex -53.65618896484375 51.323936462402344 -44.772712707519531
  endloop
 endfacet
 facet normal -0.78569128006593836 0.61544979959735135 -0.062536042438957926
  outer loop
   vertex -53.65618896484375 51.360042572021484 -44.417373657226562
   vertex -53.65618896484375 51.323936462402344 -44.772712707519531
   vertex -53.777740478515625 51.16876220703125 -44.772712707519531
  endloop
 endfacet
 facet normal -0.76550513681413812 0.5996375357550936 -0.23331676155974443
  outer loop
   vertex -53.777740478515625 51.16876220703125 -44.772712707519531
   vertex -53.65618896484375 51.323936462402344 -44.772712707519531
   vertex -53.669437408447266 51.16876220703125 -45.1280517578125
  endloop
 endfacet
 facet normal -0.27544989105906514 0.85842162509607711 0.43271199553855583
  outer loop
   vertex -52.945510864257812 51.524101257324219 -42.391891479492188
   vertex -52.590171813964844 51.58441162109375 -42.28533935546875
   vertex -52.945510864257812 51.649509429931641 -42.640678405761719
  endloop
 endfacet
 facet normal -0.41614429121958857 0.80849645856421426 0.41612186361025311
  outer loop
   vertex -53.300849914550781 51.524101257324219 -42.569896697998047
   vertex -53.300849914550781 51.560531616210938 -42.640678405761719
   vertex -53.371627807617188 51.524101257324219 -42.640678405761719
  endloop
 endfacet
 facet normal -0.45337289310732093 0.88082519986525998 0.1363817695948496
  outer loop
   vertex -53.371627807617188 51.524101257324219 -42.640678405761719
   vertex -53.300849914550781 51.560531616210938 -42.640678405761719
   vertex -53.478519439697266 51.524101257324219 -42.996017456054688
  endloop
 endfacet
 facet normal -0.40034561366166854 0.90841616415835202 0.12043032142150954
  outer loop
   vertex -53.371627807617188 51.524101257324219 -42.640678405761719
   vertex -53.478519439697266 51.524101257324219 -42.996017456054688
   vertex -53.65618896484375 51.398693084716797 -42.640678405761719
  endloop
 endfacet
 facet normal -0.51378797880318505 0.8567118399240421 0.045461370099243587
  outer loop
   vertex -53.65618896484375 51.398693084716797 -42.640678405761719
   vertex -53.478519439697266 51.524101257324219 -42.996017456054688
   vertex -53.65618896484375 51.417549133300781 -42.996017456054688
  endloop
 endfacet
 facet normal -0.38830675685672156 0.92023544500085519 0.048832246963384084
  outer loop
   vertex -53.65618896484375 51.398693084716797 -42.640678405761719
   vertex -53.65618896484375 51.417549133300781 -42.996017456054688
   vertex -54.011528015136719 51.267608642578125 -42.996017456054688
  endloop
 endfacet
 facet normal -0.38204581853556341 0.90539785265831507 -0.18519103904131912
  outer loop
   vertex -54.011528015136719 51.267608642578125 -42.996017456054688
   vertex -53.65618896484375 51.417549133300781 -42.996017456054688
   vertex -54.011528015136719 51.194927215576172 -43.351356506347656
  endloop
 endfacet
 facet normal 0.82101017096611106 0.57091356541090954 0
  outer loop
   vertex -46.904747009277344 51.677330017089844 -42.996017456054688
   vertex -46.798194885253906 51.524101257324219 -42.640678405761719
   vertex -46.798194885253906 51.524101257324219 -42.996017456054688
  endloop
 endfacet
 facet normal 0.98055435032059635 0.19624771608187738 0
  outer loop
   vertex -46.798194885253906 51.524101257324219 -42.996017456054688
   vertex -46.798194885253906 51.524101257324219 -42.640678405761719
   vertex -46.727077484130859 51.16876220703125 -42.640678405761719
  endloop
 endfacet
 facet normal 0.98055435032059635 0.19624771608187738 0
  outer loop
   vertex -46.798194885253906 51.524101257324219 -42.996017456054688
   vertex -46.727077484130859 51.16876220703125 -42.640678405761719
   vertex -46.727077484130859 51.16876220703125 -42.996017456054688
  endloop
 endfacet
 facet normal 1 0 0
  outer loop
   vertex -46.727077484130859 51.16876220703125 -42.996017456054688
   vertex -46.727077484130859 51.16876220703125 -42.640678405761719
   vertex -46.727077484130859 50.813423156738281 -42.640678405761719
  endloop
 endfacet
 facet normal 1 0 0
  outer loop
   vertex -46.727077484130859 51.16876220703125 -42.996017456054688
   vertex -46.727077484130859 50.813423156738281 -42.640678405761719
   vertex -46.727077484130859 50.813423156738281 -42.996017456054688
  endloop
 endfacet
 facet normal 1 0 0
  outer loop
   vertex -46.727077484130859 50.813423156738281 -42.996017456054688
   vertex -46.727077484130859 50.813423156738281 -42.640678405761719
   vertex -46.727077484130859 50.458084106445312 -42.640678405761719
  endloop
 endfacet
 facet normal 1 0 0
  outer loop
   vertex -46.727077484130859 50.813423156738281 -42.996017456054688
   vertex -46.727077484130859 50.458084106445312 -42.640678405761719
   vertex -46.727077484130859 50.458084106445312 -42.996017456054688
  endloop
 endfacet
 facet normal 0.80445717337330336 0.58763558581042274 -0.086793286016121296
  outer loop
   vertex -47.063247680664062 51.879440307617188 -42.996017456054688
   vertex -46.904747009277344 51.609973907470703 -43.351356506347656
   vertex -47.101585388183594 51.879440307617188 -43.351356506347656
  endloop
 endfacet
 facet normal 0.74129423662032901 0.54149666062103052 -0.39656553215043328
  outer loop
   vertex -47.101585388183594 51.879440307617188 -43.351356506347656
   vertex -46.904747009277344 51.609973907470703 -43.351356506347656
   vertex -46.904747009277344 51.524101257324219 -43.468612670898438
  endloop
 endfacet
 facet normal 0.73285293600019308 0.5417774491510956 -0.41158689214700328
  outer loop
   vertex -47.101585388183594 51.879440307617188 -43.351356506347656
   vertex -46.904747009277344 51.524101257324219 -43.468612670898438
   vertex -47.038459777832031 51.524101257324219 -43.706695556640625
  endloop
 endfacet
 facet normal 0.77153144891596481 0.46581325847705529 -0.43330962551115809
  outer loop
   vertex -47.038459777832031 51.524101257324219 -43.706695556640625
   vertex -46.904747009277344 51.524101257324219 -43.468612670898438
   vertex -46.904747009277344 51.302631378173828 -43.706695556640625
  endloop
 endfacet
 facet normal 0.72559455005448825 0.43807878754516977 -0.53065951874453243
  outer loop
   vertex -47.038459777832031 51.524101257324219 -43.706695556640625
   vertex -46.904747009277344 51.302631378173828 -43.706695556640625
   vertex -47.260086059570312 51.524101257324219 -44.009735107421875
  endloop
 endfacet
 facet normal 0.72207730347069154 0.48918522453795293 -0.48918522453795293
  outer loop
   vertex -47.260086059570312 51.524101257324219 -44.009735107421875
   vertex -46.904747009277344 51.302631378173828 -43.706695556640625
   vertex -46.904747009277344 51.16876220703125 -43.840564727783203
  endloop
 endfacet
 facet normal 0.72208177684590991 0.48919976364120199 -0.48916408167448855
  outer loop
   vertex -47.260086059570312 51.524101257324219 -44.009735107421875
   vertex -46.904747009277344 51.16876220703125 -43.840564727783203
   vertex -47.260086059570312 51.471805572509766 -44.062034606933594
  endloop
 endfacet
 facet normal 0.72559712211275673 0.53065471986136814 -0.43808034042917049
  outer loop
   vertex -47.260086059570312 51.471805572509766 -44.062034606933594
   vertex -46.904747009277344 51.16876220703125 -43.840564727783203
   vertex -47.038459777832031 51.16876220703125 -44.062034606933594
  endloop
 endfacet
 facet normal 0.75426813721887953 0.52970658705936058 -0.3879310619198798
  outer loop
   vertex -46.904747009277344 51.609973907470703 -43.351356506347656
   vertex -46.844440460205078 51.524101257324219 -43.351356506347656
   vertex -46.904747009277344 51.524101257324219 -43.468612670898438
  endloop
 endfacet
 facet normal 0.79803305486627496 0.44122812002037892 -0.41043999493724187
  outer loop
   vertex -46.904747009277344 51.524101257324219 -43.468612670898438
   vertex -46.844440460205078 51.524101257324219 -43.351356506347656
   vertex -46.904747009277344 51.302631378173828 -43.706695556640625
  endloop
 endfacet
 facet normal 0.85261313492577095 0.43738184275284986 -0.28591601176249387
  outer loop
   vertex -47.101585388183594 51.879440307617188 -43.351356506347656
   vertex -47.038459777832031 51.524101257324219 -43.706695556640625
   vertex -47.220745086669922 51.879440307617188 -43.706695556640625
  endloop
 endfacet
 facet normal 0.74576561656850882 0.38257015553114543 -0.54541151550097211
  outer loop
   vertex -47.220745086669922 51.879440307617188 -43.706695556640625
   vertex -47.038459777832031 51.524101257324219 -43.706695556640625
   vertex -47.260086059570312 51.524101257324219 -44.009735107421875
  endloop
 endfacet
 facet normal 0.73569452616883135 0.39050433625910386 -0.55340756005683134
  outer loop
   vertex -47.220745086669922 51.879440307617188 -43.706695556640625
   vertex -47.260086059570312 51.524101257324219 -44.009735107421875
   vertex -47.260086059570312 51.879440307617188 -43.758995056152344
  endloop
 endfacet
 facet normal -0.33141393763724403 0.83833014100471404 0.43285953451759979
  outer loop
   vertex -52.590171813964844 51.754032135009766 -43.706695556640625
   vertex -52.737052917480469 51.879440307617188 -44.062034606933594
   vertex -52.945510864257812 51.797031402587891 -44.062034606933594
  endloop
 endfacet
 facet normal -0.34172045830559322 0.86440106302677622 0.36883320161503186
  outer loop
   vertex -52.945510864257812 51.797031402587891 -44.062034606933594
   vertex -52.737052917480469 51.879440307617188 -44.062034606933594
   vertex -52.945510864257812 51.879440307617188 -44.255168914794922
  endloop
 endfacet
 facet normal -0.54545771700094614 0.77089423965372217 0.32893456831537976
  outer loop
   vertex -52.945510864257812 51.797031402587891 -44.062034606933594
   vertex -52.945510864257812 51.879440307617188 -44.255168914794922
   vertex -53.043327331542969 51.879440307617188 -44.417373657226562
  endloop
 endfacet
 facet normal 0.80517775140804526 0.47380583215974875 -0.35664663470849112
  outer loop
   vertex -47.510021209716797 51.879440307617188 -44.062034606933594
   vertex -47.300922393798828 51.524101257324219 -44.062034606933594
   vertex -47.458316802978516 51.524101257324219 -44.417373657226562
  endloop
 endfacet
 facet normal 0.78034230936957771 0.52114751454042041 -0.34564598695210713
  outer loop
   vertex -47.458316802978516 51.524101257324219 -44.417373657226562
   vertex -47.300922393798828 51.524101257324219 -44.062034606933594
   vertex -47.260086059570312 51.227279663085938 -44.417373657226562
  endloop
 endfacet
 facet normal 0.39844519234334708 0.70694213968756392 -0.58435797233582953
  outer loop
   vertex -47.615425109863281 51.879440307617188 -44.177558898925781
   vertex -47.615425109863281 51.681209564208984 -44.417373657226562
   vertex -47.967136383056641 51.879440307617188 -44.417373657226562
  endloop
 endfacet
 facet normal -0.57292544356963215 0.74955524892439396 0.33154692717687806
  outer loop
   vertex -53.043327331542969 51.879440307617188 -44.417373657226562
   vertex -53.300849914550781 51.682601928710938 -44.417373657226562
   vertex -52.945510864257812 51.797031402587891 -44.062034606933594
  endloop
 endfacet
 facet normal 0.310284033800035 0.82372159510827703 -0.47455932413245711
  outer loop
   vertex -47.732566833496094 51.524101257324219 -44.772712707519531
   vertex -47.97076416015625 51.613826751708984 -44.772712707519531
   vertex -47.615425109863281 51.524101257324219 -44.696121215820312
  endloop
 endfacet
 facet normal 0.31455561166828616 0.75816195037638023 -0.57117880227602413
  outer loop
   vertex -47.615425109863281 51.524101257324219 -44.696121215820312
   vertex -47.97076416015625 51.613826751708984 -44.772712707519531
   vertex -47.97076416015625 51.879440307617188 -44.420146942138672
  endloop
 endfacet
 facet normal 0.12132509369034761 0.79280480373594386 -0.59727779534672143
  outer loop
   vertex -47.97076416015625 51.879440307617188 -44.420146942138672
   vertex -47.97076416015625 51.613826751708984 -44.772712707519531
   vertex -48.326103210449219 51.668205261230469 -44.772712707519531
  endloop
 endfacet
 facet normal 0.10148220018503122 0.66314043824873092 -0.74158352341788614
  outer loop
   vertex -48.326103210449219 51.668205261230469 -44.772712707519531
   vertex -47.97076416015625 51.613826751708984 -44.772712707519531
   vertex -47.97076416015625 51.524101257324219 -44.852947235107422
  endloop
 endfacet
 facet normal 0.043152807435413519 0.56512700606866628 -0.82387456704422413
  outer loop
   vertex -48.326103210449219 51.668205261230469 -44.772712707519531
   vertex -47.97076416015625 51.524101257324219 -44.852947235107422
   vertex -48.326103210449219 51.524101257324219 -44.871559143066406
  endloop
 endfacet
 facet normal 0.052161057203742985 0.074440959481381921 -0.99586031533688435
  outer loop
   vertex -48.326103210449219 51.524101257324219 -44.871559143066406
   vertex -47.97076416015625 51.524101257324219 -44.852947235107422
   vertex -48.326103210449219 51.16876220703125 -44.898120880126953
  endloop
 endfacet
 facet normal 0.10326692720592023 0.074143907417490468 -0.99188639608491125
  outer loop
   vertex -48.326103210449219 51.524101257324219 -44.871559143066406
   vertex -48.326103210449219 51.16876220703125 -44.898120880126953
   vertex -48.681442260742188 51.16876220703125 -44.935115814208984
  endloop
 endfacet
 facet normal 0.099566031433880264 -0.27477678545023421 -0.95633902124829318
  outer loop
   vertex -48.681442260742188 51.16876220703125 -44.935115814208984
   vertex -48.326103210449219 51.16876220703125 -44.898120880126953
   vertex -48.681442260742188 50.813423156738281 -44.833019256591797
  endloop
 endfacet
 facet normal 0.12411701872700394 -0.27401368384141989 -0.95368310603154482
  outer loop
   vertex -48.681442260742188 51.16876220703125 -44.935115814208984
   vertex -48.681442260742188 50.813423156738281 -44.833019256591797
   vertex -49.036781311035156 50.813423156738281 -44.879264831542969
  endloop
 endfacet
 facet normal 0.11254267032545763 -0.48943197154864976 -0.86474880316888381
  outer loop
   vertex -49.036781311035156 50.813423156738281 -44.879264831542969
   vertex -48.681442260742188 50.813423156738281 -44.833019256591797
   vertex -48.681442260742188 50.706871032714844 -44.772712707519531
  endloop
 endfacet
 facet normal 0.10239467995518234 -0.51161639424047822 -0.85309084783582523
  outer loop
   vertex -49.036781311035156 50.813423156738281 -44.879264831542969
   vertex -48.681442260742188 50.706871032714844 -44.772712707519531
   vertex -49.036781311035156 50.635753631591797 -44.772712707519531
  endloop
 endfacet
 facet normal 0.10239467995518234 -0.51161639424047822 -0.85309084783582523
  outer loop
   vertex -49.036781311035156 50.635753631591797 -44.772712707519531
   vertex -48.681442260742188 50.706871032714844 -44.772712707519531
   vertex -49.036781311035156 50.458084106445312 -44.666160583496094
  endloop
 endfacet
 facet normal 0.16686375455652622 -0.50710895357119901 -0.84557495032860508
  outer loop
   vertex -49.036781311035156 50.635753631591797 -44.772712707519531
   vertex -49.036781311035156 50.458084106445312 -44.666160583496094
   vertex -49.392120361328125 50.458084106445312 -44.736282348632812
  endloop
 endfacet
 facet normal 0.19007448995080967 -0.19007448995080967 -0.96319436072886078
  outer loop
   vertex -49.392120361328125 50.458084106445312 -44.736282348632812
   vertex -49.036781311035156 50.458084106445312 -44.666160583496094
   vertex -49.392120361328125 50.102745056152344 -44.666160583496094
  endloop
 endfacet
 facet normal -0.17509940165722696 0.45847313516682664 -0.87128788805398982
  outer loop
   vertex -50.458137512207031 51.879440307617188 -44.767158508300781
   vertex -50.430500030517578 51.879440307617188 -44.772712707519531
   vertex -50.458137512207031 51.868885040283203 -44.772712707519531
  endloop
 endfacet
 facet normal -0.16355378411380719 0.42824256086177559 -0.88873982062727597
  outer loop
   vertex -50.458137512207031 51.868885040283203 -44.772712707519531
   vertex -50.430500030517578 51.879440307617188 -44.772712707519531
   vertex -50.102798461914062 51.879440307617188 -44.833019256591797
  endloop
 endfacet
 facet normal 0.2435320700129438 0.64651288277489205 -0.72298908932383577
  outer loop
   vertex -47.97076416015625 51.613826751708984 -44.772712707519531
   vertex -47.732566833496094 51.524101257324219 -44.772712707519531
   vertex -47.97076416015625 51.524101257324219 -44.852947235107422
  endloop
 endfacet
 facet normal 0.31456830356006182 0.17005017439617234 -0.93387885755229305
  outer loop
   vertex -47.97076416015625 51.524101257324219 -44.852947235107422
   vertex -47.732566833496094 51.524101257324219 -44.772712707519531
   vertex -47.615425109863281 51.16876220703125 -44.797958374023438
  endloop
 endfacet
 facet normal 0.22247021916035245 0.072010042319004958 -0.972276480941486
  outer loop
   vertex -47.97076416015625 51.524101257324219 -44.852947235107422
   vertex -47.615425109863281 51.16876220703125 -44.797958374023438
   vertex -47.97076416015625 51.16876220703125 -44.879264831542969
  endloop
 endfacet
 facet normal 0.19177017004567659 -0.51068829070176469 -0.83810600261587576
  outer loop
   vertex -47.97076416015625 51.16876220703125 -44.879264831542969
   vertex -47.615425109863281 51.16876220703125 -44.797958374023438
   vertex -47.615425109863281 51.127330780029297 -44.772712707519531
  endloop
 endfacet
 facet normal 0.18817916609175867 -0.52337541267906718 -0.8310636430815791
  outer loop
   vertex -47.97076416015625 51.16876220703125 -44.879264831542969
   vertex -47.615425109863281 51.127330780029297 -44.772712707519531
   vertex -47.97076416015625 50.999568939208984 -44.772712707519531
  endloop
 endfacet
 facet normal 0.19289085760333868 -0.53647985745106297 -0.82157317361409488
  outer loop
   vertex -47.97076416015625 50.999568939208984 -44.772712707519531
   vertex -47.615425109863281 51.127330780029297 -44.772712707519531
   vertex -47.97076416015625 50.813423156738281 -44.651161193847656
  endloop
 endfacet
 facet normal 0.14282517476067638 -0.54114236503704571 -0.8287134065626639
  outer loop
   vertex -47.97076416015625 50.999568939208984 -44.772712707519531
   vertex -47.97076416015625 50.813423156738281 -44.651161193847656
   vertex -48.326103210449219 50.813423156738281 -44.71240234375
  endloop
 endfacet
 facet normal 0.16150269068439155 -0.30949484732187033 -0.93708581271029479
  outer loop
   vertex -48.326103210449219 50.813423156738281 -44.71240234375
   vertex -47.97076416015625 50.813423156738281 -44.651161193847656
   vertex -48.326103210449219 50.458084106445312 -44.595043182373047
  endloop
 endfacet
 facet normal 0.13831260671766329 -0.31059761647218331 -0.9404247675730173
  outer loop
   vertex -48.326103210449219 50.813423156738281 -44.71240234375
   vertex -48.326103210449219 50.458084106445312 -44.595043182373047
   vertex -48.681442260742188 50.458084106445312 -44.647304534912109
  endloop
 endfacet
 facet normal 0.14300366634225878 -0.18477743807231131 -0.97232054888915376
  outer loop
   vertex -48.681442260742188 50.458084106445312 -44.647304534912109
   vertex -48.326103210449219 50.458084106445312 -44.595043182373047
   vertex -48.681442260742188 50.102745056152344 -44.579776763916016
  endloop
 endfacet
 facet normal 0.04217002867925531 -0.18653019682163355 -0.98154377098266665
  outer loop
   vertex -48.681442260742188 50.458084106445312 -44.647304534912109
   vertex -48.681442260742188 50.102745056152344 -44.579776763916016
   vertex -49.036781311035156 50.102745056152344 -44.595043182373047
  endloop
 endfacet
 facet normal 0.042883880121850286 -0.042883880121850286 -0.99815927869823939
  outer loop
   vertex -49.036781311035156 50.102745056152344 -44.595043182373047
   vertex -48.681442260742188 50.102745056152344 -44.579776763916016
   vertex -49.036781311035156 49.747406005859375 -44.579776763916016
  endloop
 endfacet
 facet normal 0.18653019682163355 -0.04217002867925531 -0.98154377098266665
  outer loop
   vertex -49.036781311035156 50.102745056152344 -44.595043182373047
   vertex -49.036781311035156 49.747406005859375 -44.579776763916016
   vertex -49.392120361328125 49.747406005859375 -44.647304534912109
  endloop
 endfacet
 facet normal 0.18477743807231131 -0.14300366634225878 -0.97232054888915376
  outer loop
   vertex -49.392120361328125 49.747406005859375 -44.647304534912109
   vertex -49.036781311035156 49.747406005859375 -44.579776763916016
   vertex -49.392120361328125 49.392066955566406 -44.595043182373047
  endloop
 endfacet
 facet normal 0.3886639103742876 -0.13406928119971145 -0.91157325136884104
  outer loop
   vertex -49.392120361328125 49.747406005859375 -44.647304534912109
   vertex -49.392120361328125 49.392066955566406 -44.595043182373047
   vertex -49.747459411621094 49.392066955566406 -44.746547698974609
  endloop
 endfacet
 facet normal 0.38408416970560538 -0.2024381590403726 -0.90083191681128871
  outer loop
   vertex -49.747459411621094 49.392066955566406 -44.746547698974609
   vertex -49.392120361328125 49.392066955566406 -44.595043182373047
   vertex -49.747459411621094 49.036727905273438 -44.666694641113281
  endloop
 endfacet
 facet normal 0.66825291770535478 -0.16311163752023075 -0.72583237161465131
  outer loop
   vertex -49.747459411621094 49.392066955566406 -44.746547698974609
   vertex -49.747459411621094 49.036727905273438 -44.666694641113281
   vertex -49.77587890625 49.392066955566406 -44.772712707519531
  endloop
 endfacet
 facet normal 0.24668181813177212 0.30392907038733336 -0.92020389087239496
  outer loop
   vertex -50.8134765625 51.879440307617188 -44.833019256591797
   vertex -50.8134765625 51.524101257324219 -44.950382232666016
   vertex -51.168815612792969 51.524101257324219 -45.045639038085938
  endloop
 endfacet
 facet normal 0.40521105979502414 0.49246011245033838 -0.77025128021003209
  outer loop
   vertex -51.524154663085938 51.879440307617188 -44.994335174560547
   vertex -51.524154663085938 51.670295715332031 -45.1280517578125
   vertex -51.778331756591797 51.879440307617188 -45.1280517578125
  endloop
 endfacet
 facet normal 0.24470501372651177 0.32699849063165537 -0.91279320953966725
  outer loop
   vertex -51.879493713378906 51.879440307617188 -45.178424835205078
   vertex -51.524154663085938 51.524101257324219 -45.210460662841797
   vertex -51.879493713378906 51.524101257324219 -45.305721282958984
  endloop
 endfacet
 facet normal 0.25636640123069171 0.14064631174357184 -0.95629225831486986
  outer loop
   vertex -51.879493713378906 51.524101257324219 -45.305721282958984
   vertex -51.524154663085938 51.524101257324219 -45.210460662841797
   vertex -51.879493713378906 51.16876220703125 -45.357982635498047
  endloop
 endfacet
 facet normal 0.25635680976864494 0.14064668190422633 -0.95629477513713002
  outer loop
   vertex -51.879493713378906 51.524101257324219 -45.305721282958984
   vertex -51.879493713378906 51.16876220703125 -45.357982635498047
   vertex -52.234832763671875 51.524101257324219 -45.400978088378906
  endloop
 endfacet
 facet normal 0.43286248684289402 0.33142668391710872 -0.8383235775474136
  outer loop
   vertex -52.234832763671875 51.524101257324219 -45.400978088378906
   vertex -51.879493713378906 51.16876220703125 -45.357982635498047
   vertex -52.234832763671875 51.315643310546875 -45.483390808105469
  endloop
 endfacet
 facet normal 0.34507259639949472 0.34507259639949472 -0.87284008067241203
  outer loop
   vertex -52.234832763671875 51.524101257324219 -45.400978088378906
   vertex -52.234832763671875 51.315643310546875 -45.483390808105469
   vertex -52.443290710449219 51.524101257324219 -45.483390808105469
  endloop
 endfacet
 facet normal 0.35506510309934741 0.35506510309934741 -0.86478757225234193
  outer loop
   vertex -52.443290710449219 51.524101257324219 -45.483390808105469
   vertex -52.234832763671875 51.315643310546875 -45.483390808105469
   vertex -52.234832763671875 51.16876220703125 -45.543697357177734
  endloop
 endfacet
 facet normal 0.24469580129771532 0.3269992747308782 -0.91279539829731215
  outer loop
   vertex -51.879493713378906 51.879440307617188 -45.178424835205078
   vertex -51.879493713378906 51.524101257324219 -45.305721282958984
   vertex -52.234832763671875 51.524101257324219 -45.400978088378906
  endloop
 endfacet
 facet normal -0.034088339410581141 0.60275793775543529 -0.79719561814465822
  outer loop
   vertex -52.590171813964844 51.879440307617188 -45.279647827148438
   vertex -52.590171813964844 51.609973907470703 -45.483390808105469
   vertex -52.945510864257812 51.589878082275391 -45.483390808105469
  endloop
 endfacet
 facet normal -0.03248515098834498 0.57440998757865125 -0.81792290659643352
  outer loop
   vertex -52.945510864257812 51.589878082275391 -45.483390808105469
   vertex -52.590171813964844 51.609973907470703 -45.483390808105469
   vertex -52.590171813964844 51.524101257324219 -45.543697357177734
  endloop
 endfacet
 facet normal -0.49457931743368094 0.64062711161271935 -0.58735696355247113
  outer loop
   vertex -52.995380401611328 51.879440307617188 -45.1280517578125
   vertex -53.033653259277344 51.524101257324219 -45.483390808105469
   vertex -53.300849914550781 51.524101257324219 -45.258399963378906
  endloop
 endfacet
 facet normal -0.58499893589194141 0.41846735475349145 -0.69473830901348155
  outer loop
   vertex -53.300849914550781 51.524101257324219 -45.258399963378906
   vertex -53.033653259277344 51.524101257324219 -45.483390808105469
   vertex -53.287837982177734 51.16876220703125 -45.483390808105469
  endloop
 endfacet
 facet normal -0.45666322683002603 0.46392040112040167 -0.759102469160438
  outer loop
   vertex -53.300849914550781 51.524101257324219 -45.258399963378906
   vertex -53.287837982177734 51.16876220703125 -45.483390808105469
   vertex -53.300849914550781 51.16876220703125 -45.475563049316406
  endloop
 endfacet
 facet normal -0.50938326992440985 -0.15350400182552987 -0.84673797939189177
  outer loop
   vertex -53.300849914550781 51.16876220703125 -45.475563049316406
   vertex -53.287837982177734 51.16876220703125 -45.483390808105469
   vertex -53.180755615234375 50.813423156738281 -45.483390808105469
  endloop
 endfacet
 facet normal -0.52188794901691726 -0.15791677942059712 -0.83826920464033627
  outer loop
   vertex -53.300849914550781 51.16876220703125 -45.475563049316406
   vertex -53.180755615234375 50.813423156738281 -45.483390808105469
   vertex -53.300849914550781 50.813423156738281 -45.408622741699219
  endloop
 endfacet
 facet normal -0.52463012127819753 -0.12109578354914143 -0.84267374888164359
  outer loop
   vertex -53.300849914550781 50.813423156738281 -45.408622741699219
   vertex -53.180755615234375 50.813423156738281 -45.483390808105469
   vertex -53.098735809326172 50.458084106445312 -45.483390808105469
  endloop
 endfacet
 facet normal -0.60674873544182151 -0.18231653669517495 -0.77370320697747363
  outer loop
   vertex -53.300849914550781 50.813423156738281 -45.408622741699219
   vertex -53.098735809326172 50.458084106445312 -45.483390808105469
   vertex -53.300849914550781 50.458084106445312 -45.32489013671875
  endloop
 endfacet
 facet normal -0.61009606402844396 -0.15014323319149811 -0.77797159471525978
  outer loop
   vertex -53.300849914550781 50.458084106445312 -45.32489013671875
   vertex -53.098735809326172 50.458084106445312 -45.483390808105469
   vertex -53.011287689208984 50.102745056152344 -45.483390808105469
  endloop
 endfacet
 facet normal -0.64637630914819189 -0.19804121876839273 -0.73686996318257569
  outer loop
   vertex -53.300849914550781 50.458084106445312 -45.32489013671875
   vertex -53.011287689208984 50.102745056152344 -45.483390808105469
   vertex -53.300849914550781 50.102745056152344 -45.229389190673828
  endloop
 endfacet
 facet normal -0.60607246310930352 -0.39408230295526669 -0.69092351816832476
  outer loop
   vertex -53.300849914550781 50.102745056152344 -45.229389190673828
   vertex -53.011287689208984 50.102745056152344 -45.483390808105469
   vertex -53.300849914550781 49.925075531005859 -45.1280517578125
  endloop
 endfacet
 facet normal -0.65578037564651448 -0.37403769573912304 -0.65578037564651448
  outer loop
   vertex -53.300849914550781 50.102745056152344 -45.229389190673828
   vertex -53.300849914550781 49.925075531005859 -45.1280517578125
   vertex -53.402187347412109 50.102745056152344 -45.1280517578125
  endloop
 endfacet
 facet normal -0.66618345678903135 -0.37997130498337339 -0.64173312933792725
  outer loop
   vertex -53.402187347412109 50.102745056152344 -45.1280517578125
   vertex -53.300849914550781 49.925075531005859 -45.1280517578125
   vertex -53.65618896484375 49.947940826416016 -44.772712707519531
  endloop
 endfacet
 facet normal -0.54877062045208769 0.65997694602219492 -0.51310938097821568
  outer loop
   vertex -52.995380401611328 51.879440307617188 -45.1280517578125
   vertex -53.300849914550781 51.524101257324219 -45.258399963378906
   vertex -53.300849914550781 51.625442504882812 -45.1280517578125
  endloop
 endfacet
 facet normal 0.34092850333682428 0.54028179236985785 0.7693265499423031
  outer loop
   vertex -49.611373901367188 51.16876220703125 -40.863983154296875
   vertex -49.747459411621094 51.254634857177734 -40.863983154296875
   vertex -49.747459411621094 51.16876220703125 -40.803676605224609
  endloop
 endfacet
 facet normal 0.10590576426516207 0.57148122131376877 0.81375253165881778
  outer loop
   vertex -49.747459411621094 51.16876220703125 -40.803676605224609
   vertex -49.747459411621094 51.254634857177734 -40.863983154296875
   vertex -50.102798461914062 51.16876220703125 -40.757431030273438
  endloop
 endfacet
 facet normal 0.11995249876682551 0.36893086439164036 0.92168401056914917
  outer loop
   vertex -49.747459411621094 51.16876220703125 -40.803676605224609
   vertex -50.102798461914062 51.16876220703125 -40.757431030273438
   vertex -50.102798461914062 50.813423156738281 -40.615196228027344
  endloop
 endfacet
 facet normal 0.11995249876682551 0.36893086439164036 0.92168401056914917
  outer loop
   vertex -50.102798461914062 50.813423156738281 -40.615196228027344
   vertex -50.102798461914062 51.16876220703125 -40.757431030273438
   vertex -50.458137512207031 50.813423156738281 -40.568950653076172
  endloop
 endfacet
 facet normal 0.11092333433087437 0.5111458507844564 0.85230624374502573
  outer loop
   vertex -50.102798461914062 50.813423156738281 -40.615196228027344
   vertex -50.458137512207031 50.813423156738281 -40.568950653076172
   vertex -50.102798461914062 50.635753631591797 -40.508644104003906
  endloop
 endfacet
 facet normal 0.098105442813693169 0.49018516322992645 0.86607957361871746
  outer loop
   vertex -50.102798461914062 50.635753631591797 -40.508644104003906
   vertex -50.458137512207031 50.813423156738281 -40.568950653076172
   vertex -50.458137512207031 50.706871032714844 -40.508644104003906
  endloop
 endfacet
 facet normal 0.089724438357373731 0.44830936185106279 0.88936395319247497
  outer loop
   vertex -50.102798461914062 50.635753631591797 -40.508644104003906
   vertex -50.458137512207031 50.706871032714844 -40.508644104003906
   vertex -50.458137512207031 50.458084106445312 -40.383235931396484
  endloop
 endfacet
 facet normal 0.051992880582396768 0.44951606877109235 0.89175783948633014
  outer loop
   vertex -50.458137512207031 50.458084106445312 -40.383235931396484
   vertex -50.458137512207031 50.706871032714844 -40.508644104003906
   vertex -50.8134765625 50.458084106445312 -40.362518310546875
  endloop
 endfacet
 facet normal 0.057977745373339808 0.088274346619802407 0.99440747220154724
  outer loop
   vertex -50.458137512207031 50.458084106445312 -40.383235931396484
   vertex -50.8134765625 50.458084106445312 -40.362518310546875
   vertex -50.8134765625 50.102745056152344 -40.330974578857422
  endloop
 endfacet
 facet normal 0 0.088423085235762464 0.99608300758390045
  outer loop
   vertex -50.8134765625 50.102745056152344 -40.330974578857422
   vertex -50.8134765625 50.458084106445312 -40.362518310546875
   vertex -51.168815612792969 50.102745056152344 -40.330974578857422
  endloop
 endfacet
 facet normal -0 0 1
  outer loop
   vertex -50.8134765625 50.102745056152344 -40.330974578857422
   vertex -51.168815612792969 50.102745056152344 -40.330974578857422
   vertex -51.168815612792969 49.747406005859375 -40.330974578857422
  endloop
 endfacet
 facet normal 0 0 1
  outer loop
   vertex -51.168815612792969 49.747406005859375 -40.330974578857422
   vertex -51.168815612792969 50.102745056152344 -40.330974578857422
   vertex -51.524154663085938 49.747406005859375 -40.330974578857422
  endloop
 endfacet
 facet normal 0 -0.042923366903594898 0.99907836758367441
  outer loop
   vertex -51.168815612792969 49.747406005859375 -40.330974578857422
   vertex -51.524154663085938 49.747406005859375 -40.330974578857422
   vertex -51.524154663085938 49.392066955566406 -40.346240997314453
  endloop
 endfacet
 facet normal -0.27591385730746221 -0.041257183415949174 0.96029651054364462
  outer loop
   vertex -51.524154663085938 49.392066955566406 -40.346240997314453
   vertex -51.524154663085938 49.747406005859375 -40.330974578857422
   vertex -51.879493713378906 49.392066955566406 -40.448337554931641
  endloop
 endfacet
 facet normal 0.10759103817268029 0.56759954724954231 0.81624440118572295
  outer loop
   vertex -50.102798461914062 51.16876220703125 -40.757431030273438
   vertex -49.747459411621094 51.254634857177734 -40.863983154296875
   vertex -50.102798461914062 51.321990966796875 -40.863983154296875
  endloop
 endfacet
 facet normal 0.11618163156265737 0.61291946423863253 0.78155713728739418
  outer loop
   vertex -50.102798461914062 51.321990966796875 -40.863983154296875
   vertex -49.747459411621094 51.254634857177734 -40.863983154296875
   vertex -50.102798461914062 51.524101257324219 -41.022483825683594
  endloop
 endfacet
 facet normal 0.034635267062385802 0.57057102820422845 0.82051758058525881
  outer loop
   vertex -50.102798461914062 51.321990966796875 -40.863983154296875
   vertex -50.458137512207031 51.16876220703125 -40.742431640625
   vertex -50.102798461914062 51.16876220703125 -40.757431030273438
  endloop
 endfacet
 facet normal 0.037904996673889135 0.43840425578292369 0.89797824012532368
  outer loop
   vertex -50.102798461914062 51.16876220703125 -40.757431030273438
   vertex -50.458137512207031 51.16876220703125 -40.742431640625
   vertex -50.458137512207031 50.813423156738281 -40.568950653076172
  endloop
 endfacet
 facet normal -0.13827283539305857 0.65534316764340117 0.74256713879317149
  outer loop
   vertex -50.8134765625 51.16876220703125 -40.780178070068359
   vertex -50.458137512207031 51.338695526123047 -40.863983154296875
   vertex -50.8134765625 51.263721466064453 -40.863983154296875
  endloop
 endfacet
 facet normal -0.14457535744850958 0.68521392827560124 0.71384861036199743
  outer loop
   vertex -50.8134765625 51.263721466064453 -40.863983154296875
   vertex -50.458137512207031 51.338695526123047 -40.863983154296875
   vertex -50.8134765625 51.524101257324219 -41.113918304443359
  endloop
 endfacet
 facet normal -0.37063686609555074 0.6431687906130038 0.67004643143014708
  outer loop
   vertex -50.8134765625 51.263721466064453 -40.863983154296875
   vertex -50.8134765625 51.524101257324219 -41.113918304443359
   vertex -50.978260040283203 51.16876220703125 -40.863983154296875
  endloop
 endfacet
 facet normal -0.37063128901484232 0.64316854201647289 0.670049754991076
  outer loop
   vertex -50.978260040283203 51.16876220703125 -40.863983154296875
   vertex -50.8134765625 51.524101257324219 -41.113918304443359
   vertex -51.168815612792969 51.16876220703125 -40.969387054443359
  endloop
 endfacet
 facet normal -0.35795902938056962 0.67310850346875939 0.64714007436023291
  outer loop
   vertex -50.978260040283203 51.16876220703125 -40.863983154296875
   vertex -51.168815612792969 51.16876220703125 -40.969387054443359
   vertex -51.168815612792969 51.067424774169922 -40.863983154296875
  endloop
 endfacet
 facet normal -0.18175351287661279 0.70886885890740947 0.68152080043702123
  outer loop
   vertex -51.168815612792969 51.067424774169922 -40.863983154296875
   vertex -51.168815612792969 51.16876220703125 -40.969387054443359
   vertex -51.524154663085938 51.16876220703125 -41.064151763916016
  endloop
 endfacet
 facet normal -0.16907535780788396 0.72530945840491812 0.66733778023614121
  outer loop
   vertex -51.168815612792969 51.067424774169922 -40.863983154296875
   vertex -51.524154663085938 51.16876220703125 -41.064151763916016
   vertex -51.524154663085938 50.984592437744141 -40.863983154296875
  endloop
 endfacet
 facet normal -0.16791769671574924 0.72545508744621101 0.6674717696113357
  outer loop
   vertex -51.524154663085938 50.984592437744141 -40.863983154296875
   vertex -51.524154663085938 51.16876220703125 -41.064151763916016
   vertex -51.879493713378906 51.16876220703125 -41.153545379638672
  endloop
 endfacet
 facet normal -0.18609423414422091 0.70953615940952797 0.67965239241001196
  outer loop
   vertex -51.524154663085938 50.984592437744141 -40.863983154296875
   vertex -51.879493713378906 51.16876220703125 -41.153545379638672
   vertex -51.879493713378906 50.891395568847656 -40.863983154296875
  endloop
 endfacet
 facet normal -0.38233202987097414 0.66728536367989877 0.63918108729320666
  outer loop
   vertex -51.879493713378906 50.891395568847656 -40.863983154296875
   vertex -51.879493713378906 51.16876220703125 -41.153545379638672
   vertex -52.015579223632812 50.813423156738281 -40.863983154296875
  endloop
 endfacet
 facet normal -0.34422807480188239 0.6007824041331874 0.72150366277804656
  outer loop
   vertex -51.879493713378906 50.891395568847656 -40.863983154296875
   vertex -52.015579223632812 50.813423156738281 -40.863983154296875
   vertex -51.879493713378906 50.813423156738281 -40.799057006835938
  endloop
 endfacet
 facet normal -0.36553159755882064 0.52857517597710335 0.76615594661065611
  outer loop
   vertex -51.879493713378906 50.813423156738281 -40.799057006835938
   vertex -52.015579223632812 50.813423156738281 -40.863983154296875
   vertex -52.234832763671875 50.458084106445312 -40.723438262939453
  endloop
 endfacet
 facet normal -0.27924337716914166 0.45875568309805254 0.84354392863229821
  outer loop
   vertex -51.879493713378906 50.813423156738281 -40.799057006835938
   vertex -52.234832763671875 50.458084106445312 -40.723438262939453
   vertex -51.879493713378906 50.458084106445312 -40.605808258056641
  endloop
 endfacet
 facet normal -0.30566911761475402 0.23227522259530797 0.92337132915470022
  outer loop
   vertex -51.879493713378906 50.458084106445312 -40.605808258056641
   vertex -52.234832763671875 50.458084106445312 -40.723438262939453
   vertex -52.234832763671875 50.102745056152344 -40.634052276611328
  endloop
 endfacet
 facet normal -0.43113572938278832 0.36556772865956932 0.82491346128685195
  outer loop
   vertex -51.879493713378906 50.458084106445312 -40.605808258056641
   vertex -52.234832763671875 50.102745056152344 -40.634052276611328
   vertex -51.879493713378906 50.23883056640625 -40.508644104003906
  endloop
 endfacet
 facet normal -0.42453035663352578 0.332398439241118 0.84219074673536998
  outer loop
   vertex -51.879493713378906 50.23883056640625 -40.508644104003906
   vertex -52.234832763671875 50.102745056152344 -40.634052276611328
   vertex -51.986045837402344 50.102745056152344 -40.508644104003906
  endloop
 endfacet
 facet normal -0.45956804783351063 0.35983222268558668 0.81198397824565871
  outer loop
   vertex -51.879493713378906 50.23883056640625 -40.508644104003906
   vertex -51.986045837402344 50.102745056152344 -40.508644104003906
   vertex -51.879493713378906 50.102745056152344 -40.448337554931641
  endloop
 endfacet
 facet normal -0.35629152252127433 0.61827521384933459 0.70056556503944134
  outer loop
   vertex -50.8134765625 51.263721466064453 -40.863983154296875
   vertex -50.978260040283203 51.16876220703125 -40.863983154296875
   vertex -50.8134765625 51.16876220703125 -40.780178070068359
  endloop
 endfacet
 facet normal -0.34428069932402533 0.65054654170770765 0.67694903585506494
  outer loop
   vertex -50.8134765625 51.16876220703125 -40.780178070068359
   vertex -50.978260040283203 51.16876220703125 -40.863983154296875
   vertex -51.168815612792969 50.813423156738281 -40.619415283203125
  endloop
 endfacet
 facet normal 0.40647158333402467 0.31579820074938958 0.85735193960553879
  outer loop
   vertex -46.928825378417969 51.16876220703125 -41.219322204589844
   vertex -47.260086059570312 51.524101257324219 -41.193157196044922
   vertex -47.260086059570312 51.16876220703125 -41.062271118164062
  endloop
 endfacet
 facet normal 0.05436794578417431 0.34512832336740146 0.93697949117406798
  outer loop
   vertex -47.260086059570312 51.16876220703125 -41.062271118164062
   vertex -47.260086059570312 51.524101257324219 -41.193157196044922
   vertex -47.615425109863281 51.16876220703125 -41.041652679443359
  endloop
 endfacet
 facet normal 0.057927256680508764 0 0.99832080662153411
  outer loop
   vertex -47.260086059570312 51.16876220703125 -41.062271118164062
   vertex -47.615425109863281 51.16876220703125 -41.041652679443359
   vertex -47.615425109863281 50.813423156738281 -41.041652679443359
  endloop
 endfacet
 facet normal 0 0 1
  outer loop
   vertex -47.615425109863281 50.813423156738281 -41.041652679443359
   vertex -47.615425109863281 51.16876220703125 -41.041652679443359
   vertex -47.97076416015625 50.813423156738281 -41.041652679443359
  endloop
 endfacet
 facet normal 0 -0.14550927912771366 0.98935688691580492
  outer loop
   vertex -47.615425109863281 50.813423156738281 -41.041652679443359
   vertex -47.97076416015625 50.813423156738281 -41.041652679443359
   vertex -47.97076416015625 50.458084106445312 -41.093914031982422
  endloop
 endfacet
 facet normal 0.14399288659414911 -0.14399288659414911 0.97904652454342989
  outer loop
   vertex -47.97076416015625 50.458084106445312 -41.093914031982422
   vertex -47.97076416015625 50.813423156738281 -41.041652679443359
   vertex -48.326103210449219 50.458084106445312 -41.041652679443359
  endloop
 endfacet
 facet normal 0.14550927912771366 0 0.98935688691580492
  outer loop
   vertex -47.97076416015625 50.458084106445312 -41.093914031982422
   vertex -48.326103210449219 50.458084106445312 -41.041652679443359
   vertex -48.326103210449219 50.102745056152344 -41.041652679443359
  endloop
 endfacet
 facet normal 0.53559906148568681 0.4465280463329786 0.71676101259325264
  outer loop
   vertex -47.225070953369141 51.524101257324219 -41.219322204589844
   vertex -47.260086059570312 51.524101257324219 -41.193157196044922
   vertex -46.928825378417969 51.16876220703125 -41.219322204589844
  endloop
 endfacet
 facet normal -0.042467356976190161 0.14537800863913172 0.98846434341132272
  outer loop
   vertex -48.326103210449219 51.524101257324219 -41.093914031982422
   vertex -48.681442260742188 51.16876220703125 -41.056919097900391
   vertex -48.326103210449219 51.16876220703125 -41.041652679443359
  endloop
 endfacet
 facet normal -0.042766070441230354 0.085532140882460708 0.99541715682174103
  outer loop
   vertex -48.326103210449219 51.16876220703125 -41.041652679443359
   vertex -48.681442260742188 51.16876220703125 -41.056919097900391
   vertex -48.681442260742188 50.813423156738281 -41.026386260986328
  endloop
 endfacet
 facet normal -0.14736107588674327 0.41189467391954282 0.89923717166841743
  outer loop
   vertex -49.009143829345703 51.524101257324219 -41.219322204589844
   vertex -49.036781311035156 51.514213562011719 -41.219322204589844
   vertex -49.036781311035156 51.16876220703125 -41.061088562011719
  endloop
 endfacet
 facet normal 0.19883672622523799 0.40812582677556014 0.89100912779993191
  outer loop
   vertex -49.036781311035156 51.16876220703125 -41.061088562011719
   vertex -49.036781311035156 51.514213562011719 -41.219322204589844
   vertex -49.392120361328125 51.524101257324219 -41.144554138183594
  endloop
 endfacet
 facet normal 0.24247006218280268 0.44496805678411272 0.86209726677842935
  outer loop
   vertex -49.036781311035156 51.16876220703125 -41.061088562011719
   vertex -49.392120361328125 51.524101257324219 -41.144554138183594
   vertex -49.392120361328125 51.16876220703125 -40.961147308349609
  endloop
 endfacet
 facet normal 0.204949492688103 0.44891875439413687 0.86975149174928446
  outer loop
   vertex -49.392120361328125 51.16876220703125 -40.961147308349609
   vertex -49.392120361328125 51.524101257324219 -41.144554138183594
   vertex -49.747459411621094 51.524101257324219 -41.060821533203125
  endloop
 endfacet
 facet normal 0.33789776249581621 0.55177560074854026 0.76247543469865864
  outer loop
   vertex -49.392120361328125 51.16876220703125 -40.961147308349609
   vertex -49.747459411621094 51.524101257324219 -41.060821533203125
   vertex -49.611373901367188 51.16876220703125 -40.863983154296875
  endloop
 endfacet
 facet normal 0.34883354069409162 0.552809192426859 0.75678078573335061
  outer loop
   vertex -49.611373901367188 51.16876220703125 -40.863983154296875
   vertex -49.747459411621094 51.524101257324219 -41.060821533203125
   vertex -49.747459411621094 51.254634857177734 -40.863983154296875
  endloop
 endfacet
 facet normal -0.16492306092004969 0.41189940452244456 0.89618037499758796
  outer loop
   vertex -49.009143829345703 51.524101257324219 -41.219322204589844
   vertex -49.036781311035156 51.16876220703125 -41.061088562011719
   vertex -48.681442260742188 51.524101257324219 -41.159015655517578
  endloop
 endfacet
 facet normal 0.086793286016121296 0.58763558581042274 0.80445717337330336
  outer loop
   vertex -50.102798461914062 51.524101257324219 -41.022483825683594
   vertex -49.747459411621094 51.254634857177734 -40.863983154296875
   vertex -49.747459411621094 51.524101257324219 -41.060821533203125
  endloop
 endfacet
 facet normal -0.43151724424175925 0.67496279670326753 0.5985132337622131
  outer loop
   vertex -50.959667205810547 51.524101257324219 -41.219322204589844
   vertex -51.168815612792969 51.390388488769531 -41.219322204589844
   vertex -51.168815612792969 51.16876220703125 -40.969387054443359
  endloop
 endfacet
 facet normal -0.17423144548985101 0.73676488633899695 0.65331531870942849
  outer loop
   vertex -51.168815612792969 51.16876220703125 -40.969387054443359
   vertex -51.168815612792969 51.390388488769531 -41.219322204589844
   vertex -51.524154663085938 51.16876220703125 -41.064151763916016
  endloop
 endfacet
 facet normal -0.43152535366879169 0.67496316510199206 0.59850697146860787
  outer loop
   vertex -50.8134765625 51.524101257324219 -41.113918304443359
   vertex -50.959667205810547 51.524101257324219 -41.219322204589844
   vertex -51.168815612792969 51.16876220703125 -40.969387054443359
  endloop
 endfacet
 facet normal -0.21645156848483943 0.76856230862098007 0.60204708808169016
  outer loop
   vertex -51.524154663085938 51.16876220703125 -41.064151763916016
   vertex -51.168815612792969 51.390388488769531 -41.219322204589844
   vertex -51.524154663085938 51.290313720703125 -41.219322204589844
  endloop
 endfacet
 facet normal -0.24534581915653969 0.87115815561605825 0.42531035365487369
  outer loop
   vertex -51.524154663085938 51.290313720703125 -41.219322204589844
   vertex -51.168815612792969 51.390388488769531 -41.219322204589844
   vertex -51.524154663085938 51.463794708251953 -41.574661254882812
  endloop
 endfacet
 facet normal -0.19886354048203339 0.8806759910574028 0.42995708046502962
  outer loop
   vertex -51.524154663085938 51.290313720703125 -41.219322204589844
   vertex -51.524154663085938 51.463794708251953 -41.574661254882812
   vertex -51.879493713378906 51.383556365966797 -41.574661254882812
  endloop
 endfacet
 facet normal -0.19393165434480034 0.85883491500514175 0.47412350944790727
  outer loop
   vertex -51.879493713378906 51.383556365966797 -41.574661254882812
   vertex -51.524154663085938 51.463794708251953 -41.574661254882812
   vertex -51.879493713378906 51.524101257324219 -41.829246520996094
  endloop
 endfacet
 facet normal -0.26432407699080274 0.8443188801824143 0.4661098699775344
  outer loop
   vertex -51.879493713378906 51.383556365966797 -41.574661254882812
   vertex -51.879493713378906 51.524101257324219 -41.829246520996094
   vertex -52.057163238525391 51.524101257324219 -41.930000305175781
  endloop
 endfacet
 facet normal -0.15705973981061006 0.78407818014675634 0.60046119404035947
  outer loop
   vertex -51.879493713378906 51.16876220703125 -41.153545379638672
   vertex -51.524154663085938 51.290313720703125 -41.219322204589844
   vertex -51.879493713378906 51.219135284423828 -41.219322204589844
  endloop
 endfacet
 facet normal -0.17886146350853885 0.89291737637710455 0.41316720082239355
  outer loop
   vertex -51.879493713378906 51.219135284423828 -41.219322204589844
   vertex -51.524154663085938 51.290313720703125 -41.219322204589844
   vertex -51.879493713378906 51.383556365966797 -41.574661254882812
  endloop
 endfacet
 facet normal -0.18631551912682109 0.89166104637604737 0.4125858767675834
  outer loop
   vertex -51.879493713378906 51.219135284423828 -41.219322204589844
   vertex -51.879493713378906 51.383556365966797 -41.574661254882812
   vertex -52.234832763671875 51.309307098388672 -41.574661254882812
  endloop
 endfacet
 facet normal -0.1882020222782407 0.90068939453442876 0.39158474610687383
  outer loop
   vertex -52.234832763671875 51.309307098388672 -41.574661254882812
   vertex -51.879493713378906 51.383556365966797 -41.574661254882812
   vertex -52.234832763671875 51.463794708251953 -41.930000305175781
  endloop
 endfacet
 facet normal -0.20278089821189257 0.89802418315288546 0.39042601577375796
  outer loop
   vertex -52.234832763671875 51.309307098388672 -41.574661254882812
   vertex -52.234832763671875 51.463794708251953 -41.930000305175781
   vertex -52.590171813964844 51.383556365966797 -41.930000305175781
  endloop
 endfacet
 facet normal -0.15330257259719099 0.77791921440674883 0.60937674479083126
  outer loop
   vertex -51.524154663085938 51.16876220703125 -41.064151763916016
   vertex -51.524154663085938 51.290313720703125 -41.219322204589844
   vertex -51.879493713378906 51.16876220703125 -41.153545379638672
  endloop
 endfacet
 facet normal 0.84698543964182071 0.45151772086826208 0.28061969420673522
  outer loop
   vertex -46.779338836669922 51.16876220703125 -41.574661254882812
   vertex -46.904747009277344 51.524101257324219 -41.767887115478516
   vertex -46.904747009277344 51.404010772705078 -41.574661254882812
  endloop
 endfacet
 facet normal 0.79664573998612243 0.51337480153421 0.31906406584207186
  outer loop
   vertex -46.904747009277344 51.404010772705078 -41.574661254882812
   vertex -46.904747009277344 51.524101257324219 -41.767887115478516
   vertex -46.982135772705078 51.524101257324219 -41.574661254882812
  endloop
 endfacet
 facet normal -0.28338033970082444 0.83486870273678904 0.4719002354964833
  outer loop
   vertex -52.057163238525391 51.524101257324219 -41.930000305175781
   vertex -52.234832763671875 51.463794708251953 -41.930000305175781
   vertex -51.879493713378906 51.383556365966797 -41.574661254882812
  endloop
 endfacet
 facet normal -0.20277241720391589 0.89802931881066728 0.39041860787842825
  outer loop
   vertex -52.234832763671875 51.309307098388672 -41.574661254882812
   vertex -52.590171813964844 51.383556365966797 -41.930000305175781
   vertex -52.590171813964844 51.229072570800781 -41.574661254882812
  endloop
 endfacet
 facet normal -0.18820273486762126 0.9006928048149877 0.3915765594910634
  outer loop
   vertex -52.590171813964844 51.229072570800781 -41.574661254882812
   vertex -52.590171813964844 51.383556365966797 -41.930000305175781
   vertex -52.945510864257812 51.309307098388672 -41.930000305175781
  endloop
 endfacet
 facet normal -0.29429077952668309 0.82597275716080776 0.48079303396965967
  outer loop
   vertex -52.590171813964844 51.229072570800781 -41.574661254882812
   vertex -52.945510864257812 51.309307098388672 -41.930000305175781
   vertex -52.945510864257812 51.16876220703125 -41.688552856445312
  endloop
 endfacet
 facet normal -0.12393269478880958 0.85758225810236144 0.49919270602687937
  outer loop
   vertex -52.945510864257812 51.16876220703125 -41.688552856445312
   vertex -52.945510864257812 51.309307098388672 -41.930000305175781
   vertex -53.300849914550781 51.16876220703125 -41.776771545410156
  endloop
 endfacet
 facet normal -0.078299096199013693 0.81848959835463198 0.56916081112431738
  outer loop
   vertex -53.300849914550781 51.16876220703125 -41.776771545410156
   vertex -52.945510864257812 51.309307098388672 -41.930000305175781
   vertex -53.300849914550781 51.275314331054688 -41.930000305175781
  endloop
 endfacet
 facet normal -0.090003681922223341 0.9408419897940864 0.3266736712389709
  outer loop
   vertex -53.300849914550781 51.275314331054688 -41.930000305175781
   vertex -52.945510864257812 51.309307098388672 -41.930000305175781
   vertex -53.300849914550781 51.398693084716797 -42.28533935546875
  endloop
 endfacet
 facet normal -0.13761595655803777 0.93568805499132968 0.32488415204062887
  outer loop
   vertex -53.300849914550781 51.275314331054688 -41.930000305175781
   vertex -53.300849914550781 51.398693084716797 -42.28533935546875
   vertex -53.65618896484375 51.346431732177734 -42.28533935546875
  endloop
 endfacet
 facet normal -0.14399288659414911 0.97904652454342989 0.14399288659414911
  outer loop
   vertex -53.65618896484375 51.346431732177734 -42.28533935546875
   vertex -53.300849914550781 51.398693084716797 -42.28533935546875
   vertex -53.65618896484375 51.398693084716797 -42.640678405761719
  endloop
 endfacet
 facet normal -0.32488415204062887 0.93568805499132968 0.13761595655803777
  outer loop
   vertex -53.65618896484375 51.346431732177734 -42.28533935546875
   vertex -53.65618896484375 51.398693084716797 -42.640678405761719
   vertex -54.011528015136719 51.275314331054688 -42.640678405761719
  endloop
 endfacet
 facet normal -0.3279360967849107 0.94447785967641928 -0.020481430773444626
  outer loop
   vertex -54.011528015136719 51.275314331054688 -42.640678405761719
   vertex -53.65618896484375 51.398693084716797 -42.640678405761719
   vertex -54.011528015136719 51.267608642578125 -42.996017456054688
  endloop
 endfacet
 facet normal -0.1058949386137341 0.8137364735084418 0.5715060924067551
  outer loop
   vertex -53.65618896484375 51.16876220703125 -41.844127655029297
   vertex -53.300849914550781 51.275314331054688 -41.930000305175781
   vertex -53.65618896484375 51.229072570800781 -41.930000305175781
  endloop
 endfacet
 facet normal -0.12263634692876764 0.94238374166100525 0.31124461419431915
  outer loop
   vertex -53.65618896484375 51.229072570800781 -41.930000305175781
   vertex -53.300849914550781 51.275314331054688 -41.930000305175781
   vertex -53.65618896484375 51.346431732177734 -42.28533935546875
  endloop
 endfacet
 facet normal -0.29924136352723302 0.90604040346373338 0.29924136352723302
  outer loop
   vertex -53.65618896484375 51.229072570800781 -41.930000305175781
   vertex -53.65618896484375 51.346431732177734 -42.28533935546875
   vertex -54.011528015136719 51.229072570800781 -42.28533935546875
  endloop
 endfacet
 facet normal -0.31124461419431915 0.94238374166100525 0.12263634692876764
  outer loop
   vertex -54.011528015136719 51.229072570800781 -42.28533935546875
   vertex -53.65618896484375 51.346431732177734 -42.28533935546875
   vertex -54.011528015136719 51.275314331054688 -42.640678405761719
  endloop
 endfacet
 facet normal -0.10759103817268029 0.81624440118572295 0.56759954724954231
  outer loop
   vertex -53.300849914550781 51.16876220703125 -41.776771545410156
   vertex -53.300849914550781 51.275314331054688 -41.930000305175781
   vertex -53.65618896484375 51.16876220703125 -41.844127655029297
  endloop
 endfacet
 facet normal -0.34094126665322261 0.76930668858868201 0.54030201886131501
  outer loop
   vertex -53.65618896484375 51.16876220703125 -41.844127655029297
   vertex -53.65618896484375 51.229072570800781 -41.930000305175781
   vertex -53.792274475097656 51.16876220703125 -41.930000305175781
  endloop
 endfacet
 facet normal -0.375519984518568 0.84733079871697625 0.375519984518568
  outer loop
   vertex -53.792274475097656 51.16876220703125 -41.930000305175781
   vertex -53.65618896484375 51.229072570800781 -41.930000305175781
   vertex -54.011528015136719 51.16876220703125 -42.149253845214844
  endloop
 endfacet
 facet normal 0.95368310603154482 0.27401368384141989 0.12411701872700394
  outer loop
   vertex -46.844440460205078 51.524101257324219 -41.930000305175781
   vertex -46.742343902587891 51.16876220703125 -41.930000305175781
   vertex -46.798194885253906 51.524101257324219 -42.28533935546875
  endloop
 endfacet
 facet normal 0.97968539815346056 0.19607380437761637 0.04209018747622275
  outer loop
   vertex -46.798194885253906 51.524101257324219 -42.28533935546875
   vertex -46.742343902587891 51.16876220703125 -41.930000305175781
   vertex -46.727077484130859 51.16876220703125 -42.28533935546875
  endloop
 endfacet
 facet normal 0.98055435032059635 0.19624771608187738 0
  outer loop
   vertex -46.798194885253906 51.524101257324219 -42.28533935546875
   vertex -46.727077484130859 51.16876220703125 -42.28533935546875
   vertex -46.798194885253906 51.524101257324219 -42.640678405761719
  endloop
 endfacet
 facet normal 0.98055435032059635 0.19624771608187738 0
  outer loop
   vertex -46.798194885253906 51.524101257324219 -42.640678405761719
   vertex -46.727077484130859 51.16876220703125 -42.28533935546875
   vertex -46.727077484130859 51.16876220703125 -42.640678405761719
  endloop
 endfacet
 facet normal -0.1882020222782407 0.90068939453442876 0.39158474610687383
  outer loop
   vertex -52.590171813964844 51.383556365966797 -41.930000305175781
   vertex -52.945510864257812 51.463794708251953 -42.28533935546875
   vertex -52.945510864257812 51.309307098388672 -41.930000305175781
  endloop
 endfacet
 facet normal -0.16569510818254776 0.90440052309881191 0.39319820058460209
  outer loop
   vertex -52.945510864257812 51.309307098388672 -41.930000305175781
   vertex -52.945510864257812 51.463794708251953 -42.28533935546875
   vertex -53.300849914550781 51.398693084716797 -42.28533935546875
  endloop
 endfacet
 facet normal -0.375519984518568 0.84733079871697625 0.375519984518568
  outer loop
   vertex -54.011528015136719 51.16876220703125 -42.149253845214844
   vertex -53.65618896484375 51.229072570800781 -41.930000305175781
   vertex -54.011528015136719 51.229072570800781 -42.28533935546875
  endloop
 endfacet
 facet normal -0.16534312212564625 0.9024793054027862 0.39773452865629866
  outer loop
   vertex -52.945510864257812 51.463794708251953 -42.28533935546875
   vertex -53.300849914550781 51.524101257324219 -42.569896697998047
   vertex -53.300849914550781 51.398693084716797 -42.28533935546875
  endloop
 endfacet
 facet normal -0.3740331370138304 0.84865393653899246 0.37401297893584523
  outer loop
   vertex -53.300849914550781 51.398693084716797 -42.28533935546875
   vertex -53.300849914550781 51.524101257324219 -42.569896697998047
   vertex -53.371627807617188 51.524101257324219 -42.640678405761719
  endloop
 endfacet
 facet normal -0.37401218772797057 0.84866351804580042 0.37401218772797057
  outer loop
   vertex -53.300849914550781 51.398693084716797 -42.28533935546875
   vertex -53.371627807617188 51.524101257324219 -42.640678405761719
   vertex -53.65618896484375 51.398693084716797 -42.640678405761719
  endloop
 endfacet
 facet normal 0.79949716005694837 0.43940106933058909 -0.4095497421950221
  outer loop
   vertex -46.904747009277344 51.302631378173828 -43.706695556640625
   vertex -46.844440460205078 51.524101257324219 -43.351356506347656
   vertex -46.831172943115234 51.16876220703125 -43.706695556640625
  endloop
 endfacet
 facet normal 0.93452001552634667 0.268507715464811 -0.23361495525009673
  outer loop
   vertex -46.831172943115234 51.16876220703125 -43.706695556640625
   vertex -46.844440460205078 51.524101257324219 -43.351356506347656
   vertex -46.742343902587891 51.16876220703125 -43.351356506347656
  endloop
 endfacet
 facet normal 0.96930457810889437 0.041644196689122871 -0.24231053575784986
  outer loop
   vertex -46.831172943115234 51.16876220703125 -43.706695556640625
   vertex -46.742343902587891 51.16876220703125 -43.351356506347656
   vertex -46.727077484130859 50.813423156738281 -43.351356506347656
  endloop
 endfacet
 facet normal 0.78955517873953507 0.43393698835521077 -0.43393698835521077
  outer loop
   vertex -46.904747009277344 51.302631378173828 -43.706695556640625
   vertex -46.831172943115234 51.16876220703125 -43.706695556640625
   vertex -46.904747009277344 51.16876220703125 -43.840564727783203
  endloop
 endfacet
 facet normal 0.78955517873953507 0.43393698835521077 -0.43393698835521077
  outer loop
   vertex -46.904747009277344 51.16876220703125 -43.840564727783203
   vertex -46.831172943115234 51.16876220703125 -43.706695556640625
   vertex -46.904747009277344 50.947292327880859 -44.062034606933594
  endloop
 endfacet
 facet normal 0.76049877801479016 0.45915226703023626 -0.45915226703023626
  outer loop
   vertex -46.904747009277344 51.16876220703125 -43.840564727783203
   vertex -46.904747009277344 50.947292327880859 -44.062034606933594
   vertex -47.038459777832031 51.16876220703125 -44.062034606933594
  endloop
 endfacet
 facet normal 0.72958801582099631 0.44048984843442757 -0.52313480155366909
  outer loop
   vertex -47.038459777832031 51.16876220703125 -44.062034606933594
   vertex -46.904747009277344 50.947292327880859 -44.062034606933594
   vertex -46.904747009277344 50.813423156738281 -44.174755096435547
  endloop
 endfacet
 facet normal 0.61574703461549329 0.43921963680962917 -0.65417253076160564
  outer loop
   vertex -47.038459777832031 51.16876220703125 -44.062034606933594
   vertex -46.904747009277344 50.813423156738281 -44.174755096435547
   vertex -47.162506103515625 50.813423156738281 -44.417373657226562
  endloop
 endfacet
 facet normal 0.64547620049276933 -0.33630031183482273 -0.68575693569749574
  outer loop
   vertex -47.162506103515625 50.813423156738281 -44.417373657226562
   vertex -46.904747009277344 50.813423156738281 -44.174755096435547
   vertex -47.260086059570312 50.458084106445312 -44.3349609375
  endloop
 endfacet
 facet normal 0.67918391607212902 0.1773455797691825 -0.71222029842265777
  outer loop
   vertex -47.580410003662109 51.16876220703125 -44.772712707519531
   vertex -47.615425109863281 51.302860260009766 -44.772712707519531
   vertex -47.260086059570312 51.16876220703125 -44.467247009277344
  endloop
 endfacet
 facet normal 0.68328055596496984 0.23886419129907002 -0.68997940545732461
  outer loop
   vertex -47.260086059570312 51.16876220703125 -44.467247009277344
   vertex -47.615425109863281 51.302860260009766 -44.772712707519531
   vertex -47.615425109863281 51.524101257324219 -44.696121215820312
  endloop
 endfacet
 facet normal 0.52562343326376337 0.27830481557086828 -0.80390698220259227
  outer loop
   vertex -47.615425109863281 51.524101257324219 -44.696121215820312
   vertex -47.615425109863281 51.302860260009766 -44.772712707519531
   vertex -47.732566833496094 51.524101257324219 -44.772712707519531
  endloop
 endfacet
 facet normal 0.32986769994575427 0.17465691897743371 -0.92772962720062357
  outer loop
   vertex -47.732566833496094 51.524101257324219 -44.772712707519531
   vertex -47.615425109863281 51.302860260009766 -44.772712707519531
   vertex -47.615425109863281 51.16876220703125 -44.797958374023438
  endloop
 endfacet
 facet normal 0.57813312648157056 0.15095963269064763 -0.80185614505505232
  outer loop
   vertex -47.615425109863281 51.302860260009766 -44.772712707519531
   vertex -47.580410003662109 51.16876220703125 -44.772712707519531
   vertex -47.615425109863281 51.16876220703125 -44.797958374023438
  endloop
 endfacet
 facet normal 0.52429001526430008 -0.44309529970638162 -0.7271771003492008
  outer loop
   vertex -47.615425109863281 51.16876220703125 -44.797958374023438
   vertex -47.580410003662109 51.16876220703125 -44.772712707519531
   vertex -47.615425109863281 51.127330780029297 -44.772712707519531
  endloop
 endfacet
 facet normal 0.052846057720602656 0.073757829701484465 -0.99587503068463235
  outer loop
   vertex -47.97076416015625 51.524101257324219 -44.852947235107422
   vertex -47.97076416015625 51.16876220703125 -44.879264831542969
   vertex -48.326103210449219 51.16876220703125 -44.898120880126953
  endloop
 endfacet
 facet normal 0.044857347775154585 -0.5323593347398492 -0.84532914126151115
  outer loop
   vertex -48.326103210449219 51.16876220703125 -44.898120880126953
   vertex -47.97076416015625 51.16876220703125 -44.879264831542969
   vertex -47.97076416015625 50.999568939208984 -44.772712707519531
  endloop
 endfacet
 facet normal 0.10031647032975989 -0.44785426365766279 -0.88846112143651568
  outer loop
   vertex -48.326103210449219 51.16876220703125 -44.898120880126953
   vertex -47.97076416015625 50.999568939208984 -44.772712707519531
   vertex -48.326103210449219 50.919975280761719 -44.772712707519531
  endloop
 endfacet
 facet normal 0.10967029310357772 -0.48961360184990482 -0.8650149985370994
  outer loop
   vertex -48.326103210449219 50.919975280761719 -44.772712707519531
   vertex -47.97076416015625 50.999568939208984 -44.772712707519531
   vertex -48.326103210449219 50.813423156738281 -44.71240234375
  endloop
 endfacet
 facet normal 0.28330987377986783 -0.47240288455167351 -0.83460830937997121
  outer loop
   vertex -48.326103210449219 50.919975280761719 -44.772712707519531
   vertex -48.326103210449219 50.813423156738281 -44.71240234375
   vertex -48.503772735595703 50.813423156738281 -44.772712707519531
  endloop
 endfacet
 facet normal 0.28808645585900045 -0.44356385526551029 -0.84867973950872522
  outer loop
   vertex -48.503772735595703 50.813423156738281 -44.772712707519531
   vertex -48.326103210449219 50.813423156738281 -44.71240234375
   vertex -48.681442260742188 50.458084106445312 -44.647304534912109
  endloop
 endfacet
 facet normal 0.26062022178034872 -0.43456919767362673 -0.86210597517501408
  outer loop
   vertex -48.503772735595703 50.813423156738281 -44.772712707519531
   vertex -48.681442260742188 50.458084106445312 -44.647304534912109
   vertex -48.681442260742188 50.706871032714844 -44.772712707519531
  endloop
 endfacet
 facet normal 0.04733206599139398 -0.4496203870955171 -0.89196478800290302
  outer loop
   vertex -48.681442260742188 50.706871032714844 -44.772712707519531
   vertex -48.681442260742188 50.458084106445312 -44.647304534912109
   vertex -49.036781311035156 50.458084106445312 -44.666160583496094
  endloop
 endfacet
 facet normal 0 0.085610464775144599 -0.9963286848831483
  outer loop
   vertex -49.747459411621094 51.524101257324219 -44.935115814208984
   vertex -50.102798461914062 51.16876220703125 -44.965648651123047
   vertex -50.102798461914062 51.524101257324219 -44.935115814208984
  endloop
 endfacet
 facet normal 0.10317583107412813 0.085153573099331983 -0.99101141106981183
  outer loop
   vertex -50.102798461914062 51.524101257324219 -44.935115814208984
   vertex -50.102798461914062 51.16876220703125 -44.965648651123047
   vertex -50.458137512207031 51.16876220703125 -45.002643585205078
  endloop
 endfacet
 facet normal -0.052941184936019826 0.23727730919593781 -0.96999830385331376
  outer loop
   vertex -50.102798461914062 51.524101257324219 -44.935115814208984
   vertex -50.458137512207031 51.16876220703125 -45.002643585205078
   vertex -50.458137512207031 51.524101257324219 -44.915721893310547
  endloop
 endfacet
 facet normal 0.17519999687289428 0.23393537232615111 -0.95633634390331679
  outer loop
   vertex -50.458137512207031 51.524101257324219 -44.915721893310547
   vertex -50.458137512207031 51.16876220703125 -45.002643585205078
   vertex -50.8134765625 51.16876220703125 -45.067741394042969
  endloop
 endfacet
 facet normal 0.34694033187288814 0.40706175792862792 -0.84494563810459744
  outer loop
   vertex -51.168815612792969 51.346431732177734 -45.1280517578125
   vertex -50.8134765625 51.16876220703125 -45.067741394042969
   vertex -50.960357666015625 51.16876220703125 -45.1280517578125
  endloop
 endfacet
 facet normal 0.33649802366353027 0.46385936929473609 -0.819514225372585
  outer loop
   vertex -50.960357666015625 51.16876220703125 -45.1280517578125
   vertex -50.8134765625 51.16876220703125 -45.067741394042969
   vertex -50.8134765625 51.062210083007812 -45.1280517578125
  endloop
 endfacet
 facet normal 0.31040520692184431 0.42789066616492527 -0.84885698755723482
  outer loop
   vertex -50.960357666015625 51.16876220703125 -45.1280517578125
   vertex -50.8134765625 51.062210083007812 -45.1280517578125
   vertex -50.8134765625 50.813423156738281 -45.253459930419922
  endloop
 endfacet
 facet normal 0.33757470512701698 0.39607315805412707 -0.85391414786700781
  outer loop
   vertex -51.168815612792969 51.346431732177734 -45.1280517578125
   vertex -50.960357666015625 51.16876220703125 -45.1280517578125
   vertex -51.168815612792969 51.16876220703125 -45.210460662841797
  endloop
 endfacet
 facet normal 0.33141393763724403 0.43285953451759979 -0.83833014100471404
  outer loop
   vertex -51.168815612792969 51.16876220703125 -45.210460662841797
   vertex -50.960357666015625 51.16876220703125 -45.1280517578125
   vertex -50.8134765625 50.813423156738281 -45.253459930419922
  endloop
 endfacet
 facet normal 0.10104981363270063 0.21850016414495071 -0.97059085789709876
  outer loop
   vertex -51.168815612792969 51.16876220703125 -45.210460662841797
   vertex -50.8134765625 50.813423156738281 -45.253459930419922
   vertex -51.168815612792969 50.813423156738281 -45.290454864501953
  endloop
 endfacet
 facet normal 0.10345753364441186 0.042693034609706769 -0.99371718488110583
  outer loop
   vertex -51.168815612792969 50.813423156738281 -45.290454864501953
   vertex -50.8134765625 50.813423156738281 -45.253459930419922
   vertex -51.168815612792969 50.458084106445312 -45.305721282958984
  endloop
 endfacet
 facet normal 0.14537800863913172 0.042467356976190161 -0.98846434341132272
  outer loop
   vertex -51.168815612792969 50.813423156738281 -45.290454864501953
   vertex -51.168815612792969 50.458084106445312 -45.305721282958984
   vertex -51.524154663085938 50.458084106445312 -45.357982635498047
  endloop
 endfacet
 facet normal 0.14550927912771366 0 -0.98935688691580492
  outer loop
   vertex -51.524154663085938 50.458084106445312 -45.357982635498047
   vertex -51.168815612792969 50.458084106445312 -45.305721282958984
   vertex -51.524154663085938 50.102745056152344 -45.357982635498047
  endloop
 endfacet
 facet normal 0.45012488270728707 0 -0.89296561522140983
  outer loop
   vertex -51.524154663085938 50.458084106445312 -45.357982635498047
   vertex -51.524154663085938 50.102745056152344 -45.357982635498047
   vertex -51.772941589355469 50.458084106445312 -45.483390808105469
  endloop
 endfacet
 facet normal 0.45012488270728707 0 -0.89296561522140983
  outer loop
   vertex -51.772941589355469 50.458084106445312 -45.483390808105469
   vertex -51.524154663085938 50.102745056152344 -45.357982635498047
   vertex -51.772941589355469 50.102745056152344 -45.483390808105469
  endloop
 endfacet
 facet normal 0.49256126612823875 0 -0.8702777712375207
  outer loop
   vertex -51.772941589355469 50.458084106445312 -45.483390808105469
   vertex -51.772941589355469 50.102745056152344 -45.483390808105469
   vertex -51.879493713378906 50.102745056152344 -45.543697357177734
  endloop
 endfacet
 facet normal 0.46383966408835664 -0.33648372889351702 -0.81953124785349984
  outer loop
   vertex -51.879493713378906 50.102745056152344 -45.543697357177734
   vertex -51.772941589355469 50.102745056152344 -45.483390808105469
   vertex -51.879493713378906 49.955863952636719 -45.483390808105469
  endloop
 endfacet
 facet normal 0.35506510309934747 -0.35506510309934747 -0.86478757225234193
  outer loop
   vertex -51.879493713378906 50.102745056152344 -45.543697357177734
   vertex -51.879493713378906 49.955863952636719 -45.483390808105469
   vertex -52.234832763671875 49.747406005859375 -45.543697357177734
  endloop
 endfacet
 facet normal 0.35506510309934741 -0.35506510309934741 -0.86478757225234193
  outer loop
   vertex -52.234832763671875 49.747406005859375 -45.543697357177734
   vertex -51.879493713378906 49.955863952636719 -45.483390808105469
   vertex -52.08795166015625 49.747406005859375 -45.483390808105469
  endloop
 endfacet
 facet normal 0.33648372889351702 -0.46383966408835664 -0.81953124785349984
  outer loop
   vertex -52.234832763671875 49.747406005859375 -45.543697357177734
   vertex -52.08795166015625 49.747406005859375 -45.483390808105469
   vertex -52.234832763671875 49.640853881835938 -45.483390808105469
  endloop
 endfacet
 facet normal 0.31040520692184431 -0.42789066616492527 -0.84885698755723482
  outer loop
   vertex -52.234832763671875 49.640853881835938 -45.483390808105469
   vertex -52.08795166015625 49.747406005859375 -45.483390808105469
   vertex -52.234832763671875 49.392066955566406 -45.357982635498047
  endloop
 endfacet
 facet normal -0.038011024130440621 -0.44979958640709106 -0.89232028673148789
  outer loop
   vertex -52.234832763671875 49.640853881835938 -45.483390808105469
   vertex -52.234832763671875 49.392066955566406 -45.357982635498047
   vertex -52.590171813964844 49.392066955566406 -45.342845916748047
  endloop
 endfacet
 facet normal -0.03863101981174686 -0.41962555844907079 -0.90687487284884571
  outer loop
   vertex -52.590171813964844 49.392066955566406 -45.342845916748047
   vertex -52.234832763671875 49.392066955566406 -45.357982635498047
   vertex -52.590171813964844 49.036727905273438 -45.178424835205078
  endloop
 endfacet
 facet normal -0.35747711062654225 -0.39219025179385608 -0.84758298813506783
  outer loop
   vertex -52.590171813964844 49.392066955566406 -45.342845916748047
   vertex -52.590171813964844 49.036727905273438 -45.178424835205078
   vertex -52.945510864257812 49.392066955566406 -45.192977905273438
  endloop
 endfacet
 facet normal -0.43809812367920448 -0.469493770843114 -0.76658048055522143
  outer loop
   vertex -52.945510864257812 49.392066955566406 -45.192977905273438
   vertex -52.590171813964844 49.036727905273438 -45.178424835205078
   vertex -52.678314208984375 49.036727905273438 -45.1280517578125
  endloop
 endfacet
 facet normal -0.44975055668327174 -0.47624726733371259 -0.75558783547662989
  outer loop
   vertex -52.945510864257812 49.392066955566406 -45.192977905273438
   vertex -52.678314208984375 49.036727905273438 -45.1280517578125
   vertex -52.945510864257812 49.289058685302734 -45.1280517578125
  endloop
 endfacet
 facet normal -0.48741250136470099 -0.51612803673014829 -0.70430171319860368
  outer loop
   vertex -52.945510864257812 49.289058685302734 -45.1280517578125
   vertex -52.678314208984375 49.036727905273438 -45.1280517578125
   vertex -52.945510864257812 49.036727905273438 -44.943138122558594
  endloop
 endfacet
 facet normal -0.62782314007576123 -0.4600828290327974 -0.62782314007576123
  outer loop
   vertex -52.945510864257812 49.289058685302734 -45.1280517578125
   vertex -52.945510864257812 49.036727905273438 -44.943138122558594
   vertex -53.115936279296875 49.036727905273438 -44.772712707519531
  endloop
 endfacet
 facet normal -0.58519405832168525 -0.56133397207900393 -0.58519405832168525
  outer loop
   vertex -53.115936279296875 49.036727905273438 -44.772712707519531
   vertex -52.945510864257812 49.036727905273438 -44.943138122558594
   vertex -52.945510864257812 48.859058380126953 -44.772712707519531
  endloop
 endfacet
 facet normal -0.59503274789638239 -0.57077150928650089 -0.56582321719569795
  outer loop
   vertex -53.115936279296875 49.036727905273438 -44.772712707519531
   vertex -52.945510864257812 48.859058380126953 -44.772712707519531
   vertex -53.300849914550781 48.877243041992188 -44.417373657226562
  endloop
 endfacet
 facet normal -0.6049802673145529 -0.54880908321014577 -0.57689467526234928
  outer loop
   vertex -53.300849914550781 48.877243041992188 -44.417373657226562
   vertex -52.945510864257812 48.859058380126953 -44.772712707519531
   vertex -53.123180389404297 48.681388854980469 -44.417373657226562
  endloop
 endfacet
 facet normal -0.63423161271292117 -0.57534450083955246 -0.51645809780586582
  outer loop
   vertex -53.300849914550781 48.877243041992188 -44.417373657226562
   vertex -53.123180389404297 48.681388854980469 -44.417373657226562
   vertex -53.300849914550781 48.681388854980469 -44.199188232421875
  endloop
 endfacet
 facet normal -0.58948724567541821 -0.64967927513478096 -0.48002252722799849
  outer loop
   vertex -53.300849914550781 48.681388854980469 -44.199188232421875
   vertex -53.123180389404297 48.681388854980469 -44.417373657226562
   vertex -53.300849914550781 48.580051422119141 -44.062034606933594
  endloop
 endfacet
 facet normal -0.6267264593231181 -0.6267264593231181 -0.46306359214325615
  outer loop
   vertex -53.300849914550781 48.681388854980469 -44.199188232421875
   vertex -53.300849914550781 48.580051422119141 -44.062034606933594
   vertex -53.402187347412109 48.681388854980469 -44.062034606933594
  endloop
 endfacet
 facet normal -0.67657629790724538 -0.67657629790724538 -0.29066996098711811
  outer loop
   vertex -53.402187347412109 48.681388854980469 -44.062034606933594
   vertex -53.300849914550781 48.580051422119141 -44.062034606933594
   vertex -53.554847717285156 48.681388854980469 -43.706695556640625
  endloop
 endfacet
 facet normal -0.70304245620657024 -0.64381903378509797 -0.30204032265089353
  outer loop
   vertex -53.402187347412109 48.681388854980469 -44.062034606933594
   vertex -53.554847717285156 48.681388854980469 -43.706695556640625
   vertex -53.65618896484375 48.958755493164062 -44.062034606933594
  endloop
 endfacet
 facet normal -0.66735001771334934 -0.66735001771334934 -0.33058721650418454
  outer loop
   vertex -53.65618896484375 48.958755493164062 -44.062034606933594
   vertex -53.554847717285156 48.681388854980469 -43.706695556640625
   vertex -53.65618896484375 48.782730102539062 -43.706695556640625
  endloop
 endfacet
 facet normal -0.68125993737548718 -0.65596745622097252 -0.32494860225293137
  outer loop
   vertex -53.65618896484375 48.958755493164062 -44.062034606933594
   vertex -53.65618896484375 48.782730102539062 -43.706695556640625
   vertex -53.9007568359375 49.036727905273438 -43.706695556640625
  endloop
 endfacet
 facet normal 0.18229129605385561 0.21594444007735578 -0.9592381780260224
  outer loop
   vertex -51.524154663085938 51.524101257324219 -45.210460662841797
   vertex -51.524154663085938 51.16876220703125 -45.290454864501953
   vertex -51.879493713378906 51.16876220703125 -45.357982635498047
  endloop
 endfacet
 facet normal 0.18374406060243068 0.17713209773926558 -0.9668827954534186
  outer loop
   vertex -51.879493713378906 51.16876220703125 -45.357982635498047
   vertex -51.524154663085938 51.16876220703125 -45.290454864501953
   vertex -51.879493713378906 50.813423156738281 -45.423080444335938
  endloop
 endfacet
 facet normal 0.44422004994910524 0.16144451881911401 -0.88125150471728508
  outer loop
   vertex -51.879493713378906 51.16876220703125 -45.357982635498047
   vertex -51.879493713378906 50.813423156738281 -45.423080444335938
   vertex -52.128280639648438 51.16876220703125 -45.483390808105469
  endloop
 endfacet
 facet normal 0.48328029234985737 0.19344700998987421 -0.85382575116484605
  outer loop
   vertex -52.128280639648438 51.16876220703125 -45.483390808105469
   vertex -51.879493713378906 50.813423156738281 -45.423080444335938
   vertex -51.986045837402344 50.813423156738281 -45.483390808105469
  endloop
 endfacet
 facet normal 0.44299183483607119 0.17732038168220879 -0.8788149500939586
  outer loop
   vertex -52.128280639648438 51.16876220703125 -45.483390808105469
   vertex -51.986045837402344 50.813423156738281 -45.483390808105469
   vertex -52.234832763671875 50.813423156738281 -45.608798980712891
  endloop
 endfacet
 facet normal 0.43271309392134405 0.27544137475280056 -0.85842380408706365
  outer loop
   vertex -52.234832763671875 50.813423156738281 -45.608798980712891
   vertex -51.986045837402344 50.813423156738281 -45.483390808105469
   vertex -51.879493713378906 50.458084106445312 -45.543697357177734
  endloop
 endfacet
 facet normal 0.27477678545023421 0.099566031433880264 -0.95633902124829318
  outer loop
   vertex -52.234832763671875 50.813423156738281 -45.608798980712891
   vertex -51.879493713378906 50.458084106445312 -45.543697357177734
   vertex -52.234832763671875 50.458084106445312 -45.645793914794922
  endloop
 endfacet
 facet normal 0.27614898161481566 0 -0.96111484222911669
  outer loop
   vertex -52.234832763671875 50.458084106445312 -45.645793914794922
   vertex -51.879493713378906 50.458084106445312 -45.543697357177734
   vertex -52.234832763671875 50.102745056152344 -45.645793914794922
  endloop
 endfacet
 facet normal 0 0 -1
  outer loop
   vertex -52.234832763671875 50.458084106445312 -45.645793914794922
   vertex -52.234832763671875 50.102745056152344 -45.645793914794922
   vertex -52.590171813964844 50.102745056152344 -45.645793914794922
  endloop
 endfacet
 facet normal 0.42789066616492527 0.31040520692184431 -0.84885698755723482
  outer loop
   vertex -51.879493713378906 51.16876220703125 -45.357982635498047
   vertex -52.128280639648438 51.16876220703125 -45.483390808105469
   vertex -52.234832763671875 51.315643310546875 -45.483390808105469
  endloop
 endfacet
 facet normal 0.46383966408835664 0.33648372889351702 -0.81953124785349984
  outer loop
   vertex -52.234832763671875 51.315643310546875 -45.483390808105469
   vertex -52.128280639648438 51.16876220703125 -45.483390808105469
   vertex -52.234832763671875 51.16876220703125 -45.543697357177734
  endloop
 endfacet
 facet normal -0.62192841698626777 0.40834966405077389 -0.66817332782338368
  outer loop
   vertex -53.300849914550781 51.524101257324219 -45.258399963378906
   vertex -53.300849914550781 51.16876220703125 -45.475563049316406
   vertex -53.65618896484375 51.16876220703125 -45.144817352294922
  endloop
 endfacet
 facet normal -0.68112604456937598 0.0239996316870171 -0.73177273048957214
  outer loop
   vertex -53.65618896484375 51.16876220703125 -45.144817352294922
   vertex -53.300849914550781 51.16876220703125 -45.475563049316406
   vertex -53.65618896484375 50.813423156738281 -45.156471252441406
  endloop
 endfacet
 facet normal -0.4676028637995539 0.33449040927059231 -0.81820763127243412
  outer loop
   vertex -53.033653259277344 51.524101257324219 -45.483390808105469
   vertex -52.945510864257812 51.524101257324219 -45.533763885498047
   vertex -53.287837982177734 51.16876220703125 -45.483390808105469
  endloop
 endfacet
 facet normal -0.38106087761251578 0.24055641849207157 -0.89270668031299416
  outer loop
   vertex -53.287837982177734 51.16876220703125 -45.483390808105469
   vertex -52.945510864257812 51.524101257324219 -45.533763885498047
   vertex -52.945510864257812 51.16876220703125 -45.6295166015625
  endloop
 endfacet
 facet normal -0.38987022347738848 -0.11748842773197823 -0.91334422765721734
  outer loop
   vertex -53.287837982177734 51.16876220703125 -45.483390808105469
   vertex -52.945510864257812 51.16876220703125 -45.6295166015625
   vertex -53.180755615234375 50.813423156738281 -45.483390808105469
  endloop
 endfacet
 facet normal -0.46980418485780778 -0.051381635839461558 -0.88127405237448797
  outer loop
   vertex -53.180755615234375 50.813423156738281 -45.483390808105469
   vertex -52.945510864257812 51.16876220703125 -45.6295166015625
   vertex -52.945510864257812 50.813423156738281 -45.608798980712891
  endloop
 endfacet
 facet normal -0.46767657526015899 -0.10794969452140289 -0.87728301271919351
  outer loop
   vertex -53.180755615234375 50.813423156738281 -45.483390808105469
   vertex -52.945510864257812 50.813423156738281 -45.608798980712891
   vertex -53.098735809326172 50.458084106445312 -45.483390808105469
  endloop
 endfacet
 facet normal -0.57038209839425202 -0.043525222584299347 -0.82022546707009591
  outer loop
   vertex -53.098735809326172 50.458084106445312 -45.483390808105469
   vertex -52.945510864257812 50.813423156738281 -45.608798980712891
   vertex -52.945510864257812 50.458084106445312 -45.589942932128906
  endloop
 endfacet
 facet normal -0.56536991908145062 -0.13913623215269108 -0.81301781253560879
  outer loop
   vertex -53.098735809326172 50.458084106445312 -45.483390808105469
   vertex -52.945510864257812 50.458084106445312 -45.589942932128906
   vertex -53.011287689208984 50.102745056152344 -45.483390808105469
  endloop
 endfacet
 facet normal -0.60327327873313208 -0.12454317682516491 -0.78775018138549002
  outer loop
   vertex -53.011287689208984 50.102745056152344 -45.483390808105469
   vertex -52.945510864257812 50.458084106445312 -45.589942932128906
   vertex -52.945510864257812 50.102745056152344 -45.533763885498047
  endloop
 endfacet
 facet normal -0.56542268282806241 -0.36765907383680069 -0.73832512836079367
  outer loop
   vertex -53.011287689208984 50.102745056152344 -45.483390808105469
   vertex -52.945510864257812 50.102745056152344 -45.533763885498047
   vertex -52.945510864257812 50.0015869140625 -45.483390808105469
  endloop
 endfacet
 facet normal -0.4297157236307545 -0.40250056644319021 -0.80829307239231485
  outer loop
   vertex -52.945510864257812 50.0015869140625 -45.483390808105469
   vertex -52.945510864257812 50.102745056152344 -45.533763885498047
   vertex -52.707427978515625 49.747406005859375 -45.483390808105469
  endloop
 endfacet
 facet normal -0.44510262763265412 -0.41691297268293326 -0.79250692368154529
  outer loop
   vertex -52.945510864257812 50.0015869140625 -45.483390808105469
   vertex -52.707427978515625 49.747406005859375 -45.483390808105469
   vertex -52.945510864257812 49.747406005859375 -45.349674224853516
  endloop
 endfacet
 facet normal -0.42545106633000196 -0.49513535047900958 -0.7575172439388379
  outer loop
   vertex -52.945510864257812 49.747406005859375 -45.349674224853516
   vertex -52.707427978515625 49.747406005859375 -45.483390808105469
   vertex -52.590171813964844 49.646652221679688 -45.483390808105469
  endloop
 endfacet
 facet normal 0.36238161379081368 0.44719797389674304 0.81773683916588569
  outer loop
   vertex -49.747459411621094 51.16876220703125 -40.803676605224609
   vertex -49.392120361328125 50.991092681884766 -40.863983154296875
   vertex -49.611373901367188 51.16876220703125 -40.863983154296875
  endloop
 endfacet
 facet normal 0.36238544605729311 0.44720270311516863 0.81773255457535932
  outer loop
   vertex -49.611373901367188 51.16876220703125 -40.863983154296875
   vertex -49.392120361328125 50.991092681884766 -40.863983154296875
   vertex -49.392120361328125 51.16876220703125 -40.961147308349609
  endloop
 endfacet
 facet normal 0.13229402743421367 0.43486342505426351 0.89072559851803434
  outer loop
   vertex -50.458137512207031 51.16876220703125 -40.742431640625
   vertex -50.8134765625 50.813423156738281 -40.51617431640625
   vertex -50.458137512207031 50.813423156738281 -40.568950653076172
  endloop
 endfacet
 facet normal 0.12819060782277839 0.48849741356842291 0.86309758718408425
  outer loop
   vertex -50.458137512207031 50.813423156738281 -40.568950653076172
   vertex -50.8134765625 50.813423156738281 -40.51617431640625
   vertex -50.458137512207031 50.706871032714844 -40.508644104003906
  endloop
 endfacet
 facet normal -0.34606629532000183 0.65074532844419541 0.67584660741291414
  outer loop
   vertex -50.978260040283203 51.16876220703125 -40.863983154296875
   vertex -51.168815612792969 51.067424774169922 -40.863983154296875
   vertex -51.168815612792969 50.813423156738281 -40.619415283203125
  endloop
 endfacet
 facet normal -0.1718821702895254 0.68328048018575738 0.70963674153307732
  outer loop
   vertex -51.168815612792969 50.813423156738281 -40.619415283203125
   vertex -51.168815612792969 51.067424774169922 -40.863983154296875
   vertex -51.524154663085938 50.813423156738281 -40.705482482910156
  endloop
 endfacet
 facet normal -0.18904373108382896 0.59590037955554309 0.780490362133617
  outer loop
   vertex -51.168815612792969 50.813423156738281 -40.619415283203125
   vertex -51.524154663085938 50.813423156738281 -40.705482482910156
   vertex -51.168815612792969 50.668338775634766 -40.508644104003906
  endloop
 endfacet
 facet normal -0.20220846580532828 0.57767645800669598 0.79082339761889531
  outer loop
   vertex -51.168815612792969 50.668338775634766 -40.508644104003906
   vertex -51.524154663085938 50.813423156738281 -40.705482482910156
   vertex -51.524154663085938 50.543956756591797 -40.508644104003906
  endloop
 endfacet
 facet normal -0.19722009605934157 0.56342550291135574 0.80228170637216334
  outer loop
   vertex -51.168815612792969 50.668338775634766 -40.508644104003906
   vertex -51.524154663085938 50.543956756591797 -40.508644104003906
   vertex -51.524154663085938 50.458084106445312 -40.448337554931641
  endloop
 endfacet
 facet normal -0.34092850333682428 0.54028179236985785 0.7693265499423031
  outer loop
   vertex -51.524154663085938 50.458084106445312 -40.448337554931641
   vertex -51.524154663085938 50.543956756591797 -40.508644104003906
   vertex -51.660240173339844 50.458084106445312 -40.508644104003906
  endloop
 endfacet
 facet normal -0.37550293081184416 0.37550293081184416 0.84734591395924652
  outer loop
   vertex -51.524154663085938 50.458084106445312 -40.448337554931641
   vertex -51.660240173339844 50.458084106445312 -40.508644104003906
   vertex -51.879493713378906 50.102745056152344 -40.448337554931641
  endloop
 endfacet
 facet normal -0.37550293081184416 0.37550293081184416 0.84734591395924652
  outer loop
   vertex -51.879493713378906 50.102745056152344 -40.448337554931641
   vertex -51.660240173339844 50.458084106445312 -40.508644104003906
   vertex -51.879493713378906 50.23883056640625 -40.508644104003906
  endloop
 endfacet
 facet normal -0.15643122129230355 0.67106789460155092 0.72470487361410807
  outer loop
   vertex -51.168815612792969 51.067424774169922 -40.863983154296875
   vertex -51.524154663085938 50.984592437744141 -40.863983154296875
   vertex -51.524154663085938 50.813423156738281 -40.705482482910156
  endloop
 endfacet
 facet normal -0.18971264854950573 0.66709375952755678 0.72041309467535497
  outer loop
   vertex -51.524154663085938 50.813423156738281 -40.705482482910156
   vertex -51.524154663085938 50.984592437744141 -40.863983154296875
   vertex -51.879493713378906 50.813423156738281 -40.799057006835938
  endloop
 endfacet
 facet normal -0.22538781058012591 0.46546763539252339 0.85588563210512547
  outer loop
   vertex -51.524154663085938 50.813423156738281 -40.705482482910156
   vertex -51.879493713378906 50.813423156738281 -40.799057006835938
   vertex -51.879493713378906 50.458084106445312 -40.605808258056641
  endloop
 endfacet
 facet normal -0.16551260575870116 0.63106296207371837 0.75786879816608721
  outer loop
   vertex -51.524154663085938 50.984592437744141 -40.863983154296875
   vertex -51.879493713378906 50.891395568847656 -40.863983154296875
   vertex -51.879493713378906 50.813423156738281 -40.799057006835938
  endloop
 endfacet
 facet normal 0.69722064630957503 0.16663355220158124 0.69722064630957503
  outer loop
   vertex -46.833965301513672 50.813423156738281 -41.219322204589844
   vertex -46.904747009277344 51.109584808349609 -41.219322204589844
   vertex -46.904747009277344 50.813423156738281 -41.148540496826172
  endloop
 endfacet
 facet normal 0.42430812257595885 0.21048792993334492 0.88071416956265691
  outer loop
   vertex -46.904747009277344 50.813423156738281 -41.148540496826172
   vertex -46.904747009277344 51.109584808349609 -41.219322204589844
   vertex -47.260086059570312 51.16876220703125 -41.062271118164062
  endloop
 endfacet
 facet normal 0.28761151256242556 0.0554796654318312 0.95613891488900582
  outer loop
   vertex -46.904747009277344 50.813423156738281 -41.148540496826172
   vertex -47.260086059570312 51.16876220703125 -41.062271118164062
   vertex -47.260086059570312 50.813423156738281 -41.041652679443359
  endloop
 endfacet
 facet normal 0 0.057927256680508764 0.99832080662153411
  outer loop
   vertex -47.260086059570312 50.813423156738281 -41.041652679443359
   vertex -47.260086059570312 51.16876220703125 -41.062271118164062
   vertex -47.615425109863281 50.813423156738281 -41.041652679443359
  endloop
 endfacet
 facet normal 0 -0.14550927912771366 0.98935688691580492
  outer loop
   vertex -47.260086059570312 50.813423156738281 -41.041652679443359
   vertex -47.615425109863281 50.813423156738281 -41.041652679443359
   vertex -47.615425109863281 50.458084106445312 -41.093914031982422
  endloop
 endfacet
 facet normal 0 -0.14550927912771366 0.98935688691580492
  outer loop
   vertex -47.615425109863281 50.458084106445312 -41.093914031982422
   vertex -47.615425109863281 50.813423156738281 -41.041652679443359
   vertex -47.97076416015625 50.458084106445312 -41.093914031982422
  endloop
 endfacet
 facet normal 0 -0.4032853058415668 0.91507429320917655
  outer loop
   vertex -47.615425109863281 50.458084106445312 -41.093914031982422
   vertex -47.97076416015625 50.458084106445312 -41.093914031982422
   vertex -47.97076416015625 50.173526763916016 -41.219322204589844
  endloop
 endfacet
 facet normal 0.43844823543023659 -0.36245526721985444 0.82242891736167423
  outer loop
   vertex -47.97076416015625 50.173526763916016 -41.219322204589844
   vertex -47.97076416015625 50.458084106445312 -41.093914031982422
   vertex -48.029277801513672 50.102745056152344 -41.219322204589844
  endloop
 endfacet
 facet normal 0.48431952000739742 -0.40037602357280894 0.77790336307785024
  outer loop
   vertex -47.97076416015625 50.173526763916016 -41.219322204589844
   vertex -48.029277801513672 50.102745056152344 -41.219322204589844
   vertex -47.97076416015625 50.102745056152344 -41.255752563476562
  endloop
 endfacet
 facet normal 0.52315175313206719 -0.14230401632700287 0.84027484202018621
  outer loop
   vertex -47.97076416015625 50.102745056152344 -41.255752563476562
   vertex -48.029277801513672 50.102745056152344 -41.219322204589844
   vertex -48.125934600830078 49.747406005859375 -41.219322204589844
  endloop
 endfacet
 facet normal 0.60598526679912268 -0.18531273122592565 0.77358971559088352
  outer loop
   vertex -47.97076416015625 50.102745056152344 -41.255752563476562
   vertex -48.125934600830078 49.747406005859375 -41.219322204589844
   vertex -47.97076416015625 49.747406005859375 -41.340873718261719
  endloop
 endfacet
 facet normal 0.61004537799383807 -0.14614237906529787 0.77877277933264344
  outer loop
   vertex -47.97076416015625 49.747406005859375 -41.340873718261719
   vertex -48.125934600830078 49.747406005859375 -41.219322204589844
   vertex -48.2110595703125 49.392066955566406 -41.219322204589844
  endloop
 endfacet
 facet normal 0.6749788623403753 -0.21501013068106153 0.70581455007544691
  outer loop
   vertex -47.97076416015625 49.747406005859375 -41.340873718261719
   vertex -48.2110595703125 49.392066955566406 -41.219322204589844
   vertex -47.97076416015625 49.392066955566406 -41.449119567871094
  endloop
 endfacet
 facet normal 0.59608888499448398 -0.50611215173142265 0.62332056845239925
  outer loop
   vertex -47.97076416015625 49.392066955566406 -41.449119567871094
   vertex -48.2110595703125 49.392066955566406 -41.219322204589844
   vertex -48.141189575195312 49.036727905273438 -41.574661254882812
  endloop
 endfacet
 facet normal 0.57936492653101157 -0.50414295231388484 0.64044997114369173
  outer loop
   vertex -47.97076416015625 49.392066955566406 -41.449119567871094
   vertex -48.141189575195312 49.036727905273438 -41.574661254882812
   vertex -47.97076416015625 49.232582092285156 -41.574661254882812
  endloop
 endfacet
 facet normal 0.61115478308498317 -0.53180536576496262 0.58623620159108336
  outer loop
   vertex -47.97076416015625 49.232582092285156 -41.574661254882812
   vertex -48.141189575195312 49.036727905273438 -41.574661254882812
   vertex -47.97076416015625 49.036727905273438 -41.752330780029297
  endloop
 endfacet
 facet normal 0.51645757803397441 -0.57534471146508703 0.63423184489619955
  outer loop
   vertex -47.97076416015625 49.232582092285156 -41.574661254882812
   vertex -47.97076416015625 49.036727905273438 -41.752330780029297
   vertex -47.793094635009766 49.392066955566406 -41.574661254882812
  endloop
 endfacet
 facet normal 0.58928028659991705 -0.5772669396943535 0.56525359278878995
  outer loop
   vertex -47.793094635009766 49.392066955566406 -41.574661254882812
   vertex -47.97076416015625 49.036727905273438 -41.752330780029297
   vertex -47.800338745117188 49.036727905273438 -41.930000305175781
  endloop
 endfacet
 facet normal 0.55405217827477038 -0.59427411911538564 0.58297894910418024
  outer loop
   vertex -47.793094635009766 49.392066955566406 -41.574661254882812
   vertex -47.800338745117188 49.036727905273438 -41.930000305175781
   vertex -47.615425109863281 49.392066955566406 -41.743515014648438
  endloop
 endfacet
 facet normal 0.62243073653095382 -0.59236870307852241 0.51154598799580453
  outer loop
   vertex -47.615425109863281 49.392066955566406 -41.743515014648438
   vertex -47.800338745117188 49.036727905273438 -41.930000305175781
   vertex -47.615425109863281 49.231025695800781 -41.930000305175781
  endloop
 endfacet
 facet normal 0.64351139046831873 -0.57932183046116292 0.5002792291197572
  outer loop
   vertex -47.615425109863281 49.392066955566406 -41.743515014648438
   vertex -47.615425109863281 49.231025695800781 -41.930000305175781
   vertex -47.470447540283203 49.392066955566406 -41.930000305175781
  endloop
 endfacet
 facet normal 0.66430365120288426 -0.59804008584341528 0.44838456120044662
  outer loop
   vertex -47.470447540283203 49.392066955566406 -41.930000305175781
   vertex -47.615425109863281 49.231025695800781 -41.930000305175781
   vertex -47.550498962402344 49.036727905273438 -42.28533935546875
  endloop
 endfacet
 facet normal 0.81273903135401548 -0.49322745509868487 0.31013214030572711
  outer loop
   vertex -47.470447540283203 49.392066955566406 -41.930000305175781
   vertex -47.550498962402344 49.036727905273438 -42.28533935546875
   vertex -47.334854125976562 49.392066955566406 -42.28533935546875
  endloop
 endfacet
 facet normal 0.7999329150769775 -0.48545579913367193 0.35276053983394612
  outer loop
   vertex -47.334854125976562 49.392066955566406 -42.28533935546875
   vertex -47.550498962402344 49.036727905273438 -42.28533935546875
   vertex -47.393798828125 49.036727905273438 -42.640678405761719
  endloop
 endfacet
 facet normal 0.77119213056242319 -0.50954207716924993 0.38161442497976455
  outer loop
   vertex -47.334854125976562 49.392066955566406 -42.28533935546875
   vertex -47.393798828125 49.036727905273438 -42.640678405761719
   vertex -47.260086059570312 49.392066955566406 -42.436435699462891
  endloop
 endfacet
 facet normal 0.76130740985685652 -0.51380224753648718 0.39549750710149689
  outer loop
   vertex -47.260086059570312 49.392066955566406 -42.436435699462891
   vertex -47.393798828125 49.036727905273438 -42.640678405761719
   vertex -47.260086059570312 49.234851837158203 -42.640678405761719
  endloop
 endfacet
 facet normal 0.78853100230374196 -0.48733829519031885 0.37512697110025234
  outer loop
   vertex -47.260086059570312 49.392066955566406 -42.436435699462891
   vertex -47.260086059570312 49.234851837158203 -42.640678405761719
   vertex -47.162921905517578 49.392066955566406 -42.640678405761719
  endloop
 endfacet
 facet normal 0.759342865620663 -0.46929905928284543 0.45072919296095737
  outer loop
   vertex -47.162921905517578 49.392066955566406 -42.640678405761719
   vertex -47.260086059570312 49.234851837158203 -42.640678405761719
   vertex -47.171611785888672 49.036727905273438 -42.996017456054688
  endloop
 endfacet
 facet normal 0.83525161815746929 -0.39889429399198256 0.37846806547708495
  outer loop
   vertex -47.162921905517578 49.392066955566406 -42.640678405761719
   vertex -47.171611785888672 49.036727905273438 -42.996017456054688
   vertex -47.001911163330078 49.392066955566406 -42.996017456054688
  endloop
 endfacet
 facet normal 0.89622226480843747 -0.42801227774845035 0.11658105402773845
  outer loop
   vertex -47.001911163330078 49.392066955566406 -42.996017456054688
   vertex -47.171611785888672 49.036727905273438 -42.996017456054688
   vertex -47.125389099121094 49.036727905273438 -43.351356506347656
  endloop
 endfacet
 facet normal 0.75738869106429241 -0.57415930069986321 0.31097181233636262
  outer loop
   vertex -47.001911163330078 49.392066955566406 -42.996017456054688
   vertex -47.125389099121094 49.036727905273438 -43.351356506347656
   vertex -46.904747009277344 49.392066955566406 -43.232666015625
  endloop
 endfacet
 facet normal 0.73743995530455941 -0.57581541700729955 0.35301404767674488
  outer loop
   vertex -46.904747009277344 49.392066955566406 -43.232666015625
   vertex -47.125389099121094 49.036727905273438 -43.351356506347656
   vertex -46.904747009277344 49.319301605224609 -43.351356506347656
  endloop
 endfacet
 facet normal 0.77630125884783541 -0.53740802742257754 0.32946770338386794
  outer loop
   vertex -46.904747009277344 49.392066955566406 -43.232666015625
   vertex -46.904747009277344 49.319301605224609 -43.351356506347656
   vertex -46.854373931884766 49.392066955566406 -43.351356506347656
  endloop
 endfacet
 facet normal 0.8048026549320233 -0.55713861380746355 -0.20466863858213513
  outer loop
   vertex -46.854373931884766 49.392066955566406 -43.351356506347656
   vertex -46.904747009277344 49.319301605224609 -43.351356506347656
   vertex -46.904747009277344 49.392066955566406 -43.549434661865234
  endloop
 endfacet
 facet normal 0.90374284476476474 -0.36114682363836181 -0.22983002917898349
  outer loop
   vertex -46.854373931884766 49.392066955566406 -43.351356506347656
   vertex -46.904747009277344 49.392066955566406 -43.549434661865234
   vertex -46.802742004394531 49.747406005859375 -43.706695556640625
  endloop
 endfacet
 facet normal 0.90779929524094205 -0.35758872716314288 -0.21915916993338916
  outer loop
   vertex -46.802742004394531 49.747406005859375 -43.706695556640625
   vertex -46.904747009277344 49.392066955566406 -43.549434661865234
   vertex -46.904747009277344 49.488449096679688 -43.706695556640625
  endloop
 endfacet
 facet normal 0.74314624642220628 -0.29273069691429199 -0.60169958909131582
  outer loop
   vertex -46.802742004394531 49.747406005859375 -43.706695556640625
   vertex -46.904747009277344 49.488449096679688 -43.706695556640625
   vertex -46.904747009277344 49.747406005859375 -43.832679748535156
  endloop
 endfacet
 facet normal 0.34602239237681753 -0.41045540344304415 -0.84367936193688642
  outer loop
   vertex -46.904747009277344 49.747406005859375 -43.832679748535156
   vertex -46.904747009277344 49.488449096679688 -43.706695556640625
   vertex -47.260086059570312 49.392066955566406 -43.8055419921875
  endloop
 endfacet
 facet normal 0.30339841362597342 -0.3704453915874289 -0.87790638137610044
  outer loop
   vertex -46.904747009277344 49.747406005859375 -43.832679748535156
   vertex -47.260086059570312 49.392066955566406 -43.8055419921875
   vertex -47.260086059570312 49.747406005859375 -43.955482482910156
  endloop
 endfacet
 facet normal 0.10749068661760404 -0.38651806131109179 -0.91599647410390783
  outer loop
   vertex -47.260086059570312 49.747406005859375 -43.955482482910156
   vertex -47.260086059570312 49.392066955566406 -43.8055419921875
   vertex -47.615425109863281 49.392066955566406 -43.847240447998047
  endloop
 endfacet
 facet normal 0.11850264999228094 -0.39589191690623665 -0.91061886213339127
  outer loop
   vertex -47.260086059570312 49.747406005859375 -43.955482482910156
   vertex -47.615425109863281 49.392066955566406 -43.847240447998047
   vertex -47.615425109863281 49.747406005859375 -44.001724243164062
  endloop
 endfacet
 facet normal 0.29048639694046463 -0.38150892222792271 -0.87753552375561161
  outer loop
   vertex -47.615425109863281 49.747406005859375 -44.001724243164062
   vertex -47.615425109863281 49.392066955566406 -43.847240447998047
   vertex -47.97076416015625 49.392066955566406 -43.964866638183594
  endloop
 endfacet
 facet normal 0.36239723782839139 -0.44721542594040614 -0.81772037079633364
  outer loop
   vertex -47.615425109863281 49.747406005859375 -44.001724243164062
   vertex -47.97076416015625 49.392066955566406 -43.964866638183594
   vertex -47.751510620117188 49.747406005859375 -44.062034606933594
  endloop
 endfacet
 facet normal 0.42203077083117796 0.17171779961879685 0.89017022291566272
  outer loop
   vertex -47.260086059570312 51.16876220703125 -41.062271118164062
   vertex -46.904747009277344 51.109584808349609 -41.219322204589844
   vertex -46.928825378417969 51.16876220703125 -41.219322204589844
  endloop
 endfacet
 facet normal 0.75098866727666214 0.30556568477085616 0.58535940576071765
  outer loop
   vertex -46.928825378417969 51.16876220703125 -41.219322204589844
   vertex -46.904747009277344 51.109584808349609 -41.219322204589844
   vertex -46.904747009277344 51.16876220703125 -41.250213623046875
  endloop
 endfacet
 facet normal 0.21885671888864791 0.083535010871947438 0.9721746954924918
  outer loop
   vertex -48.681442260742188 51.16876220703125 -41.056919097900391
   vertex -49.036781311035156 50.813423156738281 -40.946392059326172
   vertex -48.681442260742188 50.813423156738281 -41.026386260986328
  endloop
 endfacet
 facet normal -0.31422034896013901 0.67129187850716943 0.67129187850716943
  outer loop
   vertex -52.234832763671875 50.813423156738281 -40.974754333496094
   vertex -51.998184204101562 51.16876220703125 -41.219322204589844
   vertex -52.234832763671875 51.057991027832031 -41.219322204589844
  endloop
 endfacet
 facet normal -0.34320518374702852 0.73321429777982861 0.58703236314567986
  outer loop
   vertex -52.234832763671875 51.057991027832031 -41.219322204589844
   vertex -51.998184204101562 51.16876220703125 -41.219322204589844
   vertex -52.234832763671875 51.16876220703125 -41.357677459716797
  endloop
 endfacet
 facet normal -0.22470951022627411 0.76066539763989682 0.60901049978403943
  outer loop
   vertex -52.234832763671875 51.057991027832031 -41.219322204589844
   vertex -52.234832763671875 51.16876220703125 -41.357677459716797
   vertex -52.590171813964844 51.16876220703125 -41.488788604736328
  endloop
 endfacet
 facet normal -0.18191472415934654 0.69530821695634693 0.69530821695634693
  outer loop
   vertex -52.590171813964844 50.813423156738281 -41.067722320556641
   vertex -52.234832763671875 51.057991027832031 -41.219322204589844
   vertex -52.590171813964844 50.965023040771484 -41.219322204589844
  endloop
 endfacet
 facet normal -0.20429300469183337 0.78084171298035687 0.59038173032698482
  outer loop
   vertex -52.590171813964844 50.965023040771484 -41.219322204589844
   vertex -52.234832763671875 51.057991027832031 -41.219322204589844
   vertex -52.590171813964844 51.16876220703125 -41.488788604736328
  endloop
 endfacet
 facet normal -0.30432210770132978 0.7598307486327941 0.57449568161679665
  outer loop
   vertex -52.590171813964844 50.965023040771484 -41.219322204589844
   vertex -52.590171813964844 51.16876220703125 -41.488788604736328
   vertex -52.752281188964844 51.16876220703125 -41.574661254882812
  endloop
 endfacet
 facet normal -0.18191472415934656 0.69530821695634693 0.69530821695634693
  outer loop
   vertex -52.234832763671875 51.057991027832031 -41.219322204589844
   vertex -52.590171813964844 50.813423156738281 -41.067722320556641
   vertex -52.234832763671875 50.813423156738281 -40.974754333496094
  endloop
 endfacet
 facet normal -0.20010450173710562 0.61236373380381315 0.76483256069965888
  outer loop
   vertex -52.234832763671875 50.813423156738281 -40.974754333496094
   vertex -52.590171813964844 50.813423156738281 -41.067722320556641
   vertex -52.234832763671875 50.675071716308594 -40.863983154296875
  endloop
 endfacet
 facet normal -0.21524728104289939 0.69053189933689485 0.69053189933689485
  outer loop
   vertex -52.945510864257812 50.813423156738281 -41.178485870361328
   vertex -52.590171813964844 50.965023040771484 -41.219322204589844
   vertex -52.945510864257812 50.854259490966797 -41.219322204589844
  endloop
 endfacet
 facet normal -0.25018365345587879 0.80261080449838518 0.54150164916270005
  outer loop
   vertex -52.945510864257812 50.854259490966797 -41.219322204589844
   vertex -52.590171813964844 50.965023040771484 -41.219322204589844
   vertex -52.945510864257812 51.093997955322266 -41.574661254882812
  endloop
 endfacet
 facet normal -0.1917254013871168 0.81359487673499753 0.54891233089949165
  outer loop
   vertex -52.945510864257812 50.854259490966797 -41.219322204589844
   vertex -52.945510864257812 51.093997955322266 -41.574661254882812
   vertex -53.300849914550781 51.010261535644531 -41.574661254882812
  endloop
 endfacet
 facet normal -0.21524728104289945 0.69053189933689496 0.69053189933689496
  outer loop
   vertex -52.590171813964844 50.965023040771484 -41.219322204589844
   vertex -52.945510864257812 50.813423156738281 -41.178485870361328
   vertex -52.590171813964844 50.813423156738281 -41.067722320556641
  endloop
 endfacet
 facet normal -0.25018482075038256 0.5414955593076799 0.80261454928013976
  outer loop
   vertex -52.590171813964844 50.813423156738281 -41.067722320556641
   vertex -52.945510864257812 50.813423156738281 -41.178485870361328
   vertex -52.945510864257812 50.458084106445312 -40.938751220703125
  endloop
 endfacet
 facet normal -0.29921986389708222 0.57546969382259239 0.76111898185575666
  outer loop
   vertex -52.590171813964844 50.813423156738281 -41.067722320556641
   vertex -52.945510864257812 50.458084106445312 -40.938751220703125
   vertex -52.590171813964844 50.543956756591797 -40.863983154296875
  endloop
 endfacet
 facet normal -0.29823779097858311 0.56300978034853477 0.77076209511373206
  outer loop
   vertex -52.590171813964844 50.543956756591797 -40.863983154296875
   vertex -52.945510864257812 50.458084106445312 -40.938751220703125
   vertex -52.752281188964844 50.458084106445312 -40.863983154296875
  endloop
 endfacet
 facet normal -0.29124003277020477 0.54979949502921333 0.78287914685322424
  outer loop
   vertex -52.590171813964844 50.543956756591797 -40.863983154296875
   vertex -52.752281188964844 50.458084106445312 -40.863983154296875
   vertex -52.590171813964844 50.458084106445312 -40.803676605224609
  endloop
 endfacet
 facet normal -0.30929479656674191 0.46161767910631729 0.83141195995320794
  outer loop
   vertex -52.590171813964844 50.458084106445312 -40.803676605224609
   vertex -52.752281188964844 50.458084106445312 -40.863983154296875
   vertex -52.945510864257812 50.102745056152344 -40.738574981689453
  endloop
 endfacet
 facet normal -0.31641253029549415 0.67077682975487574 0.67077682975487574
  outer loop
   vertex -52.945510864257812 50.813423156738281 -41.178485870361328
   vertex -52.945510864257812 50.854259490966797 -41.219322204589844
   vertex -53.032081604003906 50.813423156738281 -41.219322204589844
  endloop
 endfacet
 facet normal -0.3195957880221445 0.67752515771831368 0.66243353850577236
  outer loop
   vertex -53.032081604003906 50.813423156738281 -41.219322204589844
   vertex -52.945510864257812 50.854259490966797 -41.219322204589844
   vertex -53.300849914550781 50.813423156738281 -41.348991394042969
  endloop
 endfacet
 facet normal -0.32853126061949101 0.65449862857566188 0.68095429801738228
  outer loop
   vertex -53.032081604003906 50.813423156738281 -41.219322204589844
   vertex -53.300849914550781 50.813423156738281 -41.348991394042969
   vertex -53.300849914550781 50.678512573242188 -41.219322204589844
  endloop
 endfacet
 facet normal -0.14861702178251571 0.68526737844631624 0.71296676000624915
  outer loop
   vertex -53.300849914550781 50.678512573242188 -41.219322204589844
   vertex -53.300849914550781 50.813423156738281 -41.348991394042969
   vertex -53.65618896484375 50.813423156738281 -41.423061370849609
  endloop
 endfacet
 facet normal -0.20934325132727297 0.606711796805808 0.7668612643369036
  outer loop
   vertex -53.300849914550781 50.678512573242188 -41.219322204589844
   vertex -53.65618896484375 50.813423156738281 -41.423061370849609
   vertex -53.65618896484375 50.555904388427734 -41.219322204589844
  endloop
 endfacet
 facet normal -0.35949268290405922 0.57898077135301007 0.73181027414345245
  outer loop
   vertex -53.65618896484375 50.555904388427734 -41.219322204589844
   vertex -53.65618896484375 50.813423156738281 -41.423061370849609
   vertex -54.011528015136719 50.458084106445312 -41.316486358642578
  endloop
 endfacet
 facet normal -0.35795533493663095 0.55290928758355162 0.75243557723851273
  outer loop
   vertex -53.65618896484375 50.555904388427734 -41.219322204589844
   vertex -54.011528015136719 50.458084106445312 -41.316486358642578
   vertex -53.807285308837891 50.458084106445312 -41.219322204589844
  endloop
 endfacet
 facet normal -0.3947115745461483 0.39471894682060749 0.8296985753513928
  outer loop
   vertex -53.807285308837891 50.458084106445312 -41.219322204589844
   vertex -54.011528015136719 50.458084106445312 -41.316486358642578
   vertex -54.011528015136719 50.25384521484375 -41.219322204589844
  endloop
 endfacet
 facet normal -0.40541018541154972 0.40541775751064224 0.81931619260186417
  outer loop
   vertex -53.807285308837891 50.458084106445312 -41.219322204589844
   vertex -54.011528015136719 50.25384521484375 -41.219322204589844
   vertex -54.011528015136719 50.102745056152344 -41.144554138183594
  endloop
 endfacet
 facet normal -0.56517605721210618 0.36587337690060157 0.73940022750167489
  outer loop
   vertex -54.011528015136719 50.102745056152344 -41.144554138183594
   vertex -54.011528015136719 50.25384521484375 -41.219322204589844
   vertex -54.109344482421875 50.102745056152344 -41.219322204589844
  endloop
 endfacet
 facet normal -0.60076770321062289 0.14608037383300357 0.78596354314932615
  outer loop
   vertex -54.011528015136719 50.102745056152344 -41.144554138183594
   vertex -54.109344482421875 50.102745056152344 -41.219322204589844
   vertex -54.011528015136719 49.747406005859375 -41.078510284423828
  endloop
 endfacet
 facet normal -0.64627811252943945 0.1206871472619388 0.75349798523364364
  outer loop
   vertex -54.011528015136719 49.747406005859375 -41.078510284423828
   vertex -54.109344482421875 50.102745056152344 -41.219322204589844
   vertex -54.175701141357422 49.747406005859375 -41.219322204589844
  endloop
 endfacet
 facet normal 0.88849984486222655 0.21234868196116044 0.40678749114145246
  outer loop
   vertex -46.904747009277344 51.16876220703125 -41.250213623046875
   vertex -46.904747009277344 51.109584808349609 -41.219322204589844
   vertex -46.833965301513672 50.813423156738281 -41.219322204589844
  endloop
 endfacet
 facet normal -0.29570900212704149 0.76426571731941217 0.57310915137630969
  outer loop
   vertex -52.752281188964844 51.16876220703125 -41.574661254882812
   vertex -52.945510864257812 51.093997955322266 -41.574661254882812
   vertex -52.590171813964844 50.965023040771484 -41.219322204589844
  endloop
 endfacet
 facet normal -0.31035432409624031 0.71639401578604722 0.62486783215389352
  outer loop
   vertex -52.945510864257812 50.854259490966797 -41.219322204589844
   vertex -53.300849914550781 51.010261535644531 -41.574661254882812
   vertex -53.300849914550781 50.813423156738281 -41.348991394042969
  endloop
 endfacet
 facet normal -0.13575039460466171 0.7466303001592377 0.65124114216533124
  outer loop
   vertex -53.300849914550781 50.813423156738281 -41.348991394042969
   vertex -53.300849914550781 51.010261535644531 -41.574661254882812
   vertex -53.65618896484375 50.813423156738281 -41.423061370849609
  endloop
 endfacet
 facet normal -0.21524728104289939 0.69053189933689485 0.69053189933689485
  outer loop
   vertex -54.011528015136719 50.813423156738281 -41.533824920654297
   vertex -53.65618896484375 50.965023040771484 -41.574661254882812
   vertex -54.011528015136719 50.854259490966797 -41.574661254882812
  endloop
 endfacet
 facet normal -0.25698545475768619 0.82443157152081792 0.50425297215058595
  outer loop
   vertex -54.011528015136719 50.854259490966797 -41.574661254882812
   vertex -53.65618896484375 50.965023040771484 -41.574661254882812
   vertex -54.011528015136719 51.071598052978516 -41.930000305175781
  endloop
 endfacet
 facet normal -0.46259218861864226 0.7563180111950456 0.46259218861864226
  outer loop
   vertex -54.011528015136719 50.854259490966797 -41.574661254882812
   vertex -54.011528015136719 51.071598052978516 -41.930000305175781
   vertex -54.366867065429688 50.854259490966797 -41.930000305175781
  endloop
 endfacet
 facet normal -0.50425297215058595 0.82443157152081792 0.25698545475768619
  outer loop
   vertex -54.366867065429688 50.854259490966797 -41.930000305175781
   vertex -54.011528015136719 51.071598052978516 -41.930000305175781
   vertex -54.366867065429688 50.965023040771484 -42.28533935546875
  endloop
 endfacet
 facet normal -0.69054098982757683 0.69052361379300731 0.21524469833702373
  outer loop
   vertex -54.366867065429688 50.854259490966797 -41.930000305175781
   vertex -54.366867065429688 50.965023040771484 -42.28533935546875
   vertex -54.518463134765625 50.813423156738281 -42.28533935546875
  endloop
 endfacet
 facet normal -0.70704893996445617 0.7070311485414934 0.013738685789969573
  outer loop
   vertex -54.518463134765625 50.813423156738281 -42.28533935546875
   vertex -54.366867065429688 50.965023040771484 -42.28533935546875
   vertex -54.525367736816406 50.813423156738281 -42.640678405761719
  endloop
 endfacet
 facet normal -0.79756340544311932 0.60303602096174913 0.015497474652195876
  outer loop
   vertex -54.518463134765625 50.813423156738281 -42.28533935546875
   vertex -54.525367736816406 50.813423156738281 -42.640678405761719
   vertex -54.722206115722656 50.543956756591797 -42.28533935546875
  endloop
 endfacet
 facet normal -0.83504442624997521 0.54818315557490549 -0.046861862242007217
  outer loop
   vertex -54.722206115722656 50.543956756591797 -42.28533935546875
   vertex -54.525367736816406 50.813423156738281 -42.640678405761719
   vertex -54.722206115722656 50.513580322265625 -42.640678405761719
  endloop
 endfacet
 facet normal -0.8350537534050555 0.54816905038618924 -0.046860656449009386
  outer loop
   vertex -54.722206115722656 50.543956756591797 -42.28533935546875
   vertex -54.722206115722656 50.513580322265625 -42.640678405761719
   vertex -54.758636474609375 50.458084106445312 -42.640678405761719
  endloop
 endfacet
 facet normal -0.75987994405081416 0.49882138202400844 -0.41684493455599259
  outer loop
   vertex -54.758636474609375 50.458084106445312 -42.640678405761719
   vertex -54.722206115722656 50.513580322265625 -42.640678405761719
   vertex -54.722206115722656 50.458084106445312 -42.707088470458984
  endloop
 endfacet
 facet normal -0.43106312041347905 0.63803784614213688 0.63803784614213688
  outer loop
   vertex -54.011528015136719 50.813423156738281 -41.533824920654297
   vertex -54.011528015136719 50.854259490966797 -41.574661254882812
   vertex -54.071971893310547 50.813423156738281 -41.574661254882812
  endloop
 endfacet
 facet normal -0.48848286455472739 0.72302764959081323 0.48848286455472739
  outer loop
   vertex -54.071971893310547 50.813423156738281 -41.574661254882812
   vertex -54.011528015136719 50.854259490966797 -41.574661254882812
   vertex -54.366867065429688 50.813423156738281 -41.869556427001953
  endloop
 endfacet
 facet normal -0.57735026918962573 0.57735026918962573 0.57735026918962573
  outer loop
   vertex -54.071971893310547 50.813423156738281 -41.574661254882812
   vertex -54.366867065429688 50.813423156738281 -41.869556427001953
   vertex -54.366867065429688 50.518527984619141 -41.574661254882812
  endloop
 endfacet
 facet normal -0.72302764959081323 0.48848286455472739 0.48848286455472739
  outer loop
   vertex -54.366867065429688 50.518527984619141 -41.574661254882812
   vertex -54.366867065429688 50.813423156738281 -41.869556427001953
   vertex -54.407703399658203 50.813423156738281 -41.930000305175781
  endloop
 endfacet
 facet normal -0.72302764959081312 0.48848286455472734 0.48848286455472734
  outer loop
   vertex -54.366867065429688 50.518527984619141 -41.574661254882812
   vertex -54.407703399658203 50.813423156738281 -41.930000305175781
   vertex -54.407703399658203 50.458084106445312 -41.574661254882812
  endloop
 endfacet
 facet normal -0.75632369259547116 0.46258754415718495 0.46258754415718495
  outer loop
   vertex -54.407703399658203 50.458084106445312 -41.574661254882812
   vertex -54.407703399658203 50.813423156738281 -41.930000305175781
   vertex -54.625038146972656 50.458084106445312 -41.930000305175781
  endloop
 endfacet
 facet normal -0.48848286455472734 0.72302764959081312 0.48848286455472734
  outer loop
   vertex -54.011528015136719 50.854259490966797 -41.574661254882812
   vertex -54.366867065429688 50.854259490966797 -41.930000305175781
   vertex -54.366867065429688 50.813423156738281 -41.869556427001953
  endloop
 endfacet
 facet normal -0.63803784614213688 0.63803784614213688 0.43106312041347905
  outer loop
   vertex -54.366867065429688 50.813423156738281 -41.869556427001953
   vertex -54.366867065429688 50.854259490966797 -41.930000305175781
   vertex -54.407703399658203 50.813423156738281 -41.930000305175781
  endloop
 endfacet
 facet normal 0.99815927869823939 0.042883880121850286 0.042883880121850286
  outer loop
   vertex -46.742343902587891 51.16876220703125 -41.930000305175781
   vertex -46.727077484130859 50.813423156738281 -41.930000305175781
   vertex -46.727077484130859 51.16876220703125 -42.28533935546875
  endloop
 endfacet
 facet normal 1 0 0
  outer loop
   vertex -46.727077484130859 51.16876220703125 -42.28533935546875
   vertex -46.727077484130859 50.813423156738281 -41.930000305175781
   vertex -46.727077484130859 50.813423156738281 -42.28533935546875
  endloop
 endfacet
 facet normal 1 -0 0
  outer loop
   vertex -46.727077484130859 51.16876220703125 -42.28533935546875
   vertex -46.727077484130859 50.813423156738281 -42.28533935546875
   vertex -46.727077484130859 51.16876220703125 -42.640678405761719
  endloop
 endfacet
 facet normal 1 0 0
  outer loop
   vertex -46.727077484130859 51.16876220703125 -42.640678405761719
   vertex -46.727077484130859 50.813423156738281 -42.28533935546875
   vertex -46.727077484130859 50.813423156738281 -42.640678405761719
  endloop
 endfacet
 facet normal -0.56674955393036552 0.74958568293896322 0.34193017862227365
  outer loop
   vertex -54.011528015136719 51.071598052978516 -41.930000305175781
   vertex -54.097400665283203 51.16876220703125 -42.28533935546875
   vertex -54.366867065429688 50.965023040771484 -42.28533935546875
  endloop
 endfacet
 facet normal -0.59989381785728291 0.79342244564812303 0.10299626225433736
  outer loop
   vertex -54.366867065429688 50.965023040771484 -42.28533935546875
   vertex -54.097400665283203 51.16876220703125 -42.28533935546875
   vertex -54.158409118652344 51.16876220703125 -42.640678405761719
  endloop
 endfacet
 facet normal -0.66153593030624402 0.74877881578978456 0.041237094202915672
  outer loop
   vertex -54.366867065429688 50.965023040771484 -42.28533935546875
   vertex -54.158409118652344 51.16876220703125 -42.640678405761719
   vertex -54.366867065429688 50.984592437744141 -42.640678405761719
  endloop
 endfacet
 facet normal -0.66159778869698671 0.74884883202086905 -0.03890748992466015
  outer loop
   vertex -54.366867065429688 50.984592437744141 -42.640678405761719
   vertex -54.158409118652344 51.16876220703125 -42.640678405761719
   vertex -54.13751220703125 51.16876220703125 -42.996017456054688
  endloop
 endfacet
 facet normal -0.73982249083833285 0.65891074168847563 -0.13601219260532482
  outer loop
   vertex -54.366867065429688 50.984592437744141 -42.640678405761719
   vertex -54.13751220703125 51.16876220703125 -42.996017456054688
   vertex -54.366867065429688 50.911243438720703 -42.996017456054688
  endloop
 endfacet
 facet normal -0.69636014029405857 0.62020171352659692 -0.36115424620002989
  outer loop
   vertex -54.366867065429688 50.911243438720703 -42.996017456054688
   vertex -54.13751220703125 51.16876220703125 -42.996017456054688
   vertex -54.269699096679688 50.813423156738281 -43.351356506347656
  endloop
 endfacet
 facet normal -0.75242276128127239 0.55292157711817636 -0.35796329122273712
  outer loop
   vertex -54.366867065429688 50.911243438720703 -42.996017456054688
   vertex -54.269699096679688 50.813423156738281 -43.351356506347656
   vertex -54.366867065429688 50.813423156738281 -43.147113800048828
  endloop
 endfacet
 facet normal -0.81899365718118844 0.42122981192769776 -0.38963423237741607
  outer loop
   vertex -54.366867065429688 50.813423156738281 -43.147113800048828
   vertex -54.269699096679688 50.813423156738281 -43.351356506347656
   vertex -54.366867065429688 50.624500274658203 -43.351356506347656
  endloop
 endfacet
 facet normal -0.82901693216456518 0.41052728448254677 -0.3797344794456235
  outer loop
   vertex -54.366867065429688 50.813423156738281 -43.147113800048828
   vertex -54.366867065429688 50.624500274658203 -43.351356506347656
   vertex -54.449275970458984 50.458084106445312 -43.351356506347656
  endloop
 endfacet
 facet normal -0.82750348176324107 0.4097778273130383 -0.3838230320242898
  outer loop
   vertex -54.449275970458984 50.458084106445312 -43.351356506347656
   vertex -54.366867065429688 50.624500274658203 -43.351356506347656
   vertex -54.366867065429688 50.458084106445312 -43.529026031494141
  endloop
 endfacet
 facet normal -0.88512209121954044 0.21910928933367024 -0.41054841731864161
  outer loop
   vertex -54.449275970458984 50.458084106445312 -43.351356506347656
   vertex -54.366867065429688 50.458084106445312 -43.529026031494141
   vertex -54.372421264648438 50.102745056152344 -43.706695556640625
  endloop
 endfacet
 facet normal -0.85926705757448474 0.23944360494324399 -0.45202531325034306
  outer loop
   vertex -54.372421264648438 50.102745056152344 -43.706695556640625
   vertex -54.366867065429688 50.458084106445312 -43.529026031494141
   vertex -54.366867065429688 50.122676849365234 -43.706695556640625
  endloop
 endfacet
 facet normal -0.84721721514987436 0.23608579239391714 -0.47590596653480594
  outer loop
   vertex -54.372421264648438 50.102745056152344 -43.706695556640625
   vertex -54.366867065429688 50.122676849365234 -43.706695556640625
   vertex -54.366867065429688 50.102745056152344 -43.716583251953125
  endloop
 endfacet
 facet normal -0.8903617684297841 0.20231455640077686 -0.40782930447301663
  outer loop
   vertex -54.366867065429688 50.102745056152344 -43.716583251953125
   vertex -54.366867065429688 50.122676849365234 -43.706695556640625
   vertex -54.208633422851562 50.102745056152344 -44.062034606933594
  endloop
 endfacet
 facet normal -0.69053300117012817 0.69053300117012817 0.21524021136848817
  outer loop
   vertex -54.366867065429688 50.854259490966797 -41.930000305175781
   vertex -54.518463134765625 50.813423156738281 -42.28533935546875
   vertex -54.407703399658203 50.813423156738281 -41.930000305175781
  endloop
 endfacet
 facet normal -0.82443712603925789 0.5042475188602753 0.25697833552925231
  outer loop
   vertex -54.407703399658203 50.813423156738281 -41.930000305175781
   vertex -54.518463134765625 50.813423156738281 -42.28533935546875
   vertex -54.625038146972656 50.458084106445312 -41.930000305175781
  endloop
 endfacet
 facet normal -0.73322491176436511 0.67895734625502824 0.037391853851726192
  outer loop
   vertex -54.366867065429688 50.965023040771484 -42.28533935546875
   vertex -54.366867065429688 50.984592437744141 -42.640678405761719
   vertex -54.525367736816406 50.813423156738281 -42.640678405761719
  endloop
 endfacet
 facet normal -0.72300977831659818 0.66949825698234178 -0.17037882602069401
  outer loop
   vertex -54.525367736816406 50.813423156738281 -42.640678405761719
   vertex -54.366867065429688 50.984592437744141 -42.640678405761719
   vertex -54.441631317138672 50.813423156738281 -42.996017456054688
  endloop
 endfacet
 facet normal -0.90878382884853426 0.35811838975354959 -0.21415688488517634
  outer loop
   vertex -54.525367736816406 50.813423156738281 -42.640678405761719
   vertex -54.441631317138672 50.813423156738281 -42.996017456054688
   vertex -54.581657409667969 50.458084106445312 -42.996017456054688
  endloop
 endfacet
 facet normal -0.87906214561122331 0.34640616402524071 -0.32749429564300891
  outer loop
   vertex -54.581657409667969 50.458084106445312 -42.996017456054688
   vertex -54.441631317138672 50.813423156738281 -42.996017456054688
   vertex -54.449275970458984 50.458084106445312 -43.351356506347656
  endloop
 endfacet
 facet normal -0.93333841276518592 0.08929588764963324 -0.34771490003424849
  outer loop
   vertex -54.581657409667969 50.458084106445312 -42.996017456054688
   vertex -54.449275970458984 50.458084106445312 -43.351356506347656
   vertex -54.615653991699219 50.102745056152344 -42.996017456054688
  endloop
 endfacet
 facet normal -0.94676327173252606 0.16976690206922579 -0.27352971732545078
  outer loop
   vertex -54.615653991699219 50.102745056152344 -42.996017456054688
   vertex -54.449275970458984 50.458084106445312 -43.351356506347656
   vertex -54.512992858886719 50.102745056152344 -43.351356506347656
  endloop
 endfacet
 facet normal -0.78834346227422514 0.60253260215702298 -0.12437463096377066
  outer loop
   vertex -54.366867065429688 50.984592437744141 -42.640678405761719
   vertex -54.366867065429688 50.911243438720703 -42.996017456054688
   vertex -54.441631317138672 50.813423156738281 -42.996017456054688
  endloop
 endfacet
 facet normal -0.73942403886120744 0.56514338172759837 -0.36587572868895463
  outer loop
   vertex -54.441631317138672 50.813423156738281 -42.996017456054688
   vertex -54.366867065429688 50.911243438720703 -42.996017456054688
   vertex -54.366867065429688 50.813423156738281 -43.147113800048828
  endloop
 endfacet
 facet normal -0.81340320787376819 0.41998079588325504 -0.402481493375697
  outer loop
   vertex -54.441631317138672 50.813423156738281 -42.996017456054688
   vertex -54.366867065429688 50.813423156738281 -43.147113800048828
   vertex -54.449275970458984 50.458084106445312 -43.351356506347656
  endloop
 endfacet
 facet normal -0.8182877657804416 0.52908036025146998 -0.2246755544562595
  outer loop
   vertex -54.13751220703125 51.16876220703125 -42.996017456054688
   vertex -54.039947509765625 51.16876220703125 -43.351356506347656
   vertex -54.269699096679688 50.813423156738281 -43.351356506347656
  endloop
 endfacet
 facet normal -0.817272882665116 0.52842416722656582 -0.2298541597430028
  outer loop
   vertex -54.269699096679688 50.813423156738281 -43.351356506347656
   vertex -54.039947509765625 51.16876220703125 -43.351356506347656
   vertex -54.169761657714844 50.813423156738281 -43.706695556640625
  endloop
 endfacet
 facet normal -0.91929814059647808 0.2967216091806088 -0.25854828435154625
  outer loop
   vertex -54.269699096679688 50.813423156738281 -43.351356506347656
   vertex -54.169761657714844 50.813423156738281 -43.706695556640625
   vertex -54.284454345703125 50.458084106445312 -43.706695556640625
  endloop
 endfacet
 facet normal -0.95115609178366223 0.307004391364118 -0.032409763127443307
  outer loop
   vertex -54.284454345703125 50.458084106445312 -43.706695556640625
   vertex -54.169761657714844 50.813423156738281 -43.706695556640625
   vertex -54.15765380859375 50.813423156738281 -44.062034606933594
  endloop
 endfacet
 facet normal -0.9676284235507906 0.12746933317650833 -0.21782287078300083
  outer loop
   vertex -54.284454345703125 50.458084106445312 -43.706695556640625
   vertex -54.15765380859375 50.813423156738281 -44.062034606933594
   vertex -54.204463958740234 50.458084106445312 -44.062034606933594
  endloop
 endfacet
 facet normal -0.96417955670264199 0.12701500096938401 -0.23286256024840943
  outer loop
   vertex -54.204463958740234 50.458084106445312 -44.062034606933594
   vertex -54.15765380859375 50.813423156738281 -44.062034606933594
   vertex -54.071834564208984 50.813423156738281 -44.417373657226562
  endloop
 endfacet
 facet normal -0.96402099114709172 0.12546244203624468 -0.23435593499222643
  outer loop
   vertex -54.204463958740234 50.458084106445312 -44.062034606933594
   vertex -54.071834564208984 50.813423156738281 -44.417373657226562
   vertex -54.118080139160156 50.458084106445312 -44.417373657226562
  endloop
 endfacet
 facet normal -0.85273954201924029 0.1109797259033736 -0.5104103975383224
  outer loop
   vertex -54.118080139160156 50.458084106445312 -44.417373657226562
   vertex -54.071834564208984 50.813423156738281 -44.417373657226562
   vertex -54.011528015136719 50.813423156738281 -44.51812744140625
  endloop
 endfacet
 facet normal -0.8181013693398741 0.084007390041039409 -0.56890500780245878
  outer loop
   vertex -54.118080139160156 50.458084106445312 -44.417373657226562
   vertex -54.011528015136719 50.813423156738281 -44.51812744140625
   vertex -54.011528015136719 50.458084106445312 -44.570598602294922
  endloop
 endfacet
 facet normal 0.96930457810889437 0.24231053575784986 -0.041644196689122871
  outer loop
   vertex -46.831172943115234 51.16876220703125 -43.706695556640625
   vertex -46.727077484130859 50.813423156738281 -43.351356506347656
   vertex -46.742343902587891 50.813423156738281 -43.706695556640625
  endloop
 endfacet
 facet normal 0.99907836758367441 0 -0.042923366903594898
  outer loop
   vertex -46.742343902587891 50.813423156738281 -43.706695556640625
   vertex -46.727077484130859 50.813423156738281 -43.351356506347656
   vertex -46.727077484130859 50.458084106445312 -43.351356506347656
  endloop
 endfacet
 facet normal 0.99907836758367441 0.042923366903594898 0
  outer loop
   vertex -46.742343902587891 50.813423156738281 -43.706695556640625
   vertex -46.727077484130859 50.458084106445312 -43.351356506347656
   vertex -46.727077484130859 50.458084106445312 -43.706695556640625
  endloop
 endfacet
 facet normal -0.85343730666094486 0.4945112866902649 -0.16463095375794631
  outer loop
   vertex -54.011528015136719 51.16876220703125 -43.459617614746094
   vertex -54.011528015136719 51.086505889892578 -43.706695556640625
   vertex -54.169761657714844 50.813423156738281 -43.706695556640625
  endloop
 endfacet
 facet normal -0.8648675549881808 0.50113437049896958 -0.029469561132930606
  outer loop
   vertex -54.169761657714844 50.813423156738281 -43.706695556640625
   vertex -54.011528015136719 51.086505889892578 -43.706695556640625
   vertex -54.15765380859375 50.813423156738281 -44.062034606933594
  endloop
 endfacet
 facet normal -0.82673266140894486 0.51905050506599704 -0.21702460632475826
  outer loop
   vertex -54.011528015136719 51.16876220703125 -43.459617614746094
   vertex -54.169761657714844 50.813423156738281 -43.706695556640625
   vertex -54.039947509765625 51.16876220703125 -43.351356506347656
  endloop
 endfacet
 facet normal 0.78955517873953518 0.43393698835521083 -0.43393698835521083
  outer loop
   vertex -46.904747009277344 50.947292327880859 -44.062034606933594
   vertex -46.831172943115234 51.16876220703125 -43.706695556640625
   vertex -46.831172943115234 50.813423156738281 -44.062034606933594
  endloop
 endfacet
 facet normal 0.9428157890417036 0.23568876504160075 -0.23568876504160075
  outer loop
   vertex -46.831172943115234 50.813423156738281 -44.062034606933594
   vertex -46.831172943115234 51.16876220703125 -43.706695556640625
   vertex -46.742343902587891 50.813423156738281 -43.706695556640625
  endloop
 endfacet
 facet normal 0.96930457810889437 0.041644196689122871 -0.24231053575784986
  outer loop
   vertex -46.831172943115234 50.813423156738281 -44.062034606933594
   vertex -46.742343902587891 50.813423156738281 -43.706695556640625
   vertex -46.727077484130859 50.458084106445312 -43.706695556640625
  endloop
 endfacet
 facet normal -0.88872597475139115 0.45824577928452692 0.013302164113637797
  outer loop
   vertex -54.011528015136719 51.086505889892578 -43.706695556640625
   vertex -54.011528015136719 51.096820831298828 -44.062034606933594
   vertex -54.15765380859375 50.813423156738281 -44.062034606933594
  endloop
 endfacet
 facet normal -0.86900887465379428 0.4480792283384023 -0.20987753787532379
  outer loop
   vertex -54.15765380859375 50.813423156738281 -44.062034606933594
   vertex -54.011528015136719 51.096820831298828 -44.062034606933594
   vertex -54.071834564208984 50.813423156738281 -44.417373657226562
  endloop
 endfacet
 facet normal 0.76070592907375267 0.41808153346950866 -0.4965222259313502
  outer loop
   vertex -46.904747009277344 50.947292327880859 -44.062034606933594
   vertex -46.831172943115234 50.813423156738281 -44.062034606933594
   vertex -46.904747009277344 50.813423156738281 -44.174755096435547
  endloop
 endfacet
 facet normal 0.83233308969443398 0.10988543792111148 -0.54327416497805503
  outer loop
   vertex -46.904747009277344 50.813423156738281 -44.174755096435547
   vertex -46.831172943115234 50.813423156738281 -44.062034606933594
   vertex -46.904747009277344 50.458084106445312 -44.246627807617188
  endloop
 endfacet
 facet normal 0.23672850162731973 0.19261537826741801 -0.95229141158165631
  outer loop
   vertex -46.904747009277344 50.813423156738281 -44.174755096435547
   vertex -46.904747009277344 50.458084106445312 -44.246627807617188
   vertex -47.260086059570312 50.458084106445312 -44.3349609375
  endloop
 endfacet
 facet normal 0.22294483766884635 -0.38205635897284335 -0.89684365299935387
  outer loop
   vertex -47.260086059570312 50.458084106445312 -44.3349609375
   vertex -46.904747009277344 50.458084106445312 -44.246627807617188
   vertex -47.260086059570312 50.102745056152344 -44.183586120605469
  endloop
 endfacet
 facet normal 0.049115907645075202 -0.39144756922512036 -0.91888869193387335
  outer loop
   vertex -47.260086059570312 50.458084106445312 -44.3349609375
   vertex -47.260086059570312 50.102745056152344 -44.183586120605469
   vertex -47.615425109863281 50.102745056152344 -44.202579498291016
  endloop
 endfacet
 facet normal -0.85433917359693035 0.46721488845281139 -0.2276286986865694
  outer loop
   vertex -54.011528015136719 51.096820831298828 -44.062034606933594
   vertex -54.011528015136719 50.923698425292969 -44.417373657226562
   vertex -54.071834564208984 50.813423156738281 -44.417373657226562
  endloop
 endfacet
 facet normal -0.77677396901972606 0.42479658489805067 -0.46494092367987461
  outer loop
   vertex -54.071834564208984 50.813423156738281 -44.417373657226562
   vertex -54.011528015136719 50.923698425292969 -44.417373657226562
   vertex -54.011528015136719 50.813423156738281 -44.51812744140625
  endloop
 endfacet
 facet normal 0.50354601397776511 -0.42556383963740957 -0.75188884165158987
  outer loop
   vertex -47.615425109863281 51.127330780029297 -44.772712707519531
   vertex -47.580410003662109 51.16876220703125 -44.772712707519531
   vertex -47.615425109863281 50.813423156738281 -44.595043182373047
  endloop
 endfacet
 facet normal 0.63402938031934752 -0.39491194221341203 -0.6648693877665709
  outer loop
   vertex -47.615425109863281 50.813423156738281 -44.595043182373047
   vertex -47.580410003662109 51.16876220703125 -44.772712707519531
   vertex -47.260086059570312 51.16876220703125 -44.467247009277344
  endloop
 endfacet
 facet normal 0.30218017592698815 0.040345219902144992 -0.95239666342747231
  outer loop
   vertex -47.615425109863281 50.813423156738281 -44.595043182373047
   vertex -47.260086059570312 51.16876220703125 -44.467247009277344
   vertex -47.260086059570312 50.813423156738281 -44.4822998046875
  endloop
 endfacet
 facet normal 0.13616060716180953 -0.48798134753696665 -0.86216848325216211
  outer loop
   vertex -47.615425109863281 51.127330780029297 -44.772712707519531
   vertex -47.615425109863281 50.813423156738281 -44.595043182373047
   vertex -47.97076416015625 50.813423156738281 -44.651161193847656
  endloop
 endfacet
 facet normal 0.14378340078402349 -0.38785648108982423 -0.91043598552319949
  outer loop
   vertex -47.97076416015625 50.813423156738281 -44.651161193847656
   vertex -47.615425109863281 50.813423156738281 -44.595043182373047
   vertex -47.97076416015625 50.458084106445312 -44.499782562255859
  endloop
 endfacet
 facet normal 0.23946024725869708 -0.38052622905521688 -0.89322929809977702
  outer loop
   vertex -47.97076416015625 50.813423156738281 -44.651161193847656
   vertex -47.97076416015625 50.458084106445312 -44.499782562255859
   vertex -48.326103210449219 50.458084106445312 -44.595043182373047
  endloop
 endfacet
 facet normal 0.25067281249365103 -0.25067281249365103 -0.93505416001055564
  outer loop
   vertex -48.326103210449219 50.458084106445312 -44.595043182373047
   vertex -47.97076416015625 50.458084106445312 -44.499782562255859
   vertex -48.326103210449219 50.102745056152344 -44.499782562255859
  endloop
 endfacet
 facet normal 0.21247755599824314 -0.25302763607001089 -0.9438380706359728
  outer loop
   vertex -48.326103210449219 50.458084106445312 -44.595043182373047
   vertex -48.326103210449219 50.102745056152344 -44.499782562255859
   vertex -48.681442260742188 50.102745056152344 -44.579776763916016
  endloop
 endfacet
 facet normal 0.21451179299875706 -0.21451179299875706 -0.95287427362108823
  outer loop
   vertex -48.681442260742188 50.102745056152344 -44.579776763916016
   vertex -48.326103210449219 50.102745056152344 -44.499782562255859
   vertex -48.681442260742188 49.747406005859375 -44.499782562255859
  endloop
 endfacet
 facet normal 0.21451179299875706 -0.21451179299875706 -0.95287427362108823
  outer loop
   vertex -48.681442260742188 50.102745056152344 -44.579776763916016
   vertex -48.681442260742188 49.747406005859375 -44.499782562255859
   vertex -49.036781311035156 49.747406005859375 -44.579776763916016
  endloop
 endfacet
 facet normal 0.2133705952015281 -0.2369359885485352 -0.94780500443597249
  outer loop
   vertex -49.036781311035156 49.747406005859375 -44.579776763916016
   vertex -48.681442260742188 49.747406005859375 -44.499782562255859
   vertex -49.036781311035156 49.392066955566406 -44.490947723388672
  endloop
 endfacet
 facet normal 0.27337532313109625 -0.23328268009493944 -0.93319082928985697
  outer loop
   vertex -49.036781311035156 49.747406005859375 -44.579776763916016
   vertex -49.036781311035156 49.392066955566406 -44.490947723388672
   vertex -49.392120361328125 49.392066955566406 -44.595043182373047
  endloop
 endfacet
 facet normal 0.27064034868921216 -0.27064034868921216 -0.92385475228672354
  outer loop
   vertex -49.392120361328125 49.392066955566406 -44.595043182373047
   vertex -49.036781311035156 49.392066955566406 -44.490947723388672
   vertex -49.392120361328125 49.036727905273438 -44.490947723388672
  endloop
 endfacet
 facet normal 0.42879301552297733 -0.25397546846369745 -0.86696771061981159
  outer loop
   vertex -49.392120361328125 49.392066955566406 -44.595043182373047
   vertex -49.392120361328125 49.036727905273438 -44.490947723388672
   vertex -49.747459411621094 49.036727905273438 -44.666694641113281
  endloop
 endfacet
 facet normal 0.28329739110232705 -0.47238207040637553 -0.83462432731930425
  outer loop
   vertex -48.326103210449219 50.919975280761719 -44.772712707519531
   vertex -48.503772735595703 50.813423156738281 -44.772712707519531
   vertex -48.681442260742188 50.813423156738281 -44.833019256591797
  endloop
 endfacet
 facet normal 0.28329739110232705 -0.47238207040637553 -0.83462432731930425
  outer loop
   vertex -48.681442260742188 50.813423156738281 -44.833019256591797
   vertex -48.503772735595703 50.813423156738281 -44.772712707519531
   vertex -48.681442260742188 50.706871032714844 -44.772712707519531
  endloop
 endfacet
 facet normal 0.27544137475280056 -0.43271309392134405 -0.85842380408706365
  outer loop
   vertex -48.326103210449219 50.919975280761719 -44.772712707519531
   vertex -48.681442260742188 50.813423156738281 -44.833019256591797
   vertex -48.326103210449219 51.16876220703125 -44.898120880126953
  endloop
 endfacet
 facet normal 0.32794292766797717 0.45206624971100506 -0.82951162864952244
  outer loop
   vertex -50.458137512207031 50.919975280761719 -45.1280517578125
   vertex -50.102798461914062 50.813423156738281 -45.045639038085938
   vertex -50.311256408691406 50.813423156738281 -45.1280517578125
  endloop
 endfacet
 facet normal 0.34507259639949472 0.34507259639949472 -0.87284008067241203
  outer loop
   vertex -50.311256408691406 50.813423156738281 -45.1280517578125
   vertex -50.102798461914062 50.813423156738281 -45.045639038085938
   vertex -50.102798461914062 50.604965209960938 -45.1280517578125
  endloop
 endfacet
 facet normal 0.35506510309934741 0.35506510309934741 -0.86478757225234193
  outer loop
   vertex -50.311256408691406 50.813423156738281 -45.1280517578125
   vertex -50.102798461914062 50.604965209960938 -45.1280517578125
   vertex -50.102798461914062 50.458084106445312 -45.188358306884766
  endloop
 endfacet
 facet normal 0.15744326677951451 0.48644136167595997 -0.85941050691542775
  outer loop
   vertex -50.458137512207031 51.16876220703125 -45.002643585205078
   vertex -50.8134765625 51.062210083007812 -45.1280517578125
   vertex -50.8134765625 51.16876220703125 -45.067741394042969
  endloop
 endfacet
 facet normal 0.33648372889351702 0.46383966408835664 -0.81953124785349984
  outer loop
   vertex -50.458137512207031 50.919975280761719 -45.1280517578125
   vertex -50.311256408691406 50.813423156738281 -45.1280517578125
   vertex -50.458137512207031 50.813423156738281 -45.188358306884766
  endloop
 endfacet
 facet normal 0.35506510309934747 0.35506510309934747 -0.86478757225234193
  outer loop
   vertex -50.458137512207031 50.813423156738281 -45.188358306884766
   vertex -50.311256408691406 50.813423156738281 -45.1280517578125
   vertex -50.102798461914062 50.458084106445312 -45.188358306884766
  endloop
 endfacet
 facet normal 0.26618599207190691 0.26618599207190691 -0.92643943960163389
  outer loop
   vertex -50.458137512207031 50.813423156738281 -45.188358306884766
   vertex -50.102798461914062 50.458084106445312 -45.188358306884766
   vertex -50.458137512207031 50.458084106445312 -45.290454864501953
  endloop
 endfacet
 facet normal 0.27591385730746221 0.041257183415949174 -0.96029651054364462
  outer loop
   vertex -50.458137512207031 50.458084106445312 -45.290454864501953
   vertex -50.102798461914062 50.458084106445312 -45.188358306884766
   vertex -50.458137512207031 50.102745056152344 -45.305721282958984
  endloop
 endfacet
 facet normal 0 0.042923366903594898 -0.99907836758367441
  outer loop
   vertex -50.458137512207031 50.458084106445312 -45.290454864501953
   vertex -50.458137512207031 50.102745056152344 -45.305721282958984
   vertex -50.8134765625 50.102745056152344 -45.305721282958984
  endloop
 endfacet
 facet normal -0 0 -1
  outer loop
   vertex -50.8134765625 50.102745056152344 -45.305721282958984
   vertex -50.458137512207031 50.102745056152344 -45.305721282958984
   vertex -50.8134765625 49.747406005859375 -45.305721282958984
  endloop
 endfacet
 facet normal 0 0 -1
  outer loop
   vertex -50.8134765625 50.102745056152344 -45.305721282958984
   vertex -50.8134765625 49.747406005859375 -45.305721282958984
   vertex -51.168815612792969 49.747406005859375 -45.305721282958984
  endloop
 endfacet
 facet normal -0 0 -1
  outer loop
   vertex -51.168815612792969 49.747406005859375 -45.305721282958984
   vertex -50.8134765625 49.747406005859375 -45.305721282958984
   vertex -51.168815612792969 49.392066955566406 -45.305721282958984
  endloop
 endfacet
 facet normal 0 0 -1
  outer loop
   vertex -51.168815612792969 49.747406005859375 -45.305721282958984
   vertex -51.168815612792969 49.392066955566406 -45.305721282958984
   vertex -51.524154663085938 49.392066955566406 -45.305721282958984
  endloop
 endfacet
 facet normal -0 -0.19624771608187738 -0.98055435032059635
  outer loop
   vertex -51.524154663085938 49.392066955566406 -45.305721282958984
   vertex -51.168815612792969 49.392066955566406 -45.305721282958984
   vertex -51.524154663085938 49.036727905273438 -45.234603881835938
  endloop
 endfacet
 facet normal -0 -0.19624771608187738 -0.98055435032059635
  outer loop
   vertex -51.524154663085938 49.392066955566406 -45.305721282958984
   vertex -51.524154663085938 49.036727905273438 -45.234603881835938
   vertex -51.879493713378906 49.036727905273438 -45.234603881835938
  endloop
 endfacet
 facet normal -0 -0.51431973529565989 -0.85759851322480873
  outer loop
   vertex -51.879493713378906 49.036727905273438 -45.234603881835938
   vertex -51.524154663085938 49.036727905273438 -45.234603881835938
   vertex -51.524154663085938 48.859058380126953 -45.1280517578125
  endloop
 endfacet
 facet normal -0 -0.51431973529565989 -0.85759851322480873
  outer loop
   vertex -51.879493713378906 49.036727905273438 -45.234603881835938
   vertex -51.524154663085938 48.859058380126953 -45.1280517578125
   vertex -51.879493713378906 48.859058380126953 -45.1280517578125
  endloop
 endfacet
 facet normal -0 -0.51431973529565989 -0.85759851322480873
  outer loop
   vertex -51.879493713378906 48.859058380126953 -45.1280517578125
   vertex -51.524154663085938 48.859058380126953 -45.1280517578125
   vertex -51.879493713378906 48.681388854980469 -45.021499633789062
  endloop
 endfacet
 facet normal -0.036176811687488264 -0.51398306411745787 -0.85703713344087784
  outer loop
   vertex -51.879493713378906 48.859058380126953 -45.1280517578125
   vertex -51.879493713378906 48.681388854980469 -45.021499633789062
   vertex -52.234832763671875 48.681388854980469 -45.006500244140625
  endloop
 endfacet
 facet normal -0.038452493712542231 -0.4107238767632404 -0.91094857307306942
  outer loop
   vertex -52.234832763671875 48.681388854980469 -45.006500244140625
   vertex -51.879493713378906 48.681388854980469 -45.021499633789062
   vertex -52.234832763671875 48.3260498046875 -44.846286773681641
  endloop
 endfacet
 facet normal -0.26758739523031844 -0.3960391518581296 -0.87837917558953249
  outer loop
   vertex -52.234832763671875 48.681388854980469 -45.006500244140625
   vertex -52.234832763671875 48.3260498046875 -44.846286773681641
   vertex -52.590171813964844 48.681388854980469 -44.898250579833984
  endloop
 endfacet
 facet normal -0.44169009343313498 -0.54581620579664158 -0.71203548426520624
  outer loop
   vertex -52.590171813964844 48.681388854980469 -44.898250579833984
   vertex -52.234832763671875 48.3260498046875 -44.846286773681641
   vertex -52.353439331054688 48.3260498046875 -44.772712707519531
  endloop
 endfacet
 facet normal -0.47874467296608797 -0.55832102897655622 -0.67755528682842769
  outer loop
   vertex -52.590171813964844 48.681388854980469 -44.898250579833984
   vertex -52.353439331054688 48.3260498046875 -44.772712707519531
   vertex -52.590171813964844 48.529041290283203 -44.772712707519531
  endloop
 endfacet
 facet normal -0.50005863425666108 -0.58317777093379197 -0.64019141652638267
  outer loop
   vertex -52.590171813964844 48.529041290283203 -44.772712707519531
   vertex -52.353439331054688 48.3260498046875 -44.772712707519531
   vertex -52.590171813964844 48.3260498046875 -44.587799072265625
  endloop
 endfacet
 facet normal -0.57844268668768384 -0.54932584255610095 -0.6030299966979783
  outer loop
   vertex -52.590171813964844 48.529041290283203 -44.772712707519531
   vertex -52.590171813964844 48.3260498046875 -44.587799072265625
   vertex -52.767841339111328 48.3260498046875 -44.417373657226562
  endloop
 endfacet
 facet normal -0.56917318079751966 -0.56917318079751966 -0.59336648078709997
  outer loop
   vertex -52.767841339111328 48.3260498046875 -44.417373657226562
   vertex -52.590171813964844 48.3260498046875 -44.587799072265625
   vertex -52.590171813964844 48.148380279541016 -44.417373657226562
  endloop
 endfacet
 facet normal -0.61608577303901857 -0.61608577303901857 -0.49079185050062707
  outer loop
   vertex -52.767841339111328 48.3260498046875 -44.417373657226562
   vertex -52.590171813964844 48.148380279541016 -44.417373657226562
   vertex -52.945510864257812 48.220645904541016 -44.062034606933594
  endloop
 endfacet
 facet normal -0.63165203385835378 -0.58076817673745151 -0.51354068291778177
  outer loop
   vertex -52.945510864257812 48.220645904541016 -44.062034606933594
   vertex -52.590171813964844 48.148380279541016 -44.417373657226562
   vertex -52.715709686279297 47.970710754394531 -44.062034606933594
  endloop
 endfacet
 facet normal -0.71583729644989968 -0.65817174522563537 -0.23321003151223946
  outer loop
   vertex -52.945510864257812 48.220645904541016 -44.062034606933594
   vertex -52.715709686279297 47.970710754394531 -44.062034606933594
   vertex -52.831474304199219 47.970710754394531 -43.706695556640625
  endloop
 endfacet
 facet normal -0.84671443031894111 -0.45495334355226325 -0.27584801735790559
  outer loop
   vertex -52.831474304199219 47.970710754394531 -43.706695556640625
   vertex -52.715709686279297 47.970710754394531 -44.062034606933594
   vertex -52.640544891357422 47.615371704101562 -43.706695556640625
  endloop
 endfacet
 facet normal -0.85967516648438824 -0.46191735649715637 -0.21815353285408448
  outer loop
   vertex -52.831474304199219 47.970710754394531 -43.706695556640625
   vertex -52.640544891357422 47.615371704101562 -43.706695556640625
   vertex -52.730716705322266 47.615371704101562 -43.351356506347656
  endloop
 endfacet
 facet normal -0.77829313368833331 -0.59603090125583957 -0.19750180455313818
  outer loop
   vertex -52.730716705322266 47.615371704101562 -43.351356506347656
   vertex -52.640544891357422 47.615371704101562 -43.706695556640625
   vertex -52.590171813964844 47.549594879150391 -43.706695556640625
  endloop
 endfacet
 facet normal -0.80784722768538286 -0.54752603770442532 -0.21816987591492382
  outer loop
   vertex -52.730716705322266 47.615371704101562 -43.351356506347656
   vertex -52.590171813964844 47.549594879150391 -43.706695556640625
   vertex -52.590171813964844 47.408004760742188 -43.351356506347656
  endloop
 endfacet
 facet normal -0.66389701858965877 -0.69470430483511858 -0.27681524082195486
  outer loop
   vertex -52.590171813964844 47.408004760742188 -43.351356506347656
   vertex -52.590171813964844 47.549594879150391 -43.706695556640625
   vertex -52.435333251953125 47.260032653808594 -43.351356506347656
  endloop
 endfacet
 facet normal -0.65532240798629182 -0.68573180046825433 -0.31674033437125454
  outer loop
   vertex -52.590171813964844 47.408004760742188 -43.351356506347656
   vertex -52.435333251953125 47.260032653808594 -43.351356506347656
   vertex -52.590171813964844 47.260032653808594 -43.031002044677734
  endloop
 endfacet
 facet normal 0.083535010871947438 0.21885671888864791 -0.9721746954924918
  outer loop
   vertex -51.168815612792969 51.16876220703125 -45.210460662841797
   vertex -51.168815612792969 50.813423156738281 -45.290454864501953
   vertex -51.524154663085938 50.813423156738281 -45.320987701416016
  endloop
 endfacet
 facet normal 0.085153573099331983 0.10317583107412813 -0.99101141106981183
  outer loop
   vertex -51.524154663085938 50.813423156738281 -45.320987701416016
   vertex -51.168815612792969 50.813423156738281 -45.290454864501953
   vertex -51.524154663085938 50.458084106445312 -45.357982635498047
  endloop
 endfacet
 facet normal -0.57199827591901597 -0.15185212928633723 -0.80607623905985382
  outer loop
   vertex -53.300849914550781 51.16876220703125 -45.475563049316406
   vertex -53.300849914550781 50.813423156738281 -45.408622741699219
   vertex -53.65618896484375 50.813423156738281 -45.156471252441406
  endloop
 endfacet
 facet normal -0.56831053335504722 -0.18872036622001945 -0.80087936735283882
  outer loop
   vertex -53.65618896484375 50.813423156738281 -45.156471252441406
   vertex -53.300849914550781 50.813423156738281 -45.408622741699219
   vertex -53.300849914550781 50.458084106445312 -45.32489013671875
  endloop
 endfacet
 facet normal -0.62958403833139576 -0.28748015997223675 -0.72178881696841823
  outer loop
   vertex -53.65618896484375 50.813423156738281 -45.156471252441406
   vertex -53.300849914550781 50.458084106445312 -45.32489013671875
   vertex -53.526515960693359 50.458084106445312 -45.1280517578125
  endloop
 endfacet
 facet normal -0.64060766759390497 -0.22414047345379012 -0.73442689519094251
  outer loop
   vertex -53.526515960693359 50.458084106445312 -45.1280517578125
   vertex -53.300849914550781 50.458084106445312 -45.32489013671875
   vertex -53.402187347412109 50.102745056152344 -45.1280517578125
  endloop
 endfacet
 facet normal 0.48641716706327748 0.15745462068137947 -0.85942212096979365
  outer loop
   vertex -52.128280639648438 51.16876220703125 -45.483390808105469
   vertex -52.234832763671875 50.813423156738281 -45.608798980712891
   vertex -52.234832763671875 51.16876220703125 -45.543697357177734
  endloop
 endfacet
 facet normal 0.14317624728481698 0.17835371066880923 -0.97349397332705856
  outer loop
   vertex -52.234832763671875 51.16876220703125 -45.543697357177734
   vertex -52.234832763671875 50.813423156738281 -45.608798980712891
   vertex -52.590171813964844 50.813423156738281 -45.661060333251953
  endloop
 endfacet
 facet normal 0.10280168091461335 0.39050552879847622 0.91484274407077892
  outer loop
   vertex -50.8134765625 50.458084106445312 -40.362518310546875
   vertex -50.458137512207031 50.706871032714844 -40.508644104003906
   vertex -50.8134765625 50.8004150390625 -40.508644104003906
  endloop
 endfacet
 facet normal 0.13075634939005154 0.49669496556901149 0.85801916544596213
  outer loop
   vertex -50.8134765625 50.8004150390625 -40.508644104003906
   vertex -50.458137512207031 50.706871032714844 -40.508644104003906
   vertex -50.8134765625 50.813423156738281 -40.51617431640625
  endloop
 endfacet
 facet normal -0.053545991302947814 0.39202228766559372 0.91839607620504304
  outer loop
   vertex -50.8134765625 50.8004150390625 -40.508644104003906
   vertex -51.168815612792969 50.458084106445312 -40.383235931396484
   vertex -50.8134765625 50.458084106445312 -40.362518310546875
  endloop
 endfacet
 facet normal -0.057587549300267223 0.1452678006653767 0.98771500963356507
  outer loop
   vertex -50.8134765625 50.458084106445312 -40.362518310546875
   vertex -51.168815612792969 50.458084106445312 -40.383235931396484
   vertex -51.168815612792969 50.102745056152344 -40.330974578857422
  endloop
 endfacet
 facet normal 0.42040928631113011 0.39378110821949652 0.81743040730865368
  outer loop
   vertex -49.392120361328125 50.813423156738281 -40.766819000244141
   vertex -49.036781311035156 50.635753631591797 -40.863983154296875
   vertex -49.203197479248047 50.813423156738281 -40.863983154296875
  endloop
 endfacet
 facet normal 0.40977782731303841 0.38382303202428986 0.82750348176324118
  outer loop
   vertex -49.203197479248047 50.813423156738281 -40.863983154296875
   vertex -49.036781311035156 50.635753631591797 -40.863983154296875
   vertex -49.036781311035156 50.813423156738281 -40.946392059326172
  endloop
 endfacet
 facet normal -0.34093169448066646 0.54028684949150618 0.76932158423190233
  outer loop
   vertex -51.660240173339844 50.458084106445312 -40.508644104003906
   vertex -51.524154663085938 50.543956756591797 -40.508644104003906
   vertex -51.879493713378906 50.458084106445312 -40.605808258056641
  endloop
 endfacet
 facet normal -0.34150770220898619 0.55439844242877434 0.75895642586678669
  outer loop
   vertex -51.879493713378906 50.458084106445312 -40.605808258056641
   vertex -51.524154663085938 50.543956756591797 -40.508644104003906
   vertex -51.524154663085938 50.813423156738281 -40.705482482910156
  endloop
 endfacet
 facet normal -0.2074477319621893 0.5622110567710551 0.80055241311741543
  outer loop
   vertex -52.590171813964844 50.458084106445312 -40.803676605224609
   vertex -52.234832763671875 50.675071716308594 -40.863983154296875
   vertex -52.590171813964844 50.543956756591797 -40.863983154296875
  endloop
 endfacet
 facet normal -0.21722197258167006 0.5887005541294279 0.77861818126436844
  outer loop
   vertex -52.590171813964844 50.543956756591797 -40.863983154296875
   vertex -52.234832763671875 50.675071716308594 -40.863983154296875
   vertex -52.590171813964844 50.813423156738281 -41.067722320556641
  endloop
 endfacet
 facet normal 0.70710678118654757 0 0.70710678118654757
  outer loop
   vertex -46.833965301513672 50.458084106445312 -41.219322204589844
   vertex -46.904747009277344 50.813423156738281 -41.148540496826172
   vertex -46.904747009277344 50.458084106445312 -41.148540496826172
  endloop
 endfacet
 facet normal 0.24967617086286481 0 0.96832939111815541
  outer loop
   vertex -46.904747009277344 50.458084106445312 -41.148540496826172
   vertex -46.904747009277344 50.813423156738281 -41.148540496826172
   vertex -47.260086059570312 50.458084106445312 -41.056919097900391
  endloop
 endfacet
 facet normal 0.24601355976525152 -0.17065667079893646 0.95412453543730447
  outer loop
   vertex -46.904747009277344 50.458084106445312 -41.148540496826172
   vertex -47.260086059570312 50.458084106445312 -41.056919097900391
   vertex -47.260086059570312 50.102745056152344 -41.120475769042969
  endloop
 endfacet
 facet normal -0.10195120929610564 -0.17515045350406436 0.97924882923615597
  outer loop
   vertex -47.260086059570312 50.102745056152344 -41.120475769042969
   vertex -47.260086059570312 50.458084106445312 -41.056919097900391
   vertex -47.615425109863281 50.458084106445312 -41.093914031982422
  endloop
 endfacet
 facet normal -0.31755008549869507 -0.38241186352577017 0.86771142082752317
  outer loop
   vertex -47.260086059570312 50.102745056152344 -41.120475769042969
   vertex -47.615425109863281 50.458084106445312 -41.093914031982422
   vertex -47.615425109863281 50.173526763916016 -41.219322204589844
  endloop
 endfacet
 facet normal 0 -0.4032853058415668 0.91507429320917655
  outer loop
   vertex -47.615425109863281 50.173526763916016 -41.219322204589844
   vertex -47.615425109863281 50.458084106445312 -41.093914031982422
   vertex -47.97076416015625 50.173526763916016 -41.219322204589844
  endloop
 endfacet
 facet normal 0 -0.45762950410801601 0.88914297892400385
  outer loop
   vertex -47.615425109863281 50.173526763916016 -41.219322204589844
   vertex -47.97076416015625 50.173526763916016 -41.219322204589844
   vertex -47.615425109863281 50.102745056152344 -41.255752563476562
  endloop
 endfacet
 facet normal 0 -0.45762950410801601 0.88914297892400385
  outer loop
   vertex -47.615425109863281 50.102745056152344 -41.255752563476562
   vertex -47.97076416015625 50.173526763916016 -41.219322204589844
   vertex -47.97076416015625 50.102745056152344 -41.255752563476562
  endloop
 endfacet
 facet normal 0 -0.23295833186430562 0.97248671744913817
  outer loop
   vertex -47.615425109863281 50.102745056152344 -41.255752563476562
   vertex -47.97076416015625 50.102745056152344 -41.255752563476562
   vertex -47.97076416015625 49.747406005859375 -41.340873718261719
  endloop
 endfacet
 facet normal 0.70710678118654757 0 0.70710678118654757
  outer loop
   vertex -46.833965301513672 50.813423156738281 -41.219322204589844
   vertex -46.904747009277344 50.813423156738281 -41.148540496826172
   vertex -46.833965301513672 50.458084106445312 -41.219322204589844
  endloop
 endfacet
 facet normal 0.28781168974581711 -0.041107151404809424 0.95680438614642616
  outer loop
   vertex -46.904747009277344 50.813423156738281 -41.148540496826172
   vertex -47.260086059570312 50.813423156738281 -41.041652679443359
   vertex -47.260086059570312 50.458084106445312 -41.056919097900391
  endloop
 endfacet
 facet normal -0.10345753364441186 -0.042693034609706769 0.99371718488110583
  outer loop
   vertex -47.260086059570312 50.458084106445312 -41.056919097900391
   vertex -47.260086059570312 50.813423156738281 -41.041652679443359
   vertex -47.615425109863281 50.458084106445312 -41.093914031982422
  endloop
 endfacet
 facet normal -0.30044945563114561 0.59855417197161098 0.74260556678921241
  outer loop
   vertex -53.032081604003906 50.813423156738281 -41.219322204589844
   vertex -53.300849914550781 50.678512573242188 -41.219322204589844
   vertex -53.300849914550781 50.458084106445312 -41.041652679443359
  endloop
 endfacet
 facet normal -0.21994459088685775 0.61218115074793611 0.75951209049530299
  outer loop
   vertex -53.300849914550781 50.458084106445312 -41.041652679443359
   vertex -53.300849914550781 50.678512573242188 -41.219322204589844
   vertex -53.65618896484375 50.458084106445312 -41.144554138183594
  endloop
 endfacet
 facet normal -0.24921188148361362 0.44418380166267502 0.86057782243553693
  outer loop
   vertex -53.300849914550781 50.458084106445312 -41.041652679443359
   vertex -53.65618896484375 50.458084106445312 -41.144554138183594
   vertex -53.65618896484375 50.102745056152344 -40.961147308349609
  endloop
 endfacet
 facet normal -0.41689618823546593 0.41689618823546593 0.80770980956620664
  outer loop
   vertex -53.65618896484375 50.102745056152344 -40.961147308349609
   vertex -53.65618896484375 50.458084106445312 -41.144554138183594
   vertex -54.011528015136719 50.102745056152344 -41.144554138183594
  endloop
 endfacet
 facet normal -0.45252446588718215 0.16295172690581719 0.87673732809315963
  outer loop
   vertex -53.65618896484375 50.102745056152344 -40.961147308349609
   vertex -54.011528015136719 50.102745056152344 -41.144554138183594
   vertex -54.011528015136719 49.747406005859375 -41.078510284423828
  endloop
 endfacet
 facet normal -0.33722898864411499 0.61252365442883239 0.71490655472111586
  outer loop
   vertex -53.032081604003906 50.813423156738281 -41.219322204589844
   vertex -53.300849914550781 50.458084106445312 -41.041652679443359
   vertex -52.945510864257812 50.813423156738281 -41.178485870361328
  endloop
 endfacet
 facet normal -0.23342892795157635 0.54383099081063269 0.80607616825539707
  outer loop
   vertex -52.945510864257812 50.813423156738281 -41.178485870361328
   vertex -53.300849914550781 50.458084106445312 -41.041652679443359
   vertex -52.945510864257812 50.458084106445312 -40.938751220703125
  endloop
 endfacet
 facet normal -0.20508123013613022 0.59435974571981365 0.7776105591578153
  outer loop
   vertex -53.300849914550781 50.678512573242188 -41.219322204589844
   vertex -53.65618896484375 50.555904388427734 -41.219322204589844
   vertex -53.65618896484375 50.458084106445312 -41.144554138183594
  endloop
 endfacet
 facet normal -0.3658859350694087 0.56515914683009827 0.73940693888592901
  outer loop
   vertex -53.65618896484375 50.458084106445312 -41.144554138183594
   vertex -53.65618896484375 50.555904388427734 -41.219322204589844
   vertex -53.807285308837891 50.458084106445312 -41.219322204589844
  endloop
 endfacet
 facet normal -0.40542338367573555 0.40542338367573555 0.81930687775572497
  outer loop
   vertex -53.65618896484375 50.458084106445312 -41.144554138183594
   vertex -53.807285308837891 50.458084106445312 -41.219322204589844
   vertex -54.011528015136719 50.102745056152344 -41.144554138183594
  endloop
 endfacet
 facet normal -0.48848286455472739 0.48848286455472739 0.72302764959081323
  outer loop
   vertex -54.071971893310547 50.813423156738281 -41.574661254882812
   vertex -54.366867065429688 50.518527984619141 -41.574661254882812
   vertex -54.366867065429688 50.458084106445312 -41.533824920654297
  endloop
 endfacet
 facet normal -0.63803784614213688 0.43106312041347905 0.63803784614213688
  outer loop
   vertex -54.366867065429688 50.458084106445312 -41.533824920654297
   vertex -54.366867065429688 50.518527984619141 -41.574661254882812
   vertex -54.407703399658203 50.458084106445312 -41.574661254882812
  endloop
 endfacet
 facet normal -0.48848286455472739 0.48848286455472739 0.72302764959081323
  outer loop
   vertex -54.071971893310547 50.813423156738281 -41.574661254882812
   vertex -54.366867065429688 50.458084106445312 -41.533824920654297
   vertex -54.011528015136719 50.813423156738281 -41.533824920654297
  endloop
 endfacet
 facet normal 1 -0 0
  outer loop
   vertex -46.727077484130859 50.813423156738281 -41.930000305175781
   vertex -46.727077484130859 50.458084106445312 -41.930000305175781
   vertex -46.727077484130859 50.813423156738281 -42.28533935546875
  endloop
 endfacet
 facet normal 1 0 0
  outer loop
   vertex -46.727077484130859 50.813423156738281 -42.28533935546875
   vertex -46.727077484130859 50.458084106445312 -41.930000305175781
   vertex -46.727077484130859 50.458084106445312 -42.28533935546875
  endloop
 endfacet
 facet normal 1 -0 0
  outer loop
   vertex -46.727077484130859 50.813423156738281 -42.28533935546875
   vertex -46.727077484130859 50.458084106445312 -42.28533935546875
   vertex -46.727077484130859 50.813423156738281 -42.640678405761719
  endloop
 endfacet
 facet normal 1 0 0
  outer loop
   vertex -46.727077484130859 50.813423156738281 -42.640678405761719
   vertex -46.727077484130859 50.458084106445312 -42.28533935546875
   vertex -46.727077484130859 50.458084106445312 -42.640678405761719
  endloop
 endfacet
 facet normal -0.74549669494484017 0.56366849016837606 0.35568597247800393
  outer loop
   vertex -54.722206115722656 50.543956756591797 -42.28533935546875
   vertex -54.722206115722656 50.458084106445312 -42.149253845214844
   vertex -54.518463134765625 50.813423156738281 -42.28533935546875
  endloop
 endfacet
 facet normal -0.75623052314569539 0.56195575981633095 0.33514343179008893
  outer loop
   vertex -54.518463134765625 50.813423156738281 -42.28533935546875
   vertex -54.722206115722656 50.458084106445312 -42.149253845214844
   vertex -54.625038146972656 50.458084106445312 -41.930000305175781
  endloop
 endfacet
 facet normal -0.7693265499423031 0.54028179236985785 0.34092850333682428
  outer loop
   vertex -54.722206115722656 50.458084106445312 -42.149253845214844
   vertex -54.722206115722656 50.543956756591797 -42.28533935546875
   vertex -54.782512664794922 50.458084106445312 -42.28533935546875
  endloop
 endfacet
 facet normal -0.81712042018271047 0.57384641831408956 -0.054904527213350346
  outer loop
   vertex -54.782512664794922 50.458084106445312 -42.28533935546875
   vertex -54.722206115722656 50.543956756591797 -42.28533935546875
   vertex -54.758636474609375 50.458084106445312 -42.640678405761719
  endloop
 endfacet
 facet normal -0.7966964530191657 0.4637662662200901 -0.38755078643057445
  outer loop
   vertex -54.722206115722656 50.458084106445312 -42.707088470458984
   vertex -54.722206115722656 50.513580322265625 -42.640678405761719
   vertex -54.581657409667969 50.458084106445312 -42.996017456054688
  endloop
 endfacet
 facet normal -0.77174193708684347 0.50662685368923333 -0.38437431451957732
  outer loop
   vertex -54.581657409667969 50.458084106445312 -42.996017456054688
   vertex -54.722206115722656 50.513580322265625 -42.640678405761719
   vertex -54.525367736816406 50.813423156738281 -42.640678405761719
  endloop
 endfacet
 facet normal -0.82749140654868703 0.40979081597886152 -0.3838351980048918
  outer loop
   vertex -54.366867065429688 50.458084106445312 -43.529026031494141
   vertex -54.366867065429688 50.624500274658203 -43.351356506347656
   vertex -54.284454345703125 50.458084106445312 -43.706695556640625
  endloop
 endfacet
 facet normal -0.81976225298497352 0.42162512080834413 -0.3875849662775242
  outer loop
   vertex -54.284454345703125 50.458084106445312 -43.706695556640625
   vertex -54.366867065429688 50.624500274658203 -43.351356506347656
   vertex -54.269699096679688 50.813423156738281 -43.351356506347656
  endloop
 endfacet
 facet normal 0.97921206170678066 0.14377545215205195 -0.14308164650446581
  outer loop
   vertex -46.727077484130859 50.458084106445312 -43.706695556640625
   vertex -46.778999328613281 50.458084106445312 -44.062034606933594
   vertex -46.831172943115234 50.813423156738281 -44.062034606933594
  endloop
 endfacet
 facet normal 0.82044078018482636 0.12046343049477047 -0.55889667034537338
  outer loop
   vertex -46.831172943115234 50.813423156738281 -44.062034606933594
   vertex -46.778999328613281 50.458084106445312 -44.062034606933594
   vertex -46.904747009277344 50.458084106445312 -44.246627807617188
  endloop
 endfacet
 facet normal 0.18232211808643645 -0.54714256764663516 -0.81694164780939083
  outer loop
   vertex -47.260086059570312 50.666542053222656 -44.417373657226562
   vertex -47.615425109863281 50.458084106445312 -44.357063293457031
   vertex -47.615425109863281 50.548133850097656 -44.417373657226562
  endloop
 endfacet
 facet normal 0.32288661139133823 -0.52666381788579553 -0.78636471125946161
  outer loop
   vertex -47.615425109863281 50.548133850097656 -44.417373657226562
   vertex -47.615425109863281 50.458084106445312 -44.357063293457031
   vertex -47.762306213378906 50.458084106445312 -44.417373657226562
  endloop
 endfacet
 facet normal 0.31529624055745747 -0.51428308253936894 -0.79755952235813643
  outer loop
   vertex -47.615425109863281 50.548133850097656 -44.417373657226562
   vertex -47.762306213378906 50.458084106445312 -44.417373657226562
   vertex -47.97076416015625 50.458084106445312 -44.499782562255859
  endloop
 endfacet
 facet normal 0.33393241092367321 -0.41829388028275183 -0.84470076041915698
  outer loop
   vertex -47.97076416015625 50.458084106445312 -44.499782562255859
   vertex -47.762306213378906 50.458084106445312 -44.417373657226562
   vertex -47.97076416015625 50.291667938232422 -44.417373657226562
  endloop
 endfacet
 facet normal 0.40562167360103724 -0.40562167360103724 -0.81911056384970837
  outer loop
   vertex -47.97076416015625 50.458084106445312 -44.499782562255859
   vertex -47.97076416015625 50.291667938232422 -44.417373657226562
   vertex -48.326103210449219 50.102745056152344 -44.499782562255859
  endloop
 endfacet
 facet normal 0.40562167360103724 -0.40562167360103724 -0.81911056384970837
  outer loop
   vertex -48.326103210449219 50.102745056152344 -44.499782562255859
   vertex -47.97076416015625 50.291667938232422 -44.417373657226562
   vertex -48.159687042236328 50.102745056152344 -44.417373657226562
  endloop
 endfacet
 facet normal 0.40562167360103724 -0.40562167360103724 -0.81911056384970837
  outer loop
   vertex -48.326103210449219 50.102745056152344 -44.499782562255859
   vertex -48.159687042236328 50.102745056152344 -44.417373657226562
   vertex -48.326103210449219 49.936328887939453 -44.417373657226562
  endloop
 endfacet
 facet normal 0.41593543305438507 -0.41593543305438507 -0.80869983990336136
  outer loop
   vertex -48.326103210449219 49.936328887939453 -44.417373657226562
   vertex -48.159687042236328 50.102745056152344 -44.417373657226562
   vertex -48.326103210449219 49.747406005859375 -44.320205688476562
  endloop
 endfacet
 facet normal 0.41593543305438507 -0.41593543305438507 -0.80869983990336136
  outer loop
   vertex -48.326103210449219 49.936328887939453 -44.417373657226562
   vertex -48.326103210449219 49.747406005859375 -44.320205688476562
   vertex -48.515026092529297 49.747406005859375 -44.417373657226562
  endloop
 endfacet
 facet normal 0.40095619705025293 -0.48113994446083852 -0.7795758345993159
  outer loop
   vertex -48.515026092529297 49.747406005859375 -44.417373657226562
   vertex -48.326103210449219 49.747406005859375 -44.320205688476562
   vertex -48.681442260742188 49.392066955566406 -44.283657073974609
  endloop
 endfacet
 facet normal 0.42772283423765617 -0.48689843288932882 -0.7615662105960469
  outer loop
   vertex -48.515026092529297 49.747406005859375 -44.417373657226562
   vertex -48.681442260742188 49.392066955566406 -44.283657073974609
   vertex -48.681442260742188 49.601215362548828 -44.417373657226562
  endloop
 endfacet
 facet normal 0.45339915685940441 -0.48011007076415713 -0.75094841667721568
  outer loop
   vertex -48.681442260742188 49.601215362548828 -44.417373657226562
   vertex -48.681442260742188 49.392066955566406 -44.283657073974609
   vertex -48.902912139892578 49.392066955566406 -44.417373657226562
  endloop
 endfacet
 facet normal 0.42906469745757053 -0.45434200558655718 -0.78068996878096764
  outer loop
   vertex -48.681442260742188 49.601215362548828 -44.417373657226562
   vertex -48.902912139892578 49.392066955566406 -44.417373657226562
   vertex -49.036781311035156 49.392066955566406 -44.490947723388672
  endloop
 endfacet
 facet normal 0.42316081294240643 -0.47761425474681168 -0.76994775800217075
  outer loop
   vertex -49.036781311035156 49.392066955566406 -44.490947723388672
   vertex -48.902912139892578 49.392066955566406 -44.417373657226562
   vertex -49.036781311035156 49.273460388183594 -44.417373657226562
  endloop
 endfacet
 facet normal 0.46631471842959493 -0.46631471842959493 -0.75173211102882598
  outer loop
   vertex -49.036781311035156 49.392066955566406 -44.490947723388672
   vertex -49.036781311035156 49.273460388183594 -44.417373657226562
   vertex -49.392120361328125 49.036727905273438 -44.490947723388672
  endloop
 endfacet
 facet normal 0.46631471842959499 -0.46631471842959499 -0.75173211102882598
  outer loop
   vertex -49.392120361328125 49.036727905273438 -44.490947723388672
   vertex -49.036781311035156 49.273460388183594 -44.417373657226562
   vertex -49.273513793945312 49.036727905273438 -44.417373657226562
  endloop
 endfacet
 facet normal 0.27869894048591864 -0.38827633384767057 -0.87838965678441283
  outer loop
   vertex -47.260086059570312 50.813423156738281 -44.4822998046875
   vertex -47.260086059570312 50.666542053222656 -44.417373657226562
   vertex -47.615425109863281 50.813423156738281 -44.595043182373047
  endloop
 endfacet
 facet normal 0.18231755950409162 -0.54712888749375432 -0.81695182720055071
  outer loop
   vertex -47.615425109863281 50.813423156738281 -44.595043182373047
   vertex -47.260086059570312 50.666542053222656 -44.417373657226562
   vertex -47.615425109863281 50.548133850097656 -44.417373657226562
  endloop
 endfacet
 facet normal 0.31654972255448166 -0.52784004453132904 -0.7881504682101288
  outer loop
   vertex -47.615425109863281 50.813423156738281 -44.595043182373047
   vertex -47.615425109863281 50.548133850097656 -44.417373657226562
   vertex -47.97076416015625 50.458084106445312 -44.499782562255859
  endloop
 endfacet
 facet normal 0.47274580762835094 -0.39080829658912825 -0.78979761754953548
  outer loop
   vertex -49.392120361328125 50.528865814208984 -44.772712707519531
   vertex -49.450634002685547 50.458084106445312 -44.772712707519531
   vertex -49.747459411621094 50.458084106445312 -44.950382232666016
  endloop
 endfacet
 facet normal 0.51359059210349667 0 -0.8580353743889465
  outer loop
   vertex -49.747459411621094 50.458084106445312 -44.950382232666016
   vertex -49.450634002685547 50.458084106445312 -44.772712707519531
   vertex -49.747459411621094 50.102745056152344 -44.950382232666016
  endloop
 endfacet
 facet normal 0.55645524437115534 0 -0.83087758485341123
  outer loop
   vertex -49.747459411621094 50.458084106445312 -44.950382232666016
   vertex -49.747459411621094 50.102745056152344 -44.950382232666016
   vertex -50.012748718261719 50.458084106445312 -45.1280517578125
  endloop
 endfacet
 facet normal 0.64520295313820075 0.10319091353572642 -0.75701042570456512
  outer loop
   vertex -50.012748718261719 50.458084106445312 -45.1280517578125
   vertex -49.747459411621094 50.102745056152344 -44.950382232666016
   vertex -49.955917358398438 50.102745056152344 -45.1280517578125
  endloop
 endfacet
 facet normal 0.58462382615828723 0.093502155256104807 -0.80589846063291881
  outer loop
   vertex -50.012748718261719 50.458084106445312 -45.1280517578125
   vertex -49.955917358398438 50.102745056152344 -45.1280517578125
   vertex -50.102798461914062 50.102745056152344 -45.234603881835938
  endloop
 endfacet
 facet normal 0.58710584697803769 -0.017550469180510991 -0.80931990305178148
  outer loop
   vertex -50.102798461914062 50.102745056152344 -45.234603881835938
   vertex -49.955917358398438 50.102745056152344 -45.1280517578125
   vertex -50.102798461914062 49.747406005859375 -45.226898193359375
  endloop
 endfacet
 facet normal 0.21651239272051051 -0.02116609559577173 -0.97605039838917651
  outer loop
   vertex -50.102798461914062 50.102745056152344 -45.234603881835938
   vertex -50.102798461914062 49.747406005859375 -45.226898193359375
   vertex -50.458137512207031 49.747406005859375 -45.305721282958984
  endloop
 endfacet
 facet normal 0.21637066678074823 -0.041906567703458082 -0.97541148964945534
  outer loop
   vertex -50.458137512207031 49.747406005859375 -45.305721282958984
   vertex -50.102798461914062 49.747406005859375 -45.226898193359375
   vertex -50.458137512207031 49.392066955566406 -45.290454864501953
  endloop
 endfacet
 facet normal 0.042883880121850286 -0.042883880121850286 -0.99815927869823939
  outer loop
   vertex -50.458137512207031 49.747406005859375 -45.305721282958984
   vertex -50.458137512207031 49.392066955566406 -45.290454864501953
   vertex -50.8134765625 49.392066955566406 -45.305721282958984
  endloop
 endfacet
 facet normal 0.042467356976190161 -0.14537800863913172 -0.98846434341132272
  outer loop
   vertex -50.8134765625 49.392066955566406 -45.305721282958984
   vertex -50.458137512207031 49.392066955566406 -45.290454864501953
   vertex -50.8134765625 49.036727905273438 -45.253459930419922
  endloop
 endfacet
 facet normal -0.052427969701152523 -0.14530916142136144 -0.98799623258392832
  outer loop
   vertex -50.8134765625 49.392066955566406 -45.305721282958984
   vertex -50.8134765625 49.036727905273438 -45.253459930419922
   vertex -51.168815612792969 49.036727905273438 -45.234603881835938
  endloop
 endfacet
 facet normal -0.04733206599139398 -0.4496203870955171 -0.89196478800290302
  outer loop
   vertex -51.168815612792969 49.036727905273438 -45.234603881835938
   vertex -50.8134765625 49.036727905273438 -45.253459930419922
   vertex -50.8134765625 48.787940979003906 -45.1280517578125
  endloop
 endfacet
 facet normal -0.10239467995518234 -0.51161639424047822 -0.85309084783582523
  outer loop
   vertex -51.168815612792969 49.036727905273438 -45.234603881835938
   vertex -50.8134765625 48.787940979003906 -45.1280517578125
   vertex -51.168815612792969 48.859058380126953 -45.1280517578125
  endloop
 endfacet
 facet normal -0.10239467995518234 -0.51161639424047822 -0.85309084783582523
  outer loop
   vertex -51.168815612792969 48.859058380126953 -45.1280517578125
   vertex -50.8134765625 48.787940979003906 -45.1280517578125
   vertex -51.168815612792969 48.681388854980469 -45.021499633789062
  endloop
 endfacet
 facet normal -0 -0.51431973529565989 -0.85759851322480873
  outer loop
   vertex -51.168815612792969 48.859058380126953 -45.1280517578125
   vertex -51.168815612792969 48.681388854980469 -45.021499633789062
   vertex -51.524154663085938 48.681388854980469 -45.021499633789062
  endloop
 endfacet
 facet normal -0 -0.19624771608187738 -0.98055435032059635
  outer loop
   vertex -51.524154663085938 48.681388854980469 -45.021499633789062
   vertex -51.168815612792969 48.681388854980469 -45.021499633789062
   vertex -51.524154663085938 48.3260498046875 -44.950382232666016
  endloop
 endfacet
 facet normal -0.04209018747622275 -0.19607380437761637 -0.97968539815346056
  outer loop
   vertex -51.524154663085938 48.681388854980469 -45.021499633789062
   vertex -51.524154663085938 48.3260498046875 -44.950382232666016
   vertex -51.879493713378906 48.3260498046875 -44.935115814208984
  endloop
 endfacet
 facet normal -0.040940415029492708 -0.30043430999153969 -0.95292345327267514
  outer loop
   vertex -51.879493713378906 48.3260498046875 -44.935115814208984
   vertex -51.524154663085938 48.3260498046875 -44.950382232666016
   vertex -51.879493713378906 47.970710754394531 -44.823085784912109
  endloop
 endfacet
 facet normal 0.47369556824295472 -0.35516879394492223 -0.80589554933297258
  outer loop
   vertex -49.392120361328125 50.528865814208984 -44.772712707519531
   vertex -49.747459411621094 50.458084106445312 -44.950382232666016
   vertex -49.392120361328125 50.813423156738281 -44.898120880126953
  endloop
 endfacet
 facet normal -0.72347508123437865 -0.27994457738588807 -0.63104266133530607
  outer loop
   vertex -53.65618896484375 50.750389099121094 -45.1280517578125
   vertex -53.65618896484375 50.458084106445312 -44.998378753662109
   vertex -53.853023529052734 50.458084106445312 -44.772712707519531
  endloop
 endfacet
 facet normal -0.73861089354921095 -0.19850118206238268 -0.64424469625311853
  outer loop
   vertex -53.853023529052734 50.458084106445312 -44.772712707519531
   vertex -53.65618896484375 50.458084106445312 -44.998378753662109
   vertex -53.757526397705078 50.102745056152344 -44.772712707519531
  endloop
 endfacet
 facet normal -0.71176756759750393 -0.2954068009309902 -0.63727682499840754
  outer loop
   vertex -53.65618896484375 50.750389099121094 -45.1280517578125
   vertex -53.853023529052734 50.458084106445312 -44.772712707519531
   vertex -53.682350158691406 50.813423156738281 -45.1280517578125
  endloop
 endfacet
 facet normal -0.88238626762782701 -0.044588214296555899 -0.46840833238497898
  outer loop
   vertex -53.682350158691406 50.813423156738281 -45.1280517578125
   vertex -53.853023529052734 50.458084106445312 -44.772712707519531
   vertex -53.870979309082031 50.813423156738281 -44.772712707519531
  endloop
 endfacet
 facet normal 0.041257183415949174 0.27591385730746221 -0.96029651054364462
  outer loop
   vertex -50.458137512207031 50.813423156738281 -45.188358306884766
   vertex -50.458137512207031 50.458084106445312 -45.290454864501953
   vertex -50.8134765625 50.458084106445312 -45.305721282958984
  endloop
 endfacet
 facet normal 0.042923366903594898 0 -0.99907836758367441
  outer loop
   vertex -50.8134765625 50.458084106445312 -45.305721282958984
   vertex -50.458137512207031 50.458084106445312 -45.290454864501953
   vertex -50.8134765625 50.102745056152344 -45.305721282958984
  endloop
 endfacet
 facet normal 0 0 -1
  outer loop
   vertex -50.8134765625 50.458084106445312 -45.305721282958984
   vertex -50.8134765625 50.102745056152344 -45.305721282958984
   vertex -51.168815612792969 50.102745056152344 -45.305721282958984
  endloop
 endfacet
 facet normal -0 0 -1
  outer loop
   vertex -51.168815612792969 50.102745056152344 -45.305721282958984
   vertex -50.8134765625 50.102745056152344 -45.305721282958984
   vertex -51.168815612792969 49.747406005859375 -45.305721282958984
  endloop
 endfacet
 facet normal 0.042923366903594898 0 -0.99907836758367441
  outer loop
   vertex -51.168815612792969 50.102745056152344 -45.305721282958984
   vertex -51.168815612792969 49.747406005859375 -45.305721282958984
   vertex -51.524154663085938 49.747406005859375 -45.320987701416016
  endloop
 endfacet
 facet normal 0.042883880121850286 -0.042883880121850286 -0.99815927869823939
  outer loop
   vertex -51.524154663085938 49.747406005859375 -45.320987701416016
   vertex -51.168815612792969 49.747406005859375 -45.305721282958984
   vertex -51.524154663085938 49.392066955566406 -45.305721282958984
  endloop
 endfacet
 facet normal 0.042883880121850286 -0.042883880121850286 -0.99815927869823939
  outer loop
   vertex -51.524154663085938 49.747406005859375 -45.320987701416016
   vertex -51.524154663085938 49.392066955566406 -45.305721282958984
   vertex -51.879493713378906 49.392066955566406 -45.320987701416016
  endloop
 endfacet
 facet normal 0.041710736743691468 -0.23601689994025318 -0.97085335524109451
  outer loop
   vertex -51.879493713378906 49.392066955566406 -45.320987701416016
   vertex -51.524154663085938 49.392066955566406 -45.305721282958984
   vertex -51.879493713378906 49.036727905273438 -45.234603881835938
  endloop
 endfacet
 facet normal -0 -0.23622247762217052 -0.9716989971519181
  outer loop
   vertex -51.879493713378906 49.392066955566406 -45.320987701416016
   vertex -51.879493713378906 49.036727905273438 -45.234603881835938
   vertex -52.234832763671875 49.036727905273438 -45.234603881835938
  endloop
 endfacet
 facet normal -0 -0.51431973529565989 -0.85759851322480873
  outer loop
   vertex -52.234832763671875 49.036727905273438 -45.234603881835938
   vertex -51.879493713378906 49.036727905273438 -45.234603881835938
   vertex -51.879493713378906 48.859058380126953 -45.1280517578125
  endloop
 endfacet
 facet normal -0.012710667659646768 -0.53285269689293269 -0.84611254708908212
  outer loop
   vertex -52.234832763671875 49.036727905273438 -45.234603881835938
   vertex -51.879493713378906 48.859058380126953 -45.1280517578125
   vertex -52.234832763671875 48.867534637451172 -45.1280517578125
  endloop
 endfacet
 facet normal -0.013041009002258103 -0.54670116496865084 -0.8372262348410513
  outer loop
   vertex -52.234832763671875 48.867534637451172 -45.1280517578125
   vertex -51.879493713378906 48.859058380126953 -45.1280517578125
   vertex -52.234832763671875 48.681388854980469 -45.006500244140625
  endloop
 endfacet
 facet normal -0.2471587313136277 -0.52978481601864447 -0.81132028832732217
  outer loop
   vertex -52.234832763671875 48.867534637451172 -45.1280517578125
   vertex -52.234832763671875 48.681388854980469 -45.006500244140625
   vertex -52.590171813964844 48.681388854980469 -44.898250579833984
  endloop
 endfacet
 facet normal 0.47240288455167351 0.28330987377986783 -0.83460830937997121
  outer loop
   vertex -51.879493713378906 50.813423156738281 -45.423080444335938
   vertex -51.879493713378906 50.635753631591797 -45.483390808105469
   vertex -51.986045837402344 50.813423156738281 -45.483390808105469
  endloop
 endfacet
 facet normal 0.47238207040637553 0.28329739110232705 -0.83462432731930425
  outer loop
   vertex -51.986045837402344 50.813423156738281 -45.483390808105469
   vertex -51.879493713378906 50.635753631591797 -45.483390808105469
   vertex -51.879493713378906 50.458084106445312 -45.543697357177734
  endloop
 endfacet
 facet normal 0.14550927912771366 0 -0.98935688691580492
  outer loop
   vertex -52.590171813964844 50.813423156738281 -45.661060333251953
   vertex -52.234832763671875 50.813423156738281 -45.608798980712891
   vertex -52.590171813964844 50.458084106445312 -45.661060333251953
  endloop
 endfacet
 facet normal 0.042693034609706769 0.10345753364441186 -0.99371718488110583
  outer loop
   vertex -52.590171813964844 50.458084106445312 -45.661060333251953
   vertex -52.234832763671875 50.813423156738281 -45.608798980712891
   vertex -52.234832763671875 50.458084106445312 -45.645793914794922
  endloop
 endfacet
 facet normal 0.042883880121850286 -0.042883880121850286 -0.99815927869823939
  outer loop
   vertex -52.590171813964844 50.458084106445312 -45.661060333251953
   vertex -52.234832763671875 50.458084106445312 -45.645793914794922
   vertex -52.590171813964844 50.102745056152344 -45.645793914794922
  endloop
 endfacet
 facet normal 0.50710895357119901 0.16686375455652622 0.84557495032860508
  outer loop
   vertex -49.569789886474609 50.102745056152344 -40.508644104003906
   vertex -49.747459411621094 50.458084106445312 -40.472213745117188
   vertex -49.747459411621094 50.102745056152344 -40.402091979980469
  endloop
 endfacet
 facet normal 0.19267378277500238 0.18997637048597832 0.96269714453100219
  outer loop
   vertex -49.747459411621094 50.102745056152344 -40.402091979980469
   vertex -49.747459411621094 50.458084106445312 -40.472213745117188
   vertex -50.102798461914062 50.102745056152344 -40.330974578857422
  endloop
 endfacet
 facet normal 0.19624771608187738 0 0.98055435032059635
  outer loop
   vertex -49.747459411621094 50.102745056152344 -40.402091979980469
   vertex -50.102798461914062 50.102745056152344 -40.330974578857422
   vertex -50.102798461914062 49.747406005859375 -40.330974578857422
  endloop
 endfacet
 facet normal 0 0 1
  outer loop
   vertex -50.102798461914062 49.747406005859375 -40.330974578857422
   vertex -50.102798461914062 50.102745056152344 -40.330974578857422
   vertex -50.458137512207031 49.747406005859375 -40.330974578857422
  endloop
 endfacet
 facet normal 0 -0.042923366903594898 0.99907836758367441
  outer loop
   vertex -50.102798461914062 49.747406005859375 -40.330974578857422
   vertex -50.458137512207031 49.747406005859375 -40.330974578857422
   vertex -50.458137512207031 49.392066955566406 -40.346240997314453
  endloop
 endfacet
 facet normal 0.042883880121850286 -0.042883880121850286 0.99815927869823939
  outer loop
   vertex -50.458137512207031 49.392066955566406 -40.346240997314453
   vertex -50.458137512207031 49.747406005859375 -40.330974578857422
   vertex -50.8134765625 49.392066955566406 -40.330974578857422
  endloop
 endfacet
 facet normal 0.04209018747622275 -0.19607380437761637 0.97968539815346056
  outer loop
   vertex -50.458137512207031 49.392066955566406 -40.346240997314453
   vertex -50.8134765625 49.392066955566406 -40.330974578857422
   vertex -50.8134765625 49.036727905273438 -40.402091979980469
  endloop
 endfacet
 facet normal 0 -0.19624771608187738 0.98055435032059635
  outer loop
   vertex -50.8134765625 49.036727905273438 -40.402091979980469
   vertex -50.8134765625 49.392066955566406 -40.330974578857422
   vertex -51.168815612792969 49.036727905273438 -40.402091979980469
  endloop
 endfacet
 facet normal 0 -0.57092314601192928 0.82100350873052996
  outer loop
   vertex -50.8134765625 49.036727905273438 -40.402091979980469
   vertex -51.168815612792969 49.036727905273438 -40.402091979980469
   vertex -51.168815612792969 48.883502960205078 -40.508644104003906
  endloop
 endfacet
 facet normal -0.1075867998158162 -0.56760933409850922 0.81623815418641055
  outer loop
   vertex -51.168815612792969 48.883502960205078 -40.508644104003906
   vertex -51.168815612792969 49.036727905273438 -40.402091979980469
   vertex -51.524154663085938 48.950855255126953 -40.508644104003906
  endloop
 endfacet
 facet normal -0.11617380107370795 -0.6129128664485668 0.78156347540419768
  outer loop
   vertex -51.168815612792969 48.883502960205078 -40.508644104003906
   vertex -51.524154663085938 48.950855255126953 -40.508644104003906
   vertex -51.168815612792969 48.681388854980469 -40.667144775390625
  endloop
 endfacet
 facet normal -0.086793286016121296 -0.58763558581042274 0.80445717337330336
  outer loop
   vertex -51.168815612792969 48.681388854980469 -40.667144775390625
   vertex -51.524154663085938 48.950855255126953 -40.508644104003906
   vertex -51.524154663085938 48.681388854980469 -40.705482482910156
  endloop
 endfacet
 facet normal -0.083216078731168666 -0.63100668751959166 0.7713012670456082
  outer loop
   vertex -51.168815612792969 48.681388854980469 -40.667144775390625
   vertex -51.524154663085938 48.681388854980469 -40.705482482910156
   vertex -51.524154663085938 48.487648010253906 -40.863983154296875
  endloop
 endfacet
 facet normal -0.057183441798179448 -0.63216681741044567 0.77271933387826031
  outer loop
   vertex -51.524154663085938 48.487648010253906 -40.863983154296875
   vertex -51.524154663085938 48.681388854980469 -40.705482482910156
   vertex -51.879493713378906 48.519790649414062 -40.863983154296875
  endloop
 endfacet
 facet normal -0.054294517081953993 -0.60022955924329635 0.79798282038239132
  outer loop
   vertex -51.524154663085938 48.487648010253906 -40.863983154296875
   vertex -51.879493713378906 48.519790649414062 -40.863983154296875
   vertex -51.524154663085938 48.3260498046875 -40.98553466796875
  endloop
 endfacet
 facet normal -0.090912627950006097 -0.6435510133983241 0.75998485987104625
  outer loop
   vertex -51.524154663085938 48.3260498046875 -40.98553466796875
   vertex -51.879493713378906 48.519790649414062 -40.863983154296875
   vertex -51.879493713378906 48.3260498046875 -41.028041839599609
  endloop
 endfacet
 facet normal -0.10688146843740864 -0.43620645608256597 0.89347651305255449
  outer loop
   vertex -51.524154663085938 48.3260498046875 -40.98553466796875
   vertex -51.879493713378906 48.3260498046875 -41.028041839599609
   vertex -51.524154663085938 47.970710754394531 -41.159015655517578
  endloop
 endfacet
 facet normal -0.33592845803911975 -0.60271326663237423 0.72380162289455519
  outer loop
   vertex -51.524154663085938 47.970710754394531 -41.159015655517578
   vertex -51.879493713378906 48.3260498046875 -41.028041839599609
   vertex -51.879493713378906 48.096340179443359 -41.219322204589844
  endloop
 endfacet
 facet normal -0.33080789790733861 -0.57733928704102855 0.74648876905221062
  outer loop
   vertex -51.524154663085938 47.970710754394531 -41.159015655517578
   vertex -51.879493713378906 48.096340179443359 -41.219322204589844
   vertex -51.660240173339844 47.970710754394531 -41.219322204589844
  endloop
 endfacet
 facet normal -0.35435957975004223 -0.61844263218393181 0.70139717631081433
  outer loop
   vertex -51.660240173339844 47.970710754394531 -41.219322204589844
   vertex -51.879493713378906 48.096340179443359 -41.219322204589844
   vertex -51.879493713378906 47.970710754394531 -41.330093383789062
  endloop
 endfacet
 facet normal -0.37512282865535035 -0.55496356225227772 0.74249465182846319
  outer loop
   vertex -51.660240173339844 47.970710754394531 -41.219322204589844
   vertex -51.879493713378906 47.970710754394531 -41.330093383789062
   vertex -51.524154663085938 47.615371704101562 -41.416160583496094
  endloop
 endfacet
 facet normal -0.27886838453312857 -0.48029068795011631 0.83159682489550613
  outer loop
   vertex -51.524154663085938 47.615371704101562 -41.416160583496094
   vertex -51.879493713378906 47.970710754394531 -41.330093383789062
   vertex -51.879493713378906 47.615371704101562 -41.535320281982422
  endloop
 endfacet
 facet normal -0.25461029193580637 -0.59891616305528439 0.7592582096174525
  outer loop
   vertex -51.524154663085938 47.615371704101562 -41.416160583496094
   vertex -51.879493713378906 47.615371704101562 -41.535320281982422
   vertex -51.879493713378906 47.565498352050781 -41.574661254882812
  endloop
 endfacet
 facet normal -0.46682607812149479 -0.54770117885158398 0.69433193176627639
  outer loop
   vertex -51.879493713378906 47.565498352050781 -41.574661254882812
   vertex -51.879493713378906 47.615371704101562 -41.535320281982422
   vertex -51.938007354736328 47.615371704101562 -41.574661254882812
  endloop
 endfacet
 facet normal -0.43990125209794051 -0.51611177190839141 0.73492552500253028
  outer loop
   vertex -51.879493713378906 47.565498352050781 -41.574661254882812
   vertex -51.938007354736328 47.615371704101562 -41.574661254882812
   vertex -52.234832763671875 47.615371704101562 -41.752330780029297
  endloop
 endfacet
 facet normal -0.4663454011329935 -0.41894846107510747 0.77910471299107587
  outer loop
   vertex -52.234832763671875 47.615371704101562 -41.752330780029297
   vertex -51.938007354736328 47.615371704101562 -41.574661254882812
   vertex -52.234832763671875 47.945777893066406 -41.574661254882812
  endloop
 endfacet
 facet normal -0.35543803755053899 -0.44267449601735731 0.82322724204073827
  outer loop
   vertex -52.234832763671875 47.615371704101562 -41.752330780029297
   vertex -52.234832763671875 47.945777893066406 -41.574661254882812
   vertex -52.590171813964844 47.970710754394531 -41.714675903320312
  endloop
 endfacet
 facet normal -0.34570985382229041 -0.51232338496369412 0.78613576829292853
  outer loop
   vertex -52.590171813964844 47.970710754394531 -41.714675903320312
   vertex -52.234832763671875 47.945777893066406 -41.574661254882812
   vertex -52.271781921386719 47.970710754394531 -41.574661254882812
  endloop
 endfacet
 facet normal -0.27243758789296507 -0.73619098118620896 0.61951642425616926
  outer loop
   vertex -52.590171813964844 47.970710754394531 -41.714675903320312
   vertex -52.271781921386719 47.970710754394531 -41.574661254882812
   vertex -52.590171813964844 48.088535308837891 -41.574661254882812
  endloop
 endfacet
 facet normal -0.28927262219152894 -0.78168323691500541 0.55253295573795103
  outer loop
   vertex -52.590171813964844 48.088535308837891 -41.574661254882812
   vertex -52.271781921386719 47.970710754394531 -41.574661254882812
   vertex -52.234832763671875 47.970710754394531 -41.555316925048828
  endloop
 endfacet
 facet normal -0.28926741064188721 -0.78166218152359623 0.55256547043432824
  outer loop
   vertex -52.590171813964844 48.088535308837891 -41.574661254882812
   vertex -52.234832763671875 47.970710754394531 -41.555316925048828
   vertex -52.234832763671875 48.208229064941406 -41.219322204589844
  endloop
 endfacet
 facet normal -0.34359727825664033 -0.76685671942502931 0.54209932876485911
  outer loop
   vertex -52.234832763671875 48.208229064941406 -41.219322204589844
   vertex -52.234832763671875 47.970710754394531 -41.555316925048828
   vertex -51.879493713378906 47.970710754394531 -41.330093383789062
  endloop
 endfacet
 facet normal -0.20387429706948146 -0.64746823401937192 0.73431611512363026
  outer loop
   vertex -52.234832763671875 48.208229064941406 -41.219322204589844
   vertex -51.879493713378906 47.970710754394531 -41.330093383789062
   vertex -51.879493713378906 48.096340179443359 -41.219322204589844
  endloop
 endfacet
 facet normal 0.4755913819837741 0.1489114143525363 0.86697071926235847
  outer loop
   vertex -49.747459411621094 50.458084106445312 -40.472213745117188
   vertex -49.569789886474609 50.102745056152344 -40.508644104003906
   vertex -49.681049346923828 50.458084106445312 -40.508644104003906
  endloop
 endfacet
 facet normal 0.43338164573650534 0.13569521287762656 0.89093611350130697
  outer loop
   vertex -49.681049346923828 50.458084106445312 -40.508644104003906
   vertex -49.569789886474609 50.102745056152344 -40.508644104003906
   vertex -49.392120361328125 50.458084106445312 -40.649188995361328
  endloop
 endfacet
 facet normal -0.042467356976190161 0.14537800863913172 0.98846434341132272
  outer loop
   vertex -51.168815612792969 50.458084106445312 -40.383235931396484
   vertex -51.524154663085938 50.102745056152344 -40.346240997314453
   vertex -51.168815612792969 50.102745056152344 -40.330974578857422
  endloop
 endfacet
 facet normal -0.042883880121850286 0.042883880121850286 0.99815927869823939
  outer loop
   vertex -51.168815612792969 50.102745056152344 -40.330974578857422
   vertex -51.524154663085938 50.102745056152344 -40.346240997314453
   vertex -51.524154663085938 49.747406005859375 -40.330974578857422
  endloop
 endfacet
 facet normal 0.52664321797356706 0.32287398201444067 0.78638369305357858
  outer loop
   vertex -48.591392517089844 50.102745056152344 -40.863983154296875
   vertex -48.681442260742188 50.249626159667969 -40.863983154296875
   vertex -48.681442260742188 50.102745056152344 -40.803676605224609
  endloop
 endfacet
 facet normal 0.4007132363448595 0.34798612720317207 0.84754619785128327
  outer loop
   vertex -48.681442260742188 50.102745056152344 -40.803676605224609
   vertex -48.681442260742188 50.249626159667969 -40.863983154296875
   vertex -49.036781311035156 50.458084106445312 -40.781570434570312
  endloop
 endfacet
 facet normal 0.26990409749421529 0.21146387013735615 0.93938001351016853
  outer loop
   vertex -48.681442260742188 50.102745056152344 -40.803676605224609
   vertex -49.036781311035156 50.458084106445312 -40.781570434570312
   vertex -49.036781311035156 50.102745056152344 -40.701580047607422
  endloop
 endfacet
 facet normal 0.23076626288283994 0.21368680796600886 0.94925490781790856
  outer loop
   vertex -49.036781311035156 50.102745056152344 -40.701580047607422
   vertex -49.036781311035156 50.458084106445312 -40.781570434570312
   vertex -49.392120361328125 50.102745056152344 -40.615196228027344
  endloop
 endfacet
 facet normal 0.23622247762217052 0 0.9716989971519181
  outer loop
   vertex -49.036781311035156 50.102745056152344 -40.701580047607422
   vertex -49.392120361328125 50.102745056152344 -40.615196228027344
   vertex -49.392120361328125 49.747406005859375 -40.615196228027344
  endloop
 endfacet
 facet normal 0.51431973529565989 0 0.85759851322480873
  outer loop
   vertex -49.392120361328125 49.747406005859375 -40.615196228027344
   vertex -49.392120361328125 50.102745056152344 -40.615196228027344
   vertex -49.569789886474609 49.747406005859375 -40.508644104003906
  endloop
 endfacet
 facet normal 0.50827289957244037 -0.15289110731100139 0.84751576319584743
  outer loop
   vertex -49.392120361328125 49.747406005859375 -40.615196228027344
   vertex -49.569789886474609 49.747406005859375 -40.508644104003906
   vertex -49.676677703857422 49.392066955566406 -40.508644104003906
  endloop
 endfacet
 facet normal 0.50827289957244037 -0.15289110731100139 0.84751576319584743
  outer loop
   vertex -49.676677703857422 49.392066955566406 -40.508644104003906
   vertex -49.569789886474609 49.747406005859375 -40.508644104003906
   vertex -49.747459411621094 49.747406005859375 -40.402091979980469
  endloop
 endfacet
 facet normal 0.45074364785098631 -0.17282123516273665 0.87576422888743988
  outer loop
   vertex -49.676677703857422 49.392066955566406 -40.508644104003906
   vertex -49.747459411621094 49.747406005859375 -40.402091979980469
   vertex -49.747459411621094 49.392066955566406 -40.472213745117188
  endloop
 endfacet
 facet normal 0.23857132213073054 -0.18801363530148291 0.95275106780182417
  outer loop
   vertex -49.747459411621094 49.392066955566406 -40.472213745117188
   vertex -49.747459411621094 49.747406005859375 -40.402091979980469
   vertex -50.102798461914062 49.392066955566406 -40.383235931396484
  endloop
 endfacet
 facet normal 0.21821240010740234 -0.43927745844953531 0.87144630525206979
  outer loop
   vertex -49.747459411621094 49.392066955566406 -40.472213745117188
   vertex -50.102798461914062 49.392066955566406 -40.383235931396484
   vertex -50.102798461914062 49.143280029296875 -40.508644104003906
  endloop
 endfacet
 facet normal 0.26062022178034872 -0.43456919767362673 0.86210597517501408
  outer loop
   vertex -50.102798461914062 49.143280029296875 -40.508644104003906
   vertex -50.102798461914062 49.392066955566406 -40.383235931396484
   vertex -50.280467987060547 49.036727905273438 -40.508644104003906
  endloop
 endfacet
 facet normal 0.28329739110232705 -0.47238207040637553 0.83462432731930425
  outer loop
   vertex -50.102798461914062 49.143280029296875 -40.508644104003906
   vertex -50.280467987060547 49.036727905273438 -40.508644104003906
   vertex -50.102798461914062 49.036727905273438 -40.568950653076172
  endloop
 endfacet
 facet normal 0.28329739110232705 -0.47238207040637553 0.83462432731930425
  outer loop
   vertex -50.102798461914062 49.036727905273438 -40.568950653076172
   vertex -50.280467987060547 49.036727905273438 -40.508644104003906
   vertex -50.458137512207031 48.93017578125 -40.508644104003906
  endloop
 endfacet
 facet normal 0.27544137475280056 -0.43271309392134405 0.85842380408706365
  outer loop
   vertex -50.102798461914062 49.036727905273438 -40.568950653076172
   vertex -50.458137512207031 48.93017578125 -40.508644104003906
   vertex -50.458137512207031 48.681388854980469 -40.634052276611328
  endloop
 endfacet
 facet normal 0.079101875550774026 -0.4487144331986237 0.89016754081666438
  outer loop
   vertex -50.458137512207031 48.681388854980469 -40.634052276611328
   vertex -50.458137512207031 48.93017578125 -40.508644104003906
   vertex -50.8134765625 48.867534637451172 -40.508644104003906
  endloop
 endfacet
 facet normal 0.0090872008216657633 -0.546725084146364 0.83726286502291369
  outer loop
   vertex -50.458137512207031 48.681388854980469 -40.634052276611328
   vertex -50.8134765625 48.867534637451172 -40.508644104003906
   vertex -50.8134765625 48.681388854980469 -40.630195617675781
  endloop
 endfacet
 facet normal -0.02456248198465432 -0.54658270350467031 0.83704482120629542
  outer loop
   vertex -50.8134765625 48.681388854980469 -40.630195617675781
   vertex -50.8134765625 48.867534637451172 -40.508644104003906
   vertex -51.168815612792969 48.883502960205078 -40.508644104003906
  endloop
 endfacet
 facet normal -0.081550672958068851 -0.6150358434312585 0.78427061594508718
  outer loop
   vertex -50.8134765625 48.681388854980469 -40.630195617675781
   vertex -51.168815612792969 48.883502960205078 -40.508644104003906
   vertex -51.168815612792969 48.681388854980469 -40.667144775390625
  endloop
 endfacet
 facet normal 0.39608652652077236 0.3375860991235401 0.85390344254327777
  outer loop
   vertex -49.036781311035156 50.458084106445312 -40.781570434570312
   vertex -48.681442260742188 50.249626159667969 -40.863983154296875
   vertex -48.859111785888672 50.458084106445312 -40.863983154296875
  endloop
 endfacet
 facet normal 0.39607315805412707 0.33757470512701698 0.85391414786700781
  outer loop
   vertex -48.859111785888672 50.458084106445312 -40.863983154296875
   vertex -48.681442260742188 50.249626159667969 -40.863983154296875
   vertex -48.681442260742188 50.458084106445312 -40.946392059326172
  endloop
 endfacet
 facet normal 0.34771521112511261 0.08928594779517271 0.93333924779714261
  outer loop
   vertex -49.036781311035156 50.458084106445312 -40.781570434570312
   vertex -49.392120361328125 50.458084106445312 -40.649188995361328
   vertex -49.392120361328125 50.102745056152344 -40.615196228027344
  endloop
 endfacet
 facet normal 0.51259757793814376 0.081765663343240716 0.85472691509627119
  outer loop
   vertex -49.392120361328125 50.102745056152344 -40.615196228027344
   vertex -49.392120361328125 50.458084106445312 -40.649188995361328
   vertex -49.569789886474609 50.102745056152344 -40.508644104003906
  endloop
 endfacet
 facet normal 0.51431973529565989 0 0.85759851322480873
  outer loop
   vertex -49.392120361328125 50.102745056152344 -40.615196228027344
   vertex -49.569789886474609 50.102745056152344 -40.508644104003906
   vertex -49.569789886474609 49.747406005859375 -40.508644104003906
  endloop
 endfacet
 facet normal 0.51431973529565989 0 0.85759851322480873
  outer loop
   vertex -49.569789886474609 49.747406005859375 -40.508644104003906
   vertex -49.569789886474609 50.102745056152344 -40.508644104003906
   vertex -49.747459411621094 50.102745056152344 -40.402091979980469
  endloop
 endfacet
 facet normal 0.51431973529565989 0 0.85759851322480873
  outer loop
   vertex -49.569789886474609 49.747406005859375 -40.508644104003906
   vertex -49.747459411621094 50.102745056152344 -40.402091979980469
   vertex -49.747459411621094 49.747406005859375 -40.402091979980469
  endloop
 endfacet
 facet normal 0.19624771608187738 0 0.98055435032059635
  outer loop
   vertex -49.747459411621094 49.747406005859375 -40.402091979980469
   vertex -49.747459411621094 50.102745056152344 -40.402091979980469
   vertex -50.102798461914062 49.747406005859375 -40.330974578857422
  endloop
 endfacet
 facet normal 0.19423824015629668 -0.14273796546378073 0.97051397685775009
  outer loop
   vertex -49.747459411621094 49.747406005859375 -40.402091979980469
   vertex -50.102798461914062 49.747406005859375 -40.330974578857422
   vertex -50.102798461914062 49.392066955566406 -40.383235931396484
  endloop
 endfacet
 facet normal 0.10246146537498566 -0.1447434600574658 0.98414987623014161
  outer loop
   vertex -50.102798461914062 49.392066955566406 -40.383235931396484
   vertex -50.102798461914062 49.747406005859375 -40.330974578857422
   vertex -50.458137512207031 49.392066955566406 -40.346240997314453
  endloop
 endfacet
 facet normal 0.099566031433880264 -0.27477678545023421 0.95633902124829318
  outer loop
   vertex -50.102798461914062 49.392066955566406 -40.383235931396484
   vertex -50.458137512207031 49.392066955566406 -40.346240997314453
   vertex -50.458137512207031 49.036727905273438 -40.448337554931641
  endloop
 endfacet
 facet normal 0.12411701872700394 -0.27401368384141989 0.95368310603154482
  outer loop
   vertex -50.458137512207031 49.036727905273438 -40.448337554931641
   vertex -50.458137512207031 49.392066955566406 -40.346240997314453
   vertex -50.8134765625 49.036727905273438 -40.402091979980469
  endloop
 endfacet
 facet normal 0.1094643736216466 -0.52969342634159544 0.84109596658058083
  outer loop
   vertex -50.458137512207031 49.036727905273438 -40.448337554931641
   vertex -50.8134765625 49.036727905273438 -40.402091979980469
   vertex -50.8134765625 48.867534637451172 -40.508644104003906
  endloop
 endfacet
 facet normal -0.02394055006848228 -0.53274300976567712 0.84593837577463404
  outer loop
   vertex -50.8134765625 48.867534637451172 -40.508644104003906
   vertex -50.8134765625 49.036727905273438 -40.402091979980469
   vertex -51.168815612792969 48.883502960205078 -40.508644104003906
  endloop
 endfacet
 facet normal -0.37550719462079907 0.37550719462079907 0.8473421348994955
  outer loop
   vertex -51.660240173339844 50.458084106445312 -40.508644104003906
   vertex -51.879493713378906 50.458084106445312 -40.605808258056641
   vertex -51.879493713378906 50.23883056640625 -40.508644104003906
  endloop
 endfacet
 facet normal -0.18124378720253309 0.23991099433565446 0.95372606360388412
  outer loop
   vertex -52.234832763671875 50.458084106445312 -40.723438262939453
   vertex -52.590171813964844 50.102745056152344 -40.701580047607422
   vertex -52.234832763671875 50.102745056152344 -40.634052276611328
  endloop
 endfacet
 facet normal -0.18653019682163355 0.04217002867925531 0.98154377098266665
  outer loop
   vertex -52.234832763671875 50.102745056152344 -40.634052276611328
   vertex -52.590171813964844 50.102745056152344 -40.701580047607422
   vertex -52.590171813964844 49.747406005859375 -40.686313629150391
  endloop
 endfacet
 facet normal -0.19598258986044315 0.051962771103372336 0.97922964359278442
  outer loop
   vertex -52.234832763671875 50.102745056152344 -40.634052276611328
   vertex -52.590171813964844 49.747406005859375 -40.686313629150391
   vertex -52.234832763671875 49.747406005859375 -40.615196228027344
  endloop
 endfacet
 facet normal -0.19624771608187738 0 0.98055435032059635
  outer loop
   vertex -52.234832763671875 49.747406005859375 -40.615196228027344
   vertex -52.590171813964844 49.747406005859375 -40.686313629150391
   vertex -52.590171813964844 49.392066955566406 -40.686313629150391
  endloop
 endfacet
 facet normal -0.28061459051853366 0.4515184227986978 0.8469867563672363
  outer loop
   vertex -52.945510864257812 50.102745056152344 -40.738574981689453
   vertex -52.752281188964844 50.458084106445312 -40.863983154296875
   vertex -52.945510864257812 50.337993621826172 -40.863983154296875
  endloop
 endfacet
 facet normal -0.31207285995841905 0.50213584855416793 0.8065172779762122
  outer loop
   vertex -52.945510864257812 50.337993621826172 -40.863983154296875
   vertex -52.752281188964844 50.458084106445312 -40.863983154296875
   vertex -52.945510864257812 50.458084106445312 -40.938751220703125
  endloop
 endfacet
 facet normal -0.23872624675490664 0.51325020087324336 0.82436885580053942
  outer loop
   vertex -52.945510864257812 50.337993621826172 -40.863983154296875
   vertex -52.945510864257812 50.458084106445312 -40.938751220703125
   vertex -53.300849914550781 50.458084106445312 -41.041652679443359
  endloop
 endfacet
 facet normal -0.22171590795407661 0.5425961386628021 0.81020459543766876
  outer loop
   vertex -53.300849914550781 50.102745056152344 -40.803676605224609
   vertex -52.945510864257812 50.337993621826172 -40.863983154296875
   vertex -53.300849914550781 50.192794799804688 -40.863983154296875
  endloop
 endfacet
 facet normal -0.22171966140511934 0.54260532432774267 0.81019741653351651
  outer loop
   vertex -53.300849914550781 50.192794799804688 -40.863983154296875
   vertex -52.945510864257812 50.337993621826172 -40.863983154296875
   vertex -53.300849914550781 50.458084106445312 -41.041652679443359
  endloop
 endfacet
 facet normal -0.34553277873373189 0.5221813189583514 0.779701076664296
  outer loop
   vertex -53.300849914550781 50.192794799804688 -40.863983154296875
   vertex -53.300849914550781 50.458084106445312 -41.041652679443359
   vertex -53.65618896484375 50.102745056152344 -40.961147308349609
  endloop
 endfacet
 facet normal -0.15959989417836828 0.46438969324300039 0.87113149787384314
  outer loop
   vertex -52.945510864257812 50.337993621826172 -40.863983154296875
   vertex -53.300849914550781 50.102745056152344 -40.803676605224609
   vertex -52.945510864257812 50.102745056152344 -40.738574981689453
  endloop
 endfacet
 facet normal -0.17533091492406852 0.2311273639427382 0.95699488604107485
  outer loop
   vertex -52.945510864257812 50.102745056152344 -40.738574981689453
   vertex -53.300849914550781 50.102745056152344 -40.803676605224609
   vertex -53.300849914550781 49.747406005859375 -40.717857360839844
  endloop
 endfacet
 facet normal -0.34552923406653152 0.52217274828812366 0.77970838737993842
  outer loop
   vertex -53.300849914550781 50.102745056152344 -40.803676605224609
   vertex -53.300849914550781 50.192794799804688 -40.863983154296875
   vertex -53.436935424804688 50.102745056152344 -40.863983154296875
  endloop
 endfacet
 facet normal -0.34553255615354028 0.52217776871225097 0.77970355296144167
  outer loop
   vertex -53.436935424804688 50.102745056152344 -40.863983154296875
   vertex -53.300849914550781 50.192794799804688 -40.863983154296875
   vertex -53.65618896484375 50.102745056152344 -40.961147308349609
  endloop
 endfacet
 facet normal -0.39182431305355991 0.25442286385587248 0.88416215370681983
  outer loop
   vertex -53.436935424804688 50.102745056152344 -40.863983154296875
   vertex -53.65618896484375 50.102745056152344 -40.961147308349609
   vertex -53.65618896484375 49.765083312988281 -40.863983154296875
  endloop
 endfacet
 facet normal -0.51065905574359449 0.23775978939437886 0.82625517325714881
  outer loop
   vertex -53.65618896484375 49.765083312988281 -40.863983154296875
   vertex -53.65618896484375 50.102745056152344 -40.961147308349609
   vertex -54.011528015136719 49.747406005859375 -41.078510284423828
  endloop
 endfacet
 facet normal -0.51066442639874909 0.23770029515366894 0.82626897151877554
  outer loop
   vertex -53.65618896484375 49.765083312988281 -40.863983154296875
   vertex -54.011528015136719 49.747406005859375 -41.078510284423828
   vertex -53.664417266845703 49.747406005859375 -40.863983154296875
  endloop
 endfacet
 facet normal 0.69722039694511517 -0.16663563894735189 0.69722039694511517
  outer loop
   vertex -46.833965301513672 50.458084106445312 -41.219322204589844
   vertex -46.904747009277344 50.458084106445312 -41.148540496826172
   vertex -46.904747009277344 50.16192626953125 -41.219322204589844
  endloop
 endfacet
 facet normal 0.32097220243024799 -0.22015374539514429 0.92114557679856768
  outer loop
   vertex -46.904747009277344 50.16192626953125 -41.219322204589844
   vertex -46.904747009277344 50.458084106445312 -41.148540496826172
   vertex -46.945339202880859 50.102745056152344 -41.219322204589844
  endloop
 endfacet
 facet normal 0.61114749484777242 -0.4191839946290542 0.67140413923963937
  outer loop
   vertex -46.904747009277344 50.16192626953125 -41.219322204589844
   vertex -46.945339202880859 50.102745056152344 -41.219322204589844
   vertex -46.904747009277344 50.102745056152344 -41.256271362304688
  endloop
 endfacet
 facet normal 0.45352973989838452 -0.7389599313707742 0.49824591805272661
  outer loop
   vertex -46.904747009277344 50.102745056152344 -41.256271362304688
   vertex -46.945339202880859 50.102745056152344 -41.219322204589844
   vertex -47.133937835693359 49.747406005859375 -41.574661254882812
  endloop
 endfacet
 facet normal 0.63679184734230909 -0.7001261021881432 0.32298542411880887
  outer loop
   vertex -46.904747009277344 50.102745056152344 -41.256271362304688
   vertex -47.133937835693359 49.747406005859375 -41.574661254882812
   vertex -46.904747009277344 49.955863952636719 -41.574661254882812
  endloop
 endfacet
 facet normal 0.67042243045312355 -0.73710152699290188 0.084941766228746787
  outer loop
   vertex -46.904747009277344 49.955863952636719 -41.574661254882812
   vertex -47.133937835693359 49.747406005859375 -41.574661254882812
   vertex -47.088916778564453 49.747406005859375 -41.930000305175781
  endloop
 endfacet
 facet normal 0.74941627732285521 -0.66209911892673079 0
  outer loop
   vertex -46.904747009277344 49.955863952636719 -41.574661254882812
   vertex -47.088916778564453 49.747406005859375 -41.930000305175781
   vertex -46.904747009277344 49.955863952636719 -41.930000305175781
  endloop
 endfacet
 facet normal 0.74832050235517344 -0.6611310166014972 0.05405741986417565
  outer loop
   vertex -46.904747009277344 49.955863952636719 -41.930000305175781
   vertex -47.088916778564453 49.747406005859375 -41.930000305175781
   vertex -47.063247680664062 49.747406005859375 -42.28533935546875
  endloop
 endfacet
 facet normal 0.78684384818512043 -0.61705380767589146 0.011016215589533092
  outer loop
   vertex -46.904747009277344 49.955863952636719 -41.930000305175781
   vertex -47.063247680664062 49.747406005859375 -42.28533935546875
   vertex -46.904747009277344 49.949520111083984 -42.28533935546875
  endloop
 endfacet
 facet normal 0.77370320697747352 -0.60674873544182151 0.18231653669517492
  outer loop
   vertex -46.904747009277344 49.949520111083984 -42.28533935546875
   vertex -47.063247680664062 49.747406005859375 -42.28533935546875
   vertex -46.979515075683594 49.747406005859375 -42.640678405761719
  endloop
 endfacet
 facet normal 0.84266541412905527 -0.5246415970563032 0.12110406462592198
  outer loop
   vertex -46.904747009277344 49.949520111083984 -42.28533935546875
   vertex -46.979515075683594 49.747406005859375 -42.640678405761719
   vertex -46.904747009277344 49.867496490478516 -42.640678405761719
  endloop
 endfacet
 facet normal 0.79054429623723343 -0.49219110594484849 0.36440037172808198
  outer loop
   vertex -46.904747009277344 49.867496490478516 -42.640678405761719
   vertex -46.979515075683594 49.747406005859375 -42.640678405761719
   vertex -46.904747009277344 49.747406005859375 -42.802883148193359
  endloop
 endfacet
 facet normal 0.81264088009745117 -0.46836931551905958 0.34676358556608533
  outer loop
   vertex -46.904747009277344 49.867496490478516 -42.640678405761719
   vertex -46.904747009277344 49.747406005859375 -42.802883148193359
   vertex -46.822334289550781 49.747406005859375 -42.996017456054688
  endloop
 endfacet
 facet normal 0.83702479739532065 -0.4145119478035188 0.35716849479406088
  outer loop
   vertex -46.822334289550781 49.747406005859375 -42.996017456054688
   vertex -46.904747009277344 49.747406005859375 -42.802883148193359
   vertex -46.904747009277344 49.580989837646484 -42.996017456054688
  endloop
 endfacet
 facet normal 0.84235733682344438 -0.41715273134060038 0.34120040421252623
  outer loop
   vertex -46.822334289550781 49.747406005859375 -42.996017456054688
   vertex -46.904747009277344 49.580989837646484 -42.996017456054688
   vertex -46.854373931884766 49.392066955566406 -43.351356506347656
  endloop
 endfacet
 facet normal 0.82682986561429461 -0.43955984998099989 0.35091239877343833
  outer loop
   vertex -46.854373931884766 49.392066955566406 -43.351356506347656
   vertex -46.904747009277344 49.580989837646484 -42.996017456054688
   vertex -46.904747009277344 49.392066955566406 -43.232666015625
  endloop
 endfacet
 facet normal 0.29236015298487211 -0.21883491044160616 0.93093330744939851
  outer loop
   vertex -46.904747009277344 50.458084106445312 -41.148540496826172
   vertex -47.260086059570312 50.102745056152344 -41.120475769042969
   vertex -46.945339202880859 50.102745056152344 -41.219322204589844
  endloop
 endfacet
 facet normal 0.26743723927377278 -0.450887414439194 0.8515737563769572
  outer loop
   vertex -46.945339202880859 50.102745056152344 -41.219322204589844
   vertex -47.260086059570312 50.102745056152344 -41.120475769042969
   vertex -47.260086059570312 49.916057586669922 -41.219322204589844
  endloop
 endfacet
 facet normal 0.39826158318423011 -0.67145150017261579 0.62493247177237832
  outer loop
   vertex -46.945339202880859 50.102745056152344 -41.219322204589844
   vertex -47.260086059570312 49.916057586669922 -41.219322204589844
   vertex -47.260086059570312 49.747406005859375 -41.400527954101562
  endloop
 endfacet
 facet normal -0.45726178043953419 -0.65099935205754322 0.60589727493191958
  outer loop
   vertex -47.260086059570312 49.747406005859375 -41.400527954101562
   vertex -47.260086059570312 49.916057586669922 -41.219322204589844
   vertex -47.525871276855469 50.102745056152344 -41.219322204589844
  endloop
 endfacet
 facet normal -0.30084139810894533 -0.60214903245251272 0.73953431015765447
  outer loop
   vertex -47.260086059570312 49.747406005859375 -41.400527954101562
   vertex -47.525871276855469 50.102745056152344 -41.219322204589844
   vertex -47.615425109863281 50.102745056152344 -41.255752563476562
  endloop
 endfacet
 facet normal -0.34013595058318419 -0.43034392756081008 0.83612896082626509
  outer loop
   vertex -47.615425109863281 50.102745056152344 -41.255752563476562
   vertex -47.525871276855469 50.102745056152344 -41.219322204589844
   vertex -47.615425109863281 50.173526763916016 -41.219322204589844
  endloop
 endfacet
 facet normal -0.31893777665450862 -0.40352375342178626 0.85758222640576698
  outer loop
   vertex -47.615425109863281 50.173526763916016 -41.219322204589844
   vertex -47.525871276855469 50.102745056152344 -41.219322204589844
   vertex -47.260086059570312 50.102745056152344 -41.120475769042969
  endloop
 endfacet
 facet normal -0.3122421826442851 -0.44453629689118945 0.83957864439479468
  outer loop
   vertex -47.260086059570312 50.102745056152344 -41.120475769042969
   vertex -47.525871276855469 50.102745056152344 -41.219322204589844
   vertex -47.260086059570312 49.916057586669922 -41.219322204589844
  endloop
 endfacet
 facet normal 0.47891004373150814 -0.36123624153833295 0.800095961627319
  outer loop
   vertex -47.97076416015625 50.458084106445312 -41.093914031982422
   vertex -48.326103210449219 50.102745056152344 -41.041652679443359
   vertex -48.029277801513672 50.102745056152344 -41.219322204589844
  endloop
 endfacet
 facet normal 0.50865090768109422 -0.1383595995579556 0.84978284009819904
  outer loop
   vertex -48.029277801513672 50.102745056152344 -41.219322204589844
   vertex -48.326103210449219 50.102745056152344 -41.041652679443359
   vertex -48.125934600830078 49.747406005859375 -41.219322204589844
  endloop
 endfacet
 facet normal 0.51428308253936894 0.31529624055745747 0.79755952235813643
  outer loop
   vertex -48.591392517089844 50.102745056152344 -40.863983154296875
   vertex -48.681442260742188 50.458084106445312 -40.946392059326172
   vertex -48.681442260742188 50.249626159667969 -40.863983154296875
  endloop
 endfacet
 facet normal 0.93022123764730258 -0.1943612874433662 0.31130714571509221
  outer loop
   vertex -46.904747009277344 50.16192626953125 -41.219322204589844
   vertex -46.904747009277344 50.102745056152344 -41.256271362304688
   vertex -46.798194885253906 50.102745056152344 -41.574661254882812
  endloop
 endfacet
 facet normal 0.78128644907285749 -0.56676950694740946 0.26146474043303763
  outer loop
   vertex -46.798194885253906 50.102745056152344 -41.574661254882812
   vertex -46.904747009277344 50.102745056152344 -41.256271362304688
   vertex -46.904747009277344 49.955863952636719 -41.574661254882812
  endloop
 endfacet
 facet normal 0.80944457479431142 -0.58719628774035704 0
  outer loop
   vertex -46.798194885253906 50.102745056152344 -41.574661254882812
   vertex -46.904747009277344 49.955863952636719 -41.574661254882812
   vertex -46.798194885253906 50.102745056152344 -41.930000305175781
  endloop
 endfacet
 facet normal 0.80944457479431142 -0.58719628774035704 0
  outer loop
   vertex -46.798194885253906 50.102745056152344 -41.930000305175781
   vertex -46.904747009277344 49.955863952636719 -41.574661254882812
   vertex -46.904747009277344 49.955863952636719 -41.930000305175781
  endloop
 endfacet
 facet normal 0.80944457479431142 -0.58719628774035704 0
  outer loop
   vertex -46.798194885253906 50.102745056152344 -41.930000305175781
   vertex -46.904747009277344 49.955863952636719 -41.930000305175781
   vertex -46.798194885253906 50.102745056152344 -42.28533935546875
  endloop
 endfacet
 facet normal 0.82096086499311549 -0.5708934916968581 0.010192118912419485
  outer loop
   vertex -46.798194885253906 50.102745056152344 -42.28533935546875
   vertex -46.904747009277344 49.955863952636719 -41.930000305175781
   vertex -46.904747009277344 49.949520111083984 -42.28533935546875
  endloop
 endfacet
 facet normal 0.82022546707009591 -0.57038209839425202 0.043525222584299347
  outer loop
   vertex -46.798194885253906 50.102745056152344 -42.28533935546875
   vertex -46.904747009277344 49.949520111083984 -42.28533935546875
   vertex -46.779338836669922 50.102745056152344 -42.640678405761719
  endloop
 endfacet
 facet normal 0.87728581447202636 -0.4676704851832828 0.10795330941933383
  outer loop
   vertex -46.779338836669922 50.102745056152344 -42.640678405761719
   vertex -46.904747009277344 49.949520111083984 -42.28533935546875
   vertex -46.904747009277344 49.867496490478516 -42.640678405761719
  endloop
 endfacet
 facet normal 0.82931155298180936 -0.44209598508613701 0.34175062262067302
  outer loop
   vertex -46.779338836669922 50.102745056152344 -42.640678405761719
   vertex -46.904747009277344 49.867496490478516 -42.640678405761719
   vertex -46.822334289550781 49.747406005859375 -42.996017456054688
  endloop
 endfacet
 facet normal 0.92351669168660855 -0.22072044173122035 0.31368679726471821
  outer loop
   vertex -46.904747009277344 50.16192626953125 -41.219322204589844
   vertex -46.798194885253906 50.102745056152344 -41.574661254882812
   vertex -46.833965301513672 50.458084106445312 -41.219322204589844
  endloop
 endfacet
 facet normal -0.57574740542168956 0.37271686366632073 0.72773419920252058
  outer loop
   vertex -54.109344482421875 50.102745056152344 -41.219322204589844
   vertex -54.011528015136719 50.25384521484375 -41.219322204589844
   vertex -54.366867065429688 50.102745056152344 -41.423061370849609
  endloop
 endfacet
 facet normal -0.57370319753327814 0.3518698350362332 0.73962981303599873
  outer loop
   vertex -54.366867065429688 50.102745056152344 -41.423061370849609
   vertex -54.011528015136719 50.25384521484375 -41.219322204589844
   vertex -54.011528015136719 50.458084106445312 -41.316486358642578
  endloop
 endfacet
 facet normal -0.8473327532189725 0.37551777942086556 0.37551777942086556
  outer loop
   vertex -54.625038146972656 50.458084106445312 -41.930000305175781
   vertex -54.722206115722656 50.458084106445312 -42.149253845214844
   vertex -54.722206115722656 50.23883056640625 -41.930000305175781
  endloop
 endfacet
 facet normal -0.84734591395924641 0.3755029308118441 0.3755029308118441
  outer loop
   vertex -54.722206115722656 50.23883056640625 -41.930000305175781
   vertex -54.722206115722656 50.458084106445312 -42.149253845214844
   vertex -54.782512664794922 50.458084106445312 -42.28533935546875
  endloop
 endfacet
 facet normal -0.89593925045195066 0.085717773483926826 -0.43582717080117334
  outer loop
   vertex -54.581657409667969 50.458084106445312 -42.996017456054688
   vertex -54.615653991699219 50.102745056152344 -42.996017456054688
   vertex -54.722206115722656 50.458084106445312 -42.707088470458984
  endloop
 endfacet
 facet normal -0.88542960805499138 0.21755838785806123 -0.41071006446419828
  outer loop
   vertex -54.366867065429688 50.458084106445312 -43.529026031494141
   vertex -54.284454345703125 50.458084106445312 -43.706695556640625
   vertex -54.366867065429688 50.122676849365234 -43.706695556640625
  endloop
 endfacet
 facet normal -0.88696103314937491 0.21793467341665165 -0.40719111458548657
  outer loop
   vertex -54.366867065429688 50.122676849365234 -43.706695556640625
   vertex -54.284454345703125 50.458084106445312 -43.706695556640625
   vertex -54.208633422851562 50.102745056152344 -44.062034606933594
  endloop
 endfacet
 facet normal -0.91721841435892637 0.16446912694618515 -0.36285022618493223
  outer loop
   vertex -54.449275970458984 50.458084106445312 -43.351356506347656
   vertex -54.372421264648438 50.102745056152344 -43.706695556640625
   vertex -54.512992858886719 50.102745056152344 -43.351356506347656
  endloop
 endfacet
 facet normal -0.97552284606931361 0.011446553631280297 -0.21959998453276905
  outer loop
   vertex -54.284454345703125 50.458084106445312 -43.706695556640625
   vertex -54.204463958740234 50.458084106445312 -44.062034606933594
   vertex -54.208633422851562 50.102745056152344 -44.062034606933594
  endloop
 endfacet
 facet normal -0.97163584363617694 0.01140094446692798 -0.23620712484316936
  outer loop
   vertex -54.208633422851562 50.102745056152344 -44.062034606933594
   vertex -54.204463958740234 50.458084106445312 -44.062034606933594
   vertex -54.118080139160156 50.458084106445312 -44.417373657226562
  endloop
 endfacet
 facet normal -0.91458287684004425 -0.1445954055525854 -0.3776643087241256
  outer loop
   vertex -54.208633422851562 50.102745056152344 -44.062034606933594
   vertex -54.118080139160156 50.458084106445312 -44.417373657226562
   vertex -54.061901092529297 50.102745056152344 -44.417373657226562
  endloop
 endfacet
 facet normal -0.81417348794838673 -0.12872069733779809 -0.56617357197137796
  outer loop
   vertex -54.061901092529297 50.102745056152344 -44.417373657226562
   vertex -54.118080139160156 50.458084106445312 -44.417373657226562
   vertex -54.011528015136719 50.458084106445312 -44.570598602294922
  endloop
 endfacet
 facet normal -0.7851904695530556 -0.14798174271151082 -0.60131300530349119
  outer loop
   vertex -54.061901092529297 50.102745056152344 -44.417373657226562
   vertex -54.011528015136719 50.458084106445312 -44.570598602294922
   vertex -54.011528015136719 50.102745056152344 -44.483150482177734
  endloop
 endfacet
 facet normal 0.79847331044945902 -0.25802760634780808 -0.54393209765769712
  outer loop
   vertex -46.778999328613281 50.458084106445312 -44.062034606933594
   vertex -46.904747009277344 50.102745056152344 -44.07806396484375
   vertex -46.904747009277344 50.458084106445312 -44.246627807617188
  endloop
 endfacet
 facet normal 0.25913874801607595 -0.41395499231199345 -0.87263301199108789
  outer loop
   vertex -46.904747009277344 50.458084106445312 -44.246627807617188
   vertex -46.904747009277344 50.102745056152344 -44.07806396484375
   vertex -47.260086059570312 50.102745056152344 -44.183586120605469
  endloop
 endfacet
 facet normal 0.34298424914043124 -0.42963248775995427 -0.83533091065922327
  outer loop
   vertex -47.97076416015625 50.291667938232422 -44.417373657226562
   vertex -47.762306213378906 50.458084106445312 -44.417373657226562
   vertex -47.97076416015625 50.102745056152344 -44.320205688476562
  endloop
 endfacet
 facet normal 0.3429907846123475 -0.42963520570069225 -0.83532682926716173
  outer loop
   vertex -47.97076416015625 50.102745056152344 -44.320205688476562
   vertex -47.762306213378906 50.458084106445312 -44.417373657226562
   vertex -47.615425109863281 50.458084106445312 -44.357063293457031
  endloop
 endfacet
 facet normal 0.41593543305438507 -0.41593543305438507 -0.80869983990336136
  outer loop
   vertex -47.97076416015625 50.291667938232422 -44.417373657226562
   vertex -47.97076416015625 50.102745056152344 -44.320205688476562
   vertex -48.159687042236328 50.102745056152344 -44.417373657226562
  endloop
 endfacet
 facet normal 0.41593543305438507 -0.41593543305438507 -0.80869983990336136
  outer loop
   vertex -48.159687042236328 50.102745056152344 -44.417373657226562
   vertex -47.97076416015625 50.102745056152344 -44.320205688476562
   vertex -48.326103210449219 49.747406005859375 -44.320205688476562
  endloop
 endfacet
 facet normal 0.051962771103372336 -0.19598258986044315 -0.97922964359278442
  outer loop
   vertex -48.681442260742188 50.458084106445312 -44.647304534912109
   vertex -49.036781311035156 50.102745056152344 -44.595043182373047
   vertex -49.036781311035156 50.458084106445312 -44.666160583496094
  endloop
 endfacet
 facet normal 0.19257442409506856 -0.19257442409506856 -0.96220069755166215
  outer loop
   vertex -49.036781311035156 50.458084106445312 -44.666160583496094
   vertex -49.036781311035156 50.102745056152344 -44.595043182373047
   vertex -49.392120361328125 50.102745056152344 -44.666160583496094
  endloop
 endfacet
 facet normal 0.64038723882743964 -0.15925464720813354 -0.75136019437389723
  outer loop
   vertex -49.450634002685547 50.458084106445312 -44.772712707519531
   vertex -49.53900146484375 50.102745056152344 -44.772712707519531
   vertex -49.747459411621094 50.102745056152344 -44.950382232666016
  endloop
 endfacet
 facet normal 0.64526470204485142 -0.10226917678396832 -0.75708287510344507
  outer loop
   vertex -49.747459411621094 50.102745056152344 -44.950382232666016
   vertex -49.53900146484375 50.102745056152344 -44.772712707519531
   vertex -49.747459411621094 49.747406005859375 -44.902381896972656
  endloop
 endfacet
 facet normal 0.64526470204485142 -0.10226917678396832 -0.75708287510344507
  outer loop
   vertex -49.747459411621094 50.102745056152344 -44.950382232666016
   vertex -49.747459411621094 49.747406005859375 -44.902381896972656
   vertex -49.955917358398438 50.102745056152344 -45.1280517578125
  endloop
 endfacet
 facet normal 0.7007676218976866 -0.041203481107177989 -0.71219871752518027
  outer loop
   vertex -49.955917358398438 50.102745056152344 -45.1280517578125
   vertex -49.747459411621094 49.747406005859375 -44.902381896972656
   vertex -49.976810455322266 49.747406005859375 -45.1280517578125
  endloop
 endfacet
 facet normal 0.61685871899579259 -0.036269835791089167 -0.78623776290035663
  outer loop
   vertex -49.955917358398438 50.102745056152344 -45.1280517578125
   vertex -49.976810455322266 49.747406005859375 -45.1280517578125
   vertex -50.102798461914062 49.747406005859375 -45.226898193359375
  endloop
 endfacet
 facet normal 0.60942351927164995 -0.15888785566290267 -0.77676098220842793
  outer loop
   vertex -50.102798461914062 49.747406005859375 -45.226898193359375
   vertex -49.976810455322266 49.747406005859375 -45.1280517578125
   vertex -50.102798461914062 49.392066955566406 -45.154212951660156
  endloop
 endfacet
 facet normal 0.35164520464015558 -0.1876031843542916 -0.91714267988885612
  outer loop
   vertex -50.102798461914062 49.747406005859375 -45.226898193359375
   vertex -50.102798461914062 49.392066955566406 -45.154212951660156
   vertex -50.458137512207031 49.392066955566406 -45.290454864501953
  endloop
 endfacet
 facet normal 0.35632189158466337 -0.096755136625733304 -0.92934017082770237
  outer loop
   vertex -50.458137512207031 49.392066955566406 -45.290454864501953
   vertex -50.102798461914062 49.392066955566406 -45.154212951660156
   vertex -50.458137512207031 49.036727905273438 -45.253459930419922
  endloop
 endfacet
 facet normal -0 -0.10355194850637624 -0.99462404654247749
  outer loop
   vertex -50.458137512207031 49.392066955566406 -45.290454864501953
   vertex -50.458137512207031 49.036727905273438 -45.253459930419922
   vertex -50.8134765625 49.036727905273438 -45.253459930419922
  endloop
 endfacet
 facet normal -0 -0.24290315543491106 -0.97005054356964482
  outer loop
   vertex -50.8134765625 49.036727905273438 -45.253459930419922
   vertex -50.458137512207031 49.036727905273438 -45.253459930419922
   vertex -50.458137512207031 48.681388854980469 -45.164482116699219
  endloop
 endfacet
 facet normal -0.23944438531787859 -0.45430566435660169 -0.858063371595158
  outer loop
   vertex -50.8134765625 49.036727905273438 -45.253459930419922
   vertex -50.458137512207031 48.681388854980469 -45.164482116699219
   vertex -50.588687896728516 48.681388854980469 -45.1280517578125
  endloop
 endfacet
 facet normal -0.22717569086558945 -0.5344492794729544 -0.81409776633435271
  outer loop
   vertex -50.588687896728516 48.681388854980469 -45.1280517578125
   vertex -50.458137512207031 48.681388854980469 -45.164482116699219
   vertex -50.458137512207031 48.625896453857422 -45.1280517578125
  endloop
 endfacet
 facet normal -0.2212592804198269 -0.52053044296471684 -0.8246771421441581
  outer loop
   vertex -50.588687896728516 48.681388854980469 -45.1280517578125
   vertex -50.458137512207031 48.625896453857422 -45.1280517578125
   vertex -50.8134765625 48.681388854980469 -45.067741394042969
  endloop
 endfacet
 facet normal -0.68641097995315337 -0.24016646976525144 -0.68641097995315337
  outer loop
   vertex -53.65618896484375 50.102745056152344 -44.874050140380859
   vertex -53.757526397705078 50.102745056152344 -44.772712707519531
   vertex -53.65618896484375 50.458084106445312 -44.998378753662109
  endloop
 endfacet
 facet normal -0.69467363272073457 -0.1867005302755082 -0.69467363272073457
  outer loop
   vertex -53.300849914550781 50.102745056152344 -45.229389190673828
   vertex -53.402187347412109 50.102745056152344 -45.1280517578125
   vertex -53.300849914550781 50.458084106445312 -45.32489013671875
  endloop
 endfacet
 facet normal -0.19607380437761637 0.04209018747622275 0.97968539815346056
  outer loop
   vertex -51.524154663085938 50.102745056152344 -40.346240997314453
   vertex -51.879493713378906 49.747406005859375 -40.402091979980469
   vertex -51.524154663085938 49.747406005859375 -40.330974578857422
  endloop
 endfacet
 facet normal -0.1946689886706881 -0.12658757440619814 0.97266621759773619
  outer loop
   vertex -51.524154663085938 49.747406005859375 -40.330974578857422
   vertex -51.879493713378906 49.747406005859375 -40.402091979980469
   vertex -51.879493713378906 49.392066955566406 -40.448337554931641
  endloop
 endfacet
 facet normal 0.27591385730746221 0.041257183415949174 0.96029651054364462
  outer loop
   vertex -48.681442260742188 50.102745056152344 -40.803676605224609
   vertex -49.036781311035156 50.102745056152344 -40.701580047607422
   vertex -49.036781311035156 49.747406005859375 -40.686313629150391
  endloop
 endfacet
 facet normal 0.19607380437761637 0.04209018747622275 0.97968539815346056
  outer loop
   vertex -49.036781311035156 49.747406005859375 -40.686313629150391
   vertex -49.036781311035156 50.102745056152344 -40.701580047607422
   vertex -49.392120361328125 49.747406005859375 -40.615196228027344
  endloop
 endfacet
 facet normal 0.19598258986044315 -0.051962771103372336 0.97922964359278442
  outer loop
   vertex -49.036781311035156 49.747406005859375 -40.686313629150391
   vertex -49.392120361328125 49.747406005859375 -40.615196228027344
   vertex -49.392120361328125 49.392066955566406 -40.634052276611328
  endloop
 endfacet
 facet normal 0.40281068869743009 -0.04850122348393178 0.91399736344896731
  outer loop
   vertex -49.392120361328125 49.392066955566406 -40.634052276611328
   vertex -49.392120361328125 49.747406005859375 -40.615196228027344
   vertex -49.676677703857422 49.392066955566406 -40.508644104003906
  endloop
 endfacet
 facet normal 0.37401297893584523 -0.3740331370138304 0.84865393653899246
  outer loop
   vertex -49.392120361328125 49.392066955566406 -40.634052276611328
   vertex -49.676677703857422 49.392066955566406 -40.508644104003906
   vertex -49.747459411621094 49.3212890625 -40.508644104003906
  endloop
 endfacet
 facet normal 0.41612186361025311 -0.41614429121958857 0.80849645856421426
  outer loop
   vertex -49.747459411621094 49.3212890625 -40.508644104003906
   vertex -49.676677703857422 49.392066955566406 -40.508644104003906
   vertex -49.747459411621094 49.392066955566406 -40.472213745117188
  endloop
 endfacet
 facet normal 0.22346422052961887 -0.44607603596635514 0.86664866715390088
  outer loop
   vertex -49.747459411621094 49.3212890625 -40.508644104003906
   vertex -49.747459411621094 49.392066955566406 -40.472213745117188
   vertex -50.102798461914062 49.143280029296875 -40.508644104003906
  endloop
 endfacet
 facet normal -0.4496203870955171 0.04733206599139398 0.89196478800290302
  outer loop
   vertex -52.234832763671875 50.102745056152344 -40.634052276611328
   vertex -52.234832763671875 49.747406005859375 -40.615196228027344
   vertex -51.986045837402344 50.102745056152344 -40.508644104003906
  endloop
 endfacet
 facet normal -0 0.042923366903594898 0.99907836758367441
  outer loop
   vertex -52.590171813964844 50.102745056152344 -40.701580047607422
   vertex -52.945510864257812 49.747406005859375 -40.686313629150391
   vertex -52.590171813964844 49.747406005859375 -40.686313629150391
  endloop
 endfacet
 facet normal 0 -0.042923366903594898 0.99907836758367441
  outer loop
   vertex -52.590171813964844 49.747406005859375 -40.686313629150391
   vertex -52.945510864257812 49.747406005859375 -40.686313629150391
   vertex -52.945510864257812 49.392066955566406 -40.701580047607422
  endloop
 endfacet
 facet normal -0.042923366903594898 0 0.99907836758367441
  outer loop
   vertex -52.590171813964844 49.747406005859375 -40.686313629150391
   vertex -52.945510864257812 49.392066955566406 -40.701580047607422
   vertex -52.590171813964844 49.392066955566406 -40.686313629150391
  endloop
 endfacet
 facet normal -0.041257183415949174 -0.27591385730746221 0.96029651054364462
  outer loop
   vertex -52.590171813964844 49.392066955566406 -40.686313629150391
   vertex -52.945510864257812 49.392066955566406 -40.701580047607422
   vertex -52.945510864257812 49.036727905273438 -40.803676605224609
  endloop
 endfacet
 facet normal -0.41912891977108863 0.27215253505313264 0.86617777983256639
  outer loop
   vertex -53.436935424804688 50.102745056152344 -40.863983154296875
   vertex -53.65618896484375 49.765083312988281 -40.863983154296875
   vertex -53.65618896484375 49.747406005859375 -40.858428955078125
  endloop
 endfacet
 facet normal -0.54142107603259049 0.25201667263752647 0.80209152541366602
  outer loop
   vertex -53.65618896484375 49.747406005859375 -40.858428955078125
   vertex -53.65618896484375 49.765083312988281 -40.863983154296875
   vertex -53.664417266845703 49.747406005859375 -40.863983154296875
  endloop
 endfacet
 facet normal -0.39170328774070751 0.2555072569591828 0.88390303541413118
  outer loop
   vertex -53.436935424804688 50.102745056152344 -40.863983154296875
   vertex -53.65618896484375 49.747406005859375 -40.858428955078125
   vertex -53.300849914550781 50.102745056152344 -40.803676605224609
  endloop
 endfacet
 facet normal -0.35891979361744047 0.21912126450506264 0.9072830061184417
  outer loop
   vertex -53.300849914550781 50.102745056152344 -40.803676605224609
   vertex -53.65618896484375 49.747406005859375 -40.858428955078125
   vertex -53.300849914550781 49.747406005859375 -40.717857360839844
  endloop
 endfacet
 facet normal 0.66382490978013031 0 0.74788801912813263
  outer loop
   vertex -48.125934600830078 49.747406005859375 -41.219322204589844
   vertex -48.326103210449219 50.102745056152344 -41.041652679443359
   vertex -48.326103210449219 49.747406005859375 -41.041652679443359
  endloop
 endfacet
 facet normal 0.64866581129707113 0 0.76107336391067626
  outer loop
   vertex -48.326103210449219 49.747406005859375 -41.041652679443359
   vertex -48.326103210449219 50.102745056152344 -41.041652679443359
   vertex -48.534561157226562 49.747406005859375 -40.863983154296875
  endloop
 endfacet
 facet normal 0.64819453098696311 -0.038112307527811022 0.76052041525096259
  outer loop
   vertex -48.326103210449219 49.747406005859375 -41.041652679443359
   vertex -48.534561157226562 49.747406005859375 -40.863983154296875
   vertex -48.555454254150391 49.392066955566406 -40.863983154296875
  endloop
 endfacet
 facet normal 0.58684662318167191 -0.034505195439248709 0.80896256547999057
  outer loop
   vertex -48.555454254150391 49.392066955566406 -40.863983154296875
   vertex -48.534561157226562 49.747406005859375 -40.863983154296875
   vertex -48.681442260742188 49.747406005859375 -40.757431030273438
  endloop
 endfacet
 facet normal 0.61717504089829245 -0.017058665612440259 0.78664094148455943
  outer loop
   vertex -48.555454254150391 49.392066955566406 -40.863983154296875
   vertex -48.681442260742188 49.747406005859375 -40.757431030273438
   vertex -48.681442260742188 49.392066955566406 -40.76513671875
  endloop
 endfacet
 facet normal 0.21651239272051051 -0.02116609559577173 0.97605039838917651
  outer loop
   vertex -48.681442260742188 49.392066955566406 -40.76513671875
   vertex -48.681442260742188 49.747406005859375 -40.757431030273438
   vertex -49.036781311035156 49.392066955566406 -40.686313629150391
  endloop
 endfacet
 facet normal 0.21656090818843901 0 0.97626910892673346
  outer loop
   vertex -48.681442260742188 49.392066955566406 -40.76513671875
   vertex -49.036781311035156 49.392066955566406 -40.686313629150391
   vertex -49.036781311035156 49.036727905273438 -40.686313629150391
  endloop
 endfacet
 facet normal 0.042923366903594898 0 0.99907836758367441
  outer loop
   vertex -49.036781311035156 49.036727905273438 -40.686313629150391
   vertex -49.036781311035156 49.392066955566406 -40.686313629150391
   vertex -49.392120361328125 49.036727905273438 -40.671047210693359
  endloop
 endfacet
 facet normal 0.042883880121850286 -0.042883880121850286 0.99815927869823939
  outer loop
   vertex -49.036781311035156 49.036727905273438 -40.686313629150391
   vertex -49.392120361328125 49.036727905273438 -40.671047210693359
   vertex -49.392120361328125 48.681388854980469 -40.686313629150391
  endloop
 endfacet
 facet normal 0 -0.042923366903594898 0.99907836758367441
  outer loop
   vertex -49.392120361328125 48.681388854980469 -40.686313629150391
   vertex -49.392120361328125 49.036727905273438 -40.671047210693359
   vertex -49.747459411621094 48.681388854980469 -40.686313629150391
  endloop
 endfacet
 facet normal 0 -0.19624771608187738 0.98055435032059635
  outer loop
   vertex -49.392120361328125 48.681388854980469 -40.686313629150391
   vertex -49.747459411621094 48.681388854980469 -40.686313629150391
   vertex -49.747459411621094 48.3260498046875 -40.757431030273438
  endloop
 endfacet
 facet normal 0 -0.19624771608187738 0.98055435032059635
  outer loop
   vertex -49.747459411621094 48.3260498046875 -40.757431030273438
   vertex -49.747459411621094 48.681388854980469 -40.686313629150391
   vertex -50.102798461914062 48.3260498046875 -40.757431030273438
  endloop
 endfacet
 facet normal 0 -0.58719628774035704 0.80944457479431142
  outer loop
   vertex -49.747459411621094 48.3260498046875 -40.757431030273438
   vertex -50.102798461914062 48.3260498046875 -40.757431030273438
   vertex -50.102798461914062 48.179168701171875 -40.863983154296875
  endloop
 endfacet
 facet normal 0 -0.58719628774035704 0.80944457479431142
  outer loop
   vertex -50.102798461914062 48.179168701171875 -40.863983154296875
   vertex -50.102798461914062 48.3260498046875 -40.757431030273438
   vertex -50.458137512207031 48.179168701171875 -40.863983154296875
  endloop
 endfacet
 facet normal 0 -0.66209911892673079 0.74941627732285521
  outer loop
   vertex -50.102798461914062 48.179168701171875 -40.863983154296875
   vertex -50.458137512207031 48.179168701171875 -40.863983154296875
   vertex -50.102798461914062 47.970710754394531 -41.048152923583984
  endloop
 endfacet
 facet normal 0.013921023539635632 -0.64860295418973046 0.76099961427057461
  outer loop
   vertex -50.102798461914062 47.970710754394531 -41.048152923583984
   vertex -50.458137512207031 48.179168701171875 -40.863983154296875
   vertex -50.458137512207031 47.970710754394531 -41.041652679443359
  endloop
 endfacet
 facet normal 0.012934075856591551 -0.70704763265346415 0.70704763265346415
  outer loop
   vertex -50.102798461914062 47.970710754394531 -41.048152923583984
   vertex -50.458137512207031 47.970710754394531 -41.041652679443359
   vertex -50.458137512207031 47.793041229248047 -41.219322204589844
  endloop
 endfacet
 facet normal -0.012934075856591551 -0.70704763265346415 0.70704763265346415
  outer loop
   vertex -50.458137512207031 47.793041229248047 -41.219322204589844
   vertex -50.458137512207031 47.970710754394531 -41.041652679443359
   vertex -50.8134765625 47.799541473388672 -41.219322204589844
  endloop
 endfacet
 facet normal -0.01367989193398614 -0.74781803618005216 0.66376279296182661
  outer loop
   vertex -50.458137512207031 47.793041229248047 -41.219322204589844
   vertex -50.8134765625 47.799541473388672 -41.219322204589844
   vertex -50.458137512207031 47.615371704101562 -41.419490814208984
  endloop
 endfacet
 facet normal 0.031820762552109368 -0.70674869616809421 0.70674869616809421
  outer loop
   vertex -50.458137512207031 47.615371704101562 -41.419490814208984
   vertex -50.8134765625 47.799541473388672 -41.219322204589844
   vertex -50.8134765625 47.615371704101562 -41.403491973876953
  endloop
 endfacet
 facet normal 0.030576569868659247 -0.73339495354724915 0.67911480287687376
  outer loop
   vertex -50.458137512207031 47.615371704101562 -41.419490814208984
   vertex -50.8134765625 47.615371704101562 -41.403491973876953
   vertex -50.8134765625 47.456871032714844 -41.574661254882812
  endloop
 endfacet
 facet normal 0.039550711021697493 -0.73316392670072061 0.67890087482817285
  outer loop
   vertex -50.8134765625 47.456871032714844 -41.574661254882812
   vertex -50.8134765625 47.615371704101562 -41.403491973876953
   vertex -51.168815612792969 47.437702178955078 -41.574661254882812
  endloop
 endfacet
 facet normal 0.043519756233006239 -0.80673936181184702 0.58930266665002773
  outer loop
   vertex -50.8134765625 47.456871032714844 -41.574661254882812
   vertex -51.168815612792969 47.437702178955078 -41.574661254882812
   vertex -50.8134765625 47.260032653808594 -41.844127655029297
  endloop
 endfacet
 facet normal 0.11068564930590193 -0.75639692264994896 0.64468006207995776
  outer loop
   vertex -50.8134765625 47.260032653808594 -41.844127655029297
   vertex -51.168815612792969 47.437702178955078 -41.574661254882812
   vertex -51.168815612792969 47.260032653808594 -41.783119201660156
  endloop
 endfacet
 facet normal 0.10030774225542144 -0.80536210851964607 0.584234739641875
  outer loop
   vertex -50.8134765625 47.260032653808594 -41.844127655029297
   vertex -51.168815612792969 47.260032653808594 -41.783119201660156
   vertex -51.168815612792969 47.153480529785156 -41.930000305175781
  endloop
 endfacet
 facet normal 0 -0.80944457479431142 0.58719628774035704
  outer loop
   vertex -51.168815612792969 47.153480529785156 -41.930000305175781
   vertex -51.168815612792969 47.260032653808594 -41.783119201660156
   vertex -51.524154663085938 47.153480529785156 -41.930000305175781
  endloop
 endfacet
 facet normal 0 -0.98055435032059635 0.19624771608187738
  outer loop
   vertex -51.168815612792969 47.153480529785156 -41.930000305175781
   vertex -51.524154663085938 47.153480529785156 -41.930000305175781
   vertex -51.524154663085938 47.082363128662109 -42.28533935546875
  endloop
 endfacet
 facet normal -0.04209018747622275 -0.97968539815346056 0.19607380437761637
  outer loop
   vertex -51.524154663085938 47.082363128662109 -42.28533935546875
   vertex -51.524154663085938 47.153480529785156 -41.930000305175781
   vertex -51.879493713378906 47.097629547119141 -42.28533935546875
  endloop
 endfacet
 facet normal -0.042883880121850286 -0.99815927869823939 0.042883880121850286
  outer loop
   vertex -51.524154663085938 47.082363128662109 -42.28533935546875
   vertex -51.879493713378906 47.097629547119141 -42.28533935546875
   vertex -51.879493713378906 47.082363128662109 -42.640678405761719
  endloop
 endfacet
 facet normal 0 -0.99907836758367441 0.042923366903594898
  outer loop
   vertex -51.879493713378906 47.082363128662109 -42.640678405761719
   vertex -51.879493713378906 47.097629547119141 -42.28533935546875
   vertex -52.234832763671875 47.082363128662109 -42.640678405761719
  endloop
 endfacet
 facet normal 0 -0.99907836758367441 -0.042923366903594898
  outer loop
   vertex -51.879493713378906 47.082363128662109 -42.640678405761719
   vertex -52.234832763671875 47.082363128662109 -42.640678405761719
   vertex -52.234832763671875 47.097629547119141 -42.996017456054688
  endloop
 endfacet
 facet normal -0.38563286065269575 -0.9218019700222897 -0.03960334389725393
  outer loop
   vertex -52.234832763671875 47.097629547119141 -42.996017456054688
   vertex -52.234832763671875 47.082363128662109 -42.640678405761719
   vertex -52.590171813964844 47.246284484863281 -42.996017456054688
  endloop
 endfacet
 facet normal -0.38416777272913583 -0.91829988015394293 -0.095605713770616621
  outer loop
   vertex -52.234832763671875 47.097629547119141 -42.996017456054688
   vertex -52.590171813964844 47.246284484863281 -42.996017456054688
   vertex -52.234832763671875 47.134624481201172 -43.351356506347656
  endloop
 endfacet
 facet normal 0.56793326757716467 -0.7128650948044879 0.41143062621602827
  outer loop
   vertex -46.945339202880859 50.102745056152344 -41.219322204589844
   vertex -47.260086059570312 49.747406005859375 -41.400527954101562
   vertex -47.133937835693359 49.747406005859375 -41.574661254882812
  endloop
 endfacet
 facet normal 0.54389444137518983 -0.74089822383572879 0.39401606383272325
  outer loop
   vertex -47.133937835693359 49.747406005859375 -41.574661254882812
   vertex -47.260086059570312 49.747406005859375 -41.400527954101562
   vertex -47.260086059570312 49.654800415039062 -41.574661254882812
  endloop
 endfacet
 facet normal 0.59010992371251547 -0.80385339706908776 0.074766262154107435
  outer loop
   vertex -47.133937835693359 49.747406005859375 -41.574661254882812
   vertex -47.260086059570312 49.654800415039062 -41.574661254882812
   vertex -47.088916778564453 49.747406005859375 -41.930000305175781
  endloop
 endfacet
 facet normal 0.68477444129522846 -0.71445378555486772 0.14366541983068415
  outer loop
   vertex -47.088916778564453 49.747406005859375 -41.930000305175781
   vertex -47.260086059570312 49.654800415039062 -41.574661254882812
   vertex -47.260086059570312 49.583347320556641 -41.930000305175781
  endloop
 endfacet
 facet normal 0.69108971532287866 -0.7210427748099818 0.049923163654403115
  outer loop
   vertex -47.088916778564453 49.747406005859375 -41.930000305175781
   vertex -47.260086059570312 49.583347320556641 -41.930000305175781
   vertex -47.063247680664062 49.747406005859375 -42.28533935546875
  endloop
 endfacet
 facet normal 0.78454384116223064 -0.59967799197077487 0.15772529042709593
  outer loop
   vertex -47.063247680664062 49.747406005859375 -42.28533935546875
   vertex -47.260086059570312 49.583347320556641 -41.930000305175781
   vertex -47.260086059570312 49.489887237548828 -42.28533935546875
  endloop
 endfacet
 facet normal 0.74158040886098853 -0.56683824043768805 0.35882155226668683
  outer loop
   vertex -47.063247680664062 49.747406005859375 -42.28533935546875
   vertex -47.260086059570312 49.489887237548828 -42.28533935546875
   vertex -47.162921905517578 49.392066955566406 -42.640678405761719
  endloop
 endfacet
 facet normal 0.75243557723851273 -0.55290928758355162 0.35795533493663095
  outer loop
   vertex -47.162921905517578 49.392066955566406 -42.640678405761719
   vertex -47.260086059570312 49.489887237548828 -42.28533935546875
   vertex -47.260086059570312 49.392066955566406 -42.436435699462891
  endloop
 endfacet
 facet normal -0.0063572148997522379 -0.38275194169444321 0.92382927911376123
  outer loop
   vertex -47.260086059570312 49.747406005859375 -41.400527954101562
   vertex -47.615425109863281 50.102745056152344 -41.255752563476562
   vertex -47.615425109863281 49.747406005859375 -41.402973175048828
  endloop
 endfacet
 facet normal 0.1593886918677708 -0.37786644052170765 0.91203738850561156
  outer loop
   vertex -47.615425109863281 49.747406005859375 -41.402973175048828
   vertex -47.615425109863281 50.102745056152344 -41.255752563476562
   vertex -47.97076416015625 49.747406005859375 -41.340873718261719
  endloop
 endfacet
 facet normal 0.16488814772826207 -0.28741729098453001 0.94350580262225026
  outer loop
   vertex -47.615425109863281 49.747406005859375 -41.402973175048828
   vertex -47.97076416015625 49.747406005859375 -41.340873718261719
   vertex -47.97076416015625 49.392066955566406 -41.449119567871094
  endloop
 endfacet
 facet normal -0.68805501532498936 0.12848864188489736 0.71419252641896458
  outer loop
   vertex -54.175701141357422 49.747406005859375 -41.219322204589844
   vertex -54.109344482421875 50.102745056152344 -41.219322204589844
   vertex -54.366867065429688 49.747406005859375 -41.403491973876953
  endloop
 endfacet
 facet normal -0.61987627074403451 0.043149951572639865 0.78351227855582917
  outer loop
   vertex -54.366867065429688 49.747406005859375 -41.403491973876953
   vertex -54.109344482421875 50.102745056152344 -41.219322204589844
   vertex -54.366867065429688 50.102745056152344 -41.423061370849609
  endloop
 endfacet
 facet normal -0.70658013392363805 0.038912129656947736 0.70656235429720882
  outer loop
   vertex -54.366867065429688 49.747406005859375 -41.403491973876953
   vertex -54.366867065429688 50.102745056152344 -41.423061370849609
   vertex -54.518463134765625 50.102745056152344 -41.574661254882812
  endloop
 endfacet
 facet normal -0.73366346723105413 0.014255833340721502 0.67936344328074472
  outer loop
   vertex -54.518463134765625 50.102745056152344 -41.574661254882812
   vertex -54.525367736816406 49.747406005859375 -41.574661254882812
   vertex -54.366867065429688 49.747406005859375 -41.403491973876953
  endloop
 endfacet
 facet normal -0.72235848735891173 -0.17543508197079843 0.66889516948057282
  outer loop
   vertex -54.366867065429688 49.747406005859375 -41.403491973876953
   vertex -54.525367736816406 49.747406005859375 -41.574661254882812
   vertex -54.366867065429688 49.392066955566406 -41.496688842773438
  endloop
 endfacet
 facet normal -0.68175144953484812 -0.18559940982938239 0.70764950372915436
  outer loop
   vertex -54.366867065429688 49.747406005859375 -41.403491973876953
   vertex -54.366867065429688 49.392066955566406 -41.496688842773438
   vertex -54.175701141357422 49.747406005859375 -41.219322204589844
  endloop
 endfacet
 facet normal -0.8358525675195978 0.016241472326467762 0.54871367756559941
  outer loop
   vertex -54.525367736816406 49.747406005859375 -41.574661254882812
   vertex -54.518463134765625 50.102745056152344 -41.574661254882812
   vertex -54.722206115722656 49.747406005859375 -41.874504089355469
  endloop
 endfacet
 facet normal -0.79660116103926537 -0.051488806725412256 0.60230846998268894
  outer loop
   vertex -54.722206115722656 49.747406005859375 -41.874504089355469
   vertex -54.518463134765625 50.102745056152344 -41.574661254882812
   vertex -54.722206115722656 50.102745056152344 -41.844127655029297
  endloop
 endfacet
 facet normal -0.81736895644115415 -0.049070627000785495 0.57402096008076964
  outer loop
   vertex -54.722206115722656 49.747406005859375 -41.874504089355469
   vertex -54.722206115722656 50.102745056152344 -41.844127655029297
   vertex -54.782512664794922 50.102745056152344 -41.930000305175781
  endloop
 endfacet
 facet normal -0.8346564026806198 -0.056082817223596343 0.54790821044816596
  outer loop
   vertex -54.782512664794922 50.102745056152344 -41.930000305175781
   vertex -54.758636474609375 49.747406005859375 -41.930000305175781
   vertex -54.722206115722656 49.747406005859375 -41.874504089355469
  endloop
 endfacet
 facet normal -0.75987235912858686 -0.41686471907617212 0.49881640291985185
  outer loop
   vertex -54.722206115722656 49.747406005859375 -41.874504089355469
   vertex -54.758636474609375 49.747406005859375 -41.930000305175781
   vertex -54.722206115722656 49.680999755859375 -41.930000305175781
  endloop
 endfacet
 facet normal -0.75986050950304695 -0.41687360104156657 0.49882703099612252
  outer loop
   vertex -54.722206115722656 49.747406005859375 -41.874504089355469
   vertex -54.722206115722656 49.680999755859375 -41.930000305175781
   vertex -54.525367736816406 49.747406005859375 -41.574661254882812
  endloop
 endfacet
 facet normal -0.77791955420741687 -0.37841181979902916 0.50164296249236939
  outer loop
   vertex -54.525367736816406 49.747406005859375 -41.574661254882812
   vertex -54.722206115722656 49.680999755859375 -41.930000305175781
   vertex -54.581657409667969 49.392066955566406 -41.930000305175781
  endloop
 endfacet
 facet normal -0.89542337686779083 -0.23579962892718098 0.37764468903519088
  outer loop
   vertex -54.525367736816406 49.747406005859375 -41.574661254882812
   vertex -54.581657409667969 49.392066955566406 -41.930000305175781
   vertex -54.431793212890625 49.392066955566406 -41.574661254882812
  endloop
 endfacet
 facet normal -0.84758876975287978 -0.39218382785956923 0.35747044990350657
  outer loop
   vertex -54.431793212890625 49.392066955566406 -41.574661254882812
   vertex -54.581657409667969 49.392066955566406 -41.930000305175781
   vertex -54.417240142822266 49.036727905273438 -41.930000305175781
  endloop
 endfacet
 facet normal -0.76658048055522132 -0.46949377084311389 0.43809812367920442
  outer loop
   vertex -54.431793212890625 49.392066955566406 -41.574661254882812
   vertex -54.417240142822266 49.036727905273438 -41.930000305175781
   vertex -54.366867065429688 49.036727905273438 -41.84185791015625
  endloop
 endfacet
 facet normal -0.72299085148292508 -0.55367941737702409 0.41318679969843441
  outer loop
   vertex -54.366867065429688 49.036727905273438 -41.84185791015625
   vertex -54.417240142822266 49.036727905273438 -41.930000305175781
   vertex -54.366867065429688 48.970951080322266 -41.930000305175781
  endloop
 endfacet
 facet normal -0.62537893441658743 -0.62537893441658743 0.46669302199191626
  outer loop
   vertex -54.366867065429688 49.036727905273438 -41.84185791015625
   vertex -54.366867065429688 48.970951080322266 -41.930000305175781
   vertex -54.011528015136719 48.681388854980469 -41.84185791015625
  endloop
 endfacet
 facet normal -0.62537893441658743 -0.62537893441658743 0.46669302199191626
  outer loop
   vertex -54.011528015136719 48.681388854980469 -41.84185791015625
   vertex -54.366867065429688 48.970951080322266 -41.930000305175781
   vertex -54.077304840087891 48.681388854980469 -41.930000305175781
  endloop
 endfacet
 facet normal -0.55367941737702409 -0.72299085148292508 0.41318679969843441
  outer loop
   vertex -54.011528015136719 48.681388854980469 -41.84185791015625
   vertex -54.077304840087891 48.681388854980469 -41.930000305175781
   vertex -54.011528015136719 48.631015777587891 -41.930000305175781
  endloop
 endfacet
 facet normal -0.95911961558935577 -0.064445836542928375 0.27556541354823327
  outer loop
   vertex -54.782512664794922 50.102745056152344 -41.930000305175781
   vertex -54.884605407714844 50.102745056152344 -42.28533935546875
   vertex -54.758636474609375 49.747406005859375 -41.930000305175781
  endloop
 endfacet
 facet normal -0.96962098556119602 -0.1523913175374762 0.19134270484794316
  outer loop
   vertex -54.758636474609375 49.747406005859375 -41.930000305175781
   vertex -54.884605407714844 50.102745056152344 -42.28533935546875
   vertex -54.828758239746094 49.747406005859375 -42.28533935546875
  endloop
 endfacet
 facet normal -0.84557495032860508 -0.50710895357119901 0.16686375455652622
  outer loop
   vertex -54.758636474609375 49.747406005859375 -41.930000305175781
   vertex -54.828758239746094 49.747406005859375 -42.28533935546875
   vertex -54.722206115722656 49.569736480712891 -42.28533935546875
  endloop
 endfacet
 facet normal -0.84668939961941236 -0.50777731208093235 -0.15899453420788573
  outer loop
   vertex -54.722206115722656 49.569736480712891 -42.28533935546875
   vertex -54.828758239746094 49.747406005859375 -42.28533935546875
   vertex -54.722206115722656 49.680999755859375 -42.640678405761719
  endloop
 endfacet
 facet normal -0.84668939961941236 -0.50777731208093235 -0.15899453420788573
  outer loop
   vertex -54.722206115722656 49.569736480712891 -42.28533935546875
   vertex -54.722206115722656 49.680999755859375 -42.640678405761719
   vertex -54.615653991699219 49.392066955566406 -42.28533935546875
  endloop
 endfacet
 facet normal -0.89594149727652461 -0.43582250964664615 -0.085717988445822735
  outer loop
   vertex -54.615653991699219 49.392066955566406 -42.28533935546875
   vertex -54.722206115722656 49.680999755859375 -42.640678405761719
   vertex -54.581657409667969 49.392066955566406 -42.640678405761719
  endloop
 endfacet
 facet normal -0.92474663491031994 -0.37015676896689415 -0.088473880948156433
  outer loop
   vertex -54.615653991699219 49.392066955566406 -42.28533935546875
   vertex -54.581657409667969 49.392066955566406 -42.640678405761719
   vertex -54.473419189453125 49.036727905273438 -42.28533935546875
  endloop
 endfacet
 facet normal -0.97617799038350861 -0.15342185484932438 -0.15342185484932438
  outer loop
   vertex -54.884605407714844 50.102745056152344 -42.28533935546875
   vertex -54.828758239746094 50.102745056152344 -42.640678405761719
   vertex -54.828758239746094 49.747406005859375 -42.28533935546875
  endloop
 endfacet
 facet normal -0.963194360728861 -0.19007448995080969 -0.19007448995080969
  outer loop
   vertex -54.828758239746094 49.747406005859375 -42.28533935546875
   vertex -54.828758239746094 50.102745056152344 -42.640678405761719
   vertex -54.758636474609375 49.747406005859375 -42.640678405761719
  endloop
 endfacet
 facet normal -0.86389992497757473 -0.47393406959649809 -0.17047996157743187
  outer loop
   vertex -54.828758239746094 49.747406005859375 -42.28533935546875
   vertex -54.758636474609375 49.747406005859375 -42.640678405761719
   vertex -54.722206115722656 49.680999755859375 -42.640678405761719
  endloop
 endfacet
 facet normal -0.7901039549172385 -0.43344972251031871 -0.43342482448501507
  outer loop
   vertex -54.722206115722656 49.680999755859375 -42.640678405761719
   vertex -54.758636474609375 49.747406005859375 -42.640678405761719
   vertex -54.722206115722656 49.747406005859375 -42.707088470458984
  endloop
 endfacet
 facet normal -0.82388364347207454 -0.40077062871438723 -0.40074760782698904
  outer loop
   vertex -54.722206115722656 49.680999755859375 -42.640678405761719
   vertex -54.722206115722656 49.747406005859375 -42.707088470458984
   vertex -54.581657409667969 49.392066955566406 -42.640678405761719
  endloop
 endfacet
 facet normal -0.82387254839101998 -0.40077052287293197 -0.40077052287293197
  outer loop
   vertex -54.581657409667969 49.392066955566406 -42.640678405761719
   vertex -54.722206115722656 49.747406005859375 -42.707088470458984
   vertex -54.581657409667969 49.747406005859375 -42.996017456054688
  endloop
 endfacet
 facet normal 0.97059306759258623 -0.21849024191464242 0.10105004368773915
  outer loop
   vertex -46.779338836669922 50.102745056152344 -42.640678405761719
   vertex -46.822334289550781 49.747406005859375 -42.996017456054688
   vertex -46.742343902587891 50.102745056152344 -42.996017456054688
  endloop
 endfacet
 facet normal 0.97473093675313005 -0.21942171779684794 0.041877329134578922
  outer loop
   vertex -46.742343902587891 50.102745056152344 -42.996017456054688
   vertex -46.822334289550781 49.747406005859375 -42.996017456054688
   vertex -46.727077484130859 50.102745056152344 -43.351356506347656
  endloop
 endfacet
 facet normal -0.89093112636027083 -0.13569813635017616 -0.43339098268596687
  outer loop
   vertex -54.581657409667969 49.747406005859375 -42.996017456054688
   vertex -54.722206115722656 49.747406005859375 -42.707088470458984
   vertex -54.722206115722656 50.102745056152344 -42.818347930908203
  endloop
 endfacet
 facet normal -0.86697071926235847 -0.1489114143525363 -0.4755913819837741
  outer loop
   vertex -54.722206115722656 50.102745056152344 -42.818347930908203
   vertex -54.722206115722656 49.747406005859375 -42.707088470458984
   vertex -54.758636474609375 49.747406005859375 -42.640678405761719
  endloop
 endfacet
 facet normal -0.84557495032860508 -0.16686375455652622 -0.50710895357119901
  outer loop
   vertex -54.722206115722656 50.102745056152344 -42.818347930908203
   vertex -54.758636474609375 49.747406005859375 -42.640678405761719
   vertex -54.828758239746094 50.102745056152344 -42.640678405761719
  endloop
 endfacet
 facet normal 0.97473093675313005 -0.041877329134578922 0.21942171779684794
  outer loop
   vertex -46.727077484130859 50.102745056152344 -43.351356506347656
   vertex -46.822334289550781 49.747406005859375 -42.996017456054688
   vertex -46.742343902587891 49.747406005859375 -43.351356506347656
  endloop
 endfacet
 facet normal 0.93247490464585892 -0.29398736446204599 0.2099094608214602
  outer loop
   vertex -46.742343902587891 49.747406005859375 -43.351356506347656
   vertex -46.822334289550781 49.747406005859375 -42.996017456054688
   vertex -46.854373931884766 49.392066955566406 -43.351356506347656
  endloop
 endfacet
 facet normal 0.94143341712359585 -0.29681177234659972 -0.16001841431366498
  outer loop
   vertex -46.742343902587891 49.747406005859375 -43.351356506347656
   vertex -46.854373931884766 49.392066955566406 -43.351356506347656
   vertex -46.802742004394531 49.747406005859375 -43.706695556640625
  endloop
 endfacet
 facet normal 0.99740380495799696 -0.042851422731528761 -0.057874047942007234
  outer loop
   vertex -46.727077484130859 50.102745056152344 -43.351356506347656
   vertex -46.742343902587891 49.747406005859375 -43.351356506347656
   vertex -46.747695922851562 50.102745056152344 -43.706695556640625
  endloop
 endfacet
 facet normal 0.97456054223238542 -0.15097057031039529 -0.16564913650204358
  outer loop
   vertex -46.747695922851562 50.102745056152344 -43.706695556640625
   vertex -46.742343902587891 49.747406005859375 -43.351356506347656
   vertex -46.802742004394531 49.747406005859375 -43.706695556640625
  endloop
 endfacet
 facet normal 0.91847188235219213 -0.14228179562364071 -0.36900581562156132
  outer loop
   vertex -46.747695922851562 50.102745056152344 -43.706695556640625
   vertex -46.802742004394531 49.747406005859375 -43.706695556640625
   vertex -46.890457153320312 50.102745056152344 -44.062034606933594
  endloop
 endfacet
 facet normal 0.71205145596304198 -0.40075391259735954 -0.57652322208114037
  outer loop
   vertex -46.890457153320312 50.102745056152344 -44.062034606933594
   vertex -46.802742004394531 49.747406005859375 -43.706695556640625
   vertex -46.904747009277344 49.747406005859375 -43.832679748535156
  endloop
 endfacet
 facet normal 0.63890894104716989 -0.43515507148412697 -0.63437798575583337
  outer loop
   vertex -46.890457153320312 50.102745056152344 -44.062034606933594
   vertex -46.904747009277344 49.747406005859375 -43.832679748535156
   vertex -46.904747009277344 50.081764221191406 -44.062034606933594
  endloop
 endfacet
 facet normal 0.27407580231823758 -0.54400330728084678 -0.79305917575620744
  outer loop
   vertex -46.904747009277344 50.081764221191406 -44.062034606933594
   vertex -46.904747009277344 49.747406005859375 -43.832679748535156
   vertex -47.260086059570312 49.747406005859375 -43.955482482910156
  endloop
 endfacet
 facet normal 0.24042925715570374 -0.51726413617695921 -0.82135959587056673
  outer loop
   vertex -46.904747009277344 50.081764221191406 -44.062034606933594
   vertex -47.260086059570312 49.747406005859375 -43.955482482910156
   vertex -47.260086059570312 49.916599273681641 -44.062034606933594
  endloop
 endfacet
 facet normal 0.10945545232471668 -0.52969394987307683 -0.84109679789204406
  outer loop
   vertex -47.260086059570312 49.916599273681641 -44.062034606933594
   vertex -47.260086059570312 49.747406005859375 -43.955482482910156
   vertex -47.615425109863281 49.747406005859375 -44.001724243164062
  endloop
 endfacet
 facet normal 0.098441909544388487 -0.51111219408392994 -0.85385801835197717
  outer loop
   vertex -47.260086059570312 49.916599273681641 -44.062034606933594
   vertex -47.615425109863281 49.747406005859375 -44.001724243164062
   vertex -47.615425109863281 49.848159790039062 -44.062034606933594
  endloop
 endfacet
 facet normal 0.35542987691178146 -0.48006987085229785 -0.80199907836501527
  outer loop
   vertex -47.615425109863281 49.848159790039062 -44.062034606933594
   vertex -47.615425109863281 49.747406005859375 -44.001724243164062
   vertex -47.751510620117188 49.747406005859375 -44.062034606933594
  endloop
 endfacet
 facet normal 0.40562167360103724 -0.40562167360103724 -0.81911056384970837
  outer loop
   vertex -48.326103210449219 49.936328887939453 -44.417373657226562
   vertex -48.515026092529297 49.747406005859375 -44.417373657226562
   vertex -48.681442260742188 49.747406005859375 -44.499782562255859
  endloop
 endfacet
 facet normal 0.39609631435585468 -0.45089637329473581 -0.7998750966890783
  outer loop
   vertex -48.681442260742188 49.747406005859375 -44.499782562255859
   vertex -48.515026092529297 49.747406005859375 -44.417373657226562
   vertex -48.681442260742188 49.601215362548828 -44.417373657226562
  endloop
 endfacet
 facet normal 0.42491758533885027 -0.4445239130801894 -0.78857056524427627
  outer loop
   vertex -48.681442260742188 49.747406005859375 -44.499782562255859
   vertex -48.681442260742188 49.601215362548828 -44.417373657226562
   vertex -49.036781311035156 49.392066955566406 -44.490947723388672
  endloop
 endfacet
 facet normal 0.40562167360103724 -0.40562167360103724 -0.81911056384970837
  outer loop
   vertex -48.326103210449219 49.936328887939453 -44.417373657226562
   vertex -48.681442260742188 49.747406005859375 -44.499782562255859
   vertex -48.326103210449219 50.102745056152344 -44.499782562255859
  endloop
 endfacet
 facet normal 0.19598258986044315 -0.051962771103372336 -0.97922964359278442
  outer loop
   vertex -49.392120361328125 50.102745056152344 -44.666160583496094
   vertex -49.036781311035156 50.102745056152344 -44.595043182373047
   vertex -49.392120361328125 49.747406005859375 -44.647304534912109
  endloop
 endfacet
 facet normal -0.68468686650775279 -0.42863750074702095 -0.58946907279783767
  outer loop
   vertex -53.65618896484375 49.747406005859375 -44.62689208984375
   vertex -53.65618896484375 49.947940826416016 -44.772712707519531
   vertex -53.530647277832031 49.747406005859375 -44.772712707519531
  endloop
 endfacet
 facet normal -0.65752857760615024 -0.41163547887573293 -0.63104072940023348
  outer loop
   vertex -53.530647277832031 49.747406005859375 -44.772712707519531
   vertex -53.65618896484375 49.947940826416016 -44.772712707519531
   vertex -53.300849914550781 49.925075531005859 -45.1280517578125
  endloop
 endfacet
 facet normal -0.68312762514201464 -0.3726175366507411 -0.62808663347357196
  outer loop
   vertex -53.530647277832031 49.747406005859375 -44.772712707519531
   vertex -53.300849914550781 49.925075531005859 -45.1280517578125
   vertex -53.300849914550781 49.747406005859375 -45.022647857666016
  endloop
 endfacet
 facet normal -0.65205686340539371 -0.38683807177143176 -0.65205686340539371
  outer loop
   vertex -53.300849914550781 49.747406005859375 -45.022647857666016
   vertex -53.300849914550781 49.925075531005859 -45.1280517578125
   vertex -53.195446014404297 49.747406005859375 -45.1280517578125
  endloop
 endfacet
 facet normal -0.66902013589240961 -0.32376552555978455 -0.66902013589240961
  outer loop
   vertex -53.300849914550781 49.747406005859375 -45.022647857666016
   vertex -53.195446014404297 49.747406005859375 -45.1280517578125
   vertex -53.023483276367188 49.392066955566406 -45.1280517578125
  endloop
 endfacet
 facet normal -0.63169516659802538 -0.30570248432713243 -0.71239540114525746
  outer loop
   vertex -53.023483276367188 49.392066955566406 -45.1280517578125
   vertex -53.195446014404297 49.747406005859375 -45.1280517578125
   vertex -52.945510864257812 49.747406005859375 -45.349674224853516
  endloop
 endfacet
 facet normal -0.64473231836488587 -0.44955724675884678 -0.61823823849907955
  outer loop
   vertex -53.65618896484375 49.747406005859375 -44.62689208984375
   vertex -53.857097625732422 49.747406005859375 -44.417373657226562
   vertex -53.65618896484375 49.947940826416016 -44.772712707519531
  endloop
 endfacet
 facet normal -0.67510652229522505 -0.41016834767195337 -0.61318277056886239
  outer loop
   vertex -53.65618896484375 49.947940826416016 -44.772712707519531
   vertex -53.857097625732422 49.747406005859375 -44.417373657226562
   vertex -54.011528015136719 50.0015869140625 -44.417373657226562
  endloop
 endfacet
 facet normal 0.63906071236959561 -0.096438823765747791 -0.76308646900357491
  outer loop
   vertex -49.53900146484375 50.102745056152344 -44.772712707519531
   vertex -49.592624664306641 49.747406005859375 -44.772712707519531
   vertex -49.747459411621094 49.747406005859375 -44.902381896972656
  endloop
 endfacet
 facet normal 0.6078597678021046 -0.32198916953108803 -0.72583019873263188
  outer loop
   vertex -49.747459411621094 49.747406005859375 -44.902381896972656
   vertex -49.592624664306641 49.747406005859375 -44.772712707519531
   vertex -49.747459411621094 49.455104827880859 -44.772712707519531
  endloop
 endfacet
 facet normal 0.66872691248530503 -0.30149644226402655 -0.67963535209699444
  outer loop
   vertex -49.747459411621094 49.747406005859375 -44.902381896972656
   vertex -49.747459411621094 49.455104827880859 -44.772712707519531
   vertex -49.976810455322266 49.747406005859375 -45.1280517578125
  endloop
 endfacet
 facet normal 0.45206624971100506 -0.32794292766797717 -0.82951162864952244
  outer loop
   vertex -51.879493713378906 49.955863952636719 -45.483390808105469
   vertex -51.772941589355469 50.102745056152344 -45.483390808105469
   vertex -51.879493713378906 49.747406005859375 -45.400978088378906
  endloop
 endfacet
 facet normal 0.42589557636828634 -0.32366414659798037 -0.84489909352355586
  outer loop
   vertex -51.879493713378906 49.747406005859375 -45.400978088378906
   vertex -51.772941589355469 50.102745056152344 -45.483390808105469
   vertex -51.524154663085938 50.102745056152344 -45.357982635498047
  endloop
 endfacet
 facet normal 0.34507259639949472 -0.34507259639949472 -0.87284008067241203
  outer loop
   vertex -51.879493713378906 49.955863952636719 -45.483390808105469
   vertex -51.879493713378906 49.747406005859375 -45.400978088378906
   vertex -52.08795166015625 49.747406005859375 -45.483390808105469
  endloop
 endfacet
 facet normal 0.33142668391710872 -0.43286248684289402 -0.8383235775474136
  outer loop
   vertex -52.08795166015625 49.747406005859375 -45.483390808105469
   vertex -51.879493713378906 49.747406005859375 -45.400978088378906
   vertex -52.234832763671875 49.392066955566406 -45.357982635498047
  endloop
 endfacet
 facet normal -0.61735461427783977 -0.36626093151016059 -0.69622281654594531
  outer loop
   vertex -52.945510864257812 49.747406005859375 -45.349674224853516
   vertex -53.195446014404297 49.747406005859375 -45.1280517578125
   vertex -52.945510864257812 50.0015869140625 -45.483390808105469
  endloop
 endfacet
 facet normal -0.61736008503450479 -0.36625392398472145 -0.69622165189828955
  outer loop
   vertex -52.945510864257812 50.0015869140625 -45.483390808105469
   vertex -53.195446014404297 49.747406005859375 -45.1280517578125
   vertex -53.300849914550781 49.925075531005859 -45.1280517578125
  endloop
 endfacet
 facet normal -0.60606852534368205 -0.39408852788676035 -0.69092342178839228
  outer loop
   vertex -52.945510864257812 50.0015869140625 -45.483390808105469
   vertex -53.300849914550781 49.925075531005859 -45.1280517578125
   vertex -53.011287689208984 50.102745056152344 -45.483390808105469
  endloop
 endfacet
 facet normal -0.41978704091142077 -0.39697005075823727 -0.8162068482215985
  outer loop
   vertex -52.945510864257812 50.102745056152344 -45.533763885498047
   vertex -52.590171813964844 49.747406005859375 -45.543697357177734
   vertex -52.707427978515625 49.747406005859375 -45.483390808105469
  endloop
 endfacet
 facet normal -0.40373664841664259 -0.469864345715234 -0.78499950022333864
  outer loop
   vertex -52.707427978515625 49.747406005859375 -45.483390808105469
   vertex -52.590171813964844 49.747406005859375 -45.543697357177734
   vertex -52.590171813964844 49.646652221679688 -45.483390808105469
  endloop
 endfacet
 facet normal -0.5111458507844564 -0.11092333433087437 0.85230624374502573
  outer loop
   vertex -51.879493713378906 49.747406005859375 -40.402091979980469
   vertex -52.057163238525391 49.747406005859375 -40.508644104003906
   vertex -51.879493713378906 49.392066955566406 -40.448337554931641
  endloop
 endfacet
 facet normal -0.49018516322992645 -0.098105442813693169 0.86607957361871746
  outer loop
   vertex -51.879493713378906 49.392066955566406 -40.448337554931641
   vertex -52.057163238525391 49.747406005859375 -40.508644104003906
   vertex -51.986045837402344 49.392066955566406 -40.508644104003906
  endloop
 endfacet
 facet normal -0.44830936185106279 -0.089724438357373731 0.88936395319247497
  outer loop
   vertex -52.057163238525391 49.747406005859375 -40.508644104003906
   vertex -52.234832763671875 49.392066955566406 -40.634052276611328
   vertex -51.986045837402344 49.392066955566406 -40.508644104003906
  endloop
 endfacet
 facet normal -0.21942171779684794 -0.041877329134578922 0.97473093675313005
  outer loop
   vertex -52.945510864257812 49.747406005859375 -40.686313629150391
   vertex -53.300849914550781 49.392066955566406 -40.781570434570312
   vertex -52.945510864257812 49.392066955566406 -40.701580047607422
  endloop
 endfacet
 facet normal -0.21146387013735615 -0.26990409749421529 0.93938001351016853
  outer loop
   vertex -52.945510864257812 49.392066955566406 -40.701580047607422
   vertex -53.300849914550781 49.392066955566406 -40.781570434570312
   vertex -52.945510864257812 49.036727905273438 -40.803676605224609
  endloop
 endfacet
 facet normal -0.4307058238586724 -0.24097863604280254 0.86972512339541674
  outer loop
   vertex -53.300849914550781 49.392066955566406 -40.781570434570312
   vertex -53.65618896484375 49.729732513427734 -40.863983154296875
   vertex -53.467266082763672 49.392066955566406 -40.863983154296875
  endloop
 endfacet
 facet normal -0.44308535871461646 -0.2479049492226508 0.86152103923447765
  outer loop
   vertex -53.467266082763672 49.392066955566406 -40.863983154296875
   vertex -53.65618896484375 49.729732513427734 -40.863983154296875
   vertex -53.65618896484375 49.392066955566406 -40.961147308349609
  endloop
 endfacet
 facet normal -0.41592475366464537 -0.41592475366464537 0.80871082506542979
  outer loop
   vertex -53.467266082763672 49.392066955566406 -40.863983154296875
   vertex -53.65618896484375 49.392066955566406 -40.961147308349609
   vertex -53.300849914550781 49.036727905273438 -40.961147308349609
  endloop
 endfacet
 facet normal -0.39576457892017258 -0.39576457892017258 0.82869825397684838
  outer loop
   vertex -53.300849914550781 49.036727905273438 -40.961147308349609
   vertex -53.65618896484375 49.392066955566406 -40.961147308349609
   vertex -53.65618896484375 49.036727905273438 -41.130847930908203
  endloop
 endfacet
 facet normal 0.71901636386217915 -0.1103050650307083 0.68618383916191261
  outer loop
   vertex -48.2110595703125 49.392066955566406 -41.219322204589844
   vertex -48.326103210449219 49.747406005859375 -41.041652679443359
   vertex -48.326103210449219 49.392066955566406 -41.098773956298828
  endloop
 endfacet
 facet normal 0.71087422764568731 -0.11162651866859249 0.69440431507809475
  outer loop
   vertex -48.326103210449219 49.392066955566406 -41.098773956298828
   vertex -48.326103210449219 49.747406005859375 -41.041652679443359
   vertex -48.555454254150391 49.392066955566406 -40.863983154296875
  endloop
 endfacet
 facet normal 0.66753959899674564 -0.35943120561154945 0.65207368617656392
  outer loop
   vertex -48.326103210449219 49.392066955566406 -41.098773956298828
   vertex -48.555454254150391 49.392066955566406 -40.863983154296875
   vertex -48.399677276611328 49.036727905273438 -41.219322204589844
  endloop
 endfacet
 facet normal 0.87228410606278495 -0.096901727638622634 0.47930209001307122
  outer loop
   vertex -48.399677276611328 49.036727905273438 -41.219322204589844
   vertex -48.555454254150391 49.392066955566406 -40.863983154296875
   vertex -48.594928741455078 49.036727905273438 -40.863983154296875
  endloop
 endfacet
 facet normal 0.82764189021691548 -0.32892434541954063 0.45477211496363501
  outer loop
   vertex -48.399677276611328 49.036727905273438 -41.219322204589844
   vertex -48.594928741455078 49.036727905273438 -40.863983154296875
   vertex -48.540897369384766 48.681388854980469 -41.219322204589844
  endloop
 endfacet
 facet normal 0.88659485065886723 -0.25264282631701723 0.38745473683480786
  outer loop
   vertex -48.540897369384766 48.681388854980469 -41.219322204589844
   vertex -48.594928741455078 49.036727905273438 -40.863983154296875
   vertex -48.681442260742188 48.733127593994141 -40.863983154296875
  endloop
 endfacet
 facet normal 0.89719421107557162 -0.21443400070738444 0.38608367869298488
  outer loop
   vertex -48.540897369384766 48.681388854980469 -41.219322204589844
   vertex -48.681442260742188 48.733127593994141 -40.863983154296875
   vertex -48.681442260742188 48.681388854980469 -40.892719268798828
  endloop
 endfacet
 facet normal 0.72193594139060269 -0.33597726624327096 0.60491964185019043
  outer loop
   vertex -48.681442260742188 48.681388854980469 -40.892719268798828
   vertex -48.681442260742188 48.733127593994141 -40.863983154296875
   vertex -48.705520629882812 48.681388854980469 -40.863983154296875
  endloop
 endfacet
 facet normal 0.57503736974548614 -0.66118872709446241 0.48183139225189281
  outer loop
   vertex -48.681442260742188 48.681388854980469 -40.892719268798828
   vertex -48.705520629882812 48.681388854980469 -40.863983154296875
   vertex -48.816352844238281 48.3260498046875 -41.219322204589844
  endloop
 endfacet
 facet normal 0.6631639119517585 -0.62247007750107886 0.41562558691765
  outer loop
   vertex -48.816352844238281 48.3260498046875 -41.219322204589844
   vertex -48.705520629882812 48.681388854980469 -40.863983154296875
   vertex -49.036781311035156 48.3260498046875 -40.867610931396484
  endloop
 endfacet
 facet normal 0.5840026449349911 -0.72455198786738639 0.36601274238249354
  outer loop
   vertex -48.816352844238281 48.3260498046875 -41.219322204589844
   vertex -49.036781311035156 48.3260498046875 -40.867610931396484
   vertex -49.036781311035156 48.148380279541016 -41.219322204589844
  endloop
 endfacet
 facet normal 0.47123381798556541 -0.78726147885038855 0.3976909009583276
  outer loop
   vertex -49.036781311035156 48.148380279541016 -41.219322204589844
   vertex -49.036781311035156 48.3260498046875 -40.867610931396484
   vertex -49.333602905273438 47.970710754394531 -41.219322204589844
  endloop
 endfacet
 facet normal 0.49653283205621612 -0.82952699221243531 0.25561712751931065
  outer loop
   vertex -49.036781311035156 48.148380279541016 -41.219322204589844
   vertex -49.333602905273438 47.970710754394531 -41.219322204589844
   vertex -49.150672912597656 47.970710754394531 -41.574661254882812
  endloop
 endfacet
 facet normal 0.50996735109826707 -0.81915174511491273 0.26253327272749649
  outer loop
   vertex -49.150672912597656 47.970710754394531 -41.574661254882812
   vertex -49.333602905273438 47.970710754394531 -41.219322204589844
   vertex -49.392120361328125 47.934280395507812 -41.219322204589844
  endloop
 endfacet
 facet normal 0.48767840353093811 -0.83780139709272305 0.24547625905369502
  outer loop
   vertex -49.150672912597656 47.970710754394531 -41.574661254882812
   vertex -49.392120361328125 47.934280395507812 -41.219322204589844
   vertex -49.392120361328125 47.830165863037109 -41.574661254882812
  endloop
 endfacet
 facet normal 0.33665067325026909 -0.90363974910706757 0.26476693153386149
  outer loop
   vertex -49.392120361328125 47.830165863037109 -41.574661254882812
   vertex -49.392120361328125 47.934280395507812 -41.219322204589844
   vertex -49.747459411621094 47.697784423828125 -41.574661254882812
  endloop
 endfacet
 facet normal 0.33343493385538342 -0.89500804220467867 0.29627984959123427
  outer loop
   vertex -49.392120361328125 47.830165863037109 -41.574661254882812
   vertex -49.747459411621094 47.697784423828125 -41.574661254882812
   vertex -49.392120361328125 47.712535858154297 -41.930000305175781
  endloop
 endfacet
 facet normal 0.4216127774453633 -0.81977043708459096 0.38758108361599009
  outer loop
   vertex -49.392120361328125 47.712535858154297 -41.930000305175781
   vertex -49.747459411621094 47.697784423828125 -41.574661254882812
   vertex -49.581043243408203 47.615371704101562 -41.930000305175781
  endloop
 endfacet
 facet normal 0.4255114132365857 -0.82735082016967953 0.36664786590127896
  outer loop
   vertex -49.392120361328125 47.712535858154297 -41.930000305175781
   vertex -49.581043243408203 47.615371704101562 -41.930000305175781
   vertex -49.392120361328125 47.615371704101562 -42.149253845214844
  endloop
 endfacet
 facet normal 0.41451172162089478 -0.83702434066429987 0.35716982763718447
  outer loop
   vertex -49.392120361328125 47.615371704101562 -42.149253845214844
   vertex -49.581043243408203 47.615371704101562 -41.930000305175781
   vertex -49.747459411621094 47.532958984375 -41.930000305175781
  endloop
 endfacet
 facet normal 0.41942468782307551 -0.82994676548500879 0.36779246553659539
  outer loop
   vertex -49.392120361328125 47.615371704101562 -42.149253845214844
   vertex -49.747459411621094 47.532958984375 -41.930000305175781
   vertex -49.392120361328125 47.555065155029297 -42.28533935546875
  endloop
 endfacet
 facet normal 0.26990409749421529 -0.93938001351016853 0.21146387013735615
  outer loop
   vertex -49.392120361328125 47.555065155029297 -42.28533935546875
   vertex -49.747459411621094 47.532958984375 -41.930000305175781
   vertex -49.747459411621094 47.452968597412109 -42.28533935546875
  endloop
 endfacet
 facet normal 0.27591385730746221 -0.96029651054364462 0.041257183415949174
  outer loop
   vertex -49.392120361328125 47.555065155029297 -42.28533935546875
   vertex -49.747459411621094 47.452968597412109 -42.28533935546875
   vertex -49.747459411621094 47.437702178955078 -42.640678405761719
  endloop
 endfacet
 facet normal 0.19607380437761637 -0.97968539815346056 0.04209018747622275
  outer loop
   vertex -49.747459411621094 47.437702178955078 -42.640678405761719
   vertex -49.747459411621094 47.452968597412109 -42.28533935546875
   vertex -50.102798461914062 47.366584777832031 -42.640678405761719
  endloop
 endfacet
 facet normal 0.19624771608187738 -0.98055435032059635 0
  outer loop
   vertex -49.747459411621094 47.437702178955078 -42.640678405761719
   vertex -50.102798461914062 47.366584777832031 -42.640678405761719
   vertex -50.102798461914062 47.366584777832031 -42.996017456054688
  endloop
 endfacet
 facet normal 0.51431973529565989 -0.85759851322480873 0
  outer loop
   vertex -50.102798461914062 47.366584777832031 -42.996017456054688
   vertex -50.102798461914062 47.366584777832031 -42.640678405761719
   vertex -50.280467987060547 47.260032653808594 -42.996017456054688
  endloop
 endfacet
 facet normal 0.51161639424047822 -0.85309084783582523 -0.10239467995518234
  outer loop
   vertex -50.102798461914062 47.366584777832031 -42.996017456054688
   vertex -50.280467987060547 47.260032653808594 -42.996017456054688
   vertex -50.351585388183594 47.260032653808594 -43.351356506347656
  endloop
 endfacet
 facet normal 0.51161639424047822 -0.85309084783582523 -0.10239467995518234
  outer loop
   vertex -50.351585388183594 47.260032653808594 -43.351356506347656
   vertex -50.280467987060547 47.260032653808594 -42.996017456054688
   vertex -50.458137512207031 47.153480529785156 -42.996017456054688
  endloop
 endfacet
 facet normal 0.48943197154864976 -0.86474880316888381 -0.11254267032545763
  outer loop
   vertex -50.351585388183594 47.260032653808594 -43.351356506347656
   vertex -50.458137512207031 47.153480529785156 -42.996017456054688
   vertex -50.458137512207031 47.199726104736328 -43.351356506347656
  endloop
 endfacet
 facet normal 0.27401368384141989 -0.95368310603154482 -0.12411701872700394
  outer loop
   vertex -50.458137512207031 47.199726104736328 -43.351356506347656
   vertex -50.458137512207031 47.153480529785156 -42.996017456054688
   vertex -50.8134765625 47.097629547119141 -43.351356506347656
  endloop
 endfacet
 facet normal 0.26618599207190691 -0.92643943960163389 -0.26618599207190691
  outer loop
   vertex -50.458137512207031 47.199726104736328 -43.351356506347656
   vertex -50.8134765625 47.097629547119141 -43.351356506347656
   vertex -50.8134765625 47.199726104736328 -43.706695556640625
  endloop
 endfacet
 facet normal 0.17341774344382696 -0.94655237324460806 -0.27196487082682436
  outer loop
   vertex -50.8134765625 47.199726104736328 -43.706695556640625
   vertex -50.8134765625 47.097629547119141 -43.351356506347656
   vertex -51.168815612792969 47.134624481201172 -43.706695556640625
  endloop
 endfacet
 facet normal 0.15959989417836828 -0.87113149787384314 -0.46438969324300039
  outer loop
   vertex -50.8134765625 47.199726104736328 -43.706695556640625
   vertex -51.168815612792969 47.134624481201172 -43.706695556640625
   vertex -51.168815612792969 47.260032653808594 -43.941944122314453
  endloop
 endfacet
 facet normal 0.16781719894599675 -0.86992815258833744 -0.46374820438699499
  outer loop
   vertex -51.168815612792969 47.260032653808594 -43.941944122314453
   vertex -51.168815612792969 47.134624481201172 -43.706695556640625
   vertex -51.500675201416016 47.260032653808594 -44.062034606933594
  endloop
 endfacet
 facet normal 0.18785541743044262 -0.83380010404904881 -0.51912207488203543
  outer loop
   vertex -51.168815612792969 47.260032653808594 -43.941944122314453
   vertex -51.500675201416016 47.260032653808594 -44.062034606933594
   vertex -51.168815612792969 47.334800720214844 -44.062034606933594
  endloop
 endfacet
 facet normal 0.18620028213900494 -0.82645375227973139 -0.53132254824551484
  outer loop
   vertex -51.168815612792969 47.334800720214844 -44.062034606933594
   vertex -51.500675201416016 47.260032653808594 -44.062034606933594
   vertex -51.524154663085938 47.260032653808594 -44.070262908935547
  endloop
 endfacet
 facet normal 0.18776211395226022 -0.83552062848000141 -0.5163822885697783
  outer loop
   vertex -51.168815612792969 47.334800720214844 -44.062034606933594
   vertex -51.524154663085938 47.260032653808594 -44.070262908935547
   vertex -51.524154663085938 47.474559783935547 -44.417373657226562
  endloop
 endfacet
 facet normal -0.18119173303716099 -0.83656969855563468 -0.51703065222240419
  outer loop
   vertex -51.524154663085938 47.474559783935547 -44.417373657226562
   vertex -51.524154663085938 47.260032653808594 -44.070262908935547
   vertex -51.547634124755859 47.260032653808594 -44.062034606933594
  endloop
 endfacet
 facet normal -0.18817929248368434 -0.83523763008255714 -0.51668816047439448
  outer loop
   vertex -51.524154663085938 47.474559783935547 -44.417373657226562
   vertex -51.547634124755859 47.260032653808594 -44.062034606933594
   vertex -51.879493713378906 47.334800720214844 -44.062034606933594
  endloop
 endfacet
 facet normal -0.18785541743044262 -0.83380010404904881 -0.51912207488203543
  outer loop
   vertex -51.879493713378906 47.334800720214844 -44.062034606933594
   vertex -51.547634124755859 47.260032653808594 -44.062034606933594
   vertex -51.879493713378906 47.260032653808594 -43.941944122314453
  endloop
 endfacet
 facet normal -0.28309192939539385 -0.81418687888501773 -0.50691092487997036
  outer loop
   vertex -51.879493713378906 47.334800720214844 -44.062034606933594
   vertex -51.879493713378906 47.260032653808594 -43.941944122314453
   vertex -52.234832763671875 47.260032653808594 -43.743499755859375
  endloop
 endfacet
 facet normal -0.25409069545721352 -0.85348141664798949 -0.45498064785066489
  outer loop
   vertex -52.234832763671875 47.260032653808594 -43.743499755859375
   vertex -51.879493713378906 47.260032653808594 -43.941944122314453
   vertex -51.879493713378906 47.134624481201172 -43.706695556640625
  endloop
 endfacet
 facet normal -0.22641212774302846 -0.80322541414720272 -0.55096867649525161
  outer loop
   vertex -52.234832763671875 47.260032653808594 -43.743499755859375
   vertex -51.879493713378906 47.134624481201172 -43.706695556640625
   vertex -52.234832763671875 47.234786987304688 -43.706695556640625
  endloop
 endfacet
 facet normal -0.2686281484218796 -0.95299204118894321 -0.14016093359407969
  outer loop
   vertex -52.234832763671875 47.234786987304688 -43.706695556640625
   vertex -51.879493713378906 47.134624481201172 -43.706695556640625
   vertex -51.879493713378906 47.082363128662109 -43.351356506347656
  endloop
 endfacet
 facet normal -0.14016093359407969 -0.95299204118894321 -0.2686281484218796
  outer loop
   vertex -52.234832763671875 47.234786987304688 -43.706695556640625
   vertex -51.879493713378906 47.082363128662109 -43.351356506347656
   vertex -52.234832763671875 47.134624481201172 -43.351356506347656
  endloop
 endfacet
 facet normal -0.14550927912771366 -0.98935688691580492 0
  outer loop
   vertex -52.234832763671875 47.134624481201172 -43.351356506347656
   vertex -51.879493713378906 47.082363128662109 -43.351356506347656
   vertex -51.879493713378906 47.082363128662109 -42.996017456054688
  endloop
 endfacet
 facet normal -0.042693034609706769 -0.99371718488110583 -0.10345753364441186
  outer loop
   vertex -52.234832763671875 47.134624481201172 -43.351356506347656
   vertex -51.879493713378906 47.082363128662109 -42.996017456054688
   vertex -52.234832763671875 47.097629547119141 -42.996017456054688
  endloop
 endfacet
 facet normal -0.042923366903594898 -0.99907836758367441 0
  outer loop
   vertex -52.234832763671875 47.097629547119141 -42.996017456054688
   vertex -51.879493713378906 47.082363128662109 -42.996017456054688
   vertex -51.879493713378906 47.082363128662109 -42.640678405761719
  endloop
 endfacet
 facet normal 0.65558702999074014 -0.157052330372983 0.73860693987555781
  outer loop
   vertex -48.125934600830078 49.747406005859375 -41.219322204589844
   vertex -48.326103210449219 49.747406005859375 -41.041652679443359
   vertex -48.2110595703125 49.392066955566406 -41.219322204589844
  endloop
 endfacet
 facet normal -0.0053584516544879458 -0.62738698613156041 0.77868919128791292
  outer loop
   vertex -47.260086059570312 49.747406005859375 -41.400527954101562
   vertex -47.615425109863281 49.747406005859375 -41.402973175048828
   vertex -47.615425109863281 49.534313201904297 -41.574661254882812
  endloop
 endfacet
 facet normal 0.44886238208271001 -0.56064162207359325 0.69584734931572856
  outer loop
   vertex -47.615425109863281 49.534313201904297 -41.574661254882812
   vertex -47.615425109863281 49.747406005859375 -41.402973175048828
   vertex -47.793094635009766 49.392066955566406 -41.574661254882812
  endloop
 endfacet
 facet normal 0.52219389688013051 -0.65223472732419951 0.54945736370847809
  outer loop
   vertex -47.615425109863281 49.534313201904297 -41.574661254882812
   vertex -47.793094635009766 49.392066955566406 -41.574661254882812
   vertex -47.615425109863281 49.392066955566406 -41.743515014648438
  endloop
 endfacet
 facet normal 0.28679826526111146 -0.84582106724940742 0.44981493665761074
  outer loop
   vertex -47.260086059570312 49.747406005859375 -41.400527954101562
   vertex -47.615425109863281 49.534313201904297 -41.574661254882812
   vertex -47.260086059570312 49.654800415039062 -41.574661254882812
  endloop
 endfacet
 facet normal 0.31544986767291039 -0.93031993584713013 0.18707270765810621
  outer loop
   vertex -47.260086059570312 49.654800415039062 -41.574661254882812
   vertex -47.615425109863281 49.534313201904297 -41.574661254882812
   vertex -47.260086059570312 49.583347320556641 -41.930000305175781
  endloop
 endfacet
 facet normal 0.47650318126329527 -0.56407928250519868 0.6743584219792762
  outer loop
   vertex -47.615425109863281 49.747406005859375 -41.402973175048828
   vertex -47.97076416015625 49.392066955566406 -41.449119567871094
   vertex -47.793094635009766 49.392066955566406 -41.574661254882812
  endloop
 endfacet
 facet normal 0.48541971148036606 -0.54076786888150719 0.68697730362194021
  outer loop
   vertex -47.793094635009766 49.392066955566406 -41.574661254882812
   vertex -47.97076416015625 49.392066955566406 -41.449119567871094
   vertex -47.97076416015625 49.232582092285156 -41.574661254882812
  endloop
 endfacet
 facet normal -0.75319978631370399 -0.19834665333628726 0.62717516453323097
  outer loop
   vertex -54.525367736816406 49.747406005859375 -41.574661254882812
   vertex -54.431793212890625 49.392066955566406 -41.574661254882812
   vertex -54.366867065429688 49.392066955566406 -41.496688842773438
  endloop
 endfacet
 facet normal -0.69160920962960692 -0.43592151790156314 0.5758898604645748
  outer loop
   vertex -54.366867065429688 49.392066955566406 -41.496688842773438
   vertex -54.431793212890625 49.392066955566406 -41.574661254882812
   vertex -54.366867065429688 49.289058685302734 -41.574661254882812
  endloop
 endfacet
 facet normal -0.62988767164733894 -0.46876286492302771 0.6192761077062876
  outer loop
   vertex -54.366867065429688 49.392066955566406 -41.496688842773438
   vertex -54.366867065429688 49.289058685302734 -41.574661254882812
   vertex -54.011528015136719 49.036727905273438 -41.40423583984375
  endloop
 endfacet
 facet normal -0.62782314007576123 -0.4600828290327974 0.62782314007576123
  outer loop
   vertex -54.011528015136719 49.036727905273438 -41.40423583984375
   vertex -54.366867065429688 49.289058685302734 -41.574661254882812
   vertex -54.181953430175781 49.036727905273438 -41.574661254882812
  endloop
 endfacet
 facet normal -0.57735026918962584 -0.57735026918962584 0.57735026918962584
  outer loop
   vertex -54.011528015136719 49.036727905273438 -41.40423583984375
   vertex -54.181953430175781 49.036727905273438 -41.574661254882812
   vertex -54.011528015136719 48.866302490234375 -41.574661254882812
  endloop
 endfacet
 facet normal -0.63513712903891206 -0.63513712903891206 0.43954710172223493
  outer loop
   vertex -54.011528015136719 48.866302490234375 -41.574661254882812
   vertex -54.181953430175781 49.036727905273438 -41.574661254882812
   vertex -54.366867065429688 49.036727905273438 -41.84185791015625
  endloop
 endfacet
 facet normal -0.63513712903891206 -0.63513712903891206 0.43954710172223493
  outer loop
   vertex -54.011528015136719 48.866302490234375 -41.574661254882812
   vertex -54.366867065429688 49.036727905273438 -41.84185791015625
   vertex -54.011528015136719 48.681388854980469 -41.84185791015625
  endloop
 endfacet
 facet normal 0.63809362593716146 -0.58885797373720994 0.49606734553331877
  outer loop
   vertex -47.615425109863281 49.392066955566406 -41.743515014648438
   vertex -47.470447540283203 49.392066955566406 -41.930000305175781
   vertex -47.615425109863281 49.534313201904297 -41.574661254882812
  endloop
 endfacet
 facet normal 0.58430844189999187 -0.64259595613694942 0.49563502890821148
  outer loop
   vertex -47.615425109863281 49.534313201904297 -41.574661254882812
   vertex -47.470447540283203 49.392066955566406 -41.930000305175781
   vertex -47.260086059570312 49.583347320556641 -41.930000305175781
  endloop
 endfacet
 facet normal 0.65162546681518274 -0.71662817078202845 0.24865300287649675
  outer loop
   vertex -47.470447540283203 49.392066955566406 -41.930000305175781
   vertex -47.334854125976562 49.392066955566406 -42.28533935546875
   vertex -47.260086059570312 49.583347320556641 -41.930000305175781
  endloop
 endfacet
 facet normal 0.78455332489256513 -0.59966638723605958 0.15772223818876499
  outer loop
   vertex -47.260086059570312 49.583347320556641 -41.930000305175781
   vertex -47.334854125976562 49.392066955566406 -42.28533935546875
   vertex -47.260086059570312 49.489887237548828 -42.28533935546875
  endloop
 endfacet
 facet normal -0.89093298982651525 -0.43338616721459861 0.13570128115027588
  outer loop
   vertex -54.722206115722656 49.680999755859375 -41.930000305175781
   vertex -54.722206115722656 49.569736480712891 -42.28533935546875
   vertex -54.581657409667969 49.392066955566406 -41.930000305175781
  endloop
 endfacet
 facet normal -0.85472627378814336 -0.51259719333226883 0.081774777799247814
  outer loop
   vertex -54.581657409667969 49.392066955566406 -41.930000305175781
   vertex -54.722206115722656 49.569736480712891 -42.28533935546875
   vertex -54.615653991699219 49.392066955566406 -42.28533935546875
  endloop
 endfacet
 facet normal -0.90415408588750068 -0.41835690022369476 0.086503716730321048
  outer loop
   vertex -54.581657409667969 49.392066955566406 -41.930000305175781
   vertex -54.615653991699219 49.392066955566406 -42.28533935546875
   vertex -54.417240142822266 49.036727905273438 -41.930000305175781
  endloop
 endfacet
 facet normal -0.91854557607039311 -0.36767461459324396 0.14522190766278775
  outer loop
   vertex -54.417240142822266 49.036727905273438 -41.930000305175781
   vertex -54.615653991699219 49.392066955566406 -42.28533935546875
   vertex -54.473419189453125 49.036727905273438 -42.28533935546875
  endloop
 endfacet
 facet normal -0.80289671346415914 -0.58244626533557275 0.12693784110774742
  outer loop
   vertex -54.417240142822266 49.036727905273438 -41.930000305175781
   vertex -54.473419189453125 49.036727905273438 -42.28533935546875
   vertex -54.366867065429688 48.889846801757812 -42.28533935546875
  endloop
 endfacet
 facet normal -0.86695769080214491 -0.47561155486905354 0.14892283650956184
  outer loop
   vertex -54.722206115722656 49.680999755859375 -41.930000305175781
   vertex -54.758636474609375 49.747406005859375 -41.930000305175781
   vertex -54.722206115722656 49.569736480712891 -42.28533935546875
  endloop
 endfacet
 facet normal 0.86975149174928446 -0.44891875439413687 0.204949492688103
  outer loop
   vertex -47.063247680664062 49.747406005859375 -42.28533935546875
   vertex -47.162921905517578 49.392066955566406 -42.640678405761719
   vertex -46.979515075683594 49.747406005859375 -42.640678405761719
  endloop
 endfacet
 facet normal 0.82430310240989368 -0.42546074998137712 0.37350708906620278
  outer loop
   vertex -46.979515075683594 49.747406005859375 -42.640678405761719
   vertex -47.162921905517578 49.392066955566406 -42.640678405761719
   vertex -47.001911163330078 49.392066955566406 -42.996017456054688
  endloop
 endfacet
 facet normal 0.82005110210947363 -0.4296871642600521 0.37800149576316838
  outer loop
   vertex -46.979515075683594 49.747406005859375 -42.640678405761719
   vertex -47.001911163330078 49.392066955566406 -42.996017456054688
   vertex -46.904747009277344 49.747406005859375 -42.802883148193359
  endloop
 endfacet
 facet normal 0.82735129590011591 -0.42551165790755885 0.3666465084480684
  outer loop
   vertex -46.904747009277344 49.747406005859375 -42.802883148193359
   vertex -47.001911163330078 49.392066955566406 -42.996017456054688
   vertex -46.904747009277344 49.580989837646484 -42.996017456054688
  endloop
 endfacet
 facet normal 0.73940693888592901 -0.56515914683009827 0.3658859350694087
  outer loop
   vertex -47.334854125976562 49.392066955566406 -42.28533935546875
   vertex -47.260086059570312 49.392066955566406 -42.436435699462891
   vertex -47.260086059570312 49.489887237548828 -42.28533935546875
  endloop
 endfacet
 facet normal 0.83533999935246539 -0.42962029527524781 0.34297738609044182
  outer loop
   vertex -47.001911163330078 49.392066955566406 -42.996017456054688
   vertex -46.904747009277344 49.392066955566406 -43.232666015625
   vertex -46.904747009277344 49.580989837646484 -42.996017456054688
  endloop
 endfacet
 facet normal -0.79970983941226215 -0.41131164118140617 -0.43736358624818339
  outer loop
   vertex -54.366867065429688 49.392066955566406 -43.173686981201172
   vertex -54.366867065429688 49.580989837646484 -43.351356506347656
   vertex -54.269699096679688 49.392066955566406 -43.351356506347656
  endloop
 endfacet
 facet normal -0.81741975874408901 -0.42042031488600579 -0.39379143825876545
  outer loop
   vertex -54.269699096679688 49.392066955566406 -43.351356506347656
   vertex -54.366867065429688 49.580989837646484 -43.351356506347656
   vertex -54.366867065429688 49.747406005859375 -43.529026031494141
  endloop
 endfacet
 facet normal -0.79972115643511721 -0.41130131399412156 -0.43735260495027095
  outer loop
   vertex -54.366867065429688 49.580989837646484 -43.351356506347656
   vertex -54.366867065429688 49.392066955566406 -43.173686981201172
   vertex -54.464031219482422 49.392066955566406 -42.996017456054688
  endloop
 endfacet
 facet normal -0.79102476237712993 -0.43259670901788244 -0.43259670901788244
  outer loop
   vertex -54.464031219482422 49.392066955566406 -42.996017456054688
   vertex -54.366867065429688 49.392066955566406 -43.173686981201172
   vertex -54.366867065429688 49.214397430419922 -42.996017456054688
  endloop
 endfacet
 facet normal -0.81773320497440982 -0.44720305880629507 -0.36238353946692042
  outer loop
   vertex -54.464031219482422 49.392066955566406 -42.996017456054688
   vertex -54.366867065429688 49.214397430419922 -42.996017456054688
   vertex -54.427173614501953 49.036727905273438 -42.640678405761719
  endloop
 endfacet
 facet normal -0.81773683916588569 -0.44719797389674304 -0.36238161379081368
  outer loop
   vertex -54.427173614501953 49.036727905273438 -42.640678405761719
   vertex -54.366867065429688 49.214397430419922 -42.996017456054688
   vertex -54.366867065429688 49.036727905273438 -42.776763916015625
  endloop
 endfacet
 facet normal -0.7693265499423031 -0.54028179236985785 -0.34092850333682428
  outer loop
   vertex -54.427173614501953 49.036727905273438 -42.640678405761719
   vertex -54.366867065429688 49.036727905273438 -42.776763916015625
   vertex -54.366867065429688 48.950855255126953 -42.640678405761719
  endloop
 endfacet
 facet normal -0.73353667991703864 -0.57478147723053852 -0.3626984872438373
  outer loop
   vertex -54.366867065429688 48.950855255126953 -42.640678405761719
   vertex -54.366867065429688 49.036727905273438 -42.776763916015625
   vertex -54.155719757080078 48.681388854980469 -42.640678405761719
  endloop
 endfacet
 facet normal -0.78690278230025978 -0.61659785533631106 -0.024312465995278022
  outer loop
   vertex -54.366867065429688 48.950855255126953 -42.640678405761719
   vertex -54.155719757080078 48.681388854980469 -42.640678405761719
   vertex -54.166698455810547 48.681388854980469 -42.28533935546875
  endloop
 endfacet
 facet normal -0.67946643435188847 -0.73340620097852682 -0.020993069222380405
  outer loop
   vertex -54.166698455810547 48.681388854980469 -42.28533935546875
   vertex -54.155719757080078 48.681388854980469 -42.640678405761719
   vertex -54.011528015136719 48.547801971435547 -42.640678405761719
  endloop
 endfacet
 facet normal -0.80758389195457625 -0.39991369210073835 -0.4334481472170057
  outer loop
   vertex -54.464031219482422 49.392066955566406 -42.996017456054688
   vertex -54.449275970458984 49.747406005859375 -43.351356506347656
   vertex -54.366867065429688 49.580989837646484 -43.351356506347656
  endloop
 endfacet
 facet normal -0.82750348176324107 -0.4097778273130383 -0.3838230320242898
  outer loop
   vertex -54.366867065429688 49.580989837646484 -43.351356506347656
   vertex -54.449275970458984 49.747406005859375 -43.351356506347656
   vertex -54.366867065429688 49.747406005859375 -43.529026031494141
  endloop
 endfacet
 facet normal 0.64881552615805915 -0.64878984676574702 -0.39763066751687964
  outer loop
   vertex -46.904747009277344 49.488449096679688 -43.706695556640625
   vertex -46.904747009277344 49.392066955566406 -43.549434661865234
   vertex -47.001125335693359 49.392066955566406 -43.706695556640625
  endloop
 endfacet
 facet normal 0.62791397722820919 -0.67648859427009844 -0.38482102206599644
  outer loop
   vertex -47.001125335693359 49.392066955566406 -43.706695556640625
   vertex -46.904747009277344 49.392066955566406 -43.549434661865234
   vertex -47.260086059570312 49.036727905273438 -43.504581451416016
  endloop
 endfacet
 facet normal 0.3590430033257227 -0.64523188036443901 -0.6743618778698981
  outer loop
   vertex -47.001125335693359 49.392066955566406 -43.706695556640625
   vertex -47.260086059570312 49.036727905273438 -43.504581451416016
   vertex -47.260086059570312 49.247966766357422 -43.706695556640625
  endloop
 endfacet
 facet normal 0.2733872053478914 -0.66499217186892001 -0.69501427849010899
  outer loop
   vertex -47.260086059570312 49.247966766357422 -43.706695556640625
   vertex -47.260086059570312 49.036727905273438 -43.504581451416016
   vertex -47.615425109863281 49.036727905273438 -43.644355773925781
  endloop
 endfacet
 facet normal 0.16145240357795237 -0.51925875749356987 -0.83922789762086447
  outer loop
   vertex -47.260086059570312 49.247966766357422 -43.706695556640625
   vertex -47.615425109863281 49.036727905273438 -43.644355773925781
   vertex -47.615425109863281 49.137481689453125 -43.706695556640625
  endloop
 endfacet
 facet normal 0.36298531327353384 -0.49027480182190092 -0.79238392275853908
  outer loop
   vertex -47.615425109863281 49.137481689453125 -43.706695556640625
   vertex -47.615425109863281 49.036727905273438 -43.644355773925781
   vertex -47.751510620117188 49.036727905273438 -43.706695556640625
  endloop
 endfacet
 facet normal 0.35541903185040818 -0.48005522271056572 -0.8020126526101865
  outer loop
   vertex -47.615425109863281 49.137481689453125 -43.706695556640625
   vertex -47.751510620117188 49.036727905273438 -43.706695556640625
   vertex -47.97076416015625 49.036727905273438 -43.803859710693359
  endloop
 endfacet
 facet normal 0.36664786590127896 -0.4255114132365857 -0.82735082016967953
  outer loop
   vertex -47.97076416015625 49.036727905273438 -43.803859710693359
   vertex -47.751510620117188 49.036727905273438 -43.706695556640625
   vertex -47.97076416015625 48.847805023193359 -43.706695556640625
  endloop
 endfacet
 facet normal 0.34297484665974026 -0.4296207193435404 -0.83534082389732778
  outer loop
   vertex -47.97076416015625 49.036727905273438 -43.803859710693359
   vertex -47.97076416015625 48.847805023193359 -43.706695556640625
   vertex -48.326103210449219 48.681388854980469 -43.767002105712891
  endloop
 endfacet
 facet normal 0.34297484060257982 -0.42962070233968086 -0.83534083512946633
  outer loop
   vertex -48.326103210449219 48.681388854980469 -43.767002105712891
   vertex -47.97076416015625 48.847805023193359 -43.706695556640625
   vertex -48.179222106933594 48.681388854980469 -43.706695556640625
  endloop
 endfacet
 facet normal 0.32287398201444067 -0.52664321797356706 -0.78638369305357858
  outer loop
   vertex -48.326103210449219 48.681388854980469 -43.767002105712891
   vertex -48.179222106933594 48.681388854980469 -43.706695556640625
   vertex -48.326103210449219 48.591339111328125 -43.706695556640625
  endloop
 endfacet
 facet normal 0.3228791312873035 -0.52665161700780871 -0.78637595390641013
  outer loop
   vertex -48.326103210449219 48.591339111328125 -43.706695556640625
   vertex -48.179222106933594 48.681388854980469 -43.706695556640625
   vertex -48.326103210449219 48.3260498046875 -43.529026031494141
  endloop
 endfacet
 facet normal 0.23393468713556911 -0.54101489899916289 -0.80782265455711821
  outer loop
   vertex -48.326103210449219 48.591339111328125 -43.706695556640625
   vertex -48.326103210449219 48.3260498046875 -43.529026031494141
   vertex -48.681442260742188 48.3260498046875 -43.631927490234375
  endloop
 endfacet
 facet normal 0.24031035905902515 -0.50360498971665213 -0.8298391082983575
  outer loop
   vertex -48.681442260742188 48.3260498046875 -43.631927490234375
   vertex -48.326103210449219 48.3260498046875 -43.529026031494141
   vertex -48.681442260742188 47.970710754394531 -43.416282653808594
  endloop
 endfacet
 facet normal 0.26178391609686263 -0.50071543823230069 -0.82507771221190174
  outer loop
   vertex -48.681442260742188 48.3260498046875 -43.631927490234375
   vertex -48.681442260742188 47.970710754394531 -43.416282653808594
   vertex -49.036781311035156 47.970710754394531 -43.529026031494141
  endloop
 endfacet
 facet normal 0.23688286299984498 -0.62167614540202376 -0.74659579389056197
  outer loop
   vertex -49.036781311035156 47.970710754394531 -43.529026031494141
   vertex -48.681442260742188 47.970710754394531 -43.416282653808594
   vertex -48.681442260742188 47.892738342285156 -43.351356506347656
  endloop
 endfacet
 facet normal 0.24398225269968452 -0.60858362358010953 -0.75504876231783258
  outer loop
   vertex -49.036781311035156 47.970710754394531 -43.529026031494141
   vertex -48.681442260742188 47.892738342285156 -43.351356506347656
   vertex -49.036781311035156 47.750282287597656 -43.351356506347656
  endloop
 endfacet
 facet normal 0.32941641328016302 -0.82168859514372283 -0.46509426923191399
  outer loop
   vertex -49.036781311035156 47.750282287597656 -43.351356506347656
   vertex -48.681442260742188 47.892738342285156 -43.351356506347656
   vertex -48.681442260742188 47.691608428955078 -42.996017456054688
  endloop
 endfacet
 facet normal 0.34378285294845723 -0.80869271847461854 -0.47731481969948364
  outer loop
   vertex -49.036781311035156 47.750282287597656 -43.351356506347656
   vertex -48.681442260742188 47.691608428955078 -42.996017456054688
   vertex -49.036781311035156 47.615371704101562 -43.122783660888672
  endloop
 endfacet
 facet normal 0.33569357299034236 -0.8328257714502959 -0.44012618583901253
  outer loop
   vertex -49.036781311035156 47.615371704101562 -43.122783660888672
   vertex -48.681442260742188 47.691608428955078 -42.996017456054688
   vertex -48.870578765869141 47.615371704101562 -42.996017456054688
  endloop
 endfacet
 facet normal 0.31137246987874534 -0.85813063066272721 -0.40823890765089993
  outer loop
   vertex -49.036781311035156 47.615371704101562 -43.122783660888672
   vertex -48.870578765869141 47.615371704101562 -42.996017456054688
   vertex -49.036781311035156 47.555065155029297 -42.996017456054688
  endloop
 endfacet
 facet normal 0.33073447132173878 -0.91149156689334154 0.24453595433361339
  outer loop
   vertex -49.036781311035156 47.555065155029297 -42.996017456054688
   vertex -48.870578765869141 47.615371704101562 -42.996017456054688
   vertex -49.036781311035156 47.615371704101562 -42.771228790283203
  endloop
 endfacet
 facet normal 0.39971878902485941 -0.88533063891984687 0.23751747196843315
  outer loop
   vertex -49.036781311035156 47.555065155029297 -42.996017456054688
   vertex -49.036781311035156 47.615371704101562 -42.771228790283203
   vertex -49.392120361328125 47.489963531494141 -42.640678405761719
  endloop
 endfacet
 facet normal 0.39397740520694641 -0.89395420658287972 0.21360636862971952
  outer loop
   vertex -49.392120361328125 47.489963531494141 -42.640678405761719
   vertex -49.036781311035156 47.615371704101562 -42.771228790283203
   vertex -49.107563018798828 47.615371704101562 -42.640678405761719
  endloop
 endfacet
 facet normal 0.39773452865629866 -0.9024793054027862 0.16534312212564625
  outer loop
   vertex -49.392120361328125 47.489963531494141 -42.640678405761719
   vertex -49.107563018798828 47.615371704101562 -42.640678405761719
   vertex -49.392120361328125 47.555065155029297 -42.28533935546875
  endloop
 endfacet
 facet normal 0.49636633483412079 -0.82927621200827362 0.25675168128086356
  outer loop
   vertex -49.392120361328125 47.555065155029297 -42.28533935546875
   vertex -49.107563018798828 47.615371704101562 -42.640678405761719
   vertex -49.291366577148438 47.615371704101562 -42.28533935546875
  endloop
 endfacet
 facet normal 0.48005033937826158 -0.80201717778851578 0.35541541637210983
  outer loop
   vertex -49.392120361328125 47.555065155029297 -42.28533935546875
   vertex -49.291366577148438 47.615371704101562 -42.28533935546875
   vertex -49.392120361328125 47.615371704101562 -42.149253845214844
  endloop
 endfacet
 facet normal 0.48005522271056572 -0.8020126526101865 0.35541903185040818
  outer loop
   vertex -49.392120361328125 47.615371704101562 -42.149253845214844
   vertex -49.291366577148438 47.615371704101562 -42.28533935546875
   vertex -49.392120361328125 47.712535858154297 -41.930000305175781
  endloop
 endfacet
 facet normal 0.33589169182071199 -0.33587839760351018 -0.879978677803683
  outer loop
   vertex -46.904747009277344 49.488449096679688 -43.706695556640625
   vertex -47.001125335693359 49.392066955566406 -43.706695556640625
   vertex -47.260086059570312 49.392066955566406 -43.8055419921875
  endloop
 endfacet
 facet normal 0.30024442693908343 -0.53956566307768838 -0.78658895194348866
  outer loop
   vertex -47.260086059570312 49.392066955566406 -43.8055419921875
   vertex -47.001125335693359 49.392066955566406 -43.706695556640625
   vertex -47.260086059570312 49.247966766357422 -43.706695556640625
  endloop
 endfacet
 facet normal 0.096319719563423348 -0.5630340193757345 -0.82080156228459289
  outer loop
   vertex -47.260086059570312 49.392066955566406 -43.8055419921875
   vertex -47.260086059570312 49.247966766357422 -43.706695556640625
   vertex -47.615425109863281 49.392066955566406 -43.847240447998047
  endloop
 endfacet
 facet normal 0.14860298747412706 -0.47793282060611592 -0.865735162218358
  outer loop
   vertex -47.615425109863281 49.392066955566406 -43.847240447998047
   vertex -47.260086059570312 49.247966766357422 -43.706695556640625
   vertex -47.615425109863281 49.137481689453125 -43.706695556640625
  endloop
 endfacet
 facet normal 0.35228910466552527 -0.45231521771327171 -0.81933102623967446
  outer loop
   vertex -47.615425109863281 49.392066955566406 -43.847240447998047
   vertex -47.615425109863281 49.137481689453125 -43.706695556640625
   vertex -47.97076416015625 49.036727905273438 -43.803859710693359
  endloop
 endfacet
 facet normal -0.77767502264149835 -0.42684418535961938 -0.46154696465714939
  outer loop
   vertex -54.011528015136719 49.396633148193359 -44.062034606933594
   vertex -54.009021759033203 49.392066955566406 -44.062034606933594
   vertex -54.011528015136719 49.392066955566406 -44.057811737060547
  endloop
 endfacet
 facet normal -0.68057790794133211 -0.61127912254083272 -0.40392022178631909
  outer loop
   vertex -54.011528015136719 49.392066955566406 -44.057811737060547
   vertex -54.009021759033203 49.392066955566406 -44.062034606933594
   vertex -53.9007568359375 49.036727905273438 -43.706695556640625
  endloop
 endfacet
 facet normal -0.72820092476693599 -0.58301851314848185 -0.36029547109936438
  outer loop
   vertex -54.011528015136719 49.392066955566406 -44.057811737060547
   vertex -53.9007568359375 49.036727905273438 -43.706695556640625
   vertex -54.011528015136719 49.175083160400391 -43.706695556640625
  endloop
 endfacet
 facet normal -0.877983582648729 -0.32501550996799028 -0.3514395351686399
  outer loop
   vertex -54.011528015136719 49.396633148193359 -44.062034606933594
   vertex -54.011528015136719 49.392066955566406 -44.057811737060547
   vertex -54.152072906494141 49.392066955566406 -43.706695556640625
  endloop
 endfacet
 facet normal -0.79561610128622673 -0.51533700215693201 -0.31846945470800009
  outer loop
   vertex -54.152072906494141 49.392066955566406 -43.706695556640625
   vertex -54.011528015136719 49.392066955566406 -44.057811737060547
   vertex -54.011528015136719 49.175083160400391 -43.706695556640625
  endloop
 endfacet
 facet normal -0.87502686627598814 -0.33400289255838211 -0.35038557484271193
  outer loop
   vertex -54.011528015136719 49.396633148193359 -44.062034606933594
   vertex -54.152072906494141 49.392066955566406 -43.706695556640625
   vertex -54.145420074462891 49.747406005859375 -44.062034606933594
  endloop
 endfacet
 facet normal -0.87980760950218218 -0.3277720179554936 -0.34424420765996816
  outer loop
   vertex -54.145420074462891 49.747406005859375 -44.062034606933594
   vertex -54.152072906494141 49.392066955566406 -43.706695556640625
   vertex -54.284454345703125 49.747406005859375 -43.706695556640625
  endloop
 endfacet
 facet normal 0.3951050441056087 -0.45419901591966494 -0.79849562181637102
  outer loop
   vertex -47.97076416015625 49.569736480712891 -44.062034606933594
   vertex -48.175006866455078 49.392066955566406 -44.062034606933594
   vertex -48.326103210449219 49.392066955566406 -44.136798858642578
  endloop
 endfacet
 facet normal 0.38223748375655969 -0.50710224055846642 -0.77249066248857456
  outer loop
   vertex -48.326103210449219 49.392066955566406 -44.136798858642578
   vertex -48.175006866455078 49.392066955566406 -44.062034606933594
   vertex -48.326103210449219 49.278175354003906 -44.062034606933594
  endloop
 endfacet
 facet normal 0.39075777194496925 -0.4416681255473846 -0.80761230212278423
  outer loop
   vertex -47.97076416015625 49.569736480712891 -44.062034606933594
   vertex -48.326103210449219 49.392066955566406 -44.136798858642578
   vertex -47.97076416015625 49.747406005859375 -44.159198760986328
  endloop
 endfacet
 facet normal -0.65484366117285331 -0.41754133020759987 -0.62995159892661701
  outer loop
   vertex -53.65618896484375 49.392066955566406 -44.374923706054688
   vertex -53.65618896484375 49.456111907958984 -44.417373657226562
   vertex -53.615352630615234 49.392066955566406 -44.417373657226562
  endloop
 endfacet
 facet normal -0.6753651987804431 -0.43062627035229278 -0.59870098008832984
  outer loop
   vertex -53.615352630615234 49.392066955566406 -44.417373657226562
   vertex -53.65618896484375 49.456111907958984 -44.417373657226562
   vertex -53.65618896484375 49.747406005859375 -44.62689208984375
  endloop
 endfacet
 facet normal -0.68538546695134284 -0.42668904662064611 -0.59007052051924591
  outer loop
   vertex -53.615352630615234 49.392066955566406 -44.417373657226562
   vertex -53.65618896484375 49.747406005859375 -44.62689208984375
   vertex -53.530647277832031 49.747406005859375 -44.772712707519531
  endloop
 endfacet
 facet normal -0.78040193596808027 -0.29788400107167412 -0.54976171223795056
  outer loop
   vertex -54.145420074462891 49.747406005859375 -44.062034606933594
   vertex -54.011528015136719 49.747406005859375 -44.252098083496094
   vertex -54.011528015136719 49.396633148193359 -44.062034606933594
  endloop
 endfacet
 facet normal -0.76503410933676697 -0.35496268604975922 -0.53733072037958107
  outer loop
   vertex -53.615352630615234 49.392066955566406 -44.417373657226562
   vertex -53.530647277832031 49.747406005859375 -44.772712707519531
   vertex -53.365776062011719 49.392066955566406 -44.772712707519531
  endloop
 endfacet
 facet normal -0.69662686799318008 -0.32322290106994356 -0.64049821468442991
  outer loop
   vertex -53.365776062011719 49.392066955566406 -44.772712707519531
   vertex -53.530647277832031 49.747406005859375 -44.772712707519531
   vertex -53.300849914550781 49.747406005859375 -45.022647857666016
  endloop
 endfacet
 facet normal -0.73407658914288465 -0.29580904708583206 -0.61125164125302822
  outer loop
   vertex -53.365776062011719 49.392066955566406 -44.772712707519531
   vertex -53.300849914550781 49.747406005859375 -45.022647857666016
   vertex -53.300849914550781 49.392066955566406 -44.850685119628906
  endloop
 endfacet
 facet normal -0.6690201358924095 -0.32376552555978455 -0.6690201358924095
  outer loop
   vertex -53.300849914550781 49.392066955566406 -44.850685119628906
   vertex -53.300849914550781 49.747406005859375 -45.022647857666016
   vertex -53.023483276367188 49.392066955566406 -45.1280517578125
  endloop
 endfacet
 facet normal -0.62342180112213064 -0.47190095970582346 -0.62342180112213064
  outer loop
   vertex -53.300849914550781 49.392066955566406 -44.850685119628906
   vertex -53.023483276367188 49.392066955566406 -45.1280517578125
   vertex -53.300849914550781 49.289058685302734 -44.772712707519531
  endloop
 endfacet
 facet normal -0.64614325646009163 -0.44565192818302074 -0.61959119670788088
  outer loop
   vertex -53.857097625732422 49.747406005859375 -44.417373657226562
   vertex -53.65618896484375 49.747406005859375 -44.62689208984375
   vertex -53.65618896484375 49.456111907958984 -44.417373657226562
  endloop
 endfacet
 facet normal 0.28807091040864502 -0.44355886527719884 0.84868762428253786
  outer loop
   vertex -50.102798461914062 49.392066955566406 -40.383235931396484
   vertex -50.458137512207031 49.036727905273438 -40.448337554931641
   vertex -50.280467987060547 49.036727905273438 -40.508644104003906
  endloop
 endfacet
 facet normal 0.28329739110232705 -0.47238207040637553 0.83462432731930425
  outer loop
   vertex -50.280467987060547 49.036727905273438 -40.508644104003906
   vertex -50.458137512207031 49.036727905273438 -40.448337554931641
   vertex -50.458137512207031 48.93017578125 -40.508644104003906
  endloop
 endfacet
 facet normal -0.35506510309934741 -0.35506510309934741 0.86478757225234193
  outer loop
   vertex -51.524154663085938 49.036727905273438 -40.448337554931641
   vertex -51.879493713378906 49.245185852050781 -40.508644104003906
   vertex -51.671035766601562 49.036727905273438 -40.508644104003906
  endloop
 endfacet
 facet normal -0.34507259639949472 -0.34507259639949472 0.87284008067241203
  outer loop
   vertex -51.671035766601562 49.036727905273438 -40.508644104003906
   vertex -51.879493713378906 49.245185852050781 -40.508644104003906
   vertex -51.879493713378906 49.036727905273438 -40.591056823730469
  endloop
 endfacet
 facet normal 0.67949744427439329 -0.038375890446986548 0.73267353866300411
  outer loop
   vertex -48.594928741455078 49.036727905273438 -40.863983154296875
   vertex -48.681442260742188 49.392066955566406 -40.76513671875
   vertex -48.681442260742188 49.036727905273438 -40.783748626708984
  endloop
 endfacet
 facet normal 0.26410500187514496 -0.050448997891662059 0.96317363263134259
  outer loop
   vertex -48.681442260742188 49.036727905273438 -40.783748626708984
   vertex -48.681442260742188 49.392066955566406 -40.76513671875
   vertex -49.036781311035156 49.036727905273438 -40.686313629150391
  endloop
 endfacet
 facet normal 0.26402866233078603 -0.055871698375142845 0.96289522731629162
  outer loop
   vertex -48.681442260742188 49.036727905273438 -40.783748626708984
   vertex -49.036781311035156 49.036727905273438 -40.686313629150391
   vertex -49.036781311035156 48.681388854980469 -40.706932067871094
  endloop
 endfacet
 facet normal 0.057830311195320887 -0.057830311195320887 0.99665004400446633
  outer loop
   vertex -49.036781311035156 48.681388854980469 -40.706932067871094
   vertex -49.036781311035156 49.036727905273438 -40.686313629150391
   vertex -49.392120361328125 48.681388854980469 -40.686313629150391
  endloop
 endfacet
 facet normal 0.056557041670053619 -0.2162142741958035 0.97470646282432838
  outer loop
   vertex -49.036781311035156 48.681388854980469 -40.706932067871094
   vertex -49.392120361328125 48.681388854980469 -40.686313629150391
   vertex -49.392120361328125 48.3260498046875 -40.76513671875
  endloop
 endfacet
 facet normal 0.02116609559577173 -0.21651239272051051 0.97605039838917651
  outer loop
   vertex -49.392120361328125 48.3260498046875 -40.76513671875
   vertex -49.392120361328125 48.681388854980469 -40.686313629150391
   vertex -49.747459411621094 48.3260498046875 -40.757431030273438
  endloop
 endfacet
 facet normal 0.017550469180510991 -0.58710584697803769 0.80931990305178148
  outer loop
   vertex -49.392120361328125 48.3260498046875 -40.76513671875
   vertex -49.747459411621094 48.3260498046875 -40.757431030273438
   vertex -49.747459411621094 48.179168701171875 -40.863983154296875
  endloop
 endfacet
 facet normal 0 -0.58719628774035704 0.80944457479431142
  outer loop
   vertex -49.747459411621094 48.179168701171875 -40.863983154296875
   vertex -49.747459411621094 48.3260498046875 -40.757431030273438
   vertex -50.102798461914062 48.179168701171875 -40.863983154296875
  endloop
 endfacet
 facet normal 0 -0.69262002150996083 0.72130264508286768
  outer loop
   vertex -49.747459411621094 48.179168701171875 -40.863983154296875
   vertex -50.102798461914062 48.179168701171875 -40.863983154296875
   vertex -49.747459411621094 47.970710754394531 -41.064151763916016
  endloop
 endfacet
 facet normal 0.03372264297635974 -0.66172253676162895 0.74899003177108003
  outer loop
   vertex -49.747459411621094 47.970710754394531 -41.064151763916016
   vertex -50.102798461914062 48.179168701171875 -40.863983154296875
   vertex -50.102798461914062 47.970710754394531 -41.048152923583984
  endloop
 endfacet
 facet normal 0.030576569868659247 -0.73339495354724915 0.67911480287687376
  outer loop
   vertex -49.747459411621094 47.970710754394531 -41.064151763916016
   vertex -50.102798461914062 47.970710754394531 -41.048152923583984
   vertex -50.102798461914062 47.812210083007812 -41.219322204589844
  endloop
 endfacet
 facet normal 0.039550711021697493 -0.73316392670072061 0.67890087482817285
  outer loop
   vertex -50.102798461914062 47.812210083007812 -41.219322204589844
   vertex -50.102798461914062 47.970710754394531 -41.048152923583984
   vertex -50.458137512207031 47.793041229248047 -41.219322204589844
  endloop
 endfacet
 facet normal 0.043519756233006239 -0.80673936181184702 0.58930266665002773
  outer loop
   vertex -50.102798461914062 47.812210083007812 -41.219322204589844
   vertex -50.458137512207031 47.793041229248047 -41.219322204589844
   vertex -50.102798461914062 47.615371704101562 -41.488788604736328
  endloop
 endfacet
 facet normal 0.12838695098561481 -0.7416986104886234 0.6583311947765067
  outer loop
   vertex -50.102798461914062 47.615371704101562 -41.488788604736328
   vertex -50.458137512207031 47.793041229248047 -41.219322204589844
   vertex -50.458137512207031 47.615371704101562 -41.419490814208984
  endloop
 endfacet
 facet normal 0.11940114954696417 -0.78159303293979765 0.61225460091928396
  outer loop
   vertex -50.102798461914062 47.615371704101562 -41.488788604736328
   vertex -50.458137512207031 47.615371704101562 -41.419490814208984
   vertex -50.458137512207031 47.493820190429688 -41.574661254882812
  endloop
 endfacet
 facet normal 0.081584971562765021 -0.78460046469869515 0.61461044834081235
  outer loop
   vertex -50.458137512207031 47.493820190429688 -41.574661254882812
   vertex -50.458137512207031 47.615371704101562 -41.419490814208984
   vertex -50.8134765625 47.456871032714844 -41.574661254882812
  endloop
 endfacet
 facet normal 0.095229340033244805 -0.91581798720800667 0.39013944571538511
  outer loop
   vertex -50.458137512207031 47.493820190429688 -41.574661254882812
   vertex -50.8134765625 47.456871032714844 -41.574661254882812
   vertex -50.458137512207031 47.342445373535156 -41.930000305175781
  endloop
 endfacet
 facet normal 0.30584380032323127 -0.77361323423733086 0.55496138029298947
  outer loop
   vertex -50.458137512207031 47.342445373535156 -41.930000305175781
   vertex -50.8134765625 47.456871032714844 -41.574661254882812
   vertex -50.666595458984375 47.260032653808594 -41.930000305175781
  endloop
 endfacet
 facet normal 0.34507259639949478 -0.87284008067241214 0.34507259639949478
  outer loop
   vertex -50.458137512207031 47.342445373535156 -41.930000305175781
   vertex -50.666595458984375 47.260032653808594 -41.930000305175781
   vertex -50.458137512207031 47.260032653808594 -42.138458251953125
  endloop
 endfacet
 facet normal 0.35506510309934741 -0.86478757225234193 0.35506510309934741
  outer loop
   vertex -50.458137512207031 47.260032653808594 -42.138458251953125
   vertex -50.666595458984375 47.260032653808594 -41.930000305175781
   vertex -50.8134765625 47.199726104736328 -41.930000305175781
  endloop
 endfacet
 facet normal 0.35506510309934747 -0.86478757225234193 0.35506510309934747
  outer loop
   vertex -50.458137512207031 47.260032653808594 -42.138458251953125
   vertex -50.8134765625 47.199726104736328 -41.930000305175781
   vertex -50.458137512207031 47.199726104736328 -42.28533935546875
  endloop
 endfacet
 facet normal 0.26618599207190691 -0.92643943960163389 0.26618599207190691
  outer loop
   vertex -50.458137512207031 47.199726104736328 -42.28533935546875
   vertex -50.8134765625 47.199726104736328 -41.930000305175781
   vertex -50.8134765625 47.097629547119141 -42.28533935546875
  endloop
 endfacet
 facet normal 0.27591385730746221 -0.96029651054364462 0.041257183415949174
  outer loop
   vertex -50.458137512207031 47.199726104736328 -42.28533935546875
   vertex -50.8134765625 47.097629547119141 -42.28533935546875
   vertex -50.8134765625 47.082363128662109 -42.640678405761719
  endloop
 endfacet
 facet normal 0 -0.99907836758367441 0.042923366903594898
  outer loop
   vertex -50.8134765625 47.082363128662109 -42.640678405761719
   vertex -50.8134765625 47.097629547119141 -42.28533935546875
   vertex -51.168815612792969 47.082363128662109 -42.640678405761719
  endloop
 endfacet
 facet normal 0 -1 0
  outer loop
   vertex -50.8134765625 47.082363128662109 -42.640678405761719
   vertex -51.168815612792969 47.082363128662109 -42.640678405761719
   vertex -51.168815612792969 47.082363128662109 -42.996017456054688
  endloop
 endfacet
 facet normal 0 -1 -0
  outer loop
   vertex -51.168815612792969 47.082363128662109 -42.996017456054688
   vertex -51.168815612792969 47.082363128662109 -42.640678405761719
   vertex -51.524154663085938 47.082363128662109 -42.996017456054688
  endloop
 endfacet
 facet normal 0 -1 0
  outer loop
   vertex -51.168815612792969 47.082363128662109 -42.996017456054688
   vertex -51.524154663085938 47.082363128662109 -42.996017456054688
   vertex -51.524154663085938 47.082363128662109 -43.351356506347656
  endloop
 endfacet
 facet normal 0 -1 -0
  outer loop
   vertex -51.524154663085938 47.082363128662109 -43.351356506347656
   vertex -51.524154663085938 47.082363128662109 -42.996017456054688
   vertex -51.879493713378906 47.082363128662109 -43.351356506347656
  endloop
 endfacet
 facet normal 0 -0.98935688691580492 -0.14550927912771366
  outer loop
   vertex -51.524154663085938 47.082363128662109 -43.351356506347656
   vertex -51.879493713378906 47.082363128662109 -43.351356506347656
   vertex -51.879493713378906 47.134624481201172 -43.706695556640625
  endloop
 endfacet
 facet normal 0.61581874161420391 -0.068411082535950421 0.78491222519652337
  outer loop
   vertex -48.555454254150391 49.392066955566406 -40.863983154296875
   vertex -48.681442260742188 49.392066955566406 -40.76513671875
   vertex -48.594928741455078 49.036727905273438 -40.863983154296875
  endloop
 endfacet
 facet normal 0.37401218772797057 -0.37401218772797057 0.84866351804580042
  outer loop
   vertex -49.392120361328125 49.392066955566406 -40.634052276611328
   vertex -49.747459411621094 49.3212890625 -40.508644104003906
   vertex -49.747459411621094 49.036727905273438 -40.634052276611328
  endloop
 endfacet
 facet normal 0.19802498288415166 -0.3952945987411865 0.89695500799079986
  outer loop
   vertex -49.747459411621094 49.036727905273438 -40.634052276611328
   vertex -49.747459411621094 49.3212890625 -40.508644104003906
   vertex -50.102798461914062 49.143280029296875 -40.508644104003906
  endloop
 endfacet
 facet normal 0.15745462068137947 -0.48641716706327748 0.85942212096979365
  outer loop
   vertex -49.747459411621094 49.036727905273438 -40.634052276611328
   vertex -50.102798461914062 49.143280029296875 -40.508644104003906
   vertex -50.102798461914062 49.036727905273438 -40.568950653076172
  endloop
 endfacet
 facet normal -0.36664389681280635 -0.42550680693009307 0.82735494812448951
  outer loop
   vertex -52.945510864257812 49.036727905273438 -40.803676605224609
   vertex -53.300849914550781 49.225650787353516 -40.863983154296875
   vertex -53.081596374511719 49.036727905273438 -40.863983154296875
  endloop
 endfacet
 facet normal -0.36664786590127896 -0.4255114132365857 0.82735082016967953
  outer loop
   vertex -53.081596374511719 49.036727905273438 -40.863983154296875
   vertex -53.300849914550781 49.225650787353516 -40.863983154296875
   vertex -53.300849914550781 49.036727905273438 -40.961147308349609
  endloop
 endfacet
 facet normal -0.36175397747596183 -0.41372805966105947 0.83544189051628026
  outer loop
   vertex -52.945510864257812 49.036727905273438 -40.803676605224609
   vertex -53.300849914550781 49.392066955566406 -40.781570434570312
   vertex -53.300849914550781 49.225650787353516 -40.863983154296875
  endloop
 endfacet
 facet normal -0.40563427103870303 -0.40563427103870303 0.81909808711643306
  outer loop
   vertex -53.300849914550781 49.225650787353516 -40.863983154296875
   vertex -53.300849914550781 49.392066955566406 -40.781570434570312
   vertex -53.467266082763672 49.392066955566406 -40.863983154296875
  endloop
 endfacet
 facet normal -0.41592475366464537 -0.41592475366464537 0.80871082506542979
  outer loop
   vertex -53.300849914550781 49.225650787353516 -40.863983154296875
   vertex -53.467266082763672 49.392066955566406 -40.863983154296875
   vertex -53.300849914550781 49.036727905273438 -40.961147308349609
  endloop
 endfacet
 facet normal 0.66873571460650361 -0.38143724927851524 0.63819916082095296
  outer loop
   vertex -48.2110595703125 49.392066955566406 -41.219322204589844
   vertex -48.326103210449219 49.392066955566406 -41.098773956298828
   vertex -48.326103210449219 49.190372467041016 -41.219322204589844
  endloop
 endfacet
 facet normal 0.73103271705812323 -0.35006152429178 0.58570307818990808
  outer loop
   vertex -48.326103210449219 49.190372467041016 -41.219322204589844
   vertex -48.326103210449219 49.392066955566406 -41.098773956298828
   vertex -48.399677276611328 49.036727905273438 -41.219322204589844
  endloop
 endfacet
 facet normal 0.78710805079831858 -0.37691369704166572 0.48825913340239196
  outer loop
   vertex -48.326103210449219 49.190372467041016 -41.219322204589844
   vertex -48.399677276611328 49.036727905273438 -41.219322204589844
   vertex -48.326103210449219 49.036727905273438 -41.337928771972656
  endloop
 endfacet
 facet normal 0.74056567657647032 -0.49043367361747775 0.4593879520175731
  outer loop
   vertex -48.326103210449219 49.036727905273438 -41.337928771972656
   vertex -48.399677276611328 49.036727905273438 -41.219322204589844
   vertex -48.414573669433594 48.681388854980469 -41.574661254882812
  endloop
 endfacet
 facet normal 0.72996522293177923 -0.49543043663439246 0.47084971675303477
  outer loop
   vertex -48.326103210449219 49.036727905273438 -41.337928771972656
   vertex -48.414573669433594 48.681388854980469 -41.574661254882812
   vertex -48.326103210449219 48.811740875244141 -41.574661254882812
  endloop
 endfacet
 facet normal 0.72144764090577174 -0.4896495182431494 0.4896495182431494
  outer loop
   vertex -48.326103210449219 48.811740875244141 -41.574661254882812
   vertex -48.414573669433594 48.681388854980469 -41.574661254882812
   vertex -48.326103210449219 48.681388854980469 -41.705013275146484
  endloop
 endfacet
 facet normal 0.65219037944158875 -0.53602598302873183 0.53602598302873183
  outer loop
   vertex -48.326103210449219 48.811740875244141 -41.574661254882812
   vertex -48.326103210449219 48.681388854980469 -41.705013275146484
   vertex -48.141189575195312 49.036727905273438 -41.574661254882812
  endloop
 endfacet
 facet normal 0.65219037944158875 -0.53602598302873183 0.53602598302873183
  outer loop
   vertex -48.141189575195312 49.036727905273438 -41.574661254882812
   vertex -48.326103210449219 48.681388854980469 -41.705013275146484
   vertex -48.141189575195312 48.681388854980469 -41.930000305175781
  endloop
 endfacet
 facet normal 0.59336648078709997 -0.56917318079751966 0.56917318079751966
  outer loop
   vertex -48.141189575195312 49.036727905273438 -41.574661254882812
   vertex -48.141189575195312 48.681388854980469 -41.930000305175781
   vertex -47.97076416015625 49.036727905273438 -41.752330780029297
  endloop
 endfacet
 facet normal 0.59336648078709997 -0.56917318079751966 0.56917318079751966
  outer loop
   vertex -47.97076416015625 49.036727905273438 -41.752330780029297
   vertex -48.141189575195312 48.681388854980469 -41.930000305175781
   vertex -47.97076416015625 48.859058380126953 -41.930000305175781
  endloop
 endfacet
 facet normal 0.59336648078709997 -0.56917318079751966 0.56917318079751966
  outer loop
   vertex -47.97076416015625 49.036727905273438 -41.752330780029297
   vertex -47.97076416015625 48.859058380126953 -41.930000305175781
   vertex -47.800338745117188 49.036727905273438 -41.930000305175781
  endloop
 endfacet
 facet normal 0.62866222858714704 -0.60302981694813484 0.49105889893101462
  outer loop
   vertex -47.800338745117188 49.036727905273438 -41.930000305175781
   vertex -47.97076416015625 48.859058380126953 -41.930000305175781
   vertex -47.97076416015625 48.681388854980469 -42.148181915283203
  endloop
 endfacet
 facet normal 0.64323978658222469 -0.60031546827939541 0.47525142346146015
  outer loop
   vertex -47.800338745117188 49.036727905273438 -41.930000305175781
   vertex -47.97076416015625 48.681388854980469 -42.148181915283203
   vertex -47.869426727294922 48.681388854980469 -42.28533935546875
  endloop
 endfacet
 facet normal 0.62673019696644583 -0.62673019696644583 0.46305347468818336
  outer loop
   vertex -47.869426727294922 48.681388854980469 -42.28533935546875
   vertex -47.97076416015625 48.681388854980469 -42.148181915283203
   vertex -47.97076416015625 48.580051422119141 -42.28533935546875
  endloop
 endfacet
 facet normal 0.66603507933300854 -0.66603507933300854 0.33584899314386202
  outer loop
   vertex -47.869426727294922 48.681388854980469 -42.28533935546875
   vertex -47.97076416015625 48.580051422119141 -42.28533935546875
   vertex -47.69024658203125 48.681388854980469 -42.640678405761719
  endloop
 endfacet
 facet normal 0.68817571007337131 -0.62743399685023171 0.36433606966858861
  outer loop
   vertex -47.69024658203125 48.681388854980469 -42.640678405761719
   vertex -47.97076416015625 48.580051422119141 -42.28533935546875
   vertex -47.97076416015625 48.373714447021484 -42.640678405761719
  endloop
 endfacet
 facet normal 0.61128988537030449 -0.55733448652396889 0.56187449325896965
  outer loop
   vertex -47.69024658203125 48.681388854980469 -42.640678405761719
   vertex -47.97076416015625 48.373714447021484 -42.640678405761719
   vertex -47.615425109863281 48.681388854980469 -42.722080230712891
  endloop
 endfacet
 facet normal 0.61911155552610098 -0.57292789843909231 0.53707960769723595
  outer loop
   vertex -47.615425109863281 48.681388854980469 -42.722080230712891
   vertex -47.97076416015625 48.373714447021484 -42.640678405761719
   vertex -47.97076416015625 48.3260498046875 -42.691524505615234
  endloop
 endfacet
 facet normal 0.53753578618284237 -0.47778803907853828 0.69481930621297405
  outer loop
   vertex -47.615425109863281 48.681388854980469 -42.722080230712891
   vertex -47.97076416015625 48.3260498046875 -42.691524505615234
   vertex -47.615425109863281 48.3260498046875 -42.966426849365234
  endloop
 endfacet
 facet normal 0.4449941194113422 -0.68638572430777856 0.57519985322999734
  outer loop
   vertex -47.615425109863281 48.3260498046875 -42.966426849365234
   vertex -47.97076416015625 48.3260498046875 -42.691524505615234
   vertex -47.97076416015625 48.070880889892578 -42.996017456054688
  endloop
 endfacet
 facet normal 0.39470681693965604 -0.62748643202254428 0.67116861241343939
  outer loop
   vertex -47.615425109863281 48.3260498046875 -42.966426849365234
   vertex -47.97076416015625 48.070880889892578 -42.996017456054688
   vertex -47.615425109863281 48.294399261474609 -42.996017456054688
  endloop
 endfacet
 facet normal 0.51179091129515142 -0.81362124768992317 -0.27584511672888312
  outer loop
   vertex -47.615425109863281 48.294399261474609 -42.996017456054688
   vertex -47.97076416015625 48.070880889892578 -42.996017456054688
   vertex -47.97076416015625 48.191352844238281 -43.351356506347656
  endloop
 endfacet
 facet normal 0.23186969738088128 -0.97146864170508218 0.049850994174452955
  outer loop
   vertex -47.615425109863281 48.294399261474609 -42.996017456054688
   vertex -47.97076416015625 48.191352844238281 -43.351356506347656
   vertex -47.615425109863281 48.276165008544922 -43.351356506347656
  endloop
 endfacet
 facet normal 0.15241735668974743 -0.63858574081995112 -0.75430577420641864
  outer loop
   vertex -47.615425109863281 48.276165008544922 -43.351356506347656
   vertex -47.97076416015625 48.191352844238281 -43.351356506347656
   vertex -47.97076416015625 48.3260498046875 -43.465389251708984
  endloop
 endfacet
 facet normal 0.13374987814855813 -0.68479938077820413 -0.71635241200196587
  outer loop
   vertex -47.615425109863281 48.276165008544922 -43.351356506347656
   vertex -47.97076416015625 48.3260498046875 -43.465389251708984
   vertex -47.615425109863281 48.3260498046875 -43.399044036865234
  endloop
 endfacet
 facet normal 0.17271143467105329 -0.33837220704815263 -0.92502703194621749
  outer loop
   vertex -47.615425109863281 48.3260498046875 -43.399044036865234
   vertex -47.97076416015625 48.3260498046875 -43.465389251708984
   vertex -47.615425109863281 48.681388854980469 -43.529026031494141
  endloop
 endfacet
 facet normal 0.44841835031308747 -0.30705947797732447 -0.83942567275892987
  outer loop
   vertex -47.615425109863281 48.3260498046875 -43.399044036865234
   vertex -47.615425109863281 48.681388854980469 -43.529026031494141
   vertex -47.282833099365234 48.681388854980469 -43.351356506347656
  endloop
 endfacet
 facet normal 0.45252701300775405 -0.27858957036601667 -0.8471169658208707
  outer loop
   vertex -47.282833099365234 48.681388854980469 -43.351356506347656
   vertex -47.615425109863281 48.681388854980469 -43.529026031494141
   vertex -47.260086059570312 48.718338012695312 -43.351356506347656
  endloop
 endfacet
 facet normal 0.8309344141314885 -0.51154882422734527 0.21878254007936884
  outer loop
   vertex -47.282833099365234 48.681388854980469 -43.351356506347656
   vertex -47.260086059570312 48.718338012695312 -43.351356506347656
   vertex -47.260086059570312 48.870311737060547 -42.996017456054688
  endloop
 endfacet
 facet normal 0.90844748003782749 -0.38432474504140335 0.16437051548797069
  outer loop
   vertex -47.260086059570312 48.870311737060547 -42.996017456054688
   vertex -47.260086059570312 48.718338012695312 -43.351356506347656
   vertex -47.125389099121094 49.036727905273438 -43.351356506347656
  endloop
 endfacet
 facet normal 0.87720411072610982 -0.46636091553170578 0.11410716274469428
  outer loop
   vertex -47.260086059570312 48.870311737060547 -42.996017456054688
   vertex -47.125389099121094 49.036727905273438 -43.351356506347656
   vertex -47.171611785888672 49.036727905273438 -42.996017456054688
  endloop
 endfacet
 facet normal -0.50216257567785527 -0.447753468992999 0.7398307769979009
  outer loop
   vertex -53.786537170410156 49.036727905273438 -41.219322204589844
   vertex -53.65618896484375 49.036727905273438 -41.130847930908203
   vertex -54.011528015136719 49.289058685302734 -41.219322204589844
  endloop
 endfacet
 facet normal -0.50768990842497386 -0.45938988846677359 0.72884284126135646
  outer loop
   vertex -54.011528015136719 49.289058685302734 -41.219322204589844
   vertex -53.65618896484375 49.036727905273438 -41.130847930908203
   vertex -54.011528015136719 49.392066955566406 -41.154396057128906
  endloop
 endfacet
 facet normal -0.5758898604645748 -0.43592151790156314 0.69160920962960692
  outer loop
   vertex -54.011528015136719 49.289058685302734 -41.219322204589844
   vertex -54.011528015136719 49.392066955566406 -41.154396057128906
   vertex -54.089500427246094 49.392066955566406 -41.219322204589844
  endloop
 endfacet
 facet normal -0.44055866778110186 -0.38687484740934674 0.81008389237469425
  outer loop
   vertex -54.011528015136719 49.392066955566406 -41.154396057128906
   vertex -53.65618896484375 49.036727905273438 -41.130847930908203
   vertex -53.65618896484375 49.392066955566406 -40.961147308349609
  endloop
 endfacet
 facet normal 0.71579462044293907 -0.41836685444742977 0.55911290133989222
  outer loop
   vertex -48.141189575195312 49.036727905273438 -41.574661254882812
   vertex -48.2110595703125 49.392066955566406 -41.219322204589844
   vertex -48.326103210449219 49.036727905273438 -41.337928771972656
  endloop
 endfacet
 facet normal 0.73102007026250204 -0.41696335140764734 0.54014000079267377
  outer loop
   vertex -48.326103210449219 49.036727905273438 -41.337928771972656
   vertex -48.2110595703125 49.392066955566406 -41.219322204589844
   vertex -48.326103210449219 49.190372467041016 -41.219322204589844
  endloop
 endfacet
 facet normal -0.70430171319860368 -0.51612803673014829 0.48741250136470099
  outer loop
   vertex -54.181953430175781 49.036727905273438 -41.574661254882812
   vertex -54.366867065429688 49.289058685302734 -41.574661254882812
   vertex -54.366867065429688 49.036727905273438 -41.84185791015625
  endloop
 endfacet
 facet normal -0.75558783547662989 -0.47624726733371259 0.44975055668327174
  outer loop
   vertex -54.366867065429688 49.036727905273438 -41.84185791015625
   vertex -54.366867065429688 49.289058685302734 -41.574661254882812
   vertex -54.431793212890625 49.392066955566406 -41.574661254882812
  endloop
 endfacet
 facet normal 0.69549890596059616 -0.56930678362360343 0.43837319480981179
  outer loop
   vertex -47.550498962402344 49.036727905273438 -42.28533935546875
   vertex -47.615425109863281 49.231025695800781 -41.930000305175781
   vertex -47.615425109863281 49.036727905273438 -42.182331085205078
  endloop
 endfacet
 facet normal 0.63982189118287569 -0.60891990327087442 0.46887578201881741
  outer loop
   vertex -47.615425109863281 49.036727905273438 -42.182331085205078
   vertex -47.615425109863281 49.231025695800781 -41.930000305175781
   vertex -47.800338745117188 49.036727905273438 -41.930000305175781
  endloop
 endfacet
 facet normal 0.6459249626591822 -0.59893436835054925 0.47334824920164481
  outer loop
   vertex -47.615425109863281 49.036727905273438 -42.182331085205078
   vertex -47.800338745117188 49.036727905273438 -41.930000305175781
   vertex -47.869426727294922 48.681388854980469 -42.28533935546875
  endloop
 endfacet
 facet normal 0.75072009461041045 -0.47959410790731227 0.45432238686721771
  outer loop
   vertex -47.171611785888672 49.036727905273438 -42.996017456054688
   vertex -47.260086059570312 49.234851837158203 -42.640678405761719
   vertex -47.260086059570312 49.036727905273438 -42.849822998046875
  endloop
 endfacet
 facet normal 0.73240368122087096 -0.49429527762777919 0.46824889348400334
  outer loop
   vertex -47.260086059570312 49.036727905273438 -42.849822998046875
   vertex -47.260086059570312 49.234851837158203 -42.640678405761719
   vertex -47.393798828125 49.036727905273438 -42.640678405761719
  endloop
 endfacet
 facet normal 0.7552665862827399 -0.44318498600576639 0.48286587353413707
  outer loop
   vertex -47.260086059570312 49.036727905273438 -42.849822998046875
   vertex -47.393798828125 49.036727905273438 -42.640678405761719
   vertex -47.375129699707031 48.681388854980469 -42.996017456054688
  endloop
 endfacet
 facet normal 0.63893956637509208 -0.52690317522447039 0.5604723672571027
  outer loop
   vertex -47.375129699707031 48.681388854980469 -42.996017456054688
   vertex -47.393798828125 49.036727905273438 -42.640678405761719
   vertex -47.615425109863281 48.681388854980469 -42.722080230712891
  endloop
 endfacet
 facet normal 0.68867156100857241 -0.40099685236225402 0.60409685105418387
  outer loop
   vertex -47.375129699707031 48.681388854980469 -42.996017456054688
   vertex -47.615425109863281 48.681388854980469 -42.722080230712891
   vertex -47.582035064697266 48.3260498046875 -42.996017456054688
  endloop
 endfacet
 facet normal 0.58973035625770065 -0.45759367915622673 0.66545182523187496
  outer loop
   vertex -47.582035064697266 48.3260498046875 -42.996017456054688
   vertex -47.615425109863281 48.681388854980469 -42.722080230712891
   vertex -47.615425109863281 48.3260498046875 -42.966426849365234
  endloop
 endfacet
 facet normal 0.5434279655077715 -0.57329456214168051 0.61320420034672218
  outer loop
   vertex -47.582035064697266 48.3260498046875 -42.996017456054688
   vertex -47.615425109863281 48.3260498046875 -42.966426849365234
   vertex -47.615425109863281 48.294399261474609 -42.996017456054688
  endloop
 endfacet
 facet normal -0.81772191793597893 -0.44721444323489545 -0.36239495952511058
  outer loop
   vertex -54.366867065429688 49.036727905273438 -42.776763916015625
   vertex -54.366867065429688 49.214397430419922 -42.996017456054688
   vertex -54.269699096679688 49.036727905273438 -42.996017456054688
  endloop
 endfacet
 facet normal -0.79101313880931323 -0.43260733594741446 -0.43260733594741446
  outer loop
   vertex -54.269699096679688 49.036727905273438 -42.996017456054688
   vertex -54.366867065429688 49.214397430419922 -42.996017456054688
   vertex -54.366867065429688 49.392066955566406 -43.173686981201172
  endloop
 endfacet
 facet normal -0.79101313880931323 -0.43260733594741446 -0.43260733594741446
  outer loop
   vertex -54.269699096679688 49.036727905273438 -42.996017456054688
   vertex -54.366867065429688 49.392066955566406 -43.173686981201172
   vertex -54.269699096679688 49.392066955566406 -43.351356506347656
  endloop
 endfacet
 facet normal -0.82869825397684838 -0.39576457892017258 -0.39576457892017258
  outer loop
   vertex -54.269699096679688 49.392066955566406 -43.351356506347656
   vertex -54.099998474121094 49.036727905273438 -43.351356506347656
   vertex -54.269699096679688 49.036727905273438 -42.996017456054688
  endloop
 endfacet
 facet normal -0.7900354317853584 -0.48320653413963738 -0.37730022778747668
  outer loop
   vertex -54.269699096679688 49.036727905273438 -42.996017456054688
   vertex -54.099998474121094 49.036727905273438 -43.351356506347656
   vertex -54.052364349365234 48.681388854980469 -42.996017456054688
  endloop
 endfacet
 facet normal -0.82797775521468631 -0.50641306116850582 -0.24082908534392602
  outer loop
   vertex -54.269699096679688 49.036727905273438 -42.996017456054688
   vertex -54.052364349365234 48.681388854980469 -42.996017456054688
   vertex -54.155719757080078 48.681388854980469 -42.640678405761719
  endloop
 endfacet
 facet normal -0.69260947248083349 -0.69260947248083349 -0.20145529841541279
  outer loop
   vertex -54.155719757080078 48.681388854980469 -42.640678405761719
   vertex -54.052364349365234 48.681388854980469 -42.996017456054688
   vertex -54.011528015136719 48.640552520751953 -42.996017456054688
  endloop
 endfacet
 facet normal -0.66749026086318108 -0.72047929325130311 -0.18805940457447326
  outer loop
   vertex -54.155719757080078 48.681388854980469 -42.640678405761719
   vertex -54.011528015136719 48.640552520751953 -42.996017456054688
   vertex -54.011528015136719 48.547801971435547 -42.640678405761719
  endloop
 endfacet
 facet normal -0.54663148132365169 -0.81022710613888382 -0.2114853661691983
  outer loop
   vertex -54.011528015136719 48.547801971435547 -42.640678405761719
   vertex -54.011528015136719 48.640552520751953 -42.996017456054688
   vertex -53.65618896484375 48.40081787109375 -42.996017456054688
  endloop
 endfacet
 facet normal -0.52892564786941565 -0.82793228185618228 -0.1864558813401557
  outer loop
   vertex -54.011528015136719 48.547801971435547 -42.640678405761719
   vertex -53.65618896484375 48.40081787109375 -42.996017456054688
   vertex -53.664417266845703 48.3260498046875 -42.640678405761719
  endloop
 endfacet
 facet normal -0.53132254824551484 -0.82645375227973139 -0.18620028213900494
  outer loop
   vertex -53.664417266845703 48.3260498046875 -42.640678405761719
   vertex -53.65618896484375 48.40081787109375 -42.996017456054688
   vertex -53.65618896484375 48.3260498046875 -42.664157867431641
  endloop
 endfacet
 facet normal -0.54902598558371074 -0.81335786463191218 -0.19240439494785769
  outer loop
   vertex -53.664417266845703 48.3260498046875 -42.640678405761719
   vertex -53.65618896484375 48.3260498046875 -42.664157867431641
   vertex -53.65618896484375 48.32049560546875 -42.640678405761719
  endloop
 endfacet
 facet normal -0.57432070917067213 -0.7966442485121733 -0.18845069469272532
  outer loop
   vertex -53.65618896484375 48.32049560546875 -42.640678405761719
   vertex -53.65618896484375 48.3260498046875 -42.664157867431641
   vertex -53.300849914550781 48.148380279541016 -42.996017456054688
  endloop
 endfacet
 facet normal -0.51012793043783999 -0.8547092726146629 -0.096133001064775347
  outer loop
   vertex -53.65618896484375 48.32049560546875 -42.640678405761719
   vertex -53.300849914550781 48.148380279541016 -42.996017456054688
   vertex -53.300849914550781 48.108413696289062 -42.640678405761719
  endloop
 endfacet
 facet normal -0.64336467700582245 -0.76076295744898703 -0.085566435911895194
  outer loop
   vertex -53.300849914550781 48.108413696289062 -42.640678405761719
   vertex -53.300849914550781 48.148380279541016 -42.996017456054688
   vertex -53.138019561767578 47.970710754394531 -42.640678405761719
  endloop
 endfacet
 facet normal 0.57667589803644204 -0.6406656929865302 -0.5069441571356279
  outer loop
   vertex -47.260086059570312 49.036727905273438 -43.504581451416016
   vertex -46.904747009277344 49.392066955566406 -43.549434661865234
   vertex -47.125389099121094 49.036727905273438 -43.351356506347656
  endloop
 endfacet
 facet normal 0.76878170329790241 -0.60028800160311402 -0.22051985807567454
  outer loop
   vertex -47.125389099121094 49.036727905273438 -43.351356506347656
   vertex -46.904747009277344 49.392066955566406 -43.549434661865234
   vertex -46.904747009277344 49.319301605224609 -43.351356506347656
  endloop
 endfacet
 facet normal 0.28868039897155007 -0.39514621694153446 -0.87207975236581448
  outer loop
   vertex -47.615425109863281 49.392066955566406 -43.847240447998047
   vertex -47.97076416015625 49.036727905273438 -43.803859710693359
   vertex -47.97076416015625 49.392066955566406 -43.964866638183594
  endloop
 endfacet
 facet normal 0.28868898083465544 -0.39514514898457331 -0.87207739540628348
  outer loop
   vertex -47.97076416015625 49.392066955566406 -43.964866638183594
   vertex -47.97076416015625 49.036727905273438 -43.803859710693359
   vertex -48.326103210449219 49.036727905273438 -43.921489715576172
  endloop
 endfacet
 facet normal -0.73714501157756607 -0.57672991195664458 -0.35213611084464341
  outer loop
   vertex -54.009021759033203 49.392066955566406 -44.062034606933594
   vertex -53.731010437011719 49.036727905273438 -44.062034606933594
   vertex -53.9007568359375 49.036727905273438 -43.706695556640625
  endloop
 endfacet
 facet normal -0.68215126331082665 -0.65458487664278631 -0.32586545265491318
  outer loop
   vertex -53.9007568359375 49.036727905273438 -43.706695556640625
   vertex -53.731010437011719 49.036727905273438 -44.062034606933594
   vertex -53.65618896484375 48.958755493164062 -44.062034606933594
  endloop
 endfacet
 facet normal 0.46954998384279362 -0.52997290566689681 -0.70615262651371513
  outer loop
   vertex -49.036781311035156 49.273460388183594 -44.417373657226562
   vertex -48.902912139892578 49.392066955566406 -44.417373657226562
   vertex -49.036781311035156 49.036727905273438 -44.239704132080078
  endloop
 endfacet
 facet normal 0.43874355805272658 -0.52862813161074884 -0.72667488517008949
  outer loop
   vertex -49.036781311035156 49.036727905273438 -44.239704132080078
   vertex -48.902912139892578 49.392066955566406 -44.417373657226562
   vertex -48.681442260742188 49.392066955566406 -44.283657073974609
  endloop
 endfacet
 facet normal 0.46282643707834503 -0.54892209432417638 -0.69604326266700156
  outer loop
   vertex -49.036781311035156 49.036727905273438 -44.239704132080078
   vertex -48.681442260742188 49.392066955566406 -44.283657073974609
   vertex -48.769584655761719 49.036727905273438 -44.062034606933594
  endloop
 endfacet
 facet normal 0.43096403374852676 -0.55207933491120798 -0.71377756309595275
  outer loop
   vertex -48.769584655761719 49.036727905273438 -44.062034606933594
   vertex -48.681442260742188 49.392066955566406 -44.283657073974609
   vertex -48.681442260742188 49.105533599853516 -44.062034606933594
  endloop
 endfacet
 facet normal 0.51465952793200898 -0.51465952793200898 -0.68574859869897187
  outer loop
   vertex -49.036781311035156 49.036727905273438 -44.239704132080078
   vertex -49.273513793945312 49.036727905273438 -44.417373657226562
   vertex -49.036781311035156 49.273460388183594 -44.417373657226562
  endloop
 endfacet
 facet normal -0.71098331374606727 -0.37945503418573628 -0.59204442789858525
  outer loop
   vertex -53.65618896484375 49.036727905273438 -44.147178649902344
   vertex -53.65618896484375 49.392066955566406 -44.374923706054688
   vertex -53.431194305419922 49.036727905273438 -44.417373657226562
  endloop
 endfacet
 facet normal -0.67511883133573114 -0.34988767258790937 -0.64945606483186569
  outer loop
   vertex -53.431194305419922 49.036727905273438 -44.417373657226562
   vertex -53.65618896484375 49.392066955566406 -44.374923706054688
   vertex -53.615352630615234 49.392066955566406 -44.417373657226562
  endloop
 endfacet
 facet normal -0.75337045289261173 -0.3904424260208666 -0.52913861385398941
  outer loop
   vertex -53.431194305419922 49.036727905273438 -44.417373657226562
   vertex -53.615352630615234 49.392066955566406 -44.417373657226562
   vertex -53.365776062011719 49.392066955566406 -44.772712707519531
  endloop
 endfacet
 facet normal -0.673323258287016 -0.46343415559064793 -0.57607688139842872
  outer loop
   vertex -53.300849914550781 49.036727905273438 -44.569721221923828
   vertex -53.431194305419922 49.036727905273438 -44.417373657226562
   vertex -53.300849914550781 49.289058685302734 -44.772712707519531
  endloop
 endfacet
 facet normal -0.6966437566070447 -0.43909479455808242 -0.56734754584154146
  outer loop
   vertex -53.300849914550781 49.289058685302734 -44.772712707519531
   vertex -53.431194305419922 49.036727905273438 -44.417373657226562
   vertex -53.365776062011719 49.392066955566406 -44.772712707519531
  endloop
 endfacet
 facet normal -0.69160920962960692 -0.43592151790156314 -0.5758898604645748
  outer loop
   vertex -53.300849914550781 49.289058685302734 -44.772712707519531
   vertex -53.365776062011719 49.392066955566406 -44.772712707519531
   vertex -53.300849914550781 49.392066955566406 -44.850685119628906
  endloop
 endfacet
 facet normal 0.72459538089446518 -0.1902126704603159 -0.66240521886739401
  outer loop
   vertex -50.074378967285156 49.392066955566406 -45.1280517578125
   vertex -50.102798461914062 49.036727905273438 -45.057102203369141
   vertex -50.102798461914062 49.283805847167969 -45.1280517578125
  endloop
 endfacet
 facet normal 0.57173246017204282 -0.2264420688712894 -0.788572116823131
  outer loop
   vertex -50.102798461914062 49.283805847167969 -45.1280517578125
   vertex -50.102798461914062 49.036727905273438 -45.057102203369141
   vertex -50.200656890869141 49.036727905273438 -45.1280517578125
  endloop
 endfacet
 facet normal 0.7516730963721352 -0.18643458924659292 -0.6326370998627735
  outer loop
   vertex -50.074378967285156 49.392066955566406 -45.1280517578125
   vertex -49.863445281982422 49.036727905273438 -44.772712707519531
   vertex -50.102798461914062 49.036727905273438 -45.057102203369141
  endloop
 endfacet
 facet normal 0.76470990526210814 -0.031396253675459673 -0.6436093815732985
  outer loop
   vertex -50.102798461914062 49.036727905273438 -45.057102203369141
   vertex -49.863445281982422 49.036727905273438 -44.772712707519531
   vertex -50.102798461914062 48.681388854980469 -45.039768218994141
  endloop
 endfacet
 facet normal 0.58652223146729099 -0.039462855605541455 -0.80897117069898461
  outer loop
   vertex -50.102798461914062 49.036727905273438 -45.057102203369141
   vertex -50.102798461914062 48.681388854980469 -45.039768218994141
   vertex -50.200656890869141 49.036727905273438 -45.1280517578125
  endloop
 endfacet
 facet normal 0.34812833759328643 -0.13462083573212852 -0.92773050567032567
  outer loop
   vertex -50.200656890869141 49.036727905273438 -45.1280517578125
   vertex -50.102798461914062 48.681388854980469 -45.039768218994141
   vertex -50.338066101074219 48.681388854980469 -45.1280517578125
  endloop
 endfacet
 facet normal 0.086505937127228066 -0.4907148190366783 0.86701539157014984
  outer loop
   vertex -50.458137512207031 48.93017578125 -40.508644104003906
   vertex -50.458137512207031 49.036727905273438 -40.448337554931641
   vertex -50.8134765625 48.867534637451172 -40.508644104003906
  endloop
 endfacet
 facet normal 0.66758088973720386 -0.19023291490256006 0.7198244186920576
  outer loop
   vertex -48.594928741455078 49.036727905273438 -40.863983154296875
   vertex -48.681442260742188 49.036727905273438 -40.783748626708984
   vertex -48.681442260742188 48.733127593994141 -40.863983154296875
  endloop
 endfacet
 facet normal 0.48125892521849201 -0.22397009039144153 0.84748288803231386
  outer loop
   vertex -48.681442260742188 48.733127593994141 -40.863983154296875
   vertex -48.681442260742188 49.036727905273438 -40.783748626708984
   vertex -48.705520629882812 48.681388854980469 -40.863983154296875
  endloop
 endfacet
 facet normal 0.41721327165586708 -0.22697452706750845 0.88000889201001187
  outer loop
   vertex -48.681442260742188 49.036727905273438 -40.783748626708984
   vertex -49.036781311035156 48.681388854980469 -40.706932067871094
   vertex -48.705520629882812 48.681388854980469 -40.863983154296875
  endloop
 endfacet
 facet normal 0.39729584221210479 -0.3740526958173207 0.83799796808391447
  outer loop
   vertex -48.705520629882812 48.681388854980469 -40.863983154296875
   vertex -49.036781311035156 48.681388854980469 -40.706932067871094
   vertex -49.036781311035156 48.329544067382812 -40.863983154296875
  endloop
 endfacet
 facet normal 0.60759281654588071 -0.57204658806092312 0.55099334875268724
  outer loop
   vertex -48.705520629882812 48.681388854980469 -40.863983154296875
   vertex -49.036781311035156 48.329544067382812 -40.863983154296875
   vertex -49.036781311035156 48.3260498046875 -40.867610931396484
  endloop
 endfacet
 facet normal 0.37857024431415909 -0.66663079047897222 0.64209653425734869
  outer loop
   vertex -49.036781311035156 48.3260498046875 -40.867610931396484
   vertex -49.036781311035156 48.329544067382812 -40.863983154296875
   vertex -49.042934417724609 48.3260498046875 -40.863983154296875
  endloop
 endfacet
 facet normal 0.31314977156564655 -0.78729377986111249 0.53113625818652777
  outer loop
   vertex -49.036781311035156 48.3260498046875 -40.867610931396484
   vertex -49.042934417724609 48.3260498046875 -40.863983154296875
   vertex -49.333602905273438 47.970710754394531 -41.219322204589844
  endloop
 endfacet
 facet normal 0.42190374521915081 -0.78999100701193059 0.4448723846344359
  outer loop
   vertex -49.333602905273438 47.970710754394531 -41.219322204589844
   vertex -49.042934417724609 48.3260498046875 -40.863983154296875
   vertex -49.392120361328125 47.970710754394531 -41.163825988769531
  endloop
 endfacet
 facet normal 0.4616592186450823 -0.74155522659848827 0.48679216483472387
  outer loop
   vertex -49.333602905273438 47.970710754394531 -41.219322204589844
   vertex -49.392120361328125 47.970710754394531 -41.163825988769531
   vertex -49.392120361328125 47.934280395507812 -41.219322204589844
  endloop
 endfacet
 facet normal 0.19635785065836445 -0.81969766912371822 0.53808858538159943
  outer loop
   vertex -49.392120361328125 47.934280395507812 -41.219322204589844
   vertex -49.392120361328125 47.970710754394531 -41.163825988769531
   vertex -49.747459411621094 47.849159240722656 -41.219322204589844
  endloop
 endfacet
 facet normal 0.21522034967948117 -0.89843934626887467 0.3827361260186955
  outer loop
   vertex -49.392120361328125 47.934280395507812 -41.219322204589844
   vertex -49.747459411621094 47.849159240722656 -41.219322204589844
   vertex -49.747459411621094 47.697784423828125 -41.574661254882812
  endloop
 endfacet
 facet normal 0.095229340033244805 -0.91581798720800667 0.39013944571538511
  outer loop
   vertex -49.747459411621094 47.697784423828125 -41.574661254882812
   vertex -49.747459411621094 47.849159240722656 -41.219322204589844
   vertex -50.102798461914062 47.812210083007812 -41.219322204589844
  endloop
 endfacet
 facet normal 0.30584380032323127 -0.77361323423733086 0.55496138029298947
  outer loop
   vertex -49.747459411621094 47.697784423828125 -41.574661254882812
   vertex -50.102798461914062 47.812210083007812 -41.219322204589844
   vertex -49.955917358398438 47.615371704101562 -41.574661254882812
  endloop
 endfacet
 facet normal 0.32601550805493157 -0.76338594703170781 0.55763409542655085
  outer loop
   vertex -49.955917358398438 47.615371704101562 -41.574661254882812
   vertex -50.102798461914062 47.812210083007812 -41.219322204589844
   vertex -50.102798461914062 47.615371704101562 -41.488788604736328
  endloop
 endfacet
 facet normal 0.31850247488411348 -0.77573656100562371 0.54478340779787238
  outer loop
   vertex -49.955917358398438 47.615371704101562 -41.574661254882812
   vertex -50.102798461914062 47.615371704101562 -41.488788604736328
   vertex -50.102798461914062 47.555065155029297 -41.574661254882812
  endloop
 endfacet
 facet normal 0.13966623301721101 -0.81033382781396479 0.56908033778645861
  outer loop
   vertex -50.102798461914062 47.555065155029297 -41.574661254882812
   vertex -50.102798461914062 47.615371704101562 -41.488788604736328
   vertex -50.458137512207031 47.493820190429688 -41.574661254882812
  endloop
 endfacet
 facet normal 0.15661106799395816 -0.90864658882822824 0.38708442230683576
  outer loop
   vertex -50.102798461914062 47.555065155029297 -41.574661254882812
   vertex -50.458137512207031 47.493820190429688 -41.574661254882812
   vertex -50.458137512207031 47.342445373535156 -41.930000305175781
  endloop
 endfacet
 facet normal 0.17341774344382696 -0.27196487082682436 0.94655237324460806
  outer loop
   vertex -49.747459411621094 49.036727905273438 -40.634052276611328
   vertex -50.102798461914062 49.036727905273438 -40.568950653076172
   vertex -50.102798461914062 48.681388854980469 -40.671047210693359
  endloop
 endfacet
 facet normal 0.099566031433880264 -0.27477678545023421 0.95633902124829318
  outer loop
   vertex -50.102798461914062 48.681388854980469 -40.671047210693359
   vertex -50.102798461914062 49.036727905273438 -40.568950653076172
   vertex -50.458137512207031 48.681388854980469 -40.634052276611328
  endloop
 endfacet
 facet normal 0.097879518744015098 -0.326429910779303 0.94013994339090601
  outer loop
   vertex -50.102798461914062 48.681388854980469 -40.671047210693359
   vertex -50.458137512207031 48.681388854980469 -40.634052276611328
   vertex -50.458137512207031 48.3260498046875 -40.757431030273438
  endloop
 endfacet
 facet normal -0.12202601387110827 -0.32555368857817824 0.93761636493390543
  outer loop
   vertex -50.458137512207031 48.3260498046875 -40.757431030273438
   vertex -50.458137512207031 48.681388854980469 -40.634052276611328
   vertex -50.8134765625 48.3260498046875 -40.803676605224609
  endloop
 endfacet
 facet normal -0.10590576426516207 -0.57148122131376877 0.81375253165881778
  outer loop
   vertex -50.458137512207031 48.3260498046875 -40.757431030273438
   vertex -50.8134765625 48.3260498046875 -40.803676605224609
   vertex -50.8134765625 48.240177154541016 -40.863983154296875
  endloop
 endfacet
 facet normal -0.26764139278799715 -0.55374696233401299 0.78850008660262938
  outer loop
   vertex -50.8134765625 48.240177154541016 -40.863983154296875
   vertex -50.8134765625 48.3260498046875 -40.803676605224609
   vertex -50.991146087646484 48.3260498046875 -40.863983154296875
  endloop
 endfacet
 facet normal -0.27417187054572484 -0.56725844567842987 0.77656142140074813
  outer loop
   vertex -50.8134765625 48.240177154541016 -40.863983154296875
   vertex -50.991146087646484 48.3260498046875 -40.863983154296875
   vertex -50.8134765625 47.970710754394531 -41.060821533203125
  endloop
 endfacet
 facet normal -0.26514017030991299 -0.5652740129173548 0.78113121843153888
  outer loop
   vertex -50.8134765625 47.970710754394531 -41.060821533203125
   vertex -50.991146087646484 48.3260498046875 -40.863983154296875
   vertex -51.168815612792969 48.3260498046875 -40.924289703369141
  endloop
 endfacet
 facet normal -0.093036183695333244 -0.43681669687308172 0.89472646202976369
  outer loop
   vertex -50.8134765625 47.970710754394531 -41.060821533203125
   vertex -51.168815612792969 48.3260498046875 -40.924289703369141
   vertex -51.168815612792969 47.970710754394531 -41.097770690917969
  endloop
 endfacet
 facet normal -0.15305864025494212 -0.43355015776231726 0.88803564869186291
  outer loop
   vertex -51.168815612792969 47.970710754394531 -41.097770690917969
   vertex -51.168815612792969 48.3260498046875 -40.924289703369141
   vertex -51.524154663085938 47.970710754394531 -41.159015655517578
  endloop
 endfacet
 facet normal -0.13966623301721101 -0.56908033778645861 0.81033382781396479
  outer loop
   vertex -51.168815612792969 47.970710754394531 -41.097770690917969
   vertex -51.524154663085938 47.970710754394531 -41.159015655517578
   vertex -51.524154663085938 47.884838104248047 -41.219322204589844
  endloop
 endfacet
 facet normal -0.34092850333682428 -0.54028179236985785 0.7693265499423031
  outer loop
   vertex -51.524154663085938 47.884838104248047 -41.219322204589844
   vertex -51.524154663085938 47.970710754394531 -41.159015655517578
   vertex -51.660240173339844 47.970710754394531 -41.219322204589844
  endloop
 endfacet
 facet normal -0.34883354069409162 -0.552809192426859 0.75678078573335061
  outer loop
   vertex -51.524154663085938 47.884838104248047 -41.219322204589844
   vertex -51.660240173339844 47.970710754394531 -41.219322204589844
   vertex -51.524154663085938 47.615371704101562 -41.416160583496094
  endloop
 endfacet
 facet normal -0.24668181813177212 -0.30392907038733336 0.92020389087239496
  outer loop
   vertex -52.234832763671875 49.036727905273438 -40.686313629150391
   vertex -52.234832763671875 48.681388854980469 -40.803676605224609
   vertex -51.879493713378906 49.036727905273438 -40.591056823730469
  endloop
 endfacet
 facet normal -0.18876480787851233 -0.46196841610749367 0.86657546112598993
  outer loop
   vertex -52.590171813964844 49.036727905273438 -40.738574981689453
   vertex -52.945510864257812 48.946678161621094 -40.863983154296875
   vertex -52.590171813964844 48.801483154296875 -40.863983154296875
  endloop
 endfacet
 facet normal -0.21109191031341132 -0.51661004271174038 0.82979170227811283
  outer loop
   vertex -52.590171813964844 48.801483154296875 -40.863983154296875
   vertex -52.945510864257812 48.946678161621094 -40.863983154296875
   vertex -52.590171813964844 48.681388854980469 -40.938751220703125
  endloop
 endfacet
 facet normal -0.24430646333055467 -0.55193976128525379 0.79729345406023078
  outer loop
   vertex -52.945510864257812 48.681388854980469 -41.047634124755859
   vertex -52.590171813964844 48.681388854980469 -40.938751220703125
   vertex -52.945510864257812 48.946678161621094 -40.863983154296875
  endloop
 endfacet
 facet normal -0.4450938991428065 -0.56090131582546165 0.698055252004538
  outer loop
   vertex -53.300849914550781 48.681388854980469 -41.178485870361328
   vertex -53.65618896484375 48.912540435791016 -41.219322204589844
   vertex -53.364894866943359 48.681388854980469 -41.219322204589844
  endloop
 endfacet
 facet normal -0.48933891242974348 -0.61665828355553498 0.61666846044241408
  outer loop
   vertex -53.364894866943359 48.681388854980469 -41.219322204589844
   vertex -53.65618896484375 48.912540435791016 -41.219322204589844
   vertex -53.65618896484375 48.681388854980469 -41.450469970703125
  endloop
 endfacet
 facet normal -0.41820933125365506 -0.7398242129042959 0.52703044433211788
  outer loop
   vertex -53.364894866943359 48.681388854980469 -41.219322204589844
   vertex -53.65618896484375 48.681388854980469 -41.450469970703125
   vertex -53.65618896484375 48.592918395996094 -41.574661254882812
  endloop
 endfacet
 facet normal -0.48379917986409443 -0.71280691514126027 0.50778406364283413
  outer loop
   vertex -53.65618896484375 48.592918395996094 -41.574661254882812
   vertex -53.65618896484375 48.681388854980469 -41.450469970703125
   vertex -53.786537170410156 48.681388854980469 -41.574661254882812
  endloop
 endfacet
 facet normal -0.50768663733658403 -0.74800156941148133 0.42749026939549478
  outer loop
   vertex -53.65618896484375 48.592918395996094 -41.574661254882812
   vertex -53.786537170410156 48.681388854980469 -41.574661254882812
   vertex -54.011528015136719 48.631015777587891 -41.930000305175781
  endloop
 endfacet
 facet normal -0.50767715164737703 -0.7480107002212707 0.42748555770890156
  outer loop
   vertex -54.011528015136719 48.631015777587891 -41.930000305175781
   vertex -53.786537170410156 48.681388854980469 -41.574661254882812
   vertex -54.011528015136719 48.681388854980469 -41.84185791015625
  endloop
 endfacet
 facet normal 0.66145061708030484 -0.54363684044067717 0.51666436579249564
  outer loop
   vertex -48.326103210449219 49.036727905273438 -41.337928771972656
   vertex -48.326103210449219 48.811740875244141 -41.574661254882812
   vertex -48.141189575195312 49.036727905273438 -41.574661254882812
  endloop
 endfacet
 facet normal 0.8823932722102078 -0.35068383185423396 0.31369246601439649
  outer loop
   vertex -48.399677276611328 49.036727905273438 -41.219322204589844
   vertex -48.540897369384766 48.681388854980469 -41.219322204589844
   vertex -48.414573669433594 48.681388854980469 -41.574661254882812
  endloop
 endfacet
 facet normal 0.80818571971243269 -0.5140894090190099 0.28731154168842948
  outer loop
   vertex -48.414573669433594 48.681388854980469 -41.574661254882812
   vertex -48.540897369384766 48.681388854980469 -41.219322204589844
   vertex -48.640605926513672 48.3260498046875 -41.574661254882812
  endloop
 endfacet
 facet normal 0.77308052836318464 -0.49175888939456552 0.40064908756556883
  outer loop
   vertex -48.414573669433594 48.681388854980469 -41.574661254882812
   vertex -48.640605926513672 48.3260498046875 -41.574661254882812
   vertex -48.456451416015625 48.3260498046875 -41.930000305175781
  endloop
 endfacet
 facet normal 0.6639305368312286 -0.6639305368312286 0.34408208980705912
  outer loop
   vertex -48.456451416015625 48.3260498046875 -41.930000305175781
   vertex -48.640605926513672 48.3260498046875 -41.574661254882812
   vertex -48.681442260742188 48.285213470458984 -41.574661254882812
  endloop
 endfacet
 facet normal 0.65342933200155495 -0.67844841125696176 0.33576459215186188
  outer loop
   vertex -48.456451416015625 48.3260498046875 -41.930000305175781
   vertex -48.681442260742188 48.285213470458984 -41.574661254882812
   vertex -48.681442260742188 48.109355926513672 -41.930000305175781
  endloop
 endfacet
 facet normal 0.51742901263287655 -0.76694267685181716 0.37956046594598791
  outer loop
   vertex -48.681442260742188 48.109355926513672 -41.930000305175781
   vertex -48.681442260742188 48.285213470458984 -41.574661254882812
   vertex -49.036781311035156 48.045478820800781 -41.574661254882812
  endloop
 endfacet
 facet normal 0.52746664021271661 -0.75374975630011998 0.39196970334480985
  outer loop
   vertex -48.681442260742188 48.109355926513672 -41.930000305175781
   vertex -49.036781311035156 48.045478820800781 -41.574661254882812
   vertex -48.879566192626953 47.970710754394531 -41.930000305175781
  endloop
 endfacet
 facet normal 0.49923530886943779 -0.77658831390204019 0.384284656327602
  outer loop
   vertex -48.879566192626953 47.970710754394531 -41.930000305175781
   vertex -49.036781311035156 48.045478820800781 -41.574661254882812
   vertex -49.036781311035156 47.970710754394531 -41.725757598876953
  endloop
 endfacet
 facet normal 0.48733829519031885 -0.78853100230374196 0.37512697110025234
  outer loop
   vertex -48.879566192626953 47.970710754394531 -41.930000305175781
   vertex -49.036781311035156 47.970710754394531 -41.725757598876953
   vertex -49.036781311035156 47.873546600341797 -41.930000305175781
  endloop
 endfacet
 facet normal 0.47503794675001443 -0.7946282608255415 0.37802761307198912
  outer loop
   vertex -49.036781311035156 47.873546600341797 -41.930000305175781
   vertex -49.036781311035156 47.970710754394531 -41.725757598876953
   vertex -49.392120361328125 47.830165863037109 -41.574661254882812
  endloop
 endfacet
 facet normal 0.39515304922524619 -0.87207416924117898 0.28868791285798168
  outer loop
   vertex -49.036781311035156 47.873546600341797 -41.930000305175781
   vertex -49.392120361328125 47.830165863037109 -41.574661254882812
   vertex -49.392120361328125 47.712535858154297 -41.930000305175781
  endloop
 endfacet
 facet normal -0.52836491135815944 -0.64287994537080184 0.55455919096659012
  outer loop
   vertex -53.65618896484375 48.681388854980469 -41.450469970703125
   vertex -54.011528015136719 48.866302490234375 -41.574661254882812
   vertex -53.786537170410156 48.681388854980469 -41.574661254882812
  endloop
 endfacet
 facet normal -0.55993828979408977 -0.68129637191185821 0.47149163857083282
  outer loop
   vertex -53.786537170410156 48.681388854980469 -41.574661254882812
   vertex -54.011528015136719 48.866302490234375 -41.574661254882812
   vertex -54.011528015136719 48.681388854980469 -41.84185791015625
  endloop
 endfacet
 facet normal -0.52392355120766909 -0.60228901388367728 0.60228901388367728
  outer loop
   vertex -54.011528015136719 48.866302490234375 -41.574661254882812
   vertex -53.65618896484375 48.681388854980469 -41.450469970703125
   vertex -54.011528015136719 49.036727905273438 -41.40423583984375
  endloop
 endfacet
 facet normal -0.52391947640409908 -0.60228581631658307 0.60229575601055141
  outer loop
   vertex -54.011528015136719 49.036727905273438 -41.40423583984375
   vertex -53.65618896484375 48.681388854980469 -41.450469970703125
   vertex -53.65618896484375 48.912540435791016 -41.219322204589844
  endloop
 endfacet
 facet normal 0.69160920962960692 -0.5758898604645748 0.43592151790156314
  outer loop
   vertex -47.550498962402344 49.036727905273438 -42.28533935546875
   vertex -47.615425109863281 49.036727905273438 -42.182331085205078
   vertex -47.615425109863281 48.958755493164062 -42.28533935546875
  endloop
 endfacet
 facet normal 0.65665551444011261 -0.60133967032038094 0.45518582606927327
  outer loop
   vertex -47.615425109863281 48.958755493164062 -42.28533935546875
   vertex -47.615425109863281 49.036727905273438 -42.182331085205078
   vertex -47.869426727294922 48.681388854980469 -42.28533935546875
  endloop
 endfacet
 facet normal 0.69123705747346431 -0.63300810716367251 0.34855712105835851
  outer loop
   vertex -47.615425109863281 48.958755493164062 -42.28533935546875
   vertex -47.869426727294922 48.681388854980469 -42.28533935546875
   vertex -47.69024658203125 48.681388854980469 -42.640678405761719
  endloop
 endfacet
 facet normal 0.62866222858714704 -0.60302981694813484 0.49105889893101462
  outer loop
   vertex -47.97076416015625 48.859058380126953 -41.930000305175781
   vertex -48.141189575195312 48.681388854980469 -41.930000305175781
   vertex -47.97076416015625 48.681388854980469 -42.148181915283203
  endloop
 endfacet
 facet normal 0.61510507750530985 -0.62513607787680314 0.48046917462413186
  outer loop
   vertex -47.97076416015625 48.681388854980469 -42.148181915283203
   vertex -48.141189575195312 48.681388854980469 -41.930000305175781
   vertex -48.224761962890625 48.3260498046875 -42.28533935546875
  endloop
 endfacet
 facet normal 0.62673591234869697 -0.62672649977961459 0.46305074305786292
  outer loop
   vertex -47.97076416015625 48.681388854980469 -42.148181915283203
   vertex -48.224761962890625 48.3260498046875 -42.28533935546875
   vertex -47.97076416015625 48.580051422119141 -42.28533935546875
  endloop
 endfacet
 facet normal 0.65411821910419754 -0.65410839529674691 0.37983096587596399
  outer loop
   vertex -47.97076416015625 48.580051422119141 -42.28533935546875
   vertex -48.224761962890625 48.3260498046875 -42.28533935546875
   vertex -48.018424987792969 48.3260498046875 -42.640678405761719
  endloop
 endfacet
 facet normal 0.65414396801076335 -0.65409161555233908 0.37981551782314571
  outer loop
   vertex -47.97076416015625 48.580051422119141 -42.28533935546875
   vertex -48.018424987792969 48.3260498046875 -42.640678405761719
   vertex -47.97076416015625 48.373714447021484 -42.640678405761719
  endloop
 endfacet
 facet normal 0.58941185928268214 -0.58936468746521253 0.55248794132176682
  outer loop
   vertex -47.97076416015625 48.373714447021484 -42.640678405761719
   vertex -48.018424987792969 48.3260498046875 -42.640678405761719
   vertex -47.97076416015625 48.3260498046875 -42.691524505615234
  endloop
 endfacet
 facet normal -0.69807357368309852 -0.69807357368309852 0.15933163982905374
  outer loop
   vertex -54.077304840087891 48.681388854980469 -41.930000305175781
   vertex -54.366867065429688 48.970951080322266 -41.930000305175781
   vertex -54.366867065429688 48.889846801757812 -42.28533935546875
  endloop
 endfacet
 facet normal -0.78639535667236982 -0.60223572956322236 0.13745715347550908
  outer loop
   vertex -54.366867065429688 48.889846801757812 -42.28533935546875
   vertex -54.366867065429688 48.970951080322266 -41.930000305175781
   vertex -54.417240142822266 49.036727905273438 -41.930000305175781
  endloop
 endfacet
 facet normal 0.73449663124925579 -0.5942374466630358 0.32771413711784014
  outer loop
   vertex -47.393798828125 49.036727905273438 -42.640678405761719
   vertex -47.615425109863281 48.958755493164062 -42.28533935546875
   vertex -47.615425109863281 48.762790679931641 -42.640678405761719
  endloop
 endfacet
 facet normal 0.68976796224589709 -0.63400856701302899 0.34964738696753955
  outer loop
   vertex -47.615425109863281 48.762790679931641 -42.640678405761719
   vertex -47.615425109863281 48.958755493164062 -42.28533935546875
   vertex -47.69024658203125 48.681388854980469 -42.640678405761719
  endloop
 endfacet
 facet normal 0.60974273088333708 -0.5604524074954671 0.5604524074954671
  outer loop
   vertex -47.615425109863281 48.762790679931641 -42.640678405761719
   vertex -47.69024658203125 48.681388854980469 -42.640678405761719
   vertex -47.615425109863281 48.681388854980469 -42.722080230712891
  endloop
 endfacet
 facet normal 0.72781133114807284 -0.60603467985030335 0.32095581171122423
  outer loop
   vertex -47.550498962402344 49.036727905273438 -42.28533935546875
   vertex -47.615425109863281 48.958755493164062 -42.28533935546875
   vertex -47.393798828125 49.036727905273438 -42.640678405761719
  endloop
 endfacet
 facet normal 0.77876058130270664 -0.41402393494908141 0.4712919883663938
  outer loop
   vertex -47.171611785888672 49.036727905273438 -42.996017456054688
   vertex -47.260086059570312 49.036727905273438 -42.849822998046875
   vertex -47.260086059570312 48.870311737060547 -42.996017456054688
  endloop
 endfacet
 facet normal 0.73495543567388877 -0.44754742108133544 0.50945246437410652
  outer loop
   vertex -47.260086059570312 48.870311737060547 -42.996017456054688
   vertex -47.260086059570312 49.036727905273438 -42.849822998046875
   vertex -47.375129699707031 48.681388854980469 -42.996017456054688
  endloop
 endfacet
 facet normal 0.83383144327211312 -0.50775746928218857 0.21658133945216079
  outer loop
   vertex -47.260086059570312 48.870311737060547 -42.996017456054688
   vertex -47.375129699707031 48.681388854980469 -42.996017456054688
   vertex -47.282833099365234 48.681388854980469 -43.351356506347656
  endloop
 endfacet
 facet normal 0.84319570437505464 -0.49097253687169712 0.21901363464685394
  outer loop
   vertex -47.282833099365234 48.681388854980469 -43.351356506347656
   vertex -47.375129699707031 48.681388854980469 -42.996017456054688
   vertex -47.582035064697266 48.3260498046875 -42.996017456054688
  endloop
 endfacet
 facet normal 0.81562265316424531 -0.56579607731795178 0.12097308186921324
  outer loop
   vertex -47.282833099365234 48.681388854980469 -43.351356506347656
   vertex -47.582035064697266 48.3260498046875 -42.996017456054688
   vertex -47.529331207275391 48.3260498046875 -43.351356506347656
  endloop
 endfacet
 facet normal 0.6843957512749651 -0.72200988440517888 0.10150951905115317
  outer loop
   vertex -47.529331207275391 48.3260498046875 -43.351356506347656
   vertex -47.582035064697266 48.3260498046875 -42.996017456054688
   vertex -47.615425109863281 48.294399261474609 -42.996017456054688
  endloop
 endfacet
 facet normal 0.50085109100597502 -0.86439613618672861 0.044356559645438137
  outer loop
   vertex -47.529331207275391 48.3260498046875 -43.351356506347656
   vertex -47.615425109863281 48.294399261474609 -42.996017456054688
   vertex -47.615425109863281 48.276165008544922 -43.351356506347656
  endloop
 endfacet
 facet normal 0.65808094075263557 -0.53241406603231567 0.53241406603231567
  outer loop
   vertex -47.393798828125 49.036727905273438 -42.640678405761719
   vertex -47.615425109863281 48.762790679931641 -42.640678405761719
   vertex -47.615425109863281 48.681388854980469 -42.722080230712891
  endloop
 endfacet
 facet normal -0.74953016479400358 -0.57259494512130737 -0.33217399188588032
  outer loop
   vertex -54.366867065429688 49.036727905273438 -42.776763916015625
   vertex -54.269699096679688 49.036727905273438 -42.996017456054688
   vertex -54.155719757080078 48.681388854980469 -42.640678405761719
  endloop
 endfacet
 facet normal -0.65387028902548361 -0.5926754972264322 -0.47030777169544219
  outer loop
   vertex -54.011528015136719 48.912540435791016 -43.351356506347656
   vertex -53.802009582519531 48.681388854980469 -43.351356506347656
   vertex -54.011528015136719 48.681388854980469 -43.060062408447266
  endloop
 endfacet
 facet normal -0.59063301039032501 -0.68605966316753975 -0.42482324043265818
  outer loop
   vertex -54.011528015136719 48.681388854980469 -43.060062408447266
   vertex -53.802009582519531 48.681388854980469 -43.351356506347656
   vertex -53.65618896484375 48.555850982666016 -43.351356506347656
  endloop
 endfacet
 facet normal -0.59412386778364035 -0.67823281186908224 -0.43245471743752012
  outer loop
   vertex -54.011528015136719 48.681388854980469 -43.060062408447266
   vertex -53.65618896484375 48.555850982666016 -43.351356506347656
   vertex -54.011528015136719 48.640552520751953 -42.996017456054688
  endloop
 endfacet
 facet normal -0.5259390387458448 -0.77955639206262139 -0.34011756661102521
  outer loop
   vertex -54.011528015136719 48.640552520751953 -42.996017456054688
   vertex -53.65618896484375 48.555850982666016 -43.351356506347656
   vertex -53.65618896484375 48.40081787109375 -42.996017456054688
  endloop
 endfacet
 facet normal -0.698055252004538 -0.56090131582546165 -0.4450938991428065
  outer loop
   vertex -54.011528015136719 48.912540435791016 -43.351356506347656
   vertex -54.011528015136719 48.681388854980469 -43.060062408447266
   vertex -54.052364349365234 48.681388854980469 -42.996017456054688
  endloop
 endfacet
 facet normal -0.64461696988159367 -0.64461696988159367 -0.4110205886343713
  outer loop
   vertex -54.052364349365234 48.681388854980469 -42.996017456054688
   vertex -54.011528015136719 48.681388854980469 -43.060062408447266
   vertex -54.011528015136719 48.640552520751953 -42.996017456054688
  endloop
 endfacet
 facet normal -0.73681244179846006 -0.52490106435846684 -0.42612943837094808
  outer loop
   vertex -54.052364349365234 48.681388854980469 -42.996017456054688
   vertex -54.099998474121094 49.036727905273438 -43.351356506347656
   vertex -54.011528015136719 48.912540435791016 -43.351356506347656
  endloop
 endfacet
 facet normal -0.74740847298200652 -0.53244961773609878 -0.39733862018105887
  outer loop
   vertex -54.011528015136719 48.912540435791016 -43.351356506347656
   vertex -54.099998474121094 49.036727905273438 -43.351356506347656
   vertex -54.011528015136719 49.036727905273438 -43.517772674560547
  endloop
 endfacet
 facet normal 0.71579223554283766 -0.30282066324424417 -0.62923852508321754
  outer loop
   vertex -47.125389099121094 49.036727905273438 -43.351356506347656
   vertex -47.260086059570312 48.718338012695312 -43.351356506347656
   vertex -47.260086059570312 49.036727905273438 -43.504581451416016
  endloop
 endfacet
 facet normal 0.44408093646899477 -0.38854089740662939 -0.80735871389814817
  outer loop
   vertex -47.260086059570312 49.036727905273438 -43.504581451416016
   vertex -47.260086059570312 48.718338012695312 -43.351356506347656
   vertex -47.615425109863281 48.681388854980469 -43.529026031494141
  endloop
 endfacet
 facet normal 0.35041873907188126 -0.28913538763571373 -0.89084647101732317
  outer loop
   vertex -47.260086059570312 49.036727905273438 -43.504581451416016
   vertex -47.615425109863281 48.681388854980469 -43.529026031494141
   vertex -47.615425109863281 49.036727905273438 -43.644355773925781
  endloop
 endfacet
 facet normal 0.24707409658796309 -0.29913864731664286 -0.92166721785946748
  outer loop
   vertex -47.615425109863281 49.036727905273438 -43.644355773925781
   vertex -47.615425109863281 48.681388854980469 -43.529026031494141
   vertex -47.97076416015625 48.681388854980469 -43.624282836914062
  endloop
 endfacet
 facet normal 0.37723312899992367 -0.42375149081459818 -0.8234863935836052
  outer loop
   vertex -47.615425109863281 49.036727905273438 -43.644355773925781
   vertex -47.97076416015625 48.681388854980469 -43.624282836914062
   vertex -47.751510620117188 49.036727905273438 -43.706695556640625
  endloop
 endfacet
 facet normal 0.35716982763718447 -0.41451172162089478 -0.83702434066429987
  outer loop
   vertex -47.751510620117188 49.036727905273438 -43.706695556640625
   vertex -47.97076416015625 48.681388854980469 -43.624282836914062
   vertex -47.97076416015625 48.847805023193359 -43.706695556640625
  endloop
 endfacet
 facet normal 0.33394344006339932 -0.41830769571815518 -0.84468955867915763
  outer loop
   vertex -47.97076416015625 48.847805023193359 -43.706695556640625
   vertex -47.97076416015625 48.681388854980469 -43.624282836914062
   vertex -48.179222106933594 48.681388854980469 -43.706695556640625
  endloop
 endfacet
 facet normal 0.31289756255835 -0.52506535840855806 -0.79145529548063287
  outer loop
   vertex -48.179222106933594 48.681388854980469 -43.706695556640625
   vertex -47.97076416015625 48.681388854980469 -43.624282836914062
   vertex -48.326103210449219 48.3260498046875 -43.529026031494141
  endloop
 endfacet
 facet normal -0.64169387204268957 -0.64169387204268957 -0.42006898143724042
  outer loop
   vertex -53.65618896484375 48.782730102539062 -43.706695556640625
   vertex -53.554847717285156 48.681388854980469 -43.706695556640625
   vertex -53.65618896484375 48.681388854980469 -43.551887512207031
  endloop
 endfacet
 facet normal 0.29049397857689813 -0.38151592763027697 -0.87752996836288955
  outer loop
   vertex -47.97076416015625 49.036727905273438 -43.803859710693359
   vertex -48.326103210449219 48.681388854980469 -43.767002105712891
   vertex -48.326103210449219 49.036727905273438 -43.921489715576172
  endloop
 endfacet
 facet normal 0.20278089821189257 -0.39042601577375796 -0.89802418315288546
  outer loop
   vertex -48.326103210449219 49.036727905273438 -43.921489715576172
   vertex -48.326103210449219 48.681388854980469 -43.767002105712891
   vertex -48.681442260742188 48.681388854980469 -43.847240447998047
  endloop
 endfacet
 facet normal 0.22442809260625049 -0.40922665401110958 -0.88440125333244068
  outer loop
   vertex -48.326103210449219 49.036727905273438 -43.921489715576172
   vertex -48.681442260742188 48.681388854980469 -43.847240447998047
   vertex -48.681442260742188 49.036727905273438 -44.011661529541016
  endloop
 endfacet
 facet normal 0.30704257558909931 -0.39965419741019986 -0.86371371372001571
  outer loop
   vertex -48.681442260742188 49.036727905273438 -44.011661529541016
   vertex -48.681442260742188 48.681388854980469 -43.847240447998047
   vertex -49.036781311035156 48.681388854980469 -43.973560333251953
  endloop
 endfacet
 facet normal 0.46263974079705411 -0.54943518887042608 -0.69576249070078067
  outer loop
   vertex -48.769584655761719 49.036727905273438 -44.062034606933594
   vertex -49.036781311035156 48.811740875244141 -44.062034606933594
   vertex -49.036781311035156 49.036727905273438 -44.239704132080078
  endloop
 endfacet
 facet normal 0.65797360004443561 -0.43071958023474816 -0.6176984578635174
  outer loop
   vertex -49.392120361328125 48.902858734130859 -44.417373657226562
   vertex -49.392120361328125 48.681388854980469 -44.262943267822266
   vertex -49.537097930908203 48.681388854980469 -44.417373657226562
  endloop
 endfacet
 facet normal 0.64325531679144965 -0.47069121740149306 -0.60388109366052523
  outer loop
   vertex -49.537097930908203 48.681388854980469 -44.417373657226562
   vertex -49.392120361328125 48.681388854980469 -44.262943267822266
   vertex -49.392120361328125 48.423629760742188 -44.062034606933594
  endloop
 endfacet
 facet normal 0.6593344695914648 -0.45465209965300424 -0.59880675137280859
  outer loop
   vertex -49.537097930908203 48.681388854980469 -44.417373657226562
   vertex -49.392120361328125 48.423629760742188 -44.062034606933594
   vertex -49.459407806396484 48.3260498046875 -44.062034606933594
  endloop
 endfacet
 facet normal 0.6711251943730564 -0.46278253727702662 -0.57915740232614199
  outer loop
   vertex -49.459407806396484 48.3260498046875 -44.062034606933594
   vertex -49.392120361328125 48.423629760742188 -44.062034606933594
   vertex -49.392120361328125 48.3260498046875 -43.984062194824219
  endloop
 endfacet
 facet normal 0.66806315292621876 -0.47044884407571752 -0.57651496841808081
  outer loop
   vertex -49.459407806396484 48.3260498046875 -44.062034606933594
   vertex -49.392120361328125 48.3260498046875 -43.984062194824219
   vertex -49.392120361328125 47.986148834228516 -43.706695556640625
  endloop
 endfacet
 facet normal 0.38931213701010114 -0.58235524091872626 -0.71365147891048364
  outer loop
   vertex -49.392120361328125 47.986148834228516 -43.706695556640625
   vertex -49.392120361328125 48.3260498046875 -43.984062194824219
   vertex -49.036781311035156 48.223697662353516 -43.706695556640625
  endloop
 endfacet
 facet normal 0.37777080137985419 -0.56509105454350939 -0.73345846624040489
  outer loop
   vertex -49.392120361328125 47.986148834228516 -43.706695556640625
   vertex -49.036781311035156 48.223697662353516 -43.706695556640625
   vertex -49.392120361328125 47.970710754394531 -43.694801330566406
  endloop
 endfacet
 facet normal 0.35667301999047452 -0.536918379493737 -0.76452796585389471
  outer loop
   vertex -49.392120361328125 47.970710754394531 -43.694801330566406
   vertex -49.036781311035156 48.223697662353516 -43.706695556640625
   vertex -49.036781311035156 47.970710754394531 -43.529026031494141
  endloop
 endfacet
 facet normal 0.34628622596399722 -0.57369867051347179 -0.74226389185968522
  outer loop
   vertex -49.392120361328125 47.970710754394531 -43.694801330566406
   vertex -49.036781311035156 47.970710754394531 -43.529026031494141
   vertex -49.392120361328125 47.615371704101562 -43.420158386230469
  endloop
 endfacet
 facet normal 0.36254446272458329 -0.58485400027481516 -0.72560823514503314
  outer loop
   vertex -49.392120361328125 47.615371704101562 -43.420158386230469
   vertex -49.036781311035156 47.970710754394531 -43.529026031494141
   vertex -49.036781311035156 47.750282287597656 -43.351356506347656
  endloop
 endfacet
 facet normal 0.38173118955070728 -0.69428533918085567 -0.61012225555434896
  outer loop
   vertex -49.392120361328125 47.615371704101562 -43.420158386230469
   vertex -49.036781311035156 47.750282287597656 -43.351356506347656
   vertex -49.282154083251953 47.615371704101562 -43.351356506347656
  endloop
 endfacet
 facet normal 0.42794622787697739 -0.77834036124330763 -0.45939994351926461
  outer loop
   vertex -49.282154083251953 47.615371704101562 -43.351356506347656
   vertex -49.036781311035156 47.750282287597656 -43.351356506347656
   vertex -49.036781311035156 47.615371704101562 -43.122783660888672
  endloop
 endfacet
 facet normal 0.37153625372255811 -0.83838199618275955 -0.39884388004132426
  outer loop
   vertex -49.282154083251953 47.615371704101562 -43.351356506347656
   vertex -49.036781311035156 47.615371704101562 -43.122783660888672
   vertex -49.036781311035156 47.555065155029297 -42.996017456054688
  endloop
 endfacet
 facet normal -0.67064000797855661 -0.55200745063426193 -0.49550959036408621
  outer loop
   vertex -53.300849914550781 48.681388854980469 -44.199188232421875
   vertex -53.402187347412109 48.681388854980469 -44.062034606933594
   vertex -53.300849914550781 48.877243041992188 -44.417373657226562
  endloop
 endfacet
 facet normal -0.63723893117920305 -0.58355871589282404 -0.50337438323290284
  outer loop
   vertex -53.300849914550781 48.877243041992188 -44.417373657226562
   vertex -53.402187347412109 48.681388854980469 -44.062034606933594
   vertex -53.65618896484375 48.958755493164062 -44.062034606933594
  endloop
 endfacet
 facet normal 0.63760123732529106 -0.41738352006730772 -0.64749954388978626
  outer loop
   vertex -49.392120361328125 48.902858734130859 -44.417373657226562
   vertex -49.537097930908203 48.681388854980469 -44.417373657226562
   vertex -49.747459411621094 48.681388854980469 -44.624519348144531
  endloop
 endfacet
 facet normal 0.68034581126724369 -0.24449157719927811 -0.69090769699701959
  outer loop
   vertex -49.747459411621094 48.681388854980469 -44.624519348144531
   vertex -49.537097930908203 48.681388854980469 -44.417373657226562
   vertex -49.747459411621094 48.3260498046875 -44.498775482177734
  endloop
 endfacet
 facet normal 0.71927142032597724 -0.23176075903771567 -0.65493173268098215
  outer loop
   vertex -49.747459411621094 48.681388854980469 -44.624519348144531
   vertex -49.747459411621094 48.3260498046875 -44.498775482177734
   vertex -49.882396697998047 48.681388854980469 -44.772712707519531
  endloop
 endfacet
 facet normal 0.68151613204231853 -0.26659242962273755 -0.68151613204231853
  outer loop
   vertex -49.882396697998047 48.681388854980469 -44.772712707519531
   vertex -49.747459411621094 48.3260498046875 -44.498775482177734
   vertex -50.021396636962891 48.3260498046875 -44.772712707519531
  endloop
 endfacet
 facet normal 0.65418920216629983 -0.2559028035269526 -0.71172343147887585
  outer loop
   vertex -49.882396697998047 48.681388854980469 -44.772712707519531
   vertex -50.021396636962891 48.3260498046875 -44.772712707519531
   vertex -50.102798461914062 48.3260498046875 -44.8475341796875
  endloop
 endfacet
 facet normal 0.55270312629980045 -0.57701232935965963 -0.60131192067459183
  outer loop
   vertex -50.102798461914062 48.3260498046875 -44.8475341796875
   vertex -50.021396636962891 48.3260498046875 -44.772712707519531
   vertex -50.102798461914062 48.248077392578125 -44.772712707519531
  endloop
 endfacet
 facet normal 0.16751424571850082 -0.68259397000921651 -0.7113398973686339
  outer loop
   vertex -50.102798461914062 48.3260498046875 -44.8475341796875
   vertex -50.102798461914062 48.248077392578125 -44.772712707519531
   vertex -50.458137512207031 48.3260498046875 -44.93121337890625
  endloop
 endfacet
 facet normal 0.17543016218612031 -0.66890379073422468 -0.72235169892285578
  outer loop
   vertex -50.458137512207031 48.3260498046875 -44.93121337890625
   vertex -50.102798461914062 48.248077392578125 -44.772712707519531
   vertex -50.458137512207031 48.154884338378906 -44.772712707519531
  endloop
 endfacet
 facet normal -0.03705097158839276 -0.67897411938297181 -0.73322668439744754
  outer loop
   vertex -50.458137512207031 48.3260498046875 -44.93121337890625
   vertex -50.458137512207031 48.154884338378906 -44.772712707519531
   vertex -50.8134765625 48.3260498046875 -44.913257598876953
  endloop
 endfacet
 facet normal 0.069927101106420253 -0.5423120030025016 -0.83726214050933123
  outer loop
   vertex -50.8134765625 48.3260498046875 -44.913257598876953
   vertex -50.458137512207031 48.154884338378906 -44.772712707519531
   vertex -50.8134765625 48.109066009521484 -44.772712707519531
  endloop
 endfacet
 facet normal 0.31393861589585531 -0.51615798890661968 -0.79688360250244106
  outer loop
   vertex -50.8134765625 48.3260498046875 -44.913257598876953
   vertex -50.8134765625 48.109066009521484 -44.772712707519531
   vertex -51.168815612792969 47.970710754394531 -44.823085784912109
  endloop
 endfacet
 facet normal 0.32482904471361279 -0.55560105373331725 -0.76537151815368032
  outer loop
   vertex -51.168815612792969 47.970710754394531 -44.823085784912109
   vertex -50.8134765625 48.109066009521484 -44.772712707519531
   vertex -51.050125122070312 47.970710754394531 -44.772712707519531
  endloop
 endfacet
 facet normal 0.31931081163204905 -0.5761779616725381 -0.75236929898671523
  outer loop
   vertex -51.168815612792969 47.970710754394531 -44.823085784912109
   vertex -51.050125122070312 47.970710754394531 -44.772712707519531
   vertex -51.168815612792969 47.904933929443359 -44.772712707519531
  endloop
 endfacet
 facet normal 0.35795080412092822 -0.64590160177570966 -0.67430137375861354
  outer loop
   vertex -51.168815612792969 47.904933929443359 -44.772712707519531
   vertex -51.050125122070312 47.970710754394531 -44.772712707519531
   vertex -51.168815612792969 47.615371704101562 -44.495346069335938
  endloop
 endfacet
 facet normal 0.17255670803704704 -0.68135937771477229 -0.7113181994800607
  outer loop
   vertex -51.168815612792969 47.904933929443359 -44.772712707519531
   vertex -51.168815612792969 47.615371704101562 -44.495346069335938
   vertex -51.524154663085938 47.615371704101562 -44.581546783447266
  endloop
 endfacet
 facet normal 0.15339171771624671 -0.75937329494744787 -0.63231572798461655
  outer loop
   vertex -51.524154663085938 47.615371704101562 -44.581546783447266
   vertex -51.168815612792969 47.615371704101562 -44.495346069335938
   vertex -51.168815612792969 47.550445556640625 -44.417373657226562
  endloop
 endfacet
 facet normal 0.16001230190241106 -0.74926586850699184 -0.6426482097776004
  outer loop
   vertex -51.524154663085938 47.615371704101562 -44.581546783447266
   vertex -51.168815612792969 47.550445556640625 -44.417373657226562
   vertex -51.524154663085938 47.474559783935547 -44.417373657226562
  endloop
 endfacet
 facet normal 0.17960076414588527 -0.84098985473227827 -0.51037205032759736
  outer loop
   vertex -51.524154663085938 47.474559783935547 -44.417373657226562
   vertex -51.168815612792969 47.550445556640625 -44.417373657226562
   vertex -51.168815612792969 47.334800720214844 -44.062034606933594
  endloop
 endfacet
 facet normal 0.73882903428062319 -0.039404215161633234 -0.6727398947077966
  outer loop
   vertex -49.747459411621094 48.681388854980469 -44.624519348144531
   vertex -49.882396697998047 48.681388854980469 -44.772712707519531
   vertex -49.863445281982422 49.036727905273438 -44.772712707519531
  endloop
 endfacet
 facet normal 0.77060682654588142 -0.041099030749113676 -0.63598426753526638
  outer loop
   vertex -49.863445281982422 49.036727905273438 -44.772712707519531
   vertex -49.882396697998047 48.681388854980469 -44.772712707519531
   vertex -50.102798461914062 48.681388854980469 -45.039768218994141
  endloop
 endfacet
 facet normal -0.53992125537954339 -0.59518276100260903 -0.59518276100260903
  outer loop
   vertex -52.945510864257812 48.681388854980469 -44.595043182373047
   vertex -52.945510864257812 48.859058380126953 -44.772712707519531
   vertex -52.749656677246094 48.681388854980469 -44.772712707519531
  endloop
 endfacet
 facet normal -0.49970574605594587 -0.55085115220621306 -0.66847376573187833
  outer loop
   vertex -52.749656677246094 48.681388854980469 -44.772712707519531
   vertex -52.945510864257812 48.859058380126953 -44.772712707519531
   vertex -52.590171813964844 48.967926025390625 -45.1280517578125
  endloop
 endfacet
 facet normal -0.57735026918962573 -0.57735026918962573 -0.57735026918962573
  outer loop
   vertex -52.945510864257812 48.859058380126953 -44.772712707519531
   vertex -52.945510864257812 48.681388854980469 -44.595043182373047
   vertex -53.123180389404297 48.681388854980469 -44.417373657226562
  endloop
 endfacet
 facet normal -0.57735026918962573 -0.57735026918962573 -0.57735026918962573
  outer loop
   vertex -53.123180389404297 48.681388854980469 -44.417373657226562
   vertex -52.945510864257812 48.681388854980469 -44.595043182373047
   vertex -52.945510864257812 48.503719329833984 -44.417373657226562
  endloop
 endfacet
 facet normal -0.61821326754793426 -0.61821326754793426 -0.48541189896356324
  outer loop
   vertex -53.123180389404297 48.681388854980469 -44.417373657226562
   vertex -52.945510864257812 48.503719329833984 -44.417373657226562
   vertex -53.300849914550781 48.580051422119141 -44.062034606933594
  endloop
 endfacet
 facet normal -0.61821326754793426 -0.61821326754793426 -0.48541189896356324
  outer loop
   vertex -53.300849914550781 48.580051422119141 -44.062034606933594
   vertex -52.945510864257812 48.503719329833984 -44.417373657226562
   vertex -53.046848297119141 48.3260498046875 -44.062034606933594
  endloop
 endfacet
 facet normal -0.22737453672480418 -0.47968277694338163 -0.84746991306657404
  outer loop
   vertex -50.8134765625 48.681388854980469 -45.067741394042969
   vertex -50.8134765625 48.787940979003906 -45.1280517578125
   vertex -50.588687896728516 48.681388854980469 -45.1280517578125
  endloop
 endfacet
 facet normal -0.20866696401003729 -0.44021617457466228 -0.8733085467197057
  outer loop
   vertex -50.588687896728516 48.681388854980469 -45.1280517578125
   vertex -50.8134765625 48.787940979003906 -45.1280517578125
   vertex -50.8134765625 49.036727905273438 -45.253459930419922
  endloop
 endfacet
 facet normal -0.11253179932540672 -0.48945602537333716 -0.86473660346160997
  outer loop
   vertex -50.8134765625 48.787940979003906 -45.1280517578125
   vertex -50.8134765625 48.681388854980469 -45.067741394042969
   vertex -51.168815612792969 48.681388854980469 -45.021499633789062
  endloop
 endfacet
 facet normal -0.12545225579519254 -0.2343562392742233 -0.96402224280829774
  outer loop
   vertex -51.168815612792969 48.681388854980469 -45.021499633789062
   vertex -50.8134765625 48.681388854980469 -45.067741394042969
   vertex -51.168815612792969 48.3260498046875 -44.935115814208984
  endloop
 endfacet
 facet normal 0.041710736743691468 -0.23601689994025318 -0.97085335524109451
  outer loop
   vertex -51.168815612792969 48.681388854980469 -45.021499633789062
   vertex -51.168815612792969 48.3260498046875 -44.935115814208984
   vertex -51.524154663085938 48.3260498046875 -44.950382232666016
  endloop
 endfacet
 facet normal 0.04209018747622275 -0.19607380437761637 -0.97968539815346056
  outer loop
   vertex -51.524154663085938 48.3260498046875 -44.950382232666016
   vertex -51.168815612792969 48.3260498046875 -44.935115814208984
   vertex -51.524154663085938 47.970710754394531 -44.879264831542969
  endloop
 endfacet
 facet normal -0.15319554757405265 -0.19393118716799507 -0.96897978247592886
  outer loop
   vertex -51.524154663085938 48.3260498046875 -44.950382232666016
   vertex -51.524154663085938 47.970710754394531 -44.879264831542969
   vertex -51.879493713378906 47.970710754394531 -44.823085784912109
  endloop
 endfacet
 facet normal -0.12693784110774742 -0.58244626533557275 -0.80289671346415914
  outer loop
   vertex -51.879493713378906 47.970710754394531 -44.823085784912109
   vertex -51.524154663085938 47.970710754394531 -44.879264831542969
   vertex -51.524154663085938 47.823829650878906 -44.772712707519531
  endloop
 endfacet
 facet normal -0.13745715347550908 -0.60223572956322236 -0.78639535667236982
  outer loop
   vertex -51.879493713378906 47.970710754394531 -44.823085784912109
   vertex -51.524154663085938 47.823829650878906 -44.772712707519531
   vertex -51.879493713378906 47.904933929443359 -44.772712707519531
  endloop
 endfacet
 facet normal -0.15595324115898618 -0.68327192577769447 -0.71331484073727758
  outer loop
   vertex -51.879493713378906 47.904933929443359 -44.772712707519531
   vertex -51.524154663085938 47.823829650878906 -44.772712707519531
   vertex -51.879493713378906 47.615371704101562 -44.495346069335938
  endloop
 endfacet
 facet normal -0.4796496410678352 -0.60697047465368914 -0.6336584764067883
  outer loop
   vertex -51.879493713378906 47.904933929443359 -44.772712707519531
   vertex -51.879493713378906 47.615371704101562 -44.495346069335938
   vertex -51.982501983642578 47.615371704101562 -44.417373657226562
  endloop
 endfacet
 facet normal -0.43592151790156314 -0.69160920962960692 -0.5758898604645748
  outer loop
   vertex -51.982501983642578 47.615371704101562 -44.417373657226562
   vertex -51.879493713378906 47.615371704101562 -44.495346069335938
   vertex -51.879493713378906 47.550445556640625 -44.417373657226562
  endloop
 endfacet
 facet normal -0.46725468252053892 -0.59860205668216748 -0.65065247206055365
  outer loop
   vertex -52.590171813964844 48.967926025390625 -45.1280517578125
   vertex -52.945510864257812 48.859058380126953 -44.772712707519531
   vertex -52.678314208984375 49.036727905273438 -45.1280517578125
  endloop
 endfacet
 facet normal -0.44680518440893829 -0.61930088874607914 -0.64562491927094268
  outer loop
   vertex -52.678314208984375 49.036727905273438 -45.1280517578125
   vertex -52.945510864257812 48.859058380126953 -44.772712707519531
   vertex -52.945510864257812 49.036727905273438 -44.943138122558594
  endloop
 endfacet
 facet normal -0.41874373498240203 -0.53645446554132736 -0.73271433097337224
  outer loop
   vertex -52.678314208984375 49.036727905273438 -45.1280517578125
   vertex -52.590171813964844 49.036727905273438 -45.178424835205078
   vertex -52.590171813964844 48.967926025390625 -45.1280517578125
  endloop
 endfacet
 facet normal 0.22550908836582148 -0.39710279425116818 0.88963757894005946
  outer loop
   vertex -49.036781311035156 48.329544067382812 -40.863983154296875
   vertex -49.036781311035156 48.681388854980469 -40.706932067871094
   vertex -49.042934417724609 48.3260498046875 -40.863983154296875
  endloop
 endfacet
 facet normal 0.25022335459941081 -0.39501327633860145 0.88394161816788619
  outer loop
   vertex -49.042934417724609 48.3260498046875 -40.863983154296875
   vertex -49.036781311035156 48.681388854980469 -40.706932067871094
   vertex -49.392120361328125 48.3260498046875 -40.76513671875
  endloop
 endfacet
 facet normal 0.21738379707132216 -0.60251500734323304 0.76793225658064279
  outer loop
   vertex -49.042934417724609 48.3260498046875 -40.863983154296875
   vertex -49.392120361328125 48.3260498046875 -40.76513671875
   vertex -49.392120361328125 48.200065612792969 -40.863983154296875
  endloop
 endfacet
 facet normal 0.036277128284214866 -0.61687011677156156 0.78622848396486544
  outer loop
   vertex -49.392120361328125 48.200065612792969 -40.863983154296875
   vertex -49.392120361328125 48.3260498046875 -40.76513671875
   vertex -49.747459411621094 48.179168701171875 -40.863983154296875
  endloop
 endfacet
 facet normal 0.046659261395688358 -0.7934118654633755 0.60689416298720111
  outer loop
   vertex -49.392120361328125 48.200065612792969 -40.863983154296875
   vertex -49.747459411621094 48.179168701171875 -40.863983154296875
   vertex -49.392120361328125 47.970710754394531 -41.163825988769531
  endloop
 endfacet
 facet normal 0.19831029166056766 -0.6788640962708834 0.70697706258111204
  outer loop
   vertex -49.392120361328125 47.970710754394531 -41.163825988769531
   vertex -49.747459411621094 48.179168701171875 -40.863983154296875
   vertex -49.747459411621094 47.970710754394531 -41.064151763916016
  endloop
 endfacet
 facet normal 0.17044648156072056 -0.77570525423493397 0.60764245693984165
  outer loop
   vertex -49.392120361328125 47.970710754394531 -41.163825988769531
   vertex -49.747459411621094 47.970710754394531 -41.064151763916016
   vertex -49.747459411621094 47.849159240722656 -41.219322204589844
  endloop
 endfacet
 facet normal 0.081584971562765021 -0.78460046469869515 0.61461044834081235
  outer loop
   vertex -49.747459411621094 47.849159240722656 -41.219322204589844
   vertex -49.747459411621094 47.970710754394531 -41.064151763916016
   vertex -50.102798461914062 47.812210083007812 -41.219322204589844
  endloop
 endfacet
 facet normal 0.0097527181470295609 -0.43869867771757004 0.89858130108388079
  outer loop
   vertex -50.458137512207031 48.681388854980469 -40.634052276611328
   vertex -50.8134765625 48.681388854980469 -40.630195617675781
   vertex -50.8134765625 48.3260498046875 -40.803676605224609
  endloop
 endfacet
 facet normal -0.093036183695333244 -0.43681669687308172 0.89472646202976369
  outer loop
   vertex -50.8134765625 48.3260498046875 -40.803676605224609
   vertex -50.8134765625 48.681388854980469 -40.630195617675781
   vertex -51.168815612792969 48.681388854980469 -40.667144775390625
  endloop
 endfacet
 facet normal -0.26926760562598318 -0.56807521933515626 0.77767956237628111
  outer loop
   vertex -50.8134765625 48.3260498046875 -40.803676605224609
   vertex -51.168815612792969 48.681388854980469 -40.667144775390625
   vertex -51.168815612792969 48.411922454833984 -40.863983154296875
  endloop
 endfacet
 facet normal -0.12472260263534006 -0.58525567656450184 0.80119914218681876
  outer loop
   vertex -51.168815612792969 48.411922454833984 -40.863983154296875
   vertex -51.168815612792969 48.681388854980469 -40.667144775390625
   vertex -51.524154663085938 48.487648010253906 -40.863983154296875
  endloop
 endfacet
 facet normal -0.12156755682218642 -0.57045075401675804 0.81228521245311158
  outer loop
   vertex -51.168815612792969 48.411922454833984 -40.863983154296875
   vertex -51.524154663085938 48.487648010253906 -40.863983154296875
   vertex -51.168815612792969 48.3260498046875 -40.924289703369141
  endloop
 endfacet
 facet normal -0.13645229268586809 -0.59549377230528266 0.79168676821479989
  outer loop
   vertex -51.168815612792969 48.3260498046875 -40.924289703369141
   vertex -51.524154663085938 48.487648010253906 -40.863983154296875
   vertex -51.524154663085938 48.3260498046875 -40.98553466796875
  endloop
 endfacet
 facet normal -0.15305864025494212 -0.43355015776231726 0.88803564869186291
  outer loop
   vertex -51.168815612792969 48.3260498046875 -40.924289703369141
   vertex -51.524154663085938 48.3260498046875 -40.98553466796875
   vertex -51.524154663085938 47.970710754394531 -41.159015655517578
  endloop
 endfacet
 facet normal -0.26764139278799715 -0.55374696233401299 0.78850008660262938
  outer loop
   vertex -50.8134765625 48.3260498046875 -40.803676605224609
   vertex -51.168815612792969 48.411922454833984 -40.863983154296875
   vertex -50.991146087646484 48.3260498046875 -40.863983154296875
  endloop
 endfacet
 facet normal -0.26764139278799715 -0.55374696233401299 0.78850008660262938
  outer loop
   vertex -50.991146087646484 48.3260498046875 -40.863983154296875
   vertex -51.168815612792969 48.411922454833984 -40.863983154296875
   vertex -51.168815612792969 48.3260498046875 -40.924289703369141
  endloop
 endfacet
 facet normal -0.082813639660639815 -0.59905142329287475 0.7964165325612842
  outer loop
   vertex -51.524154663085938 48.681388854980469 -40.705482482910156
   vertex -51.879493713378906 48.681388854980469 -40.742431640625
   vertex -51.879493713378906 48.519790649414062 -40.863983154296875
  endloop
 endfacet
 facet normal -0.12706427347199784 -0.59624387053128802 0.79268399584002081
  outer loop
   vertex -51.879493713378906 48.519790649414062 -40.863983154296875
   vertex -51.879493713378906 48.681388854980469 -40.742431640625
   vertex -52.234832763671875 48.595516204833984 -40.863983154296875
  endloop
 endfacet
 facet normal -0.13642844336821577 -0.64018485213587717 0.75600967912844264
  outer loop
   vertex -51.879493713378906 48.519790649414062 -40.863983154296875
   vertex -52.234832763671875 48.595516204833984 -40.863983154296875
   vertex -51.879493713378906 48.3260498046875 -41.028041839599609
  endloop
 endfacet
 facet normal -0.12228065387071661 -0.62877513136585717 0.7679122839652972
  outer loop
   vertex -51.879493713378906 48.3260498046875 -41.028041839599609
   vertex -52.234832763671875 48.595516204833984 -40.863983154296875
   vertex -52.234832763671875 48.3260498046875 -41.084625244140625
  endloop
 endfacet
 facet normal -0.10426766112924564 -0.74858228385507886 0.65479219538793443
  outer loop
   vertex -51.879493713378906 48.3260498046875 -41.028041839599609
   vertex -52.234832763671875 48.3260498046875 -41.084625244140625
   vertex -52.234832763671875 48.208229064941406 -41.219322204589844
  endloop
 endfacet
 facet normal -0.19059562177002354 -0.73888722190268408 0.64631183052071084
  outer loop
   vertex -52.234832763671875 48.208229064941406 -41.219322204589844
   vertex -52.234832763671875 48.3260498046875 -41.084625244140625
   vertex -52.590171813964844 48.299888610839844 -41.219322204589844
  endloop
 endfacet
 facet normal -0.21644228381223948 -0.83908767842142951 0.49908376621512934
  outer loop
   vertex -52.234832763671875 48.208229064941406 -41.219322204589844
   vertex -52.590171813964844 48.299888610839844 -41.219322204589844
   vertex -52.590171813964844 48.088535308837891 -41.574661254882812
  endloop
 endfacet
 facet normal -0.31470375566779007 -0.81579158569751897 0.48522740532013997
  outer loop
   vertex -52.590171813964844 48.088535308837891 -41.574661254882812
   vertex -52.590171813964844 48.299888610839844 -41.219322204589844
   vertex -52.945510864257812 48.225612640380859 -41.574661254882812
  endloop
 endfacet
 facet normal -0.32286556171205394 -0.83694904751705423 0.44189831513670164
  outer loop
   vertex -52.590171813964844 48.088535308837891 -41.574661254882812
   vertex -52.945510864257812 48.225612640380859 -41.574661254882812
   vertex -52.945510864257812 48.037998199462891 -41.930000305175781
  endloop
 endfacet
 facet normal -0.46884096913270046 -0.78109415286004868 0.41240765030556004
  outer loop
   vertex -52.945510864257812 48.037998199462891 -41.930000305175781
   vertex -52.945510864257812 48.225612640380859 -41.574661254882812
   vertex -53.300849914550781 48.251285552978516 -41.930000305175781
  endloop
 endfacet
 facet normal -0.49947757588883301 -0.83213507286530253 0.24098417311448633
  outer loop
   vertex -52.945510864257812 48.037998199462891 -41.930000305175781
   vertex -53.300849914550781 48.251285552978516 -41.930000305175781
   vertex -53.300849914550781 48.148380279541016 -42.28533935546875
  endloop
 endfacet
 facet normal -0.5333661205185134 -0.81249956090620623 0.23529777944182306
  outer loop
   vertex -53.300849914550781 48.148380279541016 -42.28533935546875
   vertex -53.300849914550781 48.251285552978516 -41.930000305175781
   vertex -53.414741516113281 48.3260498046875 -41.930000305175781
  endloop
 endfacet
 facet normal -0.54144595413101715 -0.80846628951341826 0.23069143346808166
  outer loop
   vertex -53.300849914550781 48.148380279541016 -42.28533935546875
   vertex -53.414741516113281 48.3260498046875 -41.930000305175781
   vertex -53.566139221191406 48.3260498046875 -42.28533935546875
  endloop
 endfacet
 facet normal -0.54145921240582662 -0.8084557981057523 0.23069708236137895
  outer loop
   vertex -53.566139221191406 48.3260498046875 -42.28533935546875
   vertex -53.414741516113281 48.3260498046875 -41.930000305175781
   vertex -53.65618896484375 48.386360168457031 -42.28533935546875
  endloop
 endfacet
 facet normal 0.77979115450550451 -0.52851077088753318 0.33556239421430678
  outer loop
   vertex -48.540897369384766 48.681388854980469 -41.219322204589844
   vertex -48.681442260742188 48.681388854980469 -40.892719268798828
   vertex -48.681442260742188 48.474021911621094 -41.219322204589844
  endloop
 endfacet
 facet normal 0.67941606089936113 -0.61944388785168358 0.39329770657249752
  outer loop
   vertex -48.681442260742188 48.474021911621094 -41.219322204589844
   vertex -48.681442260742188 48.681388854980469 -40.892719268798828
   vertex -48.816352844238281 48.3260498046875 -41.219322204589844
  endloop
 endfacet
 facet normal 0.69284020224470388 -0.63168307792178902 0.34777714591498521
  outer loop
   vertex -48.681442260742188 48.474021911621094 -41.219322204589844
   vertex -48.816352844238281 48.3260498046875 -41.219322204589844
   vertex -48.681442260742188 48.3260498046875 -41.488090515136719
  endloop
 endfacet
 facet normal 0.59855417197161098 -0.74260556678921241 0.30044945563114561
  outer loop
   vertex -48.681442260742188 48.3260498046875 -41.488090515136719
   vertex -48.816352844238281 48.3260498046875 -41.219322204589844
   vertex -49.036781311035156 48.148380279541016 -41.219322204589844
  endloop
 endfacet
 facet normal 0.61252365442883239 -0.71490655472111586 0.33722898864411499
  outer loop
   vertex -48.681442260742188 48.3260498046875 -41.488090515136719
   vertex -49.036781311035156 48.148380279541016 -41.219322204589844
   vertex -48.681442260742188 48.285213470458984 -41.574661254882812
  endloop
 endfacet
 facet normal 0.54383099081063269 -0.80607616825539707 0.23342892795157635
  outer loop
   vertex -48.681442260742188 48.285213470458984 -41.574661254882812
   vertex -49.036781311035156 48.148380279541016 -41.219322204589844
   vertex -49.036781311035156 48.045478820800781 -41.574661254882812
  endloop
 endfacet
 facet normal -0.35139003825627518 -0.66969207276598008 0.65424580142990507
  outer loop
   vertex -52.590171813964844 48.3260498046875 -41.190902709960938
   vertex -52.945510864257812 48.484733581542969 -41.219322204589844
   vertex -52.643085479736328 48.3260498046875 -41.219322204589844
  endloop
 endfacet
 facet normal -0.3838320935146991 -0.73152133616404225 0.56351526929170048
  outer loop
   vertex -52.643085479736328 48.3260498046875 -41.219322204589844
   vertex -52.945510864257812 48.484733581542969 -41.219322204589844
   vertex -52.945510864257812 48.3260498046875 -41.425315856933594
  endloop
 endfacet
 facet normal -0.35531051069821734 -0.77565725754080594 0.52164188847488835
  outer loop
   vertex -52.643085479736328 48.3260498046875 -41.219322204589844
   vertex -52.945510864257812 48.3260498046875 -41.425315856933594
   vertex -52.945510864257812 48.225612640380859 -41.574661254882812
  endloop
 endfacet
 facet normal -0.42468661583939915 -0.75125447729575812 0.50523062918825068
  outer loop
   vertex -52.945510864257812 48.225612640380859 -41.574661254882812
   vertex -52.945510864257812 48.3260498046875 -41.425315856933594
   vertex -53.123180389404297 48.3260498046875 -41.574661254882812
  endloop
 endfacet
 facet normal -0.4522179833381671 -0.7999564196883715 0.3944218834508591
  outer loop
   vertex -52.945510864257812 48.225612640380859 -41.574661254882812
   vertex -53.123180389404297 48.3260498046875 -41.574661254882812
   vertex -53.300849914550781 48.251285552978516 -41.930000305175781
  endloop
 endfacet
 facet normal -0.45418497152664095 -0.79850600409053152 0.39510020636632986
  outer loop
   vertex -53.300849914550781 48.251285552978516 -41.930000305175781
   vertex -53.123180389404297 48.3260498046875 -41.574661254882812
   vertex -53.300849914550781 48.3260498046875 -41.778900146484375
  endloop
 endfacet
 facet normal -0.50710411104314301 -0.77249351187836501 0.38222924360777777
  outer loop
   vertex -53.300849914550781 48.251285552978516 -41.930000305175781
   vertex -53.300849914550781 48.3260498046875 -41.778900146484375
   vertex -53.414741516113281 48.3260498046875 -41.930000305175781
  endloop
 endfacet
 facet normal -0.47038907652773176 -0.80809940042195949 0.35455532110103405
  outer loop
   vertex -53.414741516113281 48.3260498046875 -41.930000305175781
   vertex -53.300849914550781 48.3260498046875 -41.778900146484375
   vertex -53.65618896484375 48.466594696044922 -41.930000305175781
  endloop
 endfacet
 facet normal -0.49375747231889494 -0.84824486206205074 0.19153123117285145
  outer loop
   vertex -53.414741516113281 48.3260498046875 -41.930000305175781
   vertex -53.65618896484375 48.466594696044922 -41.930000305175781
   vertex -53.65618896484375 48.386360168457031 -42.28533935546875
  endloop
 endfacet
 facet normal -0.42995018215106784 -0.88068122674316063 0.1988552682993977
  outer loop
   vertex -53.65618896484375 48.386360168457031 -42.28533935546875
   vertex -53.65618896484375 48.466594696044922 -41.930000305175781
   vertex -54.011528015136719 48.559837341308594 -42.28533935546875
  endloop
 endfacet
 facet normal -0.25198587627335867 -0.68428909028229723 0.68428909028229723
  outer loop
   vertex -52.945510864257812 48.681388854980469 -41.047634124755859
   vertex -53.300849914550781 48.681388854980469 -41.178485870361328
   vertex -53.300849914550781 48.640552520751953 -41.219322204589844
  endloop
 endfacet
 facet normal -0.4110205886343713 -0.64461696988159367 0.64461696988159367
  outer loop
   vertex -53.300849914550781 48.640552520751953 -41.219322204589844
   vertex -53.300849914550781 48.681388854980469 -41.178485870361328
   vertex -53.364894866943359 48.681388854980469 -41.219322204589844
  endloop
 endfacet
 facet normal -0.45063584922166922 -0.7067468727307431 0.5453771074051238
  outer loop
   vertex -53.300849914550781 48.640552520751953 -41.219322204589844
   vertex -53.364894866943359 48.681388854980469 -41.219322204589844
   vertex -53.65618896484375 48.592918395996094 -41.574661254882812
  endloop
 endfacet
 facet normal 0.71490640719057819 -0.61252386493312228 0.33722891905239888
  outer loop
   vertex -48.681442260742188 48.474021911621094 -41.219322204589844
   vertex -48.681442260742188 48.3260498046875 -41.488090515136719
   vertex -48.640605926513672 48.3260498046875 -41.574661254882812
  endloop
 endfacet
 facet normal 0.67077682975487574 -0.67077682975487574 0.31641253029549415
  outer loop
   vertex -48.640605926513672 48.3260498046875 -41.574661254882812
   vertex -48.681442260742188 48.3260498046875 -41.488090515136719
   vertex -48.681442260742188 48.285213470458984 -41.574661254882812
  endloop
 endfacet
 facet normal 0.7863802177081487 -0.53297657029104717 0.3123173525727907
  outer loop
   vertex -48.681442260742188 48.474021911621094 -41.219322204589844
   vertex -48.640605926513672 48.3260498046875 -41.574661254882812
   vertex -48.540897369384766 48.681388854980469 -41.219322204589844
  endloop
 endfacet
 facet normal -0.41671686275104114 -0.76195775292987367 0.49574937120382484
  outer loop
   vertex -53.123180389404297 48.3260498046875 -41.574661254882812
   vertex -52.945510864257812 48.3260498046875 -41.425315856933594
   vertex -53.300849914550781 48.4232177734375 -41.574661254882812
  endloop
 endfacet
 facet normal -0.42766568843512082 -0.7161003958747757 0.55163600495553555
  outer loop
   vertex -53.300849914550781 48.4232177734375 -41.574661254882812
   vertex -52.945510864257812 48.3260498046875 -41.425315856933594
   vertex -52.945510864257812 48.484733581542969 -41.219322204589844
  endloop
 endfacet
 facet normal 0.63178455311858406 -0.57551959911807715 0.51925472503552517
  outer loop
   vertex -48.141189575195312 48.681388854980469 -41.930000305175781
   vertex -48.326103210449219 48.681388854980469 -41.705013275146484
   vertex -48.326103210449219 48.478397369384766 -41.930000305175781
  endloop
 endfacet
 facet normal 0.65540933342050034 -0.56076663051752751 0.50594405991504077
  outer loop
   vertex -48.326103210449219 48.478397369384766 -41.930000305175781
   vertex -48.326103210449219 48.681388854980469 -41.705013275146484
   vertex -48.456451416015625 48.3260498046875 -41.930000305175781
  endloop
 endfacet
 facet normal 0.68127369465694276 -0.58289611504188432 0.44282984546838888
  outer loop
   vertex -48.326103210449219 48.478397369384766 -41.930000305175781
   vertex -48.456451416015625 48.3260498046875 -41.930000305175781
   vertex -48.326103210449219 48.3260498046875 -42.130535125732422
  endloop
 endfacet
 facet normal 0.61683158600342292 -0.67732124861417975 0.40094229096495959
  outer loop
   vertex -48.326103210449219 48.3260498046875 -42.130535125732422
   vertex -48.456451416015625 48.3260498046875 -41.930000305175781
   vertex -48.615665435791016 47.970710754394531 -42.28533935546875
  endloop
 endfacet
 facet normal 0.59167315758038153 -0.67450828823990416 0.44154438473899249
  outer loop
   vertex -48.326103210449219 48.3260498046875 -42.130535125732422
   vertex -48.615665435791016 47.970710754394531 -42.28533935546875
   vertex -48.326103210449219 48.224712371826172 -42.28533935546875
  endloop
 endfacet
 facet normal 0.6184098169757789 -0.70498812010483514 0.34721902133816651
  outer loop
   vertex -48.326103210449219 48.224712371826172 -42.28533935546875
   vertex -48.615665435791016 47.970710754394531 -42.28533935546875
   vertex -48.416152954101562 47.970710754394531 -42.640678405761719
  endloop
 endfacet
 facet normal 0.59583120251096178 -0.71709959041877047 0.36159833453097229
  outer loop
   vertex -48.326103210449219 48.224712371826172 -42.28533935546875
   vertex -48.416152954101562 47.970710754394531 -42.640678405761719
   vertex -48.326103210449219 48.0455322265625 -42.640678405761719
  endloop
 endfacet
 facet normal 0.60115956376381363 -0.72351242287185602 0.33931836502818097
  outer loop
   vertex -48.326103210449219 48.0455322265625 -42.640678405761719
   vertex -48.416152954101562 47.970710754394531 -42.640678405761719
   vertex -48.326103210449219 47.970710754394531 -42.800216674804688
  endloop
 endfacet
 facet normal 0.63659086146320887 -0.69822770509922449 0.32746014556492248
  outer loop
   vertex -48.326103210449219 48.0455322265625 -42.640678405761719
   vertex -48.326103210449219 47.970710754394531 -42.800216674804688
   vertex -48.018424987792969 48.3260498046875 -42.640678405761719
  endloop
 endfacet
 facet normal 0.55010461561340318 -0.68850405138038084 0.47259610992223788
  outer loop
   vertex -48.018424987792969 48.3260498046875 -42.640678405761719
   vertex -48.326103210449219 47.970710754394531 -42.800216674804688
   vertex -48.157890319824219 47.970710754394531 -42.996017456054688
  endloop
 endfacet
 facet normal 0.52363142032305154 -0.69634594470591105 0.49082834162474348
  outer loop
   vertex -48.018424987792969 48.3260498046875 -42.640678405761719
   vertex -48.157890319824219 47.970710754394531 -42.996017456054688
   vertex -47.97076416015625 48.3260498046875 -42.691524505615234
  endloop
 endfacet
 facet normal 0.3795823823924771 -0.70909151856051533 0.5942275938416135
  outer loop
   vertex -47.97076416015625 48.3260498046875 -42.691524505615234
   vertex -48.157890319824219 47.970710754394531 -42.996017456054688
   vertex -47.97076416015625 48.070880889892578 -42.996017456054688
  endloop
 endfacet
 facet normal 0.69086503366462337 -0.55031344061835952 0.46889297535190499
  outer loop
   vertex -48.326103210449219 48.681388854980469 -41.705013275146484
   vertex -48.414573669433594 48.681388854980469 -41.574661254882812
   vertex -48.456451416015625 48.3260498046875 -41.930000305175781
  endloop
 endfacet
 facet normal -0.44280409949555655 -0.8096576999845142 0.38519986802401096
  outer loop
   vertex -53.123180389404297 48.3260498046875 -41.574661254882812
   vertex -53.300849914550781 48.4232177734375 -41.574661254882812
   vertex -53.300849914550781 48.3260498046875 -41.778900146484375
  endloop
 endfacet
 facet normal -0.47504436767012165 -0.79461663395209592 0.37804398393776223
  outer loop
   vertex -53.300849914550781 48.3260498046875 -41.778900146484375
   vertex -53.300849914550781 48.4232177734375 -41.574661254882812
   vertex -53.65618896484375 48.466594696044922 -41.930000305175781
  endloop
 endfacet
 facet normal 0.67110223845271533 -0.59716817153875024 0.43933126504361242
  outer loop
   vertex -48.224761962890625 48.3260498046875 -42.28533935546875
   vertex -48.141189575195312 48.681388854980469 -41.930000305175781
   vertex -48.326103210449219 48.3260498046875 -42.130535125732422
  endloop
 endfacet
 facet normal 0.6581299823108151 -0.5995187785416054 0.4554581874986417
  outer loop
   vertex -48.326103210449219 48.3260498046875 -42.130535125732422
   vertex -48.141189575195312 48.681388854980469 -41.930000305175781
   vertex -48.326103210449219 48.478397369384766 -41.930000305175781
  endloop
 endfacet
 facet normal -0.5315816912249367 -0.83208981145396888 0.15826386583467059
  outer loop
   vertex -54.011528015136719 48.547801971435547 -42.640678405761719
   vertex -53.664417266845703 48.3260498046875 -42.640678405761719
   vertex -53.65618896484375 48.3260498046875 -42.613040924072266
  endloop
 endfacet
 facet normal -0.55187581348141002 -0.81757975939519323 0.16430588401371998
  outer loop
   vertex -53.65618896484375 48.3260498046875 -42.613040924072266
   vertex -53.664417266845703 48.3260498046875 -42.640678405761719
   vertex -53.65618896484375 48.32049560546875 -42.640678405761719
  endloop
 endfacet
 facet normal -0.58033358573509075 -0.79446483532877321 -0.17899316940564347
  outer loop
   vertex -53.65618896484375 48.3260498046875 -42.664157867431641
   vertex -53.65618896484375 48.40081787109375 -42.996017456054688
   vertex -53.5538330078125 48.3260498046875 -42.996017456054688
  endloop
 endfacet
 facet normal -0.55634173872301007 -0.76162048639876556 -0.3322921973991651
  outer loop
   vertex -53.5538330078125 48.3260498046875 -42.996017456054688
   vertex -53.65618896484375 48.40081787109375 -42.996017456054688
   vertex -53.65618896484375 48.555850982666016 -43.351356506347656
  endloop
 endfacet
 facet normal -0.61380642172118638 -0.73170542913699699 -0.29639305259279619
  outer loop
   vertex -53.5538330078125 48.3260498046875 -42.996017456054688
   vertex -53.65618896484375 48.555850982666016 -43.351356506347656
   vertex -53.382247924804688 48.3260498046875 -43.351356506347656
  endloop
 endfacet
 facet normal -0.59955846503265131 -0.71472074651690298 -0.36014427873563654
  outer loop
   vertex -53.382247924804688 48.3260498046875 -43.351356506347656
   vertex -53.65618896484375 48.555850982666016 -43.351356506347656
   vertex -53.300849914550781 48.436820983886719 -43.706695556640625
  endloop
 endfacet
 facet normal -0.60199116085423121 -0.71270835906887142 -0.36007421063821227
  outer loop
   vertex -53.382247924804688 48.3260498046875 -43.351356506347656
   vertex -53.300849914550781 48.436820983886719 -43.706695556640625
   vertex -53.300849914550781 48.3260498046875 -43.487442016601562
  endloop
 endfacet
 facet normal -0.6341439418493976 -0.69013764206641859 -0.34867104270173049
  outer loop
   vertex -53.300849914550781 48.3260498046875 -43.487442016601562
   vertex -53.300849914550781 48.436820983886719 -43.706695556640625
   vertex -53.1802978515625 48.3260498046875 -43.706695556640625
  endloop
 endfacet
 facet normal -0.64088896883852497 -0.68197500439269587 -0.35237965747851391
  outer loop
   vertex -53.300849914550781 48.3260498046875 -43.487442016601562
   vertex -53.1802978515625 48.3260498046875 -43.706695556640625
   vertex -52.945510864257812 48.10540771484375 -43.706695556640625
  endloop
 endfacet
 facet normal -0.66645692675772383 -0.70918206998762767 -0.2299912093639962
  outer loop
   vertex -52.945510864257812 48.10540771484375 -43.706695556640625
   vertex -53.1802978515625 48.3260498046875 -43.706695556640625
   vertex -52.945510864257812 48.220645904541016 -44.062034606933594
  endloop
 endfacet
 facet normal -0.74698824366048711 -0.6324119670344549 -0.20509428998544121
  outer loop
   vertex -52.945510864257812 48.10540771484375 -43.706695556640625
   vertex -52.945510864257812 48.220645904541016 -44.062034606933594
   vertex -52.831474304199219 47.970710754394531 -43.706695556640625
  endloop
 endfacet
 facet normal 0.45928622524984541 -0.31860609021142794 -0.82918413068264629
  outer loop
   vertex -47.282833099365234 48.681388854980469 -43.351356506347656
   vertex -47.529331207275391 48.3260498046875 -43.351356506347656
   vertex -47.615425109863281 48.3260498046875 -43.399044036865234
  endloop
 endfacet
 facet normal 0.37169957453318347 -0.64149940335240641 -0.6710573312246555
  outer loop
   vertex -47.615425109863281 48.3260498046875 -43.399044036865234
   vertex -47.529331207275391 48.3260498046875 -43.351356506347656
   vertex -47.615425109863281 48.276165008544922 -43.351356506347656
  endloop
 endfacet
 facet normal 0.23770646555783312 -0.39650744503145341 -0.88672288921998144
  outer loop
   vertex -47.615425109863281 48.681388854980469 -43.529026031494141
   vertex -47.97076416015625 48.3260498046875 -43.465389251708984
   vertex -47.97076416015625 48.681388854980469 -43.624282836914062
  endloop
 endfacet
 facet normal 0.16134500543168542 -0.40285957986128723 -0.90092838124694274
  outer loop
   vertex -47.97076416015625 48.681388854980469 -43.624282836914062
   vertex -47.97076416015625 48.3260498046875 -43.465389251708984
   vertex -48.326103210449219 48.3260498046875 -43.529026031494141
  endloop
 endfacet
 facet normal 0.22767030719907658 -0.53436866267528371 -0.81401250823958904
  outer loop
   vertex -48.326103210449219 48.591339111328125 -43.706695556640625
   vertex -48.681442260742188 48.3260498046875 -43.631927490234375
   vertex -48.681442260742188 48.439945220947266 -43.706695556640625
  endloop
 endfacet
 facet normal 0.33186010855765669 -0.5176804285786536 -0.78859104877922759
  outer loop
   vertex -48.681442260742188 48.439945220947266 -43.706695556640625
   vertex -48.681442260742188 48.3260498046875 -43.631927490234375
   vertex -48.859111785888672 48.3260498046875 -43.706695556640625
  endloop
 endfacet
 facet normal 0.33184957887619165 -0.51766400295269532 -0.78860626236841802
  outer loop
   vertex -48.681442260742188 48.439945220947266 -43.706695556640625
   vertex -48.859111785888672 48.3260498046875 -43.706695556640625
   vertex -49.036781311035156 48.3260498046875 -43.781459808349609
  endloop
 endfacet
 facet normal 0.32173657223354513 -0.55849132912591271 -0.76457374620018193
  outer loop
   vertex -49.036781311035156 48.3260498046875 -43.781459808349609
   vertex -48.859111785888672 48.3260498046875 -43.706695556640625
   vertex -49.036781311035156 48.223697662353516 -43.706695556640625
  endloop
 endfacet
 facet normal 0.41821661970317525 -0.53579261305814441 -0.73349923980626941
  outer loop
   vertex -49.036781311035156 48.3260498046875 -43.781459808349609
   vertex -49.036781311035156 48.223697662353516 -43.706695556640625
   vertex -49.392120361328125 48.3260498046875 -43.984062194824219
  endloop
 endfacet
 facet normal 0.18440263013598415 -0.54690273775287246 -0.81663520952585922
  outer loop
   vertex -48.326103210449219 48.681388854980469 -43.767002105712891
   vertex -48.326103210449219 48.591339111328125 -43.706695556640625
   vertex -48.681442260742188 48.681388854980469 -43.847240447998047
  endloop
 endfacet
 facet normal 0.20957829388740096 -0.49190460542775721 -0.8450483997323518
  outer loop
   vertex -48.681442260742188 48.681388854980469 -43.847240447998047
   vertex -48.326103210449219 48.591339111328125 -43.706695556640625
   vertex -48.681442260742188 48.439945220947266 -43.706695556640625
  endloop
 endfacet
 facet normal 0.3245196559716878 -0.47584995107465361 -0.81746793022739872
  outer loop
   vertex -48.681442260742188 48.681388854980469 -43.847240447998047
   vertex -48.681442260742188 48.439945220947266 -43.706695556640625
   vertex -49.036781311035156 48.3260498046875 -43.781459808349609
  endloop
 endfacet
 facet normal 0.29846500666153614 -0.45388961784929749 -0.83958492995476519
  outer loop
   vertex -48.681442260742188 48.681388854980469 -43.847240447998047
   vertex -49.036781311035156 48.3260498046875 -43.781459808349609
   vertex -49.036781311035156 48.681388854980469 -43.973560333251953
  endloop
 endfacet
 facet normal 0.44833173700927931 -0.42509253473505093 -0.78631735991441265
  outer loop
   vertex -49.036781311035156 48.681388854980469 -43.973560333251953
   vertex -49.036781311035156 48.3260498046875 -43.781459808349609
   vertex -49.392120361328125 48.3260498046875 -43.984062194824219
  endloop
 endfacet
 facet normal 0.5070850987750728 -0.48604901109143411 -0.71177318115907795
  outer loop
   vertex -49.036781311035156 48.681388854980469 -43.973560333251953
   vertex -49.392120361328125 48.3260498046875 -43.984062194824219
   vertex -49.160968780517578 48.681388854980469 -44.062034606933594
  endloop
 endfacet
 facet normal 0.57131450515914173 -0.51233983187980159 -0.64117675633489846
  outer loop
   vertex -49.160968780517578 48.681388854980469 -44.062034606933594
   vertex -49.392120361328125 48.3260498046875 -43.984062194824219
   vertex -49.392120361328125 48.423629760742188 -44.062034606933594
  endloop
 endfacet
 facet normal 0.565420962683435 -0.50705465789259641 -0.65053417194453345
  outer loop
   vertex -49.160968780517578 48.681388854980469 -44.062034606933594
   vertex -49.392120361328125 48.423629760742188 -44.062034606933594
   vertex -49.392120361328125 48.681388854980469 -44.262943267822266
  endloop
 endfacet
 facet normal 0.80017873927929661 -0.3275020336556434 -0.50245039870300956
  outer loop
   vertex -49.537097930908203 48.681388854980469 -44.417373657226562
   vertex -49.459407806396484 48.3260498046875 -44.062034606933594
   vertex -49.682533264160156 48.3260498046875 -44.417373657226562
  endloop
 endfacet
 facet normal 0.75133770232541874 -0.4614253992155688 -0.47178200264858905
  outer loop
   vertex -49.682533264160156 48.3260498046875 -44.417373657226562
   vertex -49.459407806396484 48.3260498046875 -44.062034606933594
   vertex -49.677635192871094 47.970710754394531 -44.062034606933594
  endloop
 endfacet
 facet normal 0.70631040392132183 -0.49567085056599092 -0.50540678785675819
  outer loop
   vertex -49.682533264160156 48.3260498046875 -44.417373657226562
   vertex -49.677635192871094 47.970710754394531 -44.062034606933594
   vertex -49.747459411621094 47.970710754394531 -44.159614562988281
  endloop
 endfacet
 facet normal 0.65739084348199128 -0.58869285709855035 -0.47040195461666806
  outer loop
   vertex -49.747459411621094 47.970710754394531 -44.159614562988281
   vertex -49.677635192871094 47.970710754394531 -44.062034606933594
   vertex -49.747459411621094 47.892738342285156 -44.062034606933594
  endloop
 endfacet
 facet normal 0.52954014717814013 -0.66270239553898358 -0.52954014717814013
  outer loop
   vertex -49.747459411621094 47.970710754394531 -44.159614562988281
   vertex -49.747459411621094 47.892738342285156 -44.062034606933594
   vertex -50.005218505859375 47.970710754394531 -44.417373657226562
  endloop
 endfacet
 facet normal 0.47824301321607088 -0.7187694640462452 -0.50463261672694748
  outer loop
   vertex -50.005218505859375 47.970710754394531 -44.417373657226562
   vertex -49.747459411621094 47.892738342285156 -44.062034606933594
   vertex -50.102798461914062 47.905784606933594 -44.417373657226562
  endloop
 endfacet
 facet normal 0.45525177340083889 -0.68421506249080244 -0.56973289450065845
  outer loop
   vertex -50.005218505859375 47.970710754394531 -44.417373657226562
   vertex -50.102798461914062 47.905784606933594 -44.417373657226562
   vertex -50.102798461914062 47.970710754394531 -44.495346069335938
  endloop
 endfacet
 facet normal 0.16551260575870116 -0.75786879816608721 -0.63106296207371837
  outer loop
   vertex -50.102798461914062 47.970710754394531 -44.495346069335938
   vertex -50.102798461914062 47.905784606933594 -44.417373657226562
   vertex -50.458137512207031 47.970710754394531 -44.588542938232422
  endloop
 endfacet
 facet normal 0.18234771365222172 -0.69525150532947699 -0.69525150532947699
  outer loop
   vertex -50.102798461914062 47.970710754394531 -44.495346069335938
   vertex -50.458137512207031 47.970710754394531 -44.588542938232422
   vertex -50.102798461914062 48.248077392578125 -44.772712707519531
  endloop
 endfacet
 facet normal 0.18233867241961135 -0.69524549062164542 -0.69525989119934217
  outer loop
   vertex -50.102798461914062 48.248077392578125 -44.772712707519531
   vertex -50.458137512207031 47.970710754394531 -44.588542938232422
   vertex -50.458137512207031 48.154884338378906 -44.772712707519531
  endloop
 endfacet
 facet normal -0.64967927513478096 -0.58948724567541821 -0.48002252722799849
  outer loop
   vertex -53.046848297119141 48.3260498046875 -44.062034606933594
   vertex -52.945510864257812 48.503719329833984 -44.417373657226562
   vertex -52.945510864257812 48.3260498046875 -44.199188232421875
  endloop
 endfacet
 facet normal 0.74459484995197822 -0.30475232049832712 -0.59388932687486151
  outer loop
   vertex -49.537097930908203 48.681388854980469 -44.417373657226562
   vertex -49.682533264160156 48.3260498046875 -44.417373657226562
   vertex -49.747459411621094 48.3260498046875 -44.498775482177734
  endloop
 endfacet
 facet normal 0.69355698329523396 -0.46148558800910444 -0.5531814919014425
  outer loop
   vertex -49.747459411621094 48.3260498046875 -44.498775482177734
   vertex -49.682533264160156 48.3260498046875 -44.417373657226562
   vertex -49.747459411621094 48.228473663330078 -44.417373657226562
  endloop
 endfacet
 facet normal 0.53941458738601566 -0.53940660445565525 -0.64658519777736556
  outer loop
   vertex -49.747459411621094 48.3260498046875 -44.498775482177734
   vertex -49.747459411621094 48.228473663330078 -44.417373657226562
   vertex -50.005218505859375 47.970710754394531 -44.417373657226562
  endloop
 endfacet
 facet normal 0.57735311730626926 -0.57734457291418828 -0.57735311730626926
  outer loop
   vertex -50.005218505859375 47.970710754394531 -44.417373657226562
   vertex -49.747459411621094 48.228473663330078 -44.417373657226562
   vertex -49.747459411621094 47.970710754394531 -44.159614562988281
  endloop
 endfacet
 facet normal -0.53992125537954339 -0.59518276100260903 -0.59518276100260903
  outer loop
   vertex -52.945510864257812 48.503719329833984 -44.417373657226562
   vertex -52.945510864257812 48.681388854980469 -44.595043182373047
   vertex -52.749656677246094 48.681388854980469 -44.772712707519531
  endloop
 endfacet
 facet normal 0.72923406212737885 -0.3255875734786523 -0.60183919333114644
  outer loop
   vertex -49.882396697998047 48.681388854980469 -44.772712707519531
   vertex -50.102798461914062 48.3260498046875 -44.8475341796875
   vertex -50.102798461914062 48.681388854980469 -45.039768218994141
  endloop
 endfacet
 facet normal 0.20281949781036229 -0.46593193623074342 -0.8612616803900095
  outer loop
   vertex -50.102798461914062 48.681388854980469 -45.039768218994141
   vertex -50.102798461914062 48.3260498046875 -44.8475341796875
   vertex -50.458137512207031 48.3260498046875 -44.93121337890625
  endloop
 endfacet
 facet normal 0.29626832567724093 -0.53746645704180773 -0.78952826849665803
  outer loop
   vertex -50.102798461914062 48.681388854980469 -45.039768218994141
   vertex -50.458137512207031 48.3260498046875 -44.93121337890625
   vertex -50.338066101074219 48.681388854980469 -45.1280517578125
  endloop
 endfacet
 facet normal 0.27548187453464373 -0.76354340063215898 0.58404726876679891
  outer loop
   vertex -49.042934417724609 48.3260498046875 -40.863983154296875
   vertex -49.392120361328125 48.200065612792969 -40.863983154296875
   vertex -49.392120361328125 47.970710754394531 -41.163825988769531
  endloop
 endfacet
 facet normal -0.19752137492246671 -0.62729249169915013 0.75331894726378013
  outer loop
   vertex -51.879493713378906 48.096340179443359 -41.219322204589844
   vertex -51.879493713378906 48.3260498046875 -41.028041839599609
   vertex -52.234832763671875 48.208229064941406 -41.219322204589844
  endloop
 endfacet
 facet normal -0.19853102083534069 -0.72108907346354156 0.6637891095050964
  outer loop
   vertex -52.234832763671875 48.3260498046875 -41.084625244140625
   vertex -52.590171813964844 48.3260498046875 -41.190902709960938
   vertex -52.590171813964844 48.299888610839844 -41.219322204589844
  endloop
 endfacet
 facet normal -0.34184267963854803 -0.69141146241853302 0.63646977305587915
  outer loop
   vertex -52.590171813964844 48.299888610839844 -41.219322204589844
   vertex -52.590171813964844 48.3260498046875 -41.190902709960938
   vertex -52.643085479736328 48.3260498046875 -41.219322204589844
  endloop
 endfacet
 facet normal -0.37489163887875293 -0.75825633171291651 0.53338878364292042
  outer loop
   vertex -52.590171813964844 48.299888610839844 -41.219322204589844
   vertex -52.643085479736328 48.3260498046875 -41.219322204589844
   vertex -52.945510864257812 48.225612640380859 -41.574661254882812
  endloop
 endfacet
 facet normal 0.53338668689482072 -0.81248943489447789 0.23528612459772993
  outer loop
   vertex -49.036781311035156 48.148380279541016 -41.219322204589844
   vertex -49.150672912597656 47.970710754394531 -41.574661254882812
   vertex -49.036781311035156 48.045478820800781 -41.574661254882812
  endloop
 endfacet
 facet normal 0.507117680110305 -0.77247476823332994 0.38224912159795166
  outer loop
   vertex -49.036781311035156 48.045478820800781 -41.574661254882812
   vertex -49.150672912597656 47.970710754394531 -41.574661254882812
   vertex -49.036781311035156 47.970710754394531 -41.725757598876953
  endloop
 endfacet
 facet normal -0.48174231030452047 -0.64470825880426952 0.59352810168687897
  outer loop
   vertex -52.855461120605469 47.970710754394531 -41.930000305175781
   vertex -52.590171813964844 47.970710754394531 -41.714675903320312
   vertex -52.945510864257812 48.037998199462891 -41.930000305175781
  endloop
 endfacet
 facet normal -0.47176823790476952 -0.67463534338556008 0.56771637563071586
  outer loop
   vertex -52.945510864257812 48.037998199462891 -41.930000305175781
   vertex -52.590171813964844 47.970710754394531 -41.714675903320312
   vertex -52.590171813964844 48.088535308837891 -41.574661254882812
  endloop
 endfacet
 facet normal 0.64168113534765348 -0.64170529048167746 0.42007099484107735
  outer loop
   vertex -48.326103210449219 48.3260498046875 -42.130535125732422
   vertex -48.326103210449219 48.224712371826172 -42.28533935546875
   vertex -48.224761962890625 48.3260498046875 -42.28533935546875
  endloop
 endfacet
 facet normal 0.65410348052544265 -0.65412810328021498 0.37982240753216528
  outer loop
   vertex -48.224761962890625 48.3260498046875 -42.28533935546875
   vertex -48.326103210449219 48.224712371826172 -42.28533935546875
   vertex -48.018424987792969 48.3260498046875 -42.640678405761719
  endloop
 endfacet
 facet normal 0.61674535670065245 -0.67735620396093466 0.40101588240843733
  outer loop
   vertex -48.615665435791016 47.970710754394531 -42.28533935546875
   vertex -48.456451416015625 48.3260498046875 -41.930000305175781
   vertex -48.681442260742188 47.970710754394531 -42.184177398681641
  endloop
 endfacet
 facet normal 0.64565885417877411 -0.67038041051780828 0.36567027390058293
  outer loop
   vertex -48.681442260742188 47.970710754394531 -42.184177398681641
   vertex -48.456451416015625 48.3260498046875 -41.930000305175781
   vertex -48.681442260742188 48.109355926513672 -41.930000305175781
  endloop
 endfacet
 facet normal 0.52345136987757002 -0.74801193554357837 0.40801569535698634
  outer loop
   vertex -48.681442260742188 47.970710754394531 -42.184177398681641
   vertex -48.681442260742188 48.109355926513672 -41.930000305175781
   vertex -48.879566192626953 47.970710754394531 -41.930000305175781
  endloop
 endfacet
 facet normal -0.55084774733915709 -0.73719099289575052 0.39130065070831882
  outer loop
   vertex -52.855461120605469 47.970710754394531 -41.930000305175781
   vertex -52.945510864257812 48.037998199462891 -41.930000305175781
   vertex -52.945510864257812 47.970710754394531 -42.056766510009766
  endloop
 endfacet
 facet normal -0.59651478588757378 -0.70892278052201274 0.37629589617007558
  outer loop
   vertex -52.945510864257812 47.970710754394531 -42.056766510009766
   vertex -52.945510864257812 48.037998199462891 -41.930000305175781
   vertex -53.300849914550781 48.148380279541016 -42.28533935546875
  endloop
 endfacet
 facet normal -0.58847737947619305 -0.73010363705104331 0.34733708844531858
  outer loop
   vertex -52.945510864257812 47.970710754394531 -42.056766510009766
   vertex -53.300849914550781 48.148380279541016 -42.28533935546875
   vertex -53.080421447753906 47.970710754394531 -42.28533935546875
  endloop
 endfacet
 facet normal 0.63133114855900618 -0.69245872930503705 0.34917315055487808
  outer loop
   vertex -48.326103210449219 48.224712371826172 -42.28533935546875
   vertex -48.326103210449219 48.0455322265625 -42.640678405761719
   vertex -48.018424987792969 48.3260498046875 -42.640678405761719
  endloop
 endfacet
 facet normal -0.62432660457410893 -0.774580537170377 -0.10119922063837328
  outer loop
   vertex -53.300849914550781 48.148380279541016 -42.996017456054688
   vertex -53.080421447753906 47.970710754394531 -42.996017456054688
   vertex -53.138019561767578 47.970710754394531 -42.640678405761719
  endloop
 endfacet
 facet normal -0.73372379254843745 -0.66895786664779688 -0.11893178254094318
  outer loop
   vertex -53.138019561767578 47.970710754394531 -42.640678405761719
   vertex -53.080421447753906 47.970710754394531 -42.996017456054688
   vertex -52.945510864257812 47.822738647460938 -42.996017456054688
  endloop
 endfacet
 facet normal -0.56590164078265992 -0.80578561488834011 -0.17454190270107858
  outer loop
   vertex -53.65618896484375 48.3260498046875 -42.664157867431641
   vertex -53.5538330078125 48.3260498046875 -42.996017456054688
   vertex -53.300849914550781 48.148380279541016 -42.996017456054688
  endloop
 endfacet
 facet normal -0.55627821263362021 -0.79208284499058346 -0.25131517427479005
  outer loop
   vertex -53.300849914550781 48.148380279541016 -42.996017456054688
   vertex -53.5538330078125 48.3260498046875 -42.996017456054688
   vertex -53.300849914550781 48.261123657226562 -43.351356506347656
  endloop
 endfacet
 facet normal -0.57498193388031438 -0.77985362543064529 -0.24743503917984672
  outer loop
   vertex -53.300849914550781 48.148380279541016 -42.996017456054688
   vertex -53.300849914550781 48.261123657226562 -43.351356506347656
   vertex -52.945510864257812 47.999134063720703 -43.351356506347656
  endloop
 endfacet
 facet normal -0.57695416753614337 -0.78252858524427782 -0.2340361122524996
  outer loop
   vertex -52.945510864257812 47.999134063720703 -43.351356506347656
   vertex -53.300849914550781 48.261123657226562 -43.351356506347656
   vertex -52.945510864257812 48.10540771484375 -43.706695556640625
  endloop
 endfacet
 facet normal -0.72108608340234326 -0.66379404724958702 -0.19852537157623451
  outer loop
   vertex -52.945510864257812 47.999134063720703 -43.351356506347656
   vertex -52.945510864257812 48.10540771484375 -43.706695556640625
   vertex -52.919345855712891 47.970710754394531 -43.351356506347656
  endloop
 endfacet
 facet normal -0.74997208291396655 -0.6349381321617138 -0.18546008513068404
  outer loop
   vertex -52.919345855712891 47.970710754394531 -43.351356506347656
   vertex -52.945510864257812 48.10540771484375 -43.706695556640625
   vertex -52.831474304199219 47.970710754394531 -43.706695556640625
  endloop
 endfacet
 facet normal -0.86292037550405187 -0.45807500513069627 -0.21339099140886564
  outer loop
   vertex -52.919345855712891 47.970710754394531 -43.351356506347656
   vertex -52.831474304199219 47.970710754394531 -43.706695556640625
   vertex -52.730716705322266 47.615371704101562 -43.351356506347656
  endloop
 endfacet
 facet normal 0.41927994703270749 -0.78324987706090987 -0.45904679075266336
  outer loop
   vertex -48.157890319824219 47.970710754394531 -42.996017456054688
   vertex -48.326103210449219 47.970710754394531 -43.149658203125
   vertex -47.97076416015625 48.070880889892578 -42.996017456054688
  endloop
 endfacet
 facet normal 0.42378413506807971 -0.76882486495697289 -0.47886880655195346
  outer loop
   vertex -47.97076416015625 48.070880889892578 -42.996017456054688
   vertex -48.326103210449219 47.970710754394531 -43.149658203125
   vertex -48.326103210449219 48.096340179443359 -43.351356506347656
  endloop
 endfacet
 facet normal 0.24547983558448405 -0.91807309931724779 -0.31125782661876544
  outer loop
   vertex -47.97076416015625 48.070880889892578 -42.996017456054688
   vertex -48.326103210449219 48.096340179443359 -43.351356506347656
   vertex -47.97076416015625 48.191352844238281 -43.351356506347656
  endloop
 endfacet
 facet normal 0.1614425748079083 -0.60378109942412406 -0.7806309493080511
  outer loop
   vertex -47.97076416015625 48.191352844238281 -43.351356506347656
   vertex -48.326103210449219 48.096340179443359 -43.351356506347656
   vertex -48.326103210449219 48.3260498046875 -43.529026031494141
  endloop
 endfacet
 facet normal 0.13542453649617281 -0.64018262775488821 -0.75619203780233168
  outer loop
   vertex -47.97076416015625 48.191352844238281 -43.351356506347656
   vertex -48.326103210449219 48.3260498046875 -43.529026031494141
   vertex -47.97076416015625 48.3260498046875 -43.465389251708984
  endloop
 endfacet
 facet normal 0.43737345191107352 -0.76332179036349135 -0.47544117188109208
  outer loop
   vertex -48.326103210449219 48.096340179443359 -43.351356506347656
   vertex -48.326103210449219 47.970710754394531 -43.149658203125
   vertex -48.545356750488281 47.970710754394531 -43.351356506347656
  endloop
 endfacet
 facet normal 0.40313382629303601 -0.80339597825458797 -0.43822142830159505
  outer loop
   vertex -48.545356750488281 47.970710754394531 -43.351356506347656
   vertex -48.326103210449219 47.970710754394531 -43.149658203125
   vertex -48.326103210449219 47.886905670166016 -42.996017456054688
  endloop
 endfacet
 facet normal 0.44262519777043402 -0.77251523019875068 -0.45530556048620308
  outer loop
   vertex -48.545356750488281 47.970710754394531 -43.351356506347656
   vertex -48.326103210449219 47.886905670166016 -42.996017456054688
   vertex -48.681442260742188 47.892738342285156 -43.351356506347656
  endloop
 endfacet
 facet normal 0.4314867096483625 -0.78508061183969391 -0.44437332538108276
  outer loop
   vertex -48.681442260742188 47.892738342285156 -43.351356506347656
   vertex -48.326103210449219 47.886905670166016 -42.996017456054688
   vertex -48.681442260742188 47.691608428955078 -42.996017456054688
  endloop
 endfacet
 facet normal -0.70365165267929741 -0.64774482428228441 -0.29206333952964003
  outer loop
   vertex -52.945510864257812 47.999134063720703 -43.351356506347656
   vertex -52.919345855712891 47.970710754394531 -43.351356506347656
   vertex -52.945510864257812 47.970710754394531 -43.288318634033203
  endloop
 endfacet
 facet normal -0.76351721273665418 -0.56267973960852047 -0.3169116225210718
  outer loop
   vertex -52.945510864257812 47.970710754394531 -43.288318634033203
   vertex -52.919345855712891 47.970710754394531 -43.351356506347656
   vertex -52.804965972900391 47.615371704101562 -42.996017456054688
  endloop
 endfacet
 facet normal -0.79629404102892021 -0.53969575705718376 -0.27321107231645225
  outer loop
   vertex -52.945510864257812 47.970710754394531 -43.288318634033203
   vertex -52.804965972900391 47.615371704101562 -42.996017456054688
   vertex -52.945510864257812 47.822738647460938 -42.996017456054688
  endloop
 endfacet
 facet normal -0.66506645758514116 -0.68078096589069181 -0.30695909088360329
  outer loop
   vertex -52.945510864257812 47.970710754394531 -43.288318634033203
   vertex -53.080421447753906 47.970710754394531 -42.996017456054688
   vertex -52.945510864257812 47.999134063720703 -43.351356506347656
  endloop
 endfacet
 facet normal -0.60099332054720478 -0.74563173450348208 -0.28781998742091131
  outer loop
   vertex -52.945510864257812 47.999134063720703 -43.351356506347656
   vertex -53.080421447753906 47.970710754394531 -42.996017456054688
   vertex -53.300849914550781 48.148380279541016 -42.996017456054688
  endloop
 endfacet
 facet normal -0.59708805474676552 -0.74857020635643257 -0.28832013636617831
  outer loop
   vertex -53.5538330078125 48.3260498046875 -42.996017456054688
   vertex -53.382247924804688 48.3260498046875 -43.351356506347656
   vertex -53.300849914550781 48.261123657226562 -43.351356506347656
  endloop
 endfacet
 facet normal -0.58425235917033436 -0.73247807520426533 -0.34946394685139304
  outer loop
   vertex -53.300849914550781 48.261123657226562 -43.351356506347656
   vertex -53.382247924804688 48.3260498046875 -43.351356506347656
   vertex -53.300849914550781 48.3260498046875 -43.487442016601562
  endloop
 endfacet
 facet normal -0.63689267884130996 -0.69581719632816319 -0.33197310874881808
  outer loop
   vertex -53.300849914550781 48.261123657226562 -43.351356506347656
   vertex -53.300849914550781 48.3260498046875 -43.487442016601562
   vertex -52.945510864257812 48.10540771484375 -43.706695556640625
  endloop
 endfacet
 facet normal 0.34423255899786598 -0.60076854707926231 -0.7215130616739055
  outer loop
   vertex -48.326103210449219 48.096340179443359 -43.351356506347656
   vertex -48.545356750488281 47.970710754394531 -43.351356506347656
   vertex -48.681442260742188 47.970710754394531 -43.416282653808594
  endloop
 endfacet
 facet normal 0.34422807480188239 -0.6007824041331874 -0.72150366277804656
  outer loop
   vertex -48.681442260742188 47.970710754394531 -43.416282653808594
   vertex -48.545356750488281 47.970710754394531 -43.351356506347656
   vertex -48.681442260742188 47.892738342285156 -43.351356506347656
  endloop
 endfacet
 facet normal 0.33941285783556513 -0.57548833958510226 -0.74405112924951367
  outer loop
   vertex -48.326103210449219 48.096340179443359 -43.351356506347656
   vertex -48.681442260742188 47.970710754394531 -43.416282653808594
   vertex -48.326103210449219 48.3260498046875 -43.529026031494141
  endloop
 endfacet
 facet normal 0.31430569860141583 -0.5455923339555343 -0.77687896930965283
  outer loop
   vertex -49.036781311035156 48.223697662353516 -43.706695556640625
   vertex -48.859111785888672 48.3260498046875 -43.706695556640625
   vertex -49.036781311035156 47.970710754394531 -43.529026031494141
  endloop
 endfacet
 facet normal 0.32450272057724511 -0.54780529423977531 -0.77110786790230568
  outer loop
   vertex -49.036781311035156 47.970710754394531 -43.529026031494141
   vertex -48.859111785888672 48.3260498046875 -43.706695556640625
   vertex -48.681442260742188 48.3260498046875 -43.631927490234375
  endloop
 endfacet
 facet normal 0.58921285673012214 -0.49312180522483912 -0.64004616605032838
  outer loop
   vertex -49.392120361328125 47.986148834228516 -43.706695556640625
   vertex -49.392120361328125 47.970710754394531 -43.694801330566406
   vertex -49.405040740966797 47.970710754394531 -43.706695556640625
  endloop
 endfacet
 facet normal 0.58875579857429683 -0.49431045059977002 -0.63954967600100809
  outer loop
   vertex -49.405040740966797 47.970710754394531 -43.706695556640625
   vertex -49.392120361328125 47.970710754394531 -43.694801330566406
   vertex -49.392120361328125 47.615371704101562 -43.420158386230469
  endloop
 endfacet
 facet normal 0.57972022098437359 -0.49859673112359731 -0.64445772948634295
  outer loop
   vertex -49.405040740966797 47.970710754394531 -43.706695556640625
   vertex -49.392120361328125 47.615371704101562 -43.420158386230469
   vertex -49.710655212402344 47.615371704101562 -43.706695556640625
  endloop
 endfacet
 facet normal 0.47734694175796116 -0.70039126791750073 -0.53065239942851228
  outer loop
   vertex -49.710655212402344 47.615371704101562 -43.706695556640625
   vertex -49.392120361328125 47.615371704101562 -43.420158386230469
   vertex -49.392120361328125 47.563243865966797 -43.351356506347656
  endloop
 endfacet
 facet normal 0.48825885146577075 -0.6867941972505841 -0.53843943446617304
  outer loop
   vertex -49.710655212402344 47.615371704101562 -43.706695556640625
   vertex -49.392120361328125 47.563243865966797 -43.351356506347656
   vertex -49.747459411621094 47.589206695556641 -43.706695556640625
  endloop
 endfacet
 facet normal 0.26701753976124237 -0.90429681253443828 -0.33308994025624383
  outer loop
   vertex -49.747459411621094 47.589206695556641 -43.706695556640625
   vertex -49.392120361328125 47.563243865966797 -43.351356506347656
   vertex -49.747459411621094 47.458320617675781 -43.351356506347656
  endloop
 endfacet
 facet normal 0.2891482422425426 -0.89828437716424914 -0.3308753114855883
  outer loop
   vertex -49.747459411621094 47.589206695556641 -43.706695556640625
   vertex -49.747459411621094 47.458320617675781 -43.351356506347656
   vertex -50.102798461914062 47.474826812744141 -43.706695556640625
  endloop
 endfacet
 facet normal 0.19508123696485857 -0.95115504963499475 -0.23926425252868705
  outer loop
   vertex -50.102798461914062 47.474826812744141 -43.706695556640625
   vertex -49.747459411621094 47.458320617675781 -43.351356506347656
   vertex -50.102798461914062 47.385440826416016 -43.351356506347656
  endloop
 endfacet
 facet normal 0.30566911761475402 -0.92337132915470022 -0.23227522259530797
  outer loop
   vertex -50.102798461914062 47.474826812744141 -43.706695556640625
   vertex -50.102798461914062 47.385440826416016 -43.351356506347656
   vertex -50.458137512207031 47.357196807861328 -43.706695556640625
  endloop
 endfacet
 facet normal 0.43113572938278832 -0.82491346128685195 -0.36556772865956932
  outer loop
   vertex -50.458137512207031 47.357196807861328 -43.706695556640625
   vertex -50.102798461914062 47.385440826416016 -43.351356506347656
   vertex -50.458137512207031 47.260032653808594 -43.487442016601562
  endloop
 endfacet
 facet normal 0.37550719462079907 -0.8473421348994955 -0.37550719462079907
  outer loop
   vertex -50.458137512207031 47.357196807861328 -43.706695556640625
   vertex -50.458137512207031 47.260032653808594 -43.487442016601562
   vertex -50.677391052246094 47.260032653808594 -43.706695556640625
  endloop
 endfacet
 facet normal 0.3755029308118441 -0.84734591395924641 -0.3755029308118441
  outer loop
   vertex -50.677391052246094 47.260032653808594 -43.706695556640625
   vertex -50.458137512207031 47.260032653808594 -43.487442016601562
   vertex -50.458137512207031 47.199726104736328 -43.351356506347656
  endloop
 endfacet
 facet normal 0.37550293081184416 -0.84734591395924652 -0.37550293081184416
  outer loop
   vertex -50.677391052246094 47.260032653808594 -43.706695556640625
   vertex -50.458137512207031 47.199726104736328 -43.351356506347656
   vertex -50.8134765625 47.199726104736328 -43.706695556640625
  endloop
 endfacet
 facet normal 0.6108057434759423 -0.51119324268668553 -0.60464684929988077
  outer loop
   vertex -49.392120361328125 47.986148834228516 -43.706695556640625
   vertex -49.405040740966797 47.970710754394531 -43.706695556640625
   vertex -49.459407806396484 48.3260498046875 -44.062034606933594
  endloop
 endfacet
 facet normal 0.71325508456719056 -0.43803739799071684 -0.54716580878246779
  outer loop
   vertex -49.459407806396484 48.3260498046875 -44.062034606933594
   vertex -49.405040740966797 47.970710754394531 -43.706695556640625
   vertex -49.677635192871094 47.970710754394531 -44.062034606933594
  endloop
 endfacet
 facet normal 0.72826052184934531 -0.48457696086148239 -0.48458413234232983
  outer loop
   vertex -49.747459411621094 47.970710754394531 -44.159614562988281
   vertex -49.747459411621094 48.228473663330078 -44.417373657226562
   vertex -49.682533264160156 48.3260498046875 -44.417373657226562
  endloop
 endfacet
 facet normal -0.59518276100260914 -0.59518276100260914 -0.5399212553795435
  outer loop
   vertex -52.590171813964844 47.970710754394531 -44.221519470214844
   vertex -52.590171813964844 48.148380279541016 -44.417373657226562
   vertex -52.412502288818359 47.970710754394531 -44.417373657226562
  endloop
 endfacet
 facet normal -0.5455399157797961 -0.5455399157797961 -0.63621725894693071
  outer loop
   vertex -52.412502288818359 47.970710754394531 -44.417373657226562
   vertex -52.590171813964844 48.148380279541016 -44.417373657226562
   vertex -52.234832763671875 48.207443237304688 -44.772712707519531
  endloop
 endfacet
 facet normal -0.6030315361055365 -0.49105449329959727 -0.62866402081912798
  outer loop
   vertex -52.412502288818359 47.970710754394531 -44.417373657226562
   vertex -52.234832763671875 48.207443237304688 -44.772712707519531
   vertex -52.234832763671875 47.970710754394531 -44.587799072265625
  endloop
 endfacet
 facet normal -0.47880872790084283 -0.54042474035719223 -0.69186942561139242
  outer loop
   vertex -52.234832763671875 47.970710754394531 -44.587799072265625
   vertex -52.234832763671875 48.207443237304688 -44.772712707519531
   vertex -51.967636108398438 47.970710754394531 -44.772712707519531
  endloop
 endfacet
 facet normal -0.43954710172223493 -0.63513712903891206 -0.63513712903891206
  outer loop
   vertex -52.234832763671875 47.970710754394531 -44.587799072265625
   vertex -51.967636108398438 47.970710754394531 -44.772712707519531
   vertex -52.234832763671875 47.800285339355469 -44.417373657226562
  endloop
 endfacet
 facet normal -0.64922451996922792 -0.5633393988796549 -0.51103448449261679
  outer loop
   vertex -52.590171813964844 48.148380279541016 -44.417373657226562
   vertex -52.590171813964844 47.970710754394531 -44.221519470214844
   vertex -52.715709686279297 47.970710754394531 -44.062034606933594
  endloop
 endfacet
 facet normal -0.65957945828277109 -0.54350853575951408 -0.51918533277429468
  outer loop
   vertex -52.715709686279297 47.970710754394531 -44.062034606933594
   vertex -52.590171813964844 47.970710754394531 -44.221519470214844
   vertex -52.590171813964844 47.818363189697266 -44.062034606933594
  endloop
 endfacet
 facet normal -0.69772248947815418 -0.57493926449749799 -0.42735017235925266
  outer loop
   vertex -52.715709686279297 47.970710754394531 -44.062034606933594
   vertex -52.590171813964844 47.818363189697266 -44.062034606933594
   vertex -52.640544891357422 47.615371704101562 -43.706695556640625
  endloop
 endfacet
 facet normal -0.72691227107025813 -0.54682559257277552 -0.4154278775851622
  outer loop
   vertex -52.640544891357422 47.615371704101562 -43.706695556640625
   vertex -52.590171813964844 47.818363189697266 -44.062034606933594
   vertex -52.590171813964844 47.615371704101562 -43.794837951660156
  endloop
 endfacet
 facet normal -0.72299085148292508 -0.55367941737702409 -0.41318679969843441
  outer loop
   vertex -52.640544891357422 47.615371704101562 -43.706695556640625
   vertex -52.590171813964844 47.615371704101562 -43.794837951660156
   vertex -52.590171813964844 47.549594879150391 -43.706695556640625
  endloop
 endfacet
 facet normal -0.61856596021577759 -0.6297160497093528 -0.46992962196565263
  outer loop
   vertex -52.590171813964844 47.549594879150391 -43.706695556640625
   vertex -52.590171813964844 47.615371704101562 -43.794837951660156
   vertex -52.387180328369141 47.615371704101562 -44.062034606933594
  endloop
 endfacet
 facet normal -0.56739595443332047 -0.68856824066983258 -0.45159230378024912
  outer loop
   vertex -52.590171813964844 47.549594879150391 -43.706695556640625
   vertex -52.387180328369141 47.615371704101562 -44.062034606933594
   vertex -52.234832763671875 47.489833831787109 -44.062034606933594
  endloop
 endfacet
 facet normal -0.53661750522946683 -0.65121678891334345 -0.53661750522946683
  outer loop
   vertex -52.234832763671875 47.489833831787109 -44.062034606933594
   vertex -52.387180328369141 47.615371704101562 -44.062034606933594
   vertex -52.234832763671875 47.615371704101562 -44.214382171630859
  endloop
 endfacet
 facet normal 0.56078992588414323 -0.5854548056967579 -0.5854548056967579
  outer loop
   vertex -50.102798461914062 48.248077392578125 -44.772712707519531
   vertex -50.021396636962891 48.3260498046875 -44.772712707519531
   vertex -50.102798461914062 47.970710754394531 -44.495346069335938
  endloop
 endfacet
 facet normal 0.57549295228485597 -0.58104709253288689 -0.57549295228485597
  outer loop
   vertex -50.102798461914062 47.970710754394531 -44.495346069335938
   vertex -50.021396636962891 48.3260498046875 -44.772712707519531
   vertex -49.747459411621094 48.3260498046875 -44.498775482177734
  endloop
 endfacet
 facet normal 0.52774501995029199 -0.53411914566953844 -0.66045585177732236
  outer loop
   vertex -50.102798461914062 47.970710754394531 -44.495346069335938
   vertex -49.747459411621094 48.3260498046875 -44.498775482177734
   vertex -50.005218505859375 47.970710754394531 -44.417373657226562
  endloop
 endfacet
 facet normal 0.080327937290702284 -0.62297455321196549 -0.77810675908963356
  outer loop
   vertex -50.8134765625 48.109066009521484 -44.772712707519531
   vertex -50.458137512207031 48.154884338378906 -44.772712707519531
   vertex -50.8134765625 47.970710754394531 -44.661941528320312
  endloop
 endfacet
 facet normal 0.14452747799112564 -0.69967547049758572 -0.69968996283318707
  outer loop
   vertex -50.8134765625 47.970710754394531 -44.661941528320312
   vertex -50.458137512207031 48.154884338378906 -44.772712707519531
   vertex -50.458137512207031 47.970710754394531 -44.588542938232422
  endloop
 endfacet
 facet normal 0.13898108289372527 -0.72661712830352654 -0.67283861917522514
  outer loop
   vertex -50.8134765625 47.970710754394531 -44.661941528320312
   vertex -50.458137512207031 47.970710754394531 -44.588542938232422
   vertex -50.458137512207031 47.812210083007812 -44.417373657226562
  endloop
 endfacet
 facet normal 0.18971264854950573 -0.72041309467535497 -0.66709375952755678
  outer loop
   vertex -50.458137512207031 47.812210083007812 -44.417373657226562
   vertex -50.458137512207031 47.970710754394531 -44.588542938232422
   vertex -50.102798461914062 47.905784606933594 -44.417373657226562
  endloop
 endfacet
 facet normal 0.21962902282649455 -0.83401726360733663 -0.5061405894978287
  outer loop
   vertex -50.458137512207031 47.812210083007812 -44.417373657226562
   vertex -50.102798461914062 47.905784606933594 -44.417373657226562
   vertex -50.102798461914062 47.690139770507812 -44.062034606933594
  endloop
 endfacet
 facet normal 0.43814471923795401 -0.76846508373216749 -0.46635889622522197
  outer loop
   vertex -50.102798461914062 47.690139770507812 -44.062034606933594
   vertex -50.102798461914062 47.905784606933594 -44.417373657226562
   vertex -49.747459411621094 47.892738342285156 -44.062034606933594
  endloop
 endfacet
 facet normal 0.43025770546970848 -0.75463199518929291 -0.49538758434237001
  outer loop
   vertex -50.102798461914062 47.690139770507812 -44.062034606933594
   vertex -49.747459411621094 47.892738342285156 -44.062034606933594
   vertex -50.102798461914062 47.615371704101562 -43.948139190673828
  endloop
 endfacet
 facet normal 0.35544450472528105 -0.70661069545749711 -0.61185008713382727
  outer loop
   vertex -50.102798461914062 47.615371704101562 -43.948139190673828
   vertex -49.747459411621094 47.892738342285156 -44.062034606933594
   vertex -49.747459411621094 47.615371704101562 -43.741710662841797
  endloop
 endfacet
 facet normal 0.32844855883499291 -0.75661535286334836 -0.56538018360275699
  outer loop
   vertex -50.102798461914062 47.615371704101562 -43.948139190673828
   vertex -49.747459411621094 47.615371704101562 -43.741710662841797
   vertex -49.747459411621094 47.589206695556641 -43.706695556640625
  endloop
 endfacet
 facet normal 0.49486897725701401 -0.69609212604981352 -0.52015425346722632
  outer loop
   vertex -49.747459411621094 47.589206695556641 -43.706695556640625
   vertex -49.747459411621094 47.615371704101562 -43.741710662841797
   vertex -49.710655212402344 47.615371704101562 -43.706695556640625
  endloop
 endfacet
 facet normal 0.34320518374702852 -0.58703236314567986 -0.73321429777982861
  outer loop
   vertex -50.8134765625 48.109066009521484 -44.772712707519531
   vertex -50.8134765625 47.970710754394531 -44.661941528320312
   vertex -51.050125122070312 47.970710754394531 -44.772712707519531
  endloop
 endfacet
 facet normal 0.32324531162324344 -0.64701004670431139 -0.6905725653233532
  outer loop
   vertex -51.050125122070312 47.970710754394531 -44.772712707519531
   vertex -50.8134765625 47.970710754394531 -44.661941528320312
   vertex -51.168815612792969 47.615371704101562 -44.495346069335938
  endloop
 endfacet
 facet normal -0.5455399157797961 -0.5455399157797961 -0.63621725894693071
  outer loop
   vertex -52.234832763671875 48.207443237304688 -44.772712707519531
   vertex -52.590171813964844 48.148380279541016 -44.417373657226562
   vertex -52.353439331054688 48.3260498046875 -44.772712707519531
  endloop
 endfacet
 facet normal -0.49105449329959727 -0.6030315361055365 -0.62866402081912798
  outer loop
   vertex -52.353439331054688 48.3260498046875 -44.772712707519531
   vertex -52.590171813964844 48.148380279541016 -44.417373657226562
   vertex -52.590171813964844 48.3260498046875 -44.587799072265625
  endloop
 endfacet
 facet normal -0.42315975154571306 -0.47761451605381938 -0.76994817924743886
  outer loop
   vertex -51.967636108398438 47.970710754394531 -44.772712707519531
   vertex -52.234832763671875 48.207443237304688 -44.772712707519531
   vertex -52.234832763671875 48.3260498046875 -44.846286773681641
  endloop
 endfacet
 facet normal -0.46631471842959493 -0.46631471842959493 -0.75173211102882598
  outer loop
   vertex -52.234832763671875 48.3260498046875 -44.846286773681641
   vertex -52.234832763671875 48.207443237304688 -44.772712707519531
   vertex -52.353439331054688 48.3260498046875 -44.772712707519531
  endloop
 endfacet
 facet normal -0.081584971562765021 -0.61461044834081235 0.78460046469869515
  outer loop
   vertex -50.8134765625 47.970710754394531 -41.060821533203125
   vertex -51.168815612792969 47.970710754394531 -41.097770690917969
   vertex -51.168815612792969 47.815540313720703 -41.219322204589844
  endloop
 endfacet
 facet normal -0.11940114954696417 -0.61225460091928396 0.78159303293979765
  outer loop
   vertex -51.168815612792969 47.815540313720703 -41.219322204589844
   vertex -51.168815612792969 47.970710754394531 -41.097770690917969
   vertex -51.524154663085938 47.884838104248047 -41.219322204589844
  endloop
 endfacet
 facet normal -0.12838695098561481 -0.6583311947765067 0.7416986104886234
  outer loop
   vertex -51.168815612792969 47.815540313720703 -41.219322204589844
   vertex -51.524154663085938 47.884838104248047 -41.219322204589844
   vertex -51.168815612792969 47.615371704101562 -41.396991729736328
  endloop
 endfacet
 facet normal -0.043519756233006239 -0.58930266665002773 0.80673936181184702
  outer loop
   vertex -51.168815612792969 47.615371704101562 -41.396991729736328
   vertex -51.524154663085938 47.884838104248047 -41.219322204589844
   vertex -51.524154663085938 47.615371704101562 -41.416160583496094
  endloop
 endfacet
 facet normal -0.039550711021697493 -0.67890087482817285 0.73316392670072061
  outer loop
   vertex -51.168815612792969 47.615371704101562 -41.396991729736328
   vertex -51.524154663085938 47.615371704101562 -41.416160583496094
   vertex -51.524154663085938 47.444202423095703 -41.574661254882812
  endloop
 endfacet
 facet normal -0.22592933284697395 -0.66186487261992089 0.71476627435206896
  outer loop
   vertex -51.524154663085938 47.444202423095703 -41.574661254882812
   vertex -51.524154663085938 47.615371704101562 -41.416160583496094
   vertex -51.879493713378906 47.565498352050781 -41.574661254882812
  endloop
 endfacet
 facet normal -0.24783441750057311 -0.72603629242313383 0.64144321930052484
  outer loop
   vertex -51.524154663085938 47.444202423095703 -41.574661254882812
   vertex -51.879493713378906 47.565498352050781 -41.574661254882812
   vertex -51.524154663085938 47.260032653808594 -41.783119201660156
  endloop
 endfacet
 facet normal -0.16342097436145839 -0.678713400485911 0.71599001748600011
  outer loop
   vertex -51.524154663085938 47.260032653808594 -41.783119201660156
   vertex -51.879493713378906 47.565498352050781 -41.574661254882812
   vertex -51.879493713378906 47.260032653808594 -41.864223480224609
  endloop
 endfacet
 facet normal -0.13745715347550908 -0.78639535667236982 0.60223572956322236
  outer loop
   vertex -51.524154663085938 47.260032653808594 -41.783119201660156
   vertex -51.879493713378906 47.260032653808594 -41.864223480224609
   vertex -51.879493713378906 47.209659576416016 -41.930000305175781
  endloop
 endfacet
 facet normal -0.31931081163204905 -0.75236929898671523 0.5761779616725381
  outer loop
   vertex -51.879493713378906 47.209659576416016 -41.930000305175781
   vertex -51.879493713378906 47.260032653808594 -41.864223480224609
   vertex -51.998184204101562 47.260032653808594 -41.930000305175781
  endloop
 endfacet
 facet normal -0.33720575984339923 -0.79453388956967241 0.50498334017442936
  outer loop
   vertex -51.879493713378906 47.209659576416016 -41.930000305175781
   vertex -51.998184204101562 47.260032653808594 -41.930000305175781
   vertex -52.234832763671875 47.134624481201172 -42.28533935546875
  endloop
 endfacet
 facet normal -0.29962591007856593 -0.81937437844074268 0.48872276595677222
  outer loop
   vertex -52.234832763671875 47.134624481201172 -42.28533935546875
   vertex -51.998184204101562 47.260032653808594 -41.930000305175781
   vertex -52.234832763671875 47.260032653808594 -42.075084686279297
  endloop
 endfacet
 facet normal -0.3150568468540299 -0.81509399052863718 0.48616969244750169
  outer loop
   vertex -52.234832763671875 47.134624481201172 -42.28533935546875
   vertex -52.234832763671875 47.260032653808594 -42.075084686279297
   vertex -52.559280395507812 47.260032653808594 -42.28533935546875
  endloop
 endfacet
 facet normal -0.41895043533275556 -0.63759831334799 0.6464896933055414
  outer loop
   vertex -52.559280395507812 47.260032653808594 -42.28533935546875
   vertex -52.234832763671875 47.260032653808594 -42.075084686279297
   vertex -52.590171813964844 47.280330657958984 -42.28533935546875
  endloop
 endfacet
 facet normal -0.5278782740509137 -0.80337497900099597 0.27555974107292591
  outer loop
   vertex -52.559280395507812 47.260032653808594 -42.28533935546875
   vertex -52.590171813964844 47.280330657958984 -42.28533935546875
   vertex -52.590171813964844 47.260032653808594 -42.344516754150391
  endloop
 endfacet
 facet normal -0.83306792958831732 -0.52324622090356854 0.17947483668071221
  outer loop
   vertex -52.590171813964844 47.260032653808594 -42.344516754150391
   vertex -52.590171813964844 47.280330657958984 -42.28533935546875
   vertex -52.800609588623047 47.615371704101562 -42.28533935546875
  endloop
 endfacet
 facet normal -0.828583030057088 -0.5236783392453952 0.19801807823176076
  outer loop
   vertex -52.590171813964844 47.260032653808594 -42.344516754150391
   vertex -52.800609588623047 47.615371704101562 -42.28533935546875
   vertex -52.66094970703125 47.260032653808594 -42.640678405761719
  endloop
 endfacet
 facet normal -0.88995178010559728 -0.44582619288081149 0.096046003708014707
  outer loop
   vertex -52.66094970703125 47.260032653808594 -42.640678405761719
   vertex -52.800609588623047 47.615371704101562 -42.28533935546875
   vertex -52.838958740234375 47.615371704101562 -42.640678405761719
  endloop
 endfacet
 facet normal -0.49880068593186633 -0.44810515820819324 0.74188923897109449
  outer loop
   vertex -51.938007354736328 47.615371704101562 -41.574661254882812
   vertex -51.879493713378906 47.615371704101562 -41.535320281982422
   vertex -52.234832763671875 47.945777893066406 -41.574661254882812
  endloop
 endfacet
 facet normal -0.54936091876439719 -0.51220911588493301 0.66018512747464453
  outer loop
   vertex -52.234832763671875 47.945777893066406 -41.574661254882812
   vertex -51.879493713378906 47.615371704101562 -41.535320281982422
   vertex -52.234832763671875 47.970710754394531 -41.555316925048828
  endloop
 endfacet
 facet normal -0.38223221807923297 -0.56644756185976908 0.73009293321148694
  outer loop
   vertex -52.234832763671875 47.945777893066406 -41.574661254882812
   vertex -52.234832763671875 47.970710754394531 -41.555316925048828
   vertex -52.271781921386719 47.970710754394531 -41.574661254882812
  endloop
 endfacet
 facet normal -0.4811529085835996 -0.43843338237646845 0.75912320988063042
  outer loop
   vertex -52.234832763671875 47.970710754394531 -41.555316925048828
   vertex -51.879493713378906 47.615371704101562 -41.535320281982422
   vertex -51.879493713378906 47.970710754394531 -41.330093383789062
  endloop
 endfacet
 facet normal 0.47038758361376942 -0.8080968356879169 0.35456314717293291
  outer loop
   vertex -49.036781311035156 47.970710754394531 -41.725757598876953
   vertex -49.150672912597656 47.970710754394531 -41.574661254882812
   vertex -49.392120361328125 47.830165863037109 -41.574661254882812
  endloop
 endfacet
 facet normal 0.40979081597886152 -0.82749140654868703 0.3838351980048918
  outer loop
   vertex -49.581043243408203 47.615371704101562 -41.930000305175781
   vertex -49.747459411621094 47.697784423828125 -41.574661254882812
   vertex -49.747459411621094 47.615371704101562 -41.752330780029297
  endloop
 endfacet
 facet normal 0.3375860991235401 -0.85390344254327777 0.39608652652077236
  outer loop
   vertex -49.747459411621094 47.615371704101562 -41.752330780029297
   vertex -49.747459411621094 47.697784423828125 -41.574661254882812
   vertex -49.955917358398438 47.615371704101562 -41.574661254882812
  endloop
 endfacet
 facet normal 0.34692466464200783 -0.84496092652134025 0.40704337571716925
  outer loop
   vertex -49.747459411621094 47.615371704101562 -41.752330780029297
   vertex -49.955917358398438 47.615371704101562 -41.574661254882812
   vertex -50.102798461914062 47.555065155029297 -41.574661254882812
  endloop
 endfacet
 facet normal -0.41104113661200442 -0.41104113661200442 0.81368935597402459
  outer loop
   vertex -52.234832763671875 47.615371704101562 -41.752330780029297
   vertex -52.590171813964844 47.618999481201172 -41.930000305175781
   vertex -52.586544036865234 47.615371704101562 -41.930000305175781
  endloop
 endfacet
 facet normal -0.53108982127948068 -0.53108982127948068 0.66021754253174658
  outer loop
   vertex -52.586544036865234 47.615371704101562 -41.930000305175781
   vertex -52.590171813964844 47.618999481201172 -41.930000305175781
   vertex -52.590171813964844 47.615371704101562 -41.932918548583984
  endloop
 endfacet
 facet normal -0.45223330560305036 -0.69240855796100242 0.56218807010261562
  outer loop
   vertex -52.586544036865234 47.615371704101562 -41.930000305175781
   vertex -52.590171813964844 47.615371704101562 -41.932918548583984
   vertex -52.234832763671875 47.385658264160156 -41.930000305175781
  endloop
 endfacet
 facet normal -0.44297045662237206 -0.67776656273211877 0.5868642611388567
  outer loop
   vertex -52.234832763671875 47.385658264160156 -41.930000305175781
   vertex -52.590171813964844 47.615371704101562 -41.932918548583984
   vertex -52.234832763671875 47.260032653808594 -42.075084686279297
  endloop
 endfacet
 facet normal -0.37244341022092764 -0.70159417577023775 0.60749610592026582
  outer loop
   vertex -52.234832763671875 47.385658264160156 -41.930000305175781
   vertex -52.234832763671875 47.260032653808594 -42.075084686279297
   vertex -51.998184204101562 47.260032653808594 -41.930000305175781
  endloop
 endfacet
 facet normal -0.39639193247771504 -0.47936511719242814 0.78299586224045425
  outer loop
   vertex -52.234832763671875 47.615371704101562 -41.752330780029297
   vertex -52.590171813964844 47.970710754394531 -41.714675903320312
   vertex -52.590171813964844 47.618999481201172 -41.930000305175781
  endloop
 endfacet
 facet normal -0.56916801013233598 -0.42931290032042835 0.70124047933676736
  outer loop
   vertex -52.590171813964844 47.618999481201172 -41.930000305175781
   vertex -52.590171813964844 47.970710754394531 -41.714675903320312
   vertex -52.855461120605469 47.970710754394531 -41.930000305175781
  endloop
 endfacet
 facet normal -0.69445230496383825 -0.5238125261272375 0.49331170024905557
  outer loop
   vertex -52.590171813964844 47.618999481201172 -41.930000305175781
   vertex -52.855461120605469 47.970710754394531 -41.930000305175781
   vertex -52.945510864257812 47.970710754394531 -42.056766510009766
  endloop
 endfacet
 facet normal 0.565425564879936 -0.7383288917247055 0.36764708379745598
  outer loop
   vertex -48.615665435791016 47.970710754394531 -42.28533935546875
   vertex -48.681442260742188 47.970710754394531 -42.184177398681641
   vertex -48.681442260742188 47.920337677001953 -42.28533935546875
  endloop
 endfacet
 facet normal 0.49099975898021408 -0.77982893564481992 0.38831181776046786
  outer loop
   vertex -48.681442260742188 47.920337677001953 -42.28533935546875
   vertex -48.681442260742188 47.970710754394531 -42.184177398681641
   vertex -49.036781311035156 47.873546600341797 -41.930000305175781
  endloop
 endfacet
 facet normal 0.40218073482844052 -0.86917394666765435 0.28772783488399128
  outer loop
   vertex -48.681442260742188 47.920337677001953 -42.28533935546875
   vertex -49.036781311035156 47.873546600341797 -41.930000305175781
   vertex -49.036781311035156 47.755916595458984 -42.28533935546875
  endloop
 endfacet
 facet normal 0.39515304922524619 -0.87207416924117898 0.28868791285798168
  outer loop
   vertex -49.036781311035156 47.755916595458984 -42.28533935546875
   vertex -49.036781311035156 47.873546600341797 -41.930000305175781
   vertex -49.392120361328125 47.712535858154297 -41.930000305175781
  endloop
 endfacet
 facet normal 0.45231521771327171 -0.81933102623967446 0.35228910466552527
  outer loop
   vertex -49.036781311035156 47.755916595458984 -42.28533935546875
   vertex -49.392120361328125 47.712535858154297 -41.930000305175781
   vertex -49.291366577148438 47.615371704101562 -42.28533935546875
  endloop
 endfacet
 facet normal 0.4864686918627022 -0.78712395264173163 0.37918873271109793
  outer loop
   vertex -48.681442260742188 47.970710754394531 -42.184177398681641
   vertex -48.879566192626953 47.970710754394531 -41.930000305175781
   vertex -49.036781311035156 47.873546600341797 -41.930000305175781
  endloop
 endfacet
 facet normal -0.73624425945889138 -0.51446354296442209 0.43962672049628987
  outer loop
   vertex -52.590171813964844 47.615371704101562 -41.932918548583984
   vertex -52.945510864257812 47.822738647460938 -42.28533935546875
   vertex -52.800609588623047 47.615371704101562 -42.28533935546875
  endloop
 endfacet
 facet normal -0.81583772601509885 -0.57008086870278751 0.097039208310804079
  outer loop
   vertex -52.800609588623047 47.615371704101562 -42.28533935546875
   vertex -52.945510864257812 47.822738647460938 -42.28533935546875
   vertex -52.945510864257812 47.762252807617188 -42.640678405761719
  endloop
 endfacet
 facet normal -0.80637357369720608 -0.58496848796255874 0.087026017567128425
  outer loop
   vertex -52.800609588623047 47.615371704101562 -42.28533935546875
   vertex -52.945510864257812 47.762252807617188 -42.640678405761719
   vertex -52.838958740234375 47.615371704101562 -42.640678405761719
  endloop
 endfacet
 facet normal -0.71709140624667056 -0.58507877401372255 0.37876475982563623
  outer loop
   vertex -52.590171813964844 47.615371704101562 -41.932918548583984
   vertex -52.945510864257812 47.970710754394531 -42.056766510009766
   vertex -52.945510864257812 47.822738647460938 -42.28533935546875
  endloop
 endfacet
 facet normal -0.67734404792434844 -0.61755477181986351 0.39978887496274146
  outer loop
   vertex -52.945510864257812 47.822738647460938 -42.28533935546875
   vertex -52.945510864257812 47.970710754394531 -42.056766510009766
   vertex -53.080421447753906 47.970710754394531 -42.28533935546875
  endloop
 endfacet
 facet normal -0.73415647723536748 -0.66935235818267613 0.11393720871008602
  outer loop
   vertex -52.945510864257812 47.822738647460938 -42.28533935546875
   vertex -53.080421447753906 47.970710754394531 -42.28533935546875
   vertex -52.945510864257812 47.762252807617188 -42.640678405761719
  endloop
 endfacet
 facet normal -0.66829242498859198 -0.46626905858111067 0.57963643753024352
  outer loop
   vertex -52.945510864257812 47.970710754394531 -42.056766510009766
   vertex -52.590171813964844 47.615371704101562 -41.932918548583984
   vertex -52.590171813964844 47.618999481201172 -41.930000305175781
  endloop
 endfacet
 facet normal 0.53333072193488573 -0.79634893668791618 0.28528356432931573
  outer loop
   vertex -48.416152954101562 47.970710754394531 -42.640678405761719
   vertex -48.681442260742188 47.920337677001953 -42.28533935546875
   vertex -48.681442260742188 47.793041229248047 -42.640678405761719
  endloop
 endfacet
 facet normal 0.35045889903337152 -0.88170820918186521 0.31586261879118455
  outer loop
   vertex -48.681442260742188 47.793041229248047 -42.640678405761719
   vertex -48.681442260742188 47.920337677001953 -42.28533935546875
   vertex -49.036781311035156 47.651802062988281 -42.640678405761719
  endloop
 endfacet
 facet normal 0.35702109134102888 -0.89821781656763922 0.25639948193809475
  outer loop
   vertex -48.681442260742188 47.793041229248047 -42.640678405761719
   vertex -49.036781311035156 47.651802062988281 -42.640678405761719
   vertex -48.681442260742188 47.691608428955078 -42.996017456054688
  endloop
 endfacet
 facet normal 0.360930484004435 -0.89543629359138821 0.26062047086835199
  outer loop
   vertex -48.681442260742188 47.691608428955078 -42.996017456054688
   vertex -49.036781311035156 47.651802062988281 -42.640678405761719
   vertex -48.870578765869141 47.615371704101562 -42.996017456054688
  endloop
 endfacet
 facet normal 0.57540243043529005 -0.75135661552409749 0.32307163192910476
  outer loop
   vertex -48.615665435791016 47.970710754394531 -42.28533935546875
   vertex -48.681442260742188 47.920337677001953 -42.28533935546875
   vertex -48.416152954101562 47.970710754394531 -42.640678405761719
  endloop
 endfacet
 facet normal 0.40583577459513931 -0.87707304541638975 0.2569828730923191
  outer loop
   vertex -48.681442260742188 47.920337677001953 -42.28533935546875
   vertex -49.036781311035156 47.755916595458984 -42.28533935546875
   vertex -49.036781311035156 47.651802062988281 -42.640678405761719
  endloop
 endfacet
 facet normal 0.44284806746403482 -0.86042365359111683 0.25210459235064253
  outer loop
   vertex -49.036781311035156 47.651802062988281 -42.640678405761719
   vertex -49.036781311035156 47.755916595458984 -42.28533935546875
   vertex -49.107563018798828 47.615371704101562 -42.640678405761719
  endloop
 endfacet
 facet normal 0.44416190097114105 -0.86297634267220136 0.24081536021153968
  outer loop
   vertex -49.036781311035156 47.651802062988281 -42.640678405761719
   vertex -49.107563018798828 47.615371704101562 -42.640678405761719
   vertex -49.036781311035156 47.615371704101562 -42.771228790283203
  endloop
 endfacet
 facet normal 0.46886966025605642 -0.84931800847294447 0.2425286832004033
  outer loop
   vertex -49.107563018798828 47.615371704101562 -42.640678405761719
   vertex -49.036781311035156 47.755916595458984 -42.28533935546875
   vertex -49.291366577148438 47.615371704101562 -42.28533935546875
  endloop
 endfacet
 facet normal 0.41641818398185354 -0.83583122767826545 0.35774579646321331
  outer loop
   vertex -48.157890319824219 47.970710754394531 -42.996017456054688
   vertex -48.326103210449219 47.970710754394531 -42.800216674804688
   vertex -48.326103210449219 47.886905670166016 -42.996017456054688
  endloop
 endfacet
 facet normal 0.53685547372258824 -0.77561598753645111 0.33197295102455376
  outer loop
   vertex -48.326103210449219 47.886905670166016 -42.996017456054688
   vertex -48.326103210449219 47.970710754394531 -42.800216674804688
   vertex -48.681442260742188 47.793041229248047 -42.640678405761719
  endloop
 endfacet
 facet normal 0.46725643547086387 -0.85016284405248399 0.24268201850086471
  outer loop
   vertex -48.326103210449219 47.886905670166016 -42.996017456054688
   vertex -48.681442260742188 47.793041229248047 -42.640678405761719
   vertex -48.681442260742188 47.691608428955078 -42.996017456054688
  endloop
 endfacet
 facet normal 0.53088520535040062 -0.79269738531161049 0.29965272243081525
  outer loop
   vertex -48.326103210449219 47.970710754394531 -42.800216674804688
   vertex -48.416152954101562 47.970710754394531 -42.640678405761719
   vertex -48.681442260742188 47.793041229248047 -42.640678405761719
  endloop
 endfacet
 facet normal 0.34165377927576085 -0.90524095760260914 0.25260938974096125
  outer loop
   vertex -48.870578765869141 47.615371704101562 -42.996017456054688
   vertex -49.036781311035156 47.651802062988281 -42.640678405761719
   vertex -49.036781311035156 47.615371704101562 -42.771228790283203
  endloop
 endfacet
 facet normal 0.40072174568116864 -0.8043254630414135 -0.43872842629746778
  outer loop
   vertex -48.157890319824219 47.970710754394531 -42.996017456054688
   vertex -48.326103210449219 47.886905670166016 -42.996017456054688
   vertex -48.326103210449219 47.970710754394531 -43.149658203125
  endloop
 endfacet
 facet normal -0.86859520400341528 -0.46108744656533418 -0.18149583521977966
  outer loop
   vertex -52.919345855712891 47.970710754394531 -43.351356506347656
   vertex -52.730716705322266 47.615371704101562 -43.351356506347656
   vertex -52.804965972900391 47.615371704101562 -42.996017456054688
  endloop
 endfacet
 facet normal -0.85630509292359325 -0.48448574677780071 -0.17892777593843068
  outer loop
   vertex -52.804965972900391 47.615371704101562 -42.996017456054688
   vertex -52.730716705322266 47.615371704101562 -43.351356506347656
   vertex -52.603919982910156 47.260032653808594 -42.996017456054688
  endloop
 endfacet
 facet normal -0.69940734356607437 -0.63767053654441308 -0.32280900636290744
  outer loop
   vertex -53.080421447753906 47.970710754394531 -42.996017456054688
   vertex -52.945510864257812 47.970710754394531 -43.288318634033203
   vertex -52.945510864257812 47.822738647460938 -42.996017456054688
  endloop
 endfacet
 facet normal 0.64507066240145872 -0.57766014699590507 -0.50019255800302798
  outer loop
   vertex -49.747459411621094 47.892738342285156 -44.062034606933594
   vertex -49.677635192871094 47.970710754394531 -44.062034606933594
   vertex -49.747459411621094 47.615371704101562 -43.741710662841797
  endloop
 endfacet
 facet normal 0.54124609350524178 -0.61919650726119935 -0.56890100339237093
  outer loop
   vertex -49.747459411621094 47.615371704101562 -43.741710662841797
   vertex -49.677635192871094 47.970710754394531 -44.062034606933594
   vertex -49.710655212402344 47.615371704101562 -43.706695556640625
  endloop
 endfacet
 facet normal 0.65537314001386415 -0.5636631144628097 -0.50276231038379726
  outer loop
   vertex -49.710655212402344 47.615371704101562 -43.706695556640625
   vertex -49.677635192871094 47.970710754394531 -44.062034606933594
   vertex -49.405040740966797 47.970710754394531 -43.706695556640625
  endloop
 endfacet
 facet normal 0.33186010855765669 -0.78859104877922759 -0.5176804285786536
  outer loop
   vertex -50.102798461914062 47.690139770507812 -44.062034606933594
   vertex -50.102798461914062 47.615371704101562 -43.948139190673828
   vertex -50.280467987060547 47.615371704101562 -44.062034606933594
  endloop
 endfacet
 facet normal 0.30693201406946391 -0.82252589548789745 -0.47879420421627361
  outer loop
   vertex -50.280467987060547 47.615371704101562 -44.062034606933594
   vertex -50.102798461914062 47.615371704101562 -43.948139190673828
   vertex -50.102798461914062 47.474826812744141 -43.706695556640625
  endloop
 endfacet
 facet normal 0.33864432358057861 -0.8047122127941555 -0.48760463152700506
  outer loop
   vertex -50.280467987060547 47.615371704101562 -44.062034606933594
   vertex -50.102798461914062 47.474826812744141 -43.706695556640625
   vertex -50.458137512207031 47.540603637695312 -44.062034606933594
  endloop
 endfacet
 facet normal 0.28220668786311554 -0.85249555631240148 -0.44001217232360657
  outer loop
   vertex -50.458137512207031 47.540603637695312 -44.062034606933594
   vertex -50.102798461914062 47.474826812744141 -43.706695556640625
   vertex -50.458137512207031 47.357196807861328 -43.706695556640625
  endloop
 endfacet
 facet normal 0.24921188148361362 -0.86057782243553693 -0.44418380166267502
  outer loop
   vertex -50.458137512207031 47.540603637695312 -44.062034606933594
   vertex -50.458137512207031 47.357196807861328 -43.706695556640625
   vertex -50.8134765625 47.437702178955078 -44.062034606933594
  endloop
 endfacet
 facet normal 0.34553277873373189 -0.779701076664296 -0.5221813189583514
  outer loop
   vertex -50.8134765625 47.437702178955078 -44.062034606933594
   vertex -50.458137512207031 47.357196807861328 -43.706695556640625
   vertex -50.8134765625 47.260032653808594 -43.796745300292969
  endloop
 endfacet
 facet normal 0.22171966140511934 -0.81019741653351651 -0.54260532432774267
  outer loop
   vertex -50.8134765625 47.437702178955078 -44.062034606933594
   vertex -50.8134765625 47.260032653808594 -43.796745300292969
   vertex -51.168815612792969 47.260032653808594 -43.941944122314453
  endloop
 endfacet
 facet normal 0.22171590795407661 -0.81020459543766876 -0.5425961386628021
  outer loop
   vertex -51.168815612792969 47.260032653808594 -43.941944122314453
   vertex -50.8134765625 47.260032653808594 -43.796745300292969
   vertex -50.8134765625 47.199726104736328 -43.706695556640625
  endloop
 endfacet
 facet normal -0.62291616595588217 -0.62291616595588217 -0.47323450886600366
  outer loop
   vertex -52.590171813964844 47.615371704101562 -43.794837951660156
   vertex -52.590171813964844 47.818363189697266 -44.062034606933594
   vertex -52.387180328369141 47.615371704101562 -44.062034606933594
  endloop
 endfacet
 facet normal -0.58713535492962221 -0.58713535492962221 -0.55726488314205935
  outer loop
   vertex -52.387180328369141 47.615371704101562 -44.062034606933594
   vertex -52.590171813964844 47.818363189697266 -44.062034606933594
   vertex -52.234832763671875 47.800285339355469 -44.417373657226562
  endloop
 endfacet
 facet normal -0.55857334476141396 -0.61318156939367741 -0.55857334476141396
  outer loop
   vertex -52.387180328369141 47.615371704101562 -44.062034606933594
   vertex -52.234832763671875 47.800285339355469 -44.417373657226562
   vertex -52.234832763671875 47.615371704101562 -44.214382171630859
  endloop
 endfacet
 facet normal 0.31708769526368807 -0.75348772484215676 -0.57594413099236696
  outer loop
   vertex -50.280467987060547 47.615371704101562 -44.062034606933594
   vertex -50.458137512207031 47.615371704101562 -44.15985107421875
   vertex -50.102798461914062 47.690139770507812 -44.062034606933594
  endloop
 endfacet
 facet normal 0.31708685809442816 -0.75349416360928412 -0.57593616819101534
  outer loop
   vertex -50.102798461914062 47.690139770507812 -44.062034606933594
   vertex -50.458137512207031 47.615371704101562 -44.15985107421875
   vertex -50.458137512207031 47.812210083007812 -44.417373657226562
  endloop
 endfacet
 facet normal 0.1787495596308771 -0.73798960551441373 -0.6507072591299774
  outer loop
   vertex -50.8134765625 47.726142883300781 -44.417373657226562
   vertex -50.458137512207031 47.812210083007812 -44.417373657226562
   vertex -50.8134765625 47.615371704101562 -44.291744232177734
  endloop
 endfacet
 facet normal 0.21988832210124754 -0.7750476001667459 -0.5924106204983719
  outer loop
   vertex -50.8134765625 47.615371704101562 -44.291744232177734
   vertex -50.458137512207031 47.812210083007812 -44.417373657226562
   vertex -50.458137512207031 47.615371704101562 -44.15985107421875
  endloop
 endfacet
 facet normal 0.21989127700412814 -0.77504067678685407 -0.59241858142977688
  outer loop
   vertex -50.8134765625 47.615371704101562 -44.291744232177734
   vertex -50.458137512207031 47.615371704101562 -44.15985107421875
   vertex -50.458137512207031 47.540603637695312 -44.062034606933594
  endloop
 endfacet
 facet normal 0.31708769526368807 -0.75348772484215676 -0.57594413099236696
  outer loop
   vertex -50.458137512207031 47.540603637695312 -44.062034606933594
   vertex -50.458137512207031 47.615371704101562 -44.15985107421875
   vertex -50.280467987060547 47.615371704101562 -44.062034606933594
  endloop
 endfacet
 facet normal 0.35435957975004223 -0.70139717631081433 -0.61844263218393181
  outer loop
   vertex -50.8134765625 47.726142883300781 -44.417373657226562
   vertex -50.8134765625 47.615371704101562 -44.291744232177734
   vertex -51.032730102539062 47.615371704101562 -44.417373657226562
  endloop
 endfacet
 facet normal 0.33081889766862943 -0.74646904663818903 -0.57735848426812453
  outer loop
   vertex -51.032730102539062 47.615371704101562 -44.417373657226562
   vertex -50.8134765625 47.615371704101562 -44.291744232177734
   vertex -50.8134765625 47.437702178955078 -44.062034606933594
  endloop
 endfacet
 facet normal 0.34995090111071758 -0.7334987336206662 -0.58267827708665731
  outer loop
   vertex -51.032730102539062 47.615371704101562 -44.417373657226562
   vertex -50.8134765625 47.437702178955078 -44.062034606933594
   vertex -51.168815612792969 47.550445556640625 -44.417373657226562
  endloop
 endfacet
 facet normal 0.24031035905902515 -0.8298391082983575 -0.50360498971665213
  outer loop
   vertex -51.168815612792969 47.550445556640625 -44.417373657226562
   vertex -50.8134765625 47.437702178955078 -44.062034606933594
   vertex -51.168815612792969 47.334800720214844 -44.062034606933594
  endloop
 endfacet
 facet normal -0.57893903458859652 -0.60354744238436486 -0.54823359895296042
  outer loop
   vertex -52.234832763671875 47.800285339355469 -44.417373657226562
   vertex -52.590171813964844 47.818363189697266 -44.062034606933594
   vertex -52.412502288818359 47.970710754394531 -44.417373657226562
  endloop
 endfacet
 facet normal -0.6058090037426016 -0.5753071333523132 -0.54956087315086422
  outer loop
   vertex -52.412502288818359 47.970710754394531 -44.417373657226562
   vertex -52.590171813964844 47.818363189697266 -44.062034606933594
   vertex -52.590171813964844 47.970710754394531 -44.221519470214844
  endloop
 endfacet
 facet normal 0.16881139044040039 -0.69695864814835995 -0.69695864814835995
  outer loop
   vertex -50.458137512207031 47.812210083007812 -44.417373657226562
   vertex -50.8134765625 47.726142883300781 -44.417373657226562
   vertex -50.8134765625 47.970710754394531 -44.661941528320312
  endloop
 endfacet
 facet normal 0.33642102202147395 -0.66589071773903974 -0.66589071773903974
  outer loop
   vertex -50.8134765625 47.970710754394531 -44.661941528320312
   vertex -50.8134765625 47.726142883300781 -44.417373657226562
   vertex -51.032730102539062 47.615371704101562 -44.417373657226562
  endloop
 endfacet
 facet normal 0.36880157328628849 -0.67057702150677234 -0.64367061278938631
  outer loop
   vertex -50.8134765625 47.970710754394531 -44.661941528320312
   vertex -51.032730102539062 47.615371704101562 -44.417373657226562
   vertex -51.168815612792969 47.615371704101562 -44.495346069335938
  endloop
 endfacet
 facet normal 0.34422807480188239 -0.72150366277804656 -0.6007824041331874
  outer loop
   vertex -51.168815612792969 47.615371704101562 -44.495346069335938
   vertex -51.032730102539062 47.615371704101562 -44.417373657226562
   vertex -51.168815612792969 47.550445556640625 -44.417373657226562
  endloop
 endfacet
 facet normal -0.56133397207900393 -0.58519405832168525 -0.58519405832168525
  outer loop
   vertex -52.412502288818359 47.970710754394531 -44.417373657226562
   vertex -52.234832763671875 47.970710754394531 -44.587799072265625
   vertex -52.234832763671875 47.800285339355469 -44.417373657226562
  endloop
 endfacet
 facet normal 0.40979081597886152 -0.82749140654868703 0.3838351980048918
  outer loop
   vertex -49.581043243408203 47.615371704101562 -41.930000305175781
   vertex -49.747459411621094 47.615371704101562 -41.752330780029297
   vertex -49.747459411621094 47.532958984375 -41.930000305175781
  endloop
 endfacet
 facet normal 0.34233803803765117 -0.85234512718058442 0.39536369570819851
  outer loop
   vertex -49.747459411621094 47.532958984375 -41.930000305175781
   vertex -49.747459411621094 47.615371704101562 -41.752330780029297
   vertex -50.102798461914062 47.555065155029297 -41.574661254882812
  endloop
 endfacet
 facet normal 0.24668181813177212 -0.92020389087239496 0.30392907038733336
  outer loop
   vertex -49.747459411621094 47.532958984375 -41.930000305175781
   vertex -50.102798461914062 47.555065155029297 -41.574661254882812
   vertex -50.102798461914062 47.437702178955078 -41.930000305175781
  endloop
 endfacet
 facet normal 0.24668181813177212 -0.92020389087239496 0.30392907038733336
  outer loop
   vertex -50.102798461914062 47.437702178955078 -41.930000305175781
   vertex -50.102798461914062 47.555065155029297 -41.574661254882812
   vertex -50.458137512207031 47.342445373535156 -41.930000305175781
  endloop
 endfacet
 facet normal 0.25635680976864494 -0.95629477513713002 0.14064668190422633
  outer loop
   vertex -50.102798461914062 47.437702178955078 -41.930000305175781
   vertex -50.458137512207031 47.342445373535156 -41.930000305175781
   vertex -50.102798461914062 47.385440826416016 -42.28533935546875
  endloop
 endfacet
 facet normal 0.42589557636828634 -0.84489909352355586 0.32366414659798037
  outer loop
   vertex -50.102798461914062 47.385440826416016 -42.28533935546875
   vertex -50.458137512207031 47.342445373535156 -41.930000305175781
   vertex -50.351585388183594 47.260032653808594 -42.28533935546875
  endloop
 endfacet
 facet normal 0.44830936185106279 -0.88936395319247497 0.089724438357373731
  outer loop
   vertex -50.102798461914062 47.385440826416016 -42.28533935546875
   vertex -50.351585388183594 47.260032653808594 -42.28533935546875
   vertex -50.280467987060547 47.260032653808594 -42.640678405761719
  endloop
 endfacet
 facet normal 0.49018516322992645 -0.86607957361871746 0.098105442813693169
  outer loop
   vertex -50.280467987060547 47.260032653808594 -42.640678405761719
   vertex -50.351585388183594 47.260032653808594 -42.28533935546875
   vertex -50.458137512207031 47.199726104736328 -42.28533935546875
  endloop
 endfacet
 facet normal 0.5111458507844564 -0.85230624374502573 0.11092333433087437
  outer loop
   vertex -50.280467987060547 47.260032653808594 -42.640678405761719
   vertex -50.458137512207031 47.199726104736328 -42.28533935546875
   vertex -50.458137512207031 47.153480529785156 -42.640678405761719
  endloop
 endfacet
 facet normal 0.1946689886706881 -0.97266621759773619 0.12658757440619814
  outer loop
   vertex -50.458137512207031 47.153480529785156 -42.640678405761719
   vertex -50.458137512207031 47.199726104736328 -42.28533935546875
   vertex -50.8134765625 47.082363128662109 -42.640678405761719
  endloop
 endfacet
 facet normal 0.19624771608187738 -0.98055435032059635 0
  outer loop
   vertex -50.458137512207031 47.153480529785156 -42.640678405761719
   vertex -50.8134765625 47.082363128662109 -42.640678405761719
   vertex -50.8134765625 47.082363128662109 -42.996017456054688
  endloop
 endfacet
 facet normal 0 -1 -0
  outer loop
   vertex -50.8134765625 47.082363128662109 -42.996017456054688
   vertex -50.8134765625 47.082363128662109 -42.640678405761719
   vertex -51.168815612792969 47.082363128662109 -42.996017456054688
  endloop
 endfacet
 facet normal 0 -1 0
  outer loop
   vertex -50.8134765625 47.082363128662109 -42.996017456054688
   vertex -51.168815612792969 47.082363128662109 -42.996017456054688
   vertex -51.168815612792969 47.082363128662109 -43.351356506347656
  endloop
 endfacet
 facet normal 0 -1 -0
  outer loop
   vertex -51.168815612792969 47.082363128662109 -43.351356506347656
   vertex -51.168815612792969 47.082363128662109 -42.996017456054688
   vertex -51.524154663085938 47.082363128662109 -43.351356506347656
  endloop
 endfacet
 facet normal 0 -0.99608300758390045 -0.088423085235762464
  outer loop
   vertex -51.168815612792969 47.082363128662109 -43.351356506347656
   vertex -51.524154663085938 47.082363128662109 -43.351356506347656
   vertex -51.524154663085938 47.113906860351562 -43.706695556640625
  endloop
 endfacet
 facet normal -0.057977745373339808 -0.99440747220154724 -0.088274346619802407
  outer loop
   vertex -51.524154663085938 47.113906860351562 -43.706695556640625
   vertex -51.524154663085938 47.082363128662109 -43.351356506347656
   vertex -51.879493713378906 47.134624481201172 -43.706695556640625
  endloop
 endfacet
 facet normal -0.054136121276766841 -0.92851771256321691 -0.36732021157224415
  outer loop
   vertex -51.524154663085938 47.113906860351562 -43.706695556640625
   vertex -51.879493713378906 47.134624481201172 -43.706695556640625
   vertex -51.524154663085938 47.254478454589844 -44.062034606933594
  endloop
 endfacet
 facet normal -0.17025385878759008 -0.86955938329973492 -0.46355161792762628
  outer loop
   vertex -51.524154663085938 47.254478454589844 -44.062034606933594
   vertex -51.879493713378906 47.134624481201172 -43.706695556640625
   vertex -51.879493713378906 47.260032653808594 -43.941944122314453
  endloop
 endfacet
 facet normal -0.19423220538855071 -0.82108463198250659 -0.53674377268120355
  outer loop
   vertex -51.524154663085938 47.254478454589844 -44.062034606933594
   vertex -51.879493713378906 47.260032653808594 -43.941944122314453
   vertex -51.547634124755859 47.260032653808594 -44.062034606933594
  endloop
 endfacet
 facet normal 0.32601550805493157 -0.76338594703170781 0.55763409542655085
  outer loop
   vertex -50.8134765625 47.456871032714844 -41.574661254882812
   vertex -50.8134765625 47.260032653808594 -41.844127655029297
   vertex -50.666595458984375 47.260032653808594 -41.930000305175781
  endloop
 endfacet
 facet normal 0.31850247488411348 -0.77573656100562371 0.54478340779787238
  outer loop
   vertex -50.666595458984375 47.260032653808594 -41.930000305175781
   vertex -50.8134765625 47.260032653808594 -41.844127655029297
   vertex -50.8134765625 47.199726104736328 -41.930000305175781
  endloop
 endfacet
 facet normal -0.35795268595396051 -0.6742971221255889 0.64590499743498964
  outer loop
   vertex -51.998184204101562 47.260032653808594 -41.930000305175781
   vertex -51.879493713378906 47.260032653808594 -41.864223480224609
   vertex -52.234832763671875 47.385658264160156 -41.930000305175781
  endloop
 endfacet
 facet normal -0.34098090780242668 -0.57513529668315932 0.74360702728215755
  outer loop
   vertex -52.234832763671875 47.385658264160156 -41.930000305175781
   vertex -51.879493713378906 47.260032653808594 -41.864223480224609
   vertex -52.234832763671875 47.615371704101562 -41.752330780029297
  endloop
 endfacet
 facet normal -0.37105892498549758 -0.56812351497455738 0.73454131668787748
  outer loop
   vertex -52.234832763671875 47.385658264160156 -41.930000305175781
   vertex -52.234832763671875 47.615371704101562 -41.752330780029297
   vertex -52.586544036865234 47.615371704101562 -41.930000305175781
  endloop
 endfacet
 facet normal -0.41747936949829739 -0.62514177608437338 0.65947610710121962
  outer loop
   vertex -52.234832763671875 47.615371704101562 -41.752330780029297
   vertex -51.879493713378906 47.260032653808594 -41.864223480224609
   vertex -51.879493713378906 47.565498352050781 -41.574661254882812
  endloop
 endfacet
 facet normal 0.25635680976864494 -0.95629477513713002 0.14064668190422633
  outer loop
   vertex -50.102798461914062 47.437702178955078 -41.930000305175781
   vertex -50.102798461914062 47.385440826416016 -42.28533935546875
   vertex -49.747459411621094 47.532958984375 -41.930000305175781
  endloop
 endfacet
 facet normal 0.18229170141549625 -0.95924031108651431 0.21593462247099429
  outer loop
   vertex -49.747459411621094 47.532958984375 -41.930000305175781
   vertex -50.102798461914062 47.385440826416016 -42.28533935546875
   vertex -49.747459411621094 47.452968597412109 -42.28533935546875
  endloop
 endfacet
 facet normal 0.45206624971100506 -0.82951162864952244 0.32794292766797717
  outer loop
   vertex -50.458137512207031 47.342445373535156 -41.930000305175781
   vertex -50.458137512207031 47.260032653808594 -42.138458251953125
   vertex -50.351585388183594 47.260032653808594 -42.28533935546875
  endloop
 endfacet
 facet normal 0.46383966408835664 -0.81953124785349984 0.33648372889351702
  outer loop
   vertex -50.351585388183594 47.260032653808594 -42.28533935546875
   vertex -50.458137512207031 47.260032653808594 -42.138458251953125
   vertex -50.458137512207031 47.199726104736328 -42.28533935546875
  endloop
 endfacet
 facet normal -0.40967297143583237 -0.66114194913879387 0.62853749256817792
  outer loop
   vertex -52.234832763671875 47.260032653808594 -42.075084686279297
   vertex -52.590171813964844 47.615371704101562 -41.932918548583984
   vertex -52.590171813964844 47.280330657958984 -42.28533935546875
  endloop
 endfacet
 facet normal -0.75570072742004157 -0.47465222908295202 0.45124458113467114
  outer loop
   vertex -52.590171813964844 47.280330657958984 -42.28533935546875
   vertex -52.590171813964844 47.615371704101562 -41.932918548583984
   vertex -52.800609588623047 47.615371704101562 -42.28533935546875
  endloop
 endfacet
 facet normal 0.14317624728481695 -0.97349397332705834 0.1783537106688092
  outer loop
   vertex -49.392120361328125 47.555065155029297 -42.28533935546875
   vertex -49.747459411621094 47.437702178955078 -42.640678405761719
   vertex -49.392120361328125 47.489963531494141 -42.640678405761719
  endloop
 endfacet
 facet normal 0.14550927912771366 -0.98935688691580492 0
  outer loop
   vertex -49.392120361328125 47.489963531494141 -42.640678405761719
   vertex -49.747459411621094 47.437702178955078 -42.640678405761719
   vertex -49.747459411621094 47.437702178955078 -42.996017456054688
  endloop
 endfacet
 facet normal 0.088274346619802407 -0.99440747220154724 0.057977745373339808
  outer loop
   vertex -49.392120361328125 47.489963531494141 -42.640678405761719
   vertex -49.747459411621094 47.437702178955078 -42.996017456054688
   vertex -49.392120361328125 47.469245910644531 -42.996017456054688
  endloop
 endfacet
 facet normal 0.088275763784607497 -0.99442343651423248 -0.057701112982924602
  outer loop
   vertex -49.392120361328125 47.469245910644531 -42.996017456054688
   vertex -49.747459411621094 47.437702178955078 -42.996017456054688
   vertex -49.747459411621094 47.458320617675781 -43.351356506347656
  endloop
 endfacet
 facet normal 0.27449298200100192 -0.92961357111046461 -0.2459109823481799
  outer loop
   vertex -49.392120361328125 47.469245910644531 -42.996017456054688
   vertex -49.747459411621094 47.458320617675781 -43.351356506347656
   vertex -49.392120361328125 47.563243865966797 -43.351356506347656
  endloop
 endfacet
 facet normal 0.18644309274958185 -0.98108541914041059 0.052061247738175519
  outer loop
   vertex -49.747459411621094 47.452968597412109 -42.28533935546875
   vertex -50.102798461914062 47.385440826416016 -42.28533935546875
   vertex -50.102798461914062 47.366584777832031 -42.640678405761719
  endloop
 endfacet
 facet normal 0.51378797880318505 -0.8567118399240421 0.045461370099243587
  outer loop
   vertex -50.102798461914062 47.366584777832031 -42.640678405761719
   vertex -50.102798461914062 47.385440826416016 -42.28533935546875
   vertex -50.280467987060547 47.260032653808594 -42.640678405761719
  endloop
 endfacet
 facet normal 0.51431973529565989 -0.85759851322480873 0
  outer loop
   vertex -50.102798461914062 47.366584777832031 -42.640678405761719
   vertex -50.280467987060547 47.260032653808594 -42.640678405761719
   vertex -50.280467987060547 47.260032653808594 -42.996017456054688
  endloop
 endfacet
 facet normal 0.51431973529565989 -0.85759851322480873 0
  outer loop
   vertex -50.280467987060547 47.260032653808594 -42.996017456054688
   vertex -50.280467987060547 47.260032653808594 -42.640678405761719
   vertex -50.458137512207031 47.153480529785156 -42.640678405761719
  endloop
 endfacet
 facet normal 0.51431973529565989 -0.85759851322480873 0
  outer loop
   vertex -50.280467987060547 47.260032653808594 -42.996017456054688
   vertex -50.458137512207031 47.153480529785156 -42.640678405761719
   vertex -50.458137512207031 47.153480529785156 -42.996017456054688
  endloop
 endfacet
 facet normal 0.19624771608187738 -0.98055435032059635 0
  outer loop
   vertex -50.458137512207031 47.153480529785156 -42.996017456054688
   vertex -50.458137512207031 47.153480529785156 -42.640678405761719
   vertex -50.8134765625 47.082363128662109 -42.996017456054688
  endloop
 endfacet
 facet normal 0.19607380437761637 -0.97968539815346056 -0.04209018747622275
  outer loop
   vertex -50.458137512207031 47.153480529785156 -42.996017456054688
   vertex -50.8134765625 47.082363128662109 -42.996017456054688
   vertex -50.8134765625 47.097629547119141 -43.351356506347656
  endloop
 endfacet
 facet normal 0.042883880121850286 -0.99815927869823939 -0.042883880121850286
  outer loop
   vertex -50.8134765625 47.097629547119141 -43.351356506347656
   vertex -50.8134765625 47.082363128662109 -42.996017456054688
   vertex -51.168815612792969 47.082363128662109 -43.351356506347656
  endloop
 endfacet
 facet normal 0.042467356976190161 -0.98846434341132272 -0.14537800863913172
  outer loop
   vertex -50.8134765625 47.097629547119141 -43.351356506347656
   vertex -51.168815612792969 47.082363128662109 -43.351356506347656
   vertex -51.168815612792969 47.134624481201172 -43.706695556640625
  endloop
 endfacet
 facet normal 0.057587549300267223 -0.98771500963356507 -0.1452678006653767
  outer loop
   vertex -51.168815612792969 47.134624481201172 -43.706695556640625
   vertex -51.168815612792969 47.082363128662109 -43.351356506347656
   vertex -51.524154663085938 47.113906860351562 -43.706695556640625
  endloop
 endfacet
 facet normal 0.054136121276766841 -0.92851771256321691 -0.36732021157224415
  outer loop
   vertex -51.168815612792969 47.134624481201172 -43.706695556640625
   vertex -51.524154663085938 47.113906860351562 -43.706695556640625
   vertex -51.524154663085938 47.254478454589844 -44.062034606933594
  endloop
 endfacet
 facet normal 0.23438783831266491 -0.9704950499544267 0.056583560024718101
  outer loop
   vertex -49.392120361328125 47.489963531494141 -42.640678405761719
   vertex -49.392120361328125 47.469245910644531 -42.996017456054688
   vertex -49.036781311035156 47.555065155029297 -42.996017456054688
  endloop
 endfacet
 facet normal 0.22736753992767458 -0.94142713891909535 -0.24903602930870025
  outer loop
   vertex -49.036781311035156 47.555065155029297 -42.996017456054688
   vertex -49.392120361328125 47.469245910644531 -42.996017456054688
   vertex -49.392120361328125 47.563243865966797 -43.351356506347656
  endloop
 endfacet
 facet normal 0.39074223437304439 -0.82429025907586906 -0.40971462638011541
  outer loop
   vertex -49.036781311035156 47.555065155029297 -42.996017456054688
   vertex -49.392120361328125 47.563243865966797 -43.351356506347656
   vertex -49.282154083251953 47.615371704101562 -43.351356506347656
  endloop
 endfacet
 facet normal 0.35344793066694191 -0.74561606273954872 -0.5649170269092888
  outer loop
   vertex -49.282154083251953 47.615371704101562 -43.351356506347656
   vertex -49.392120361328125 47.563243865966797 -43.351356506347656
   vertex -49.392120361328125 47.615371704101562 -43.420158386230469
  endloop
 endfacet
 facet normal 0.19624771608187738 -0.98055435032059635 0
  outer loop
   vertex -49.747459411621094 47.437702178955078 -42.640678405761719
   vertex -50.102798461914062 47.366584777832031 -42.996017456054688
   vertex -49.747459411621094 47.437702178955078 -42.996017456054688
  endloop
 endfacet
 facet normal 0.19598258986044315 -0.97922964359278442 -0.051962771103372336
  outer loop
   vertex -49.747459411621094 47.437702178955078 -42.996017456054688
   vertex -50.102798461914062 47.366584777832031 -42.996017456054688
   vertex -50.102798461914062 47.385440826416016 -43.351356506347656
  endloop
 endfacet
 facet normal 0.20059318117002867 -0.97802956430191934 -0.056749863607642233
  outer loop
   vertex -49.747459411621094 47.437702178955078 -42.996017456054688
   vertex -50.102798461914062 47.385440826416016 -43.351356506347656
   vertex -49.747459411621094 47.458320617675781 -43.351356506347656
  endloop
 endfacet
 facet normal 0.4496203870955171 -0.89196478800290302 -0.04733206599139398
  outer loop
   vertex -50.102798461914062 47.366584777832031 -42.996017456054688
   vertex -50.351585388183594 47.260032653808594 -43.351356506347656
   vertex -50.102798461914062 47.385440826416016 -43.351356506347656
  endloop
 endfacet
 facet normal 0.42453035663352578 -0.84219074673536998 -0.332398439241118
  outer loop
   vertex -50.102798461914062 47.385440826416016 -43.351356506347656
   vertex -50.351585388183594 47.260032653808594 -43.351356506347656
   vertex -50.458137512207031 47.260032653808594 -43.487442016601562
  endloop
 endfacet
 facet normal -0.7296619221772066 -0.62078425174560881 -0.28674098435575757
  outer loop
   vertex -52.590171813964844 47.260032653808594 -43.031002044677734
   vertex -52.603919982910156 47.260032653808594 -42.996017456054688
   vertex -52.590171813964844 47.408004760742188 -43.351356506347656
  endloop
 endfacet
 facet normal -0.80003802366120014 -0.54223327641187635 -0.25675325635310409
  outer loop
   vertex -52.590171813964844 47.408004760742188 -43.351356506347656
   vertex -52.603919982910156 47.260032653808594 -42.996017456054688
   vertex -52.730716705322266 47.615371704101562 -43.351356506347656
  endloop
 endfacet
 facet normal -0.64010001263845007 -0.70810120491210682 -0.29810175682521312
  outer loop
   vertex -52.435333251953125 47.260032653808594 -43.351356506347656
   vertex -52.590171813964844 47.549594879150391 -43.706695556640625
   vertex -52.269847869873047 47.260032653808594 -43.706695556640625
  endloop
 endfacet
 facet normal -0.5886146677324311 -0.6511463009229711 -0.47910465216335685
  outer loop
   vertex -52.269847869873047 47.260032653808594 -43.706695556640625
   vertex -52.590171813964844 47.549594879150391 -43.706695556640625
   vertex -52.234832763671875 47.489833831787109 -44.062034606933594
  endloop
 endfacet
 facet normal 0.26801274182904156 -0.8326236293148086 -0.48467211816228478
  outer loop
   vertex -50.102798461914062 47.474826812744141 -43.706695556640625
   vertex -50.102798461914062 47.615371704101562 -43.948139190673828
   vertex -49.747459411621094 47.589206695556641 -43.706695556640625
  endloop
 endfacet
 facet normal 0.34553255615354023 -0.77970355296144156 -0.52217776871225086
  outer loop
   vertex -50.458137512207031 47.357196807861328 -43.706695556640625
   vertex -50.677391052246094 47.260032653808594 -43.706695556640625
   vertex -50.8134765625 47.260032653808594 -43.796745300292969
  endloop
 endfacet
 facet normal 0.34552923406653152 -0.77970838737993842 -0.52217274828812366
  outer loop
   vertex -50.8134765625 47.260032653808594 -43.796745300292969
   vertex -50.677391052246094 47.260032653808594 -43.706695556640625
   vertex -50.8134765625 47.199726104736328 -43.706695556640625
  endloop
 endfacet
 facet normal 0.23872624675490664 -0.82436885580053942 -0.51325020087324336
  outer loop
   vertex -50.8134765625 47.437702178955078 -44.062034606933594
   vertex -51.168815612792969 47.260032653808594 -43.941944122314453
   vertex -51.168815612792969 47.334800720214844 -44.062034606933594
  endloop
 endfacet
 facet normal 0.22328217014555332 -0.77103741053042785 -0.59636095115091547
  outer loop
   vertex -50.8134765625 47.437702178955078 -44.062034606933594
   vertex -50.8134765625 47.615371704101562 -44.291744232177734
   vertex -50.458137512207031 47.540603637695312 -44.062034606933594
  endloop
 endfacet
 facet normal 0.10590576426516207 -0.81375253165881778 0.57148122131376877
  outer loop
   vertex -50.8134765625 47.260032653808594 -41.844127655029297
   vertex -51.168815612792969 47.153480529785156 -41.930000305175781
   vertex -50.8134765625 47.199726104736328 -41.930000305175781
  endloop
 endfacet
 facet normal 0.12658757440619814 -0.97266621759773619 0.1946689886706881
  outer loop
   vertex -50.8134765625 47.199726104736328 -41.930000305175781
   vertex -51.168815612792969 47.153480529785156 -41.930000305175781
   vertex -51.168815612792969 47.082363128662109 -42.28533935546875
  endloop
 endfacet
 facet normal 0.041257183415949174 -0.96029651054364462 0.27591385730746221
  outer loop
   vertex -50.8134765625 47.199726104736328 -41.930000305175781
   vertex -51.168815612792969 47.082363128662109 -42.28533935546875
   vertex -50.8134765625 47.097629547119141 -42.28533935546875
  endloop
 endfacet
 facet normal 0.042923366903594898 -0.99907836758367441 0
  outer loop
   vertex -50.8134765625 47.097629547119141 -42.28533935546875
   vertex -51.168815612792969 47.082363128662109 -42.28533935546875
   vertex -51.168815612792969 47.082363128662109 -42.640678405761719
  endloop
 endfacet
 facet normal 0 -0.98055435032059635 0.19624771608187738
  outer loop
   vertex -51.168815612792969 47.153480529785156 -41.930000305175781
   vertex -51.524154663085938 47.082363128662109 -42.28533935546875
   vertex -51.168815612792969 47.082363128662109 -42.28533935546875
  endloop
 endfacet
 facet normal 0 -1 0
  outer loop
   vertex -51.168815612792969 47.082363128662109 -42.28533935546875
   vertex -51.524154663085938 47.082363128662109 -42.28533935546875
   vertex -51.524154663085938 47.082363128662109 -42.640678405761719
  endloop
 endfacet
 facet normal 0 -1 0
  outer loop
   vertex -51.168815612792969 47.082363128662109 -42.28533935546875
   vertex -51.524154663085938 47.082363128662109 -42.640678405761719
   vertex -51.168815612792969 47.082363128662109 -42.640678405761719
  endloop
 endfacet
 facet normal 0 -1 0
  outer loop
   vertex -51.168815612792969 47.082363128662109 -42.640678405761719
   vertex -51.524154663085938 47.082363128662109 -42.640678405761719
   vertex -51.524154663085938 47.082363128662109 -42.996017456054688
  endloop
 endfacet
 facet normal 0 -1 0
  outer loop
   vertex -51.524154663085938 47.082363128662109 -42.28533935546875
   vertex -51.879493713378906 47.082363128662109 -42.640678405761719
   vertex -51.524154663085938 47.082363128662109 -42.640678405761719
  endloop
 endfacet
 facet normal 0 -1 0
  outer loop
   vertex -51.524154663085938 47.082363128662109 -42.640678405761719
   vertex -51.879493713378906 47.082363128662109 -42.640678405761719
   vertex -51.879493713378906 47.082363128662109 -42.996017456054688
  endloop
 endfacet
 facet normal 0 -1 0
  outer loop
   vertex -51.524154663085938 47.082363128662109 -42.640678405761719
   vertex -51.879493713378906 47.082363128662109 -42.996017456054688
   vertex -51.524154663085938 47.082363128662109 -42.996017456054688
  endloop
 endfacet
 facet normal 0 -1 0
  outer loop
   vertex -51.524154663085938 47.082363128662109 -42.996017456054688
   vertex -51.879493713378906 47.082363128662109 -42.996017456054688
   vertex -51.879493713378906 47.082363128662109 -43.351356506347656
  endloop
 endfacet
 facet normal -0.40678749114145246 -0.88849984486222655 0.21234868196116044
  outer loop
   vertex -52.559280395507812 47.260032653808594 -42.28533935546875
   vertex -52.590171813964844 47.260032653808594 -42.344516754150391
   vertex -52.590171813964844 47.189250946044922 -42.640678405761719
  endloop
 endfacet
 facet normal -0.6972399562166095 -0.69720237928552797 0.16662918644000893
  outer loop
   vertex -52.590171813964844 47.189250946044922 -42.640678405761719
   vertex -52.590171813964844 47.260032653808594 -42.344516754150391
   vertex -52.66094970703125 47.260032653808594 -42.640678405761719
  endloop
 endfacet
 facet normal -0.35232247558415775 -0.91150513135768163 0.21219629758048622
  outer loop
   vertex -52.559280395507812 47.260032653808594 -42.28533935546875
   vertex -52.590171813964844 47.189250946044922 -42.640678405761719
   vertex -52.234832763671875 47.134624481201172 -42.28533935546875
  endloop
 endfacet
 facet normal 0.45956804783351063 -0.81198397824565871 -0.35983222268558668
  outer loop
   vertex -50.351585388183594 47.260032653808594 -43.351356506347656
   vertex -50.458137512207031 47.199726104736328 -43.351356506347656
   vertex -50.458137512207031 47.260032653808594 -43.487442016601562
  endloop
 endfacet
 facet normal 0.20098666106542251 -0.84963797998466728 -0.4875650367298161
  outer loop
   vertex -51.168815612792969 47.134624481201172 -43.706695556640625
   vertex -51.524154663085938 47.254478454589844 -44.062034606933594
   vertex -51.500675201416016 47.260032653808594 -44.062034606933594
  endloop
 endfacet
 facet normal 0.19240439494785769 -0.81335786463191218 -0.54902598558371074
  outer loop
   vertex -51.500675201416016 47.260032653808594 -44.062034606933594
   vertex -51.524154663085938 47.254478454589844 -44.062034606933594
   vertex -51.524154663085938 47.260032653808594 -44.070262908935547
  endloop
 endfacet
 facet normal -0.19240439494785769 -0.81335786463191218 -0.54902598558371074
  outer loop
   vertex -51.547634124755859 47.260032653808594 -44.062034606933594
   vertex -51.524154663085938 47.260032653808594 -44.070262908935547
   vertex -51.524154663085938 47.254478454589844 -44.062034606933594
  endloop
 endfacet
endsolid
