solid ITK-SNAP coord sys for 3D Slicer: SPACE=RAS
 facet normal 0.53082230219165305 0.72506254889223332 0.43876187583910586
  outer loop
   vertex -32.713096618652344 48.822151184082031 -50.217121124267578
   vertex -32.780620574951172 48.871585845947266 -50.217121124267578
   vertex -32.780620574951172 48.822151184082031 -50.135429382324219
  endloop
 endfacet
 facet normal 0.025680332565505941 0.8552658900320691 0.51755268124798426
  outer loop
   vertex -32.780620574951172 48.822151184082031 -50.135429382324219
   vertex -32.780620574951172 48.871585845947266 -50.217121124267578
   vertex -33.129348754882812 48.822151184082031 -50.118125915527344
  endloop
 endfacet
 facet normal 0.032107810953858638 0.76173732942974326 0.64708989285028562
  outer loop
   vertex -32.780620574951172 48.822151184082031 -50.135429382324219
   vertex -33.129348754882812 48.822151184082031 -50.118125915527344
   vertex -32.780620574951172 48.595302581787109 -49.868389129638672
  endloop
 endfacet
 facet normal 0.11925522621466846 0.81212418167955502 0.57116766763517113
  outer loop
   vertex -32.780620574951172 48.595302581787109 -49.868389129638672
   vertex -33.129348754882812 48.822151184082031 -50.118125915527344
   vertex -33.129348754882812 48.646511077880859 -49.868389129638672
  endloop
 endfacet
 facet normal 0.080421833186340969 0.54767004800325769 0.83282041717711119
  outer loop
   vertex -32.780620574951172 48.595302581787109 -49.868389129638672
   vertex -33.129348754882812 48.646511077880859 -49.868389129638672
   vertex -33.129348754882812 48.473419189453125 -49.754562377929688
  endloop
 endfacet
 facet normal -0.59422652730680925 0.44192119369627059 0.67201227132170238
  outer loop
   vertex -33.129348754882812 48.473419189453125 -49.754562377929688
   vertex -33.129348754882812 48.646511077880859 -49.868389129638672
   vertex -33.258075714111328 48.473419189453125 -49.868389129638672
  endloop
 endfacet
 facet normal -0.57064208203219025 0.50784168006563135 0.64534056296042963
  outer loop
   vertex -33.129348754882812 48.473419189453125 -49.754562377929688
   vertex -33.258075714111328 48.473419189453125 -49.868389129638672
   vertex -33.478080749511719 48.124691009521484 -49.788501739501953
  endloop
 endfacet
 facet normal -0.62161813286569378 0.52528326119799496 0.58109241295835878
  outer loop
   vertex -33.478080749511719 48.124691009521484 -49.788501739501953
   vertex -33.258075714111328 48.473419189453125 -49.868389129638672
   vertex -33.478080749511719 48.213066101074219 -49.868389129638672
  endloop
 endfacet
 facet normal -0.61229959970800563 0.53018215436364635 0.58651179305427337
  outer loop
   vertex -33.478080749511719 48.124691009521484 -49.788501739501953
   vertex -33.478080749511719 48.213066101074219 -49.868389129638672
   vertex -33.554603576660156 48.124691009521484 -49.868389129638672
  endloop
 endfacet
 facet normal -0.7316608977786252 0.63353552939263702 0.25160497542569998
  outer loop
   vertex -33.554603576660156 48.124691009521484 -49.868389129638672
   vertex -33.478080749511719 48.213066101074219 -49.868389129638672
   vertex -33.674526214599609 48.124691009521484 -50.217121124267578
  endloop
 endfacet
 facet normal -0.73166035081829339 0.63353623576722162 0.25160478733591513
  outer loop
   vertex -33.554603576660156 48.124691009521484 -49.868389129638672
   vertex -33.674526214599609 48.124691009521484 -50.217121124267578
   vertex -33.826808929443359 47.810325622558594 -49.868389129638672
  endloop
 endfacet
 facet normal -0.57834751065289935 0.7152967322013738 0.39225596467565765
  outer loop
   vertex -33.826808929443359 47.810325622558594 -49.868389129638672
   vertex -33.674526214599609 48.124691009521484 -50.217121124267578
   vertex -33.826808929443359 48.001564025878906 -50.217121124267578
  endloop
 endfacet
 facet normal -0.51443061947512592 0.75189626786914932 0.41232649697889029
  outer loop
   vertex -33.826808929443359 47.810325622558594 -49.868389129638672
   vertex -33.826808929443359 48.001564025878906 -50.217121124267578
   vertex -34.15655517578125 47.775959014892578 -50.217121124267578
  endloop
 endfacet
 facet normal -0.56371898486044825 0.82393657141952292 0.057874280862462373
  outer loop
   vertex -34.15655517578125 47.775959014892578 -50.217121124267578
   vertex -33.826808929443359 48.001564025878906 -50.217121124267578
   vertex -34.175540924072266 47.775959014892578 -50.402050018310547
  endloop
 endfacet
 facet normal -0.88225929152420268 0.46196785838147886 0.090577261725235295
  outer loop
   vertex -34.15655517578125 47.775959014892578 -50.217121124267578
   vertex -34.175540924072266 47.775959014892578 -50.402050018310547
   vertex -34.175540924072266 47.739700317382812 -50.217121124267578
  endloop
 endfacet
 facet normal -0.91929473608252876 0.38621619449730582 0.07572476027676249
  outer loop
   vertex -34.175540924072266 47.739700317382812 -50.217121124267578
   vertex -34.175540924072266 47.775959014892578 -50.402050018310547
   vertex -34.189033508300781 47.775959014892578 -50.565849304199219
  endloop
 endfacet
 facet normal -0.9460132426560901 0.31658505478670701 0.069518686732470331
  outer loop
   vertex -34.175540924072266 47.739700317382812 -50.217121124267578
   vertex -34.189033508300781 47.775959014892578 -50.565849304199219
   vertex -34.280109405517578 47.427230834960938 -50.217121124267578
  endloop
 endfacet
 facet normal -0.91297753601336307 0.38194113662989437 0.1435025675200019
  outer loop
   vertex -34.280109405517578 47.427230834960938 -50.217121124267578
   vertex -34.189033508300781 47.775959014892578 -50.565849304199219
   vertex -34.334922790527344 47.427230834960938 -50.565849304199219
  endloop
 endfacet
 facet normal -0.98764486824618802 -0.021412998992134336 0.15523884082642697
  outer loop
   vertex -34.280109405517578 47.427230834960938 -50.217121124267578
   vertex -34.334922790527344 47.427230834960938 -50.565849304199219
   vertex -34.272548675537109 47.078502655029297 -50.217121124267578
  endloop
 endfacet
 facet normal -0.97541302730522972 0.041900816677725557 0.21636484863532437
  outer loop
   vertex -34.272548675537109 47.078502655029297 -50.217121124267578
   vertex -34.334922790527344 47.427230834960938 -50.565849304199219
   vertex -34.349903106689453 47.078502655029297 -50.565849304199219
  endloop
 endfacet
 facet normal -0.9573688916261377 -0.19582402704628354 0.21236232193568833
  outer loop
   vertex -34.272548675537109 47.078502655029297 -50.217121124267578
   vertex -34.349903106689453 47.078502655029297 -50.565849304199219
   vertex -34.201217651367188 46.729770660400391 -50.217121124267578
  endloop
 endfacet
 facet normal -0.93297267698575792 -0.040077268180479457 0.35770909489866015
  outer loop
   vertex -34.201217651367188 46.729770660400391 -50.217121124267578
   vertex -34.349903106689453 47.078502655029297 -50.565849304199219
   vertex -34.334922790527344 46.729770660400391 -50.565849304199219
  endloop
 endfacet
 facet normal -0.90183285005580138 -0.25911528096049619 0.34576983924714044
  outer loop
   vertex -34.201217651367188 46.729770660400391 -50.217121124267578
   vertex -34.334922790527344 46.729770660400391 -50.565849304199219
   vertex -34.234725952148438 46.38104248046875 -50.565849304199219
  endloop
 endfacet
 facet normal -0.96029695513394453 -0.2759132308383363 0.041251024336684247
  outer loop
   vertex -34.234725952148438 46.38104248046875 -50.565849304199219
   vertex -34.334922790527344 46.729770660400391 -50.565849304199219
   vertex -34.349903106689453 46.729770660400391 -50.914581298828125
  endloop
 endfacet
 facet normal -0.9734954091444683 -0.14317518378362204 0.17834672725668421
  outer loop
   vertex -34.234725952148438 46.38104248046875 -50.565849304199219
   vertex -34.349903106689453 46.729770660400391 -50.914581298828125
   vertex -34.298614501953125 46.38104248046875 -50.914581298828125
  endloop
 endfacet
 facet normal -0.98935707340766676 -0.14550801111353556 -0
  outer loop
   vertex -34.298614501953125 46.38104248046875 -50.914581298828125
   vertex -34.349903106689453 46.729770660400391 -50.914581298828125
   vertex -34.349903106689453 46.729770660400391 -51.263309478759766
  endloop
 endfacet
 facet normal -0.99371696077820315 -0.042687098734108572 0.10346213540902609
  outer loop
   vertex -34.298614501953125 46.38104248046875 -50.914581298828125
   vertex -34.349903106689453 46.729770660400391 -51.263309478759766
   vertex -34.334922790527344 46.38104248046875 -51.263309478759766
  endloop
 endfacet
 facet normal -0.97968637659169122 -0.042084386939798636 -0.19607016064802973
  outer loop
   vertex -34.334922790527344 46.38104248046875 -51.263309478759766
   vertex -34.349903106689453 46.729770660400391 -51.263309478759766
   vertex -34.280109405517578 46.729770660400391 -51.612041473388672
  endloop
 endfacet
 facet normal -0.98787163242300602 -0 -0.15527278529705499
  outer loop
   vertex -34.334922790527344 46.38104248046875 -51.263309478759766
   vertex -34.280109405517578 46.729770660400391 -51.612041473388672
   vertex -34.280109405517578 46.38104248046875 -51.612041473388672
  endloop
 endfacet
 facet normal -0.84618479041423389 -0 -0.5328895762459791
  outer loop
   vertex -34.280109405517578 46.38104248046875 -51.612041473388672
   vertex -34.280109405517578 46.729770660400391 -51.612041473388672
   vertex -34.175540924072266 46.729770660400391 -51.778087615966797
  endloop
 endfacet
 facet normal -0.8575343652439551 0.012263927264948439 -0.51428047650449149
  outer loop
   vertex -34.280109405517578 46.38104248046875 -51.612041473388672
   vertex -34.175540924072266 46.729770660400391 -51.778087615966797
   vertex -34.175540924072266 46.38104248046875 -51.786403656005859
  endloop
 endfacet
 facet normal -0.85753105154638309 0.012264058952227272 -0.5142859987320002
  outer loop
   vertex -34.175540924072266 46.38104248046875 -51.786403656005859
   vertex -34.175540924072266 46.729770660400391 -51.778087615966797
   vertex -34.070968627929688 46.38104248046875 -51.960769653320312
  endloop
 endfacet
 facet normal -0.85508348447511984 0.07648403654152415 -0.51281812246858294
  outer loop
   vertex -34.175540924072266 46.38104248046875 -51.786403656005859
   vertex -34.070968627929688 46.38104248046875 -51.960769653320312
   vertex -34.102161407470703 46.032310485839844 -51.960769653320312
  endloop
 endfacet
 facet normal -0.91822243470574361 0.082131580745464408 -0.38745575727727644
  outer loop
   vertex -34.102161407470703 46.032310485839844 -51.960769653320312
   vertex -34.070968627929688 46.38104248046875 -51.960769653320312
   vertex -33.923816680908203 46.38104248046875 -52.309501647949219
  endloop
 endfacet
 facet normal -0.82149117351781675 -0.13410853741691897 -0.55422662514914867
  outer loop
   vertex -34.102161407470703 46.032310485839844 -51.960769653320312
   vertex -33.923816680908203 46.38104248046875 -52.309501647949219
   vertex -33.866886138916016 46.032310485839844 -52.309501647949219
  endloop
 endfacet
 facet normal -0.78033947020982419 -0.12739051667517792 -0.61224338909773623
  outer loop
   vertex -33.866886138916016 46.032310485839844 -52.309501647949219
   vertex -33.923816680908203 46.38104248046875 -52.309501647949219
   vertex -33.826808929443359 46.38104248046875 -52.433143615722656
  endloop
 endfacet
 facet normal -0.69716973838066776 -0.16705900685824354 -0.69716973838066776
  outer loop
   vertex -33.866886138916016 46.032310485839844 -52.309501647949219
   vertex -33.826808929443359 46.38104248046875 -52.433143615722656
   vertex -33.826808929443359 46.032310485839844 -52.349578857421875
  endloop
 endfacet
 facet normal -0.54856475722849873 -0.19483637269354476 -0.8130900903359114
  outer loop
   vertex -33.826808929443359 46.032310485839844 -52.349578857421875
   vertex -33.826808929443359 46.38104248046875 -52.433143615722656
   vertex -33.478080749511719 46.032310485839844 -52.584854125976562
  endloop
 endfacet
 facet normal -0.5489080080393085 -0.19172086888226836 -0.81359886132254788
  outer loop
   vertex -33.826808929443359 46.032310485839844 -52.349578857421875
   vertex -33.478080749511719 46.032310485839844 -52.584854125976562
   vertex -33.478080749511719 45.683582305908203 -52.502677917480469
  endloop
 endfacet
 facet normal -0.65564204426676109 -0.17318580838043984 -0.73494230084090006
  outer loop
   vertex -33.478080749511719 45.683582305908203 -52.502677917480469
   vertex -33.478080749511719 46.032310485839844 -52.584854125976562
   vertex -33.303714752197266 45.683582305908203 -52.658229827880859
  endloop
 endfacet
 facet normal -0.64679343993498417 -0.23664158246193764 -0.72502345307374727
  outer loop
   vertex -33.478080749511719 45.683582305908203 -52.502677917480469
   vertex -33.303714752197266 45.683582305908203 -52.658229827880859
   vertex -33.176124572753906 45.334850311279297 -52.658229827880859
  endloop
 endfacet
 facet normal -0.64679343993498417 -0.23664158246193764 -0.72502345307374727
  outer loop
   vertex -33.176124572753906 45.334850311279297 -52.658229827880859
   vertex -33.303714752197266 45.683582305908203 -52.658229827880859
   vertex -33.129348754882812 45.683582305908203 -52.81378173828125
  endloop
 endfacet
 facet normal -0.63099544933308715 -0.24386259718190242 -0.73646165997737623
  outer loop
   vertex -33.176124572753906 45.334850311279297 -52.658229827880859
   vertex -33.129348754882812 45.683582305908203 -52.81378173828125
   vertex -33.129348754882812 45.334850311279297 -52.698307037353516
  endloop
 endfacet
 facet normal -0.41272087239202609 -0.28632114555187765 -0.86468588695654414
  outer loop
   vertex -33.129348754882812 45.334850311279297 -52.698307037353516
   vertex -33.129348754882812 45.683582305908203 -52.81378173828125
   vertex -32.780620574951172 45.334850311279297 -52.864757537841797
  endloop
 endfacet
 facet normal -0.37473792192946509 -0.49312920159724333 -0.78510832399106001
  outer loop
   vertex -33.129348754882812 45.334850311279297 -52.698307037353516
   vertex -32.780620574951172 45.334850311279297 -52.864757537841797
   vertex -32.780620574951172 45.006038665771484 -52.658229827880859
  endloop
 endfacet
 facet normal -0.17943598072881978 -0.5232547034277496 -0.83307097186291668
  outer loop
   vertex -32.780620574951172 45.006038665771484 -52.658229827880859
   vertex -32.780620574951172 45.334850311279297 -52.864757537841797
   vertex -32.722541809082031 44.986122131347656 -52.658229827880859
  endloop
 endfacet
 facet normal -0.3109528106443562 -0.90677198660416081 -0.28473305719975484
  outer loop
   vertex -32.780620574951172 45.006038665771484 -52.658229827880859
   vertex -32.722541809082031 44.986122131347656 -52.658229827880859
   vertex -32.780620574951172 44.986122131347656 -52.594802856445312
  endloop
 endfacet
 facet normal -0.22735841906469681 -0.95129709081803648 -0.20818740183196061
  outer loop
   vertex -32.780620574951172 44.986122131347656 -52.594802856445312
   vertex -32.722541809082031 44.986122131347656 -52.658229827880859
   vertex -32.431888580322266 44.916656494140625 -52.658229827880859
  endloop
 endfacet
 facet normal -0.22598644209338581 -0.95382045434515372 -0.1978804408292473
  outer loop
   vertex -32.780620574951172 44.986122131347656 -52.594802856445312
   vertex -32.431888580322266 44.916656494140625 -52.658229827880859
   vertex -32.780620574951172 44.926933288574219 -52.309501647949219
  endloop
 endfacet
 facet normal -0.26802827308412414 -0.93289962569215545 -0.24053925503122828
  outer loop
   vertex -32.780620574951172 44.926933288574219 -52.309501647949219
   vertex -32.431888580322266 44.916656494140625 -52.658229827880859
   vertex -32.431888580322266 44.826740264892578 -52.309501647949219
  endloop
 endfacet
 facet normal -0.27476383509309832 -0.95634343333488914 0.099559391531734889
  outer loop
   vertex -32.780620574951172 44.926933288574219 -52.309501647949219
   vertex -32.431888580322266 44.826740264892578 -52.309501647949219
   vertex -32.431888580322266 44.863044738769531 -51.960769653320312
  endloop
 endfacet
 facet normal -0.22837557187669497 -0.96833996541056699 0.10080828120077409
  outer loop
   vertex -32.431888580322266 44.863044738769531 -51.960769653320312
   vertex -32.431888580322266 44.826740264892578 -52.309501647949219
   vertex -32.083160400390625 44.780799865722656 -51.960769653320312
  endloop
 endfacet
 facet normal -0.22951808037023361 -0.97318433920248815 -0.015287011289965466
  outer loop
   vertex -32.431888580322266 44.863044738769531 -51.960769653320312
   vertex -32.083160400390625 44.780799865722656 -51.960769653320312
   vertex -32.083160400390625 44.775321960449219 -51.612041473388672
  endloop
 endfacet
 facet normal -0.5609959222107298 -0.8277164515188955 -0.013001967078126979
  outer loop
   vertex -32.083160400390625 44.775321960449219 -51.612041473388672
   vertex -32.083160400390625 44.780799865722656 -51.960769653320312
   vertex -31.879650115966797 44.63739013671875 -51.612041473388672
  endloop
 endfacet
 facet normal -0.56092406741920842 -0.82761043400484957 0.020619411150563892
  outer loop
   vertex -32.083160400390625 44.775321960449219 -51.612041473388672
   vertex -31.879650115966797 44.63739013671875 -51.612041473388672
   vertex -31.866830825805664 44.63739013671875 -51.263309478759766
  endloop
 endfacet
 facet normal -0.72269111652741247 -0.6906604099393433 0.02656592243420737
  outer loop
   vertex -31.866830825805664 44.63739013671875 -51.263309478759766
   vertex -31.879650115966797 44.63739013671875 -51.612041473388672
   vertex -31.734430313110352 44.485435485839844 -51.612041473388672
  endloop
 endfacet
 facet normal -0.75395155366093114 -0.65693002270581902 0
  outer loop
   vertex -31.866830825805664 44.63739013671875 -51.263309478759766
   vertex -31.734430313110352 44.485435485839844 -51.612041473388672
   vertex -31.734430313110352 44.485435485839844 -51.263309478759766
  endloop
 endfacet
 facet normal -0.8478200451144996 -0.53028404756512137 0
  outer loop
   vertex -31.734430313110352 44.485435485839844 -51.263309478759766
   vertex -31.734430313110352 44.485435485839844 -51.612041473388672
   vertex -31.611354827880859 44.288661956787109 -51.263309478759766
  endloop
 endfacet
 facet normal -0.81976067424153221 -0.51273381760253711 0.25514009730694381
  outer loop
   vertex -31.734430313110352 44.485435485839844 -51.263309478759766
   vertex -31.611354827880859 44.288661956787109 -51.263309478759766
   vertex -31.720935821533203 44.63739013671875 -50.914581298828125
  endloop
 endfacet
 facet normal -0.91830173573191642 -0.38416347539805012 0.095605158447865435
  outer loop
   vertex -31.720935821533203 44.63739013671875 -50.914581298828125
   vertex -31.611354827880859 44.288661956787109 -51.263309478759766
   vertex -31.575048446655273 44.288661956787109 -50.914581298828125
  endloop
 endfacet
 facet normal -0.92252752472624366 -0.38593129715335328 0
  outer loop
   vertex -31.720935821533203 44.63739013671875 -50.914581298828125
   vertex -31.575048446655273 44.288661956787109 -50.914581298828125
   vertex -31.575048446655273 44.288661956787109 -50.565849304199219
  endloop
 endfacet
 facet normal -0.99907817455365988 -0.042927859608028793 0
  outer loop
   vertex -31.575048446655273 44.288661956787109 -50.565849304199219
   vertex -31.575048446655273 44.288661956787109 -50.914581298828125
   vertex -31.560064315795898 43.939929962158203 -50.565849304199219
  endloop
 endfacet
 facet normal -0.99470050034196589 -0.042739762030926533 0.093510573525042995
  outer loop
   vertex -31.575048446655273 44.288661956787109 -50.565849304199219
   vertex -31.560064315795898 43.939929962158203 -50.565849304199219
   vertex -31.527280807495117 43.939929962158203 -50.217121124267578
  endloop
 endfacet
 facet normal -0.98574338249272153 -0.14043691888363438 0.092668525866550527
  outer loop
   vertex -31.527280807495117 43.939929962158203 -50.217121124267578
   vertex -31.560064315795898 43.939929962158203 -50.565849304199219
   vertex -31.477598190307617 43.591201782226562 -50.217121124267578
  endloop
 endfacet
 facet normal -0.74811307366388968 -0.10658219665268494 0.65495577283497242
  outer loop
   vertex -31.527280807495117 43.939929962158203 -50.217121124267578
   vertex -31.477598190307617 43.591201782226562 -50.217121124267578
   vertex -31.385700225830078 43.591201782226562 -50.112152099609375
  endloop
 endfacet
 facet normal -0.75071265964315692 -0.066910837814362759 0.65723165051180987
  outer loop
   vertex -31.385700225830078 43.591201782226562 -50.112152099609375
   vertex -31.477598190307617 43.591201782226562 -50.217121124267578
   vertex -31.385700225830078 43.242469787597656 -50.147655487060547
  endloop
 endfacet
 facet normal -0.36905261156270869 -0.094133793842606533 0.92462911416174964
  outer loop
   vertex -31.385700225830078 43.591201782226562 -50.112152099609375
   vertex -31.385700225830078 43.242469787597656 -50.147655487060547
   vertex -31.036970138549805 43.591201782226562 -49.97296142578125
  endloop
 endfacet
 facet normal -0.28290771583354546 -0.18822689039354401 0.94049660395698542
  outer loop
   vertex -31.036970138549805 43.591201782226562 -49.97296142578125
   vertex -31.385700225830078 43.242469787597656 -50.147655487060547
   vertex -31.036970138549805 43.242469787597656 -50.042755126953125
  endloop
 endfacet
 facet normal -0.19294690107289264 -0.19255643889455146 0.96212967483942424
  outer loop
   vertex -31.036970138549805 43.591201782226562 -49.97296142578125
   vertex -31.036970138549805 43.242469787597656 -50.042755126953125
   vertex -30.688240051269531 43.591201782226562 -49.903026580810547
  endloop
 endfacet
 facet normal 0.16660694860582861 -0.50575311654948363 0.84643718596050554
  outer loop
   vertex -30.688240051269531 43.591201782226562 -49.903026580810547
   vertex -31.036970138549805 43.242469787597656 -50.042755126953125
   vertex -30.688240051269531 43.242469787597656 -50.111396789550781
  endloop
 endfacet
 facet normal 0.33993449659355351 -0.48237706727492508 0.80731462453799863
  outer loop
   vertex -30.688240051269531 43.591201782226562 -49.903026580810547
   vertex -30.688240051269531 43.242469787597656 -50.111396789550781
   vertex -30.339509963989258 43.591201782226562 -50.04986572265625
  endloop
 endfacet
 facet normal 0.47212947148508505 -0.58800801092728094 0.6567650578711971
  outer loop
   vertex -30.339509963989258 43.591201782226562 -50.04986572265625
   vertex -30.688240051269531 43.242469787597656 -50.111396789550781
   vertex -30.541170120239258 43.242469787597656 -50.217121124267578
  endloop
 endfacet
 facet normal 0.51357828156819496 -0.59397060265639279 0.61922231216378287
  outer loop
   vertex -30.339509963989258 43.591201782226562 -50.04986572265625
   vertex -30.541170120239258 43.242469787597656 -50.217121124267578
   vertex -30.339509963989258 43.416835784912109 -50.217121124267578
  endloop
 endfacet
 facet normal 0.53929667452924401 -0.62371479144837894 0.56580823232805988
  outer loop
   vertex -30.339509963989258 43.416835784912109 -50.217121124267578
   vertex -30.541170120239258 43.242469787597656 -50.217121124267578
   vertex -30.339509963989258 43.242469787597656 -50.409332275390625
  endloop
 endfacet
 facet normal 0.61115623608191794 -0.58623345885956135 0.5318067194119851
  outer loop
   vertex -30.339509963989258 43.416835784912109 -50.217121124267578
   vertex -30.339509963989258 43.242469787597656 -50.409332275390625
   vertex -30.17225456237793 43.591201782226562 -50.217121124267578
  endloop
 endfacet
 facet normal 0.63834664792616258 -0.58311351381446497 0.50248600685828015
  outer loop
   vertex -30.17225456237793 43.591201782226562 -50.217121124267578
   vertex -30.339509963989258 43.242469787597656 -50.409332275390625
   vertex -30.216304779052734 43.242469787597656 -50.565849304199219
  endloop
 endfacet
 facet normal 0.68220768112939589 -0.55829287563762642 0.47212471320650246
  outer loop
   vertex -30.17225456237793 43.591201782226562 -50.217121124267578
   vertex -30.216304779052734 43.242469787597656 -50.565849304199219
   vertex -29.990779876708984 43.591201782226562 -50.479347229003906
  endloop
 endfacet
 facet normal 0.70098233811300914 -0.56217800275704521 0.43883898512976083
  outer loop
   vertex -29.990779876708984 43.591201782226562 -50.479347229003906
   vertex -30.216304779052734 43.242469787597656 -50.565849304199219
   vertex -29.990779876708984 43.523677825927734 -50.565849304199219
  endloop
 endfacet
 facet normal 0.7327156720780047 -0.53644589301705559 0.41875237044870794
  outer loop
   vertex -29.990779876708984 43.591201782226562 -50.479347229003906
   vertex -29.990779876708984 43.523677825927734 -50.565849304199219
   vertex -29.941343307495117 43.591201782226562 -50.565849304199219
  endloop
 endfacet
 facet normal 0.80038047326790829 -0.58598557953310315 0.12653852611237479
  outer loop
   vertex -29.941343307495117 43.591201782226562 -50.565849304199219
   vertex -29.990779876708984 43.523677825927734 -50.565849304199219
   vertex -29.886209487915039 43.591201782226562 -50.914581298828125
  endloop
 endfacet
 facet normal 0.96897937072860763 -0.19393472829491198 0.15319366913671886
  outer loop
   vertex -29.941343307495117 43.591201782226562 -50.565849304199219
   vertex -29.886209487915039 43.591201782226562 -50.914581298828125
   vertex -29.816413879394531 43.939929962158203 -50.914581298828125
  endloop
 endfacet
 facet normal 0.97968449341496433 -0.19607728686969486 -0.042095022699650833
  outer loop
   vertex -29.816413879394531 43.939929962158203 -50.914581298828125
   vertex -29.886209487915039 43.591201782226562 -50.914581298828125
   vertex -29.831398010253906 43.939929962158203 -51.263309478759766
  endloop
 endfacet
 facet normal 0.99815887361862088 -0.042888359574415794 -0.042888828725225536
  outer loop
   vertex -29.816413879394531 43.939929962158203 -50.914581298828125
   vertex -29.831398010253906 43.939929962158203 -51.263309478759766
   vertex -29.816413879394531 44.288661956787109 -51.263309478759766
  endloop
 endfacet
 facet normal 0.99815889370279431 -0.042888360437381874 -0.042888360437381874
  outer loop
   vertex -29.816413879394531 44.288661956787109 -51.263309478759766
   vertex -29.831398010253906 43.939929962158203 -51.263309478759766
   vertex -29.831398010253906 44.288661956787109 -51.612041473388672
  endloop
 endfacet
 facet normal 0.98937856056534978 -0.13900672995068042 -0.042511091753272813
  outer loop
   vertex -29.816413879394531 44.288661956787109 -51.263309478759766
   vertex -29.831398010253906 44.288661956787109 -51.612041473388672
   vertex -29.782402038574219 44.63739013671875 -51.612041473388672
  endloop
 endfacet
 facet normal 0.98568711298188261 -0.13848808513886149 -0.096135142253043371
  outer loop
   vertex -29.782402038574219 44.63739013671875 -51.612041473388672
   vertex -29.831398010253906 44.288661956787109 -51.612041473388672
   vertex -29.816413879394531 44.63739013671875 -51.960769653320312
  endloop
 endfacet
 facet normal 0.961638805277923 -0.25778732176971075 -0.09378968449914088
  outer loop
   vertex -29.782402038574219 44.63739013671875 -51.612041473388672
   vertex -29.816413879394531 44.63739013671875 -51.960769653320312
   vertex -29.722929000854492 44.986122131347656 -51.960769653320312
  endloop
 endfacet
 facet normal 0.95405819882434073 -0.25575518223422855 -0.15608407995817936
  outer loop
   vertex -29.722929000854492 44.986122131347656 -51.960769653320312
   vertex -29.816413879394531 44.63739013671875 -51.960769653320312
   vertex -29.77998161315918 44.986122131347656 -52.309501647949219
  endloop
 endfacet
 facet normal 0.91938201899777428 -0.36347382138005202 -0.15041105117297154
  outer loop
   vertex -29.722929000854492 44.986122131347656 -51.960769653320312
   vertex -29.77998161315918 44.986122131347656 -52.309501647949219
   vertex -29.642049789428711 45.190700531005859 -51.960769653320312
  endloop
 endfacet
 facet normal 0.89487162778089901 -0.43530065540146567 -0.098580470681666005
  outer loop
   vertex -29.642049789428711 45.190700531005859 -51.960769653320312
   vertex -29.77998161315918 44.986122131347656 -52.309501647949219
   vertex -29.642049789428711 45.269676208496094 -52.309501647949219
  endloop
 endfacet
 facet normal 0.87158591505004068 -0.47813514713529448 -0.10828099445559958
  outer loop
   vertex -29.642049789428711 45.190700531005859 -51.960769653320312
   vertex -29.642049789428711 45.269676208496094 -52.309501647949219
   vertex -29.606296539306641 45.334850311279297 -52.309501647949219
  endloop
 endfacet
 facet normal 0.75986860884615814 -0.41684919733161357 -0.4988350869517838
  outer loop
   vertex -29.606296539306641 45.334850311279297 -52.309501647949219
   vertex -29.642049789428711 45.269676208496094 -52.309501647949219
   vertex -29.642049789428711 45.334850311279297 -52.363964080810547
  endloop
 endfacet
 facet normal 0.83567220170692114 0.026303865326430961 -0.54859828468852834
  outer loop
   vertex -29.606296539306641 45.334850311279297 -52.309501647949219
   vertex -29.642049789428711 45.334850311279297 -52.363964080810547
   vertex -29.617273330688477 45.683582305908203 -52.309501647949219
  endloop
 endfacet
 facet normal 0.81067917255945865 0.033689632710135836 -0.58452056236386374
  outer loop
   vertex -29.617273330688477 45.683582305908203 -52.309501647949219
   vertex -29.642049789428711 45.334850311279297 -52.363964080810547
   vertex -29.642049789428711 45.683582305908203 -52.343864440917969
  endloop
 endfacet
 facet normal 0.70018186910545055 0.50484916072823061 -0.50484916072823061
  outer loop
   vertex -29.617273330688477 45.683582305908203 -52.309501647949219
   vertex -29.642049789428711 45.683582305908203 -52.343864440917969
   vertex -29.642049789428711 45.717945098876953 -52.309501647949219
  endloop
 endfacet
 facet normal 0.66765458661527288 0.52642062695699399 -0.52642062695699399
  outer loop
   vertex -29.642049789428711 45.717945098876953 -52.309501647949219
   vertex -29.642049789428711 45.683582305908203 -52.343864440917969
   vertex -29.990779876708984 46.032310485839844 -52.437427520751953
  endloop
 endfacet
 facet normal 0.66917245896945521 0.5306185429239284 -0.52024242624190109
  outer loop
   vertex -29.642049789428711 45.717945098876953 -52.309501647949219
   vertex -29.990779876708984 46.032310485839844 -52.437427520751953
   vertex -29.891324996948242 46.032310485839844 -52.309501647949219
  endloop
 endfacet
 facet normal 0.6490347487772461 0.56933849644177414 -0.50458653504535467
  outer loop
   vertex -29.891324996948242 46.032310485839844 -52.309501647949219
   vertex -29.990779876708984 46.032310485839844 -52.437427520751953
   vertex -29.990779876708984 46.145687103271484 -52.309501647949219
  endloop
 endfacet
 facet normal 0.74631611612224624 0.65467449350564055 -0.12005649657281667
  outer loop
   vertex -29.891324996948242 46.032310485839844 -52.309501647949219
   vertex -29.990779876708984 46.145687103271484 -52.309501647949219
   vertex -29.835226058959961 46.032310485839844 -51.960769653320312
  endloop
 endfacet
 facet normal 0.80303567369939388 0.57033505502529014 -0.17277624771784972
  outer loop
   vertex -29.835226058959961 46.032310485839844 -51.960769653320312
   vertex -29.990779876708984 46.145687103271484 -52.309501647949219
   vertex -29.990779876708984 46.251331329345703 -51.960769653320312
  endloop
 endfacet
 facet normal 0.80065380174034773 0.5686433928497262 0.18867480363599157
  outer loop
   vertex -29.835226058959961 46.032310485839844 -51.960769653320312
   vertex -29.990779876708984 46.251331329345703 -51.960769653320312
   vertex -29.917404174804688 46.032310485839844 -51.612041473388672
  endloop
 endfacet
 facet normal 0.90583286874204094 0.41753403379470783 0.07163898749762071
  outer loop
   vertex -29.917404174804688 46.032310485839844 -51.612041473388672
   vertex -29.990779876708984 46.251331329345703 -51.960769653320312
   vertex -29.990779876708984 46.191497802734375 -51.612041473388672
  endloop
 endfacet
 facet normal 0.82836980843599095 0.38182825941208448 0.40989101086271407
  outer loop
   vertex -29.917404174804688 46.032310485839844 -51.612041473388672
   vertex -29.990779876708984 46.191497802734375 -51.612041473388672
   vertex -29.990779876708984 46.032310485839844 -51.463752746582031
  endloop
 endfacet
 facet normal 0.83837921665961657 0.37153981281230553 0.39884640724043707
  outer loop
   vertex -29.990779876708984 46.032310485839844 -51.463752746582031
   vertex -29.990779876708984 46.191497802734375 -51.612041473388672
   vertex -30.086137771606445 46.032310485839844 -51.263309478759766
  endloop
 endfacet
 facet normal 0.81900160056441595 0.42122032158071326 0.38962779541552928
  outer loop
   vertex -29.990779876708984 46.032310485839844 -51.463752746582031
   vertex -30.086137771606445 46.032310485839844 -51.263309478759766
   vertex -29.990779876708984 45.846900939941406 -51.263309478759766
  endloop
 endfacet
 facet normal 0.80870885795538561 0.4159266660509372 0.4159266660509372
  outer loop
   vertex -29.990779876708984 45.846900939941406 -51.263309478759766
   vertex -30.086137771606445 46.032310485839844 -51.263309478759766
   vertex -30.086137771606445 45.683582305908203 -50.914581298828125
  endloop
 endfacet
 facet normal 0.80870885795538572 0.41592666605093725 0.41592666605093725
  outer loop
   vertex -29.990779876708984 45.846900939941406 -51.263309478759766
   vertex -30.086137771606445 45.683582305908203 -50.914581298828125
   vertex -29.990779876708984 45.683582305908203 -51.099990844726562
  endloop
 endfacet
 facet normal 0.82735068495428765 0.36664477994512845 0.42551433518115395
  outer loop
   vertex -29.990779876708984 45.683582305908203 -51.099990844726562
   vertex -30.086137771606445 45.683582305908203 -50.914581298828125
   vertex -29.990779876708984 45.468402862548828 -50.914581298828125
  endloop
 endfacet
 facet normal 0.82733999279981263 0.36665506021952282 0.42552626608638883
  outer loop
   vertex -29.990779876708984 45.683582305908203 -51.099990844726562
   vertex -29.990779876708984 45.468402862548828 -50.914581298828125
   vertex -29.93159294128418 45.334850311279297 -50.914581298828125
  endloop
 endfacet
 facet normal 0.77969702643057459 0.34554096582643756 0.52218194904750637
  outer loop
   vertex -29.93159294128418 45.334850311279297 -50.914581298828125
   vertex -29.990779876708984 45.468402862548828 -50.914581298828125
   vertex -29.990779876708984 45.334850311279297 -50.826206207275391
  endloop
 endfacet
 facet normal 0.82141395320344135 0.15048668068577217 0.55012078348202154
  outer loop
   vertex -29.93159294128418 45.334850311279297 -50.914581298828125
   vertex -29.990779876708984 45.334850311279297 -50.826206207275391
   vertex -29.867704391479492 44.986122131347656 -50.914581298828125
  endloop
 endfacet
 facet normal 0.86657835629920765 0.18876775939493698 0.4619617791622796
  outer loop
   vertex -29.867704391479492 44.986122131347656 -50.914581298828125
   vertex -29.990779876708984 45.334850311279297 -50.826206207275391
   vertex -29.990779876708984 44.986122131347656 -50.683708190917969
  endloop
 endfacet
 facet normal 0.82931215969645955 0.34174958519259241 0.44209564892711284
  outer loop
   vertex -29.867704391479492 44.986122131347656 -50.914581298828125
   vertex -29.990779876708984 44.986122131347656 -50.683708190917969
   vertex -29.909900665283203 44.63739013671875 -50.565849304199219
  endloop
 endfacet
 facet normal 0.81265054148766491 0.34676011875345092 0.46835511896625803
  outer loop
   vertex -29.909900665283203 44.63739013671875 -50.565849304199219
   vertex -29.990779876708984 44.986122131347656 -50.683708190917969
   vertex -29.990779876708984 44.826934814453125 -50.565849304199219
  endloop
 endfacet
 facet normal 0.81653194269874352 0.34841632283647478 0.46030604225202765
  outer loop
   vertex -29.909900665283203 44.63739013671875 -50.565849304199219
   vertex -29.990779876708984 44.826934814453125 -50.565849304199219
   vertex -29.990779876708984 44.63739013671875 -50.422378540039062
  endloop
 endfacet
 facet normal 0.76895393225369424 0.38583737518582573 0.50974441633164869
  outer loop
   vertex -29.990779876708984 44.63739013671875 -50.422378540039062
   vertex -29.990779876708984 44.826934814453125 -50.565849304199219
   vertex -30.126846313476562 44.63739013671875 -50.217121124267578
  endloop
 endfacet
 facet normal 0.75875765194662737 0.41387519401890527 0.50298523774386705
  outer loop
   vertex -29.990779876708984 44.63739013671875 -50.422378540039062
   vertex -30.126846313476562 44.63739013671875 -50.217121124267578
   vertex -29.990779876708984 44.387939453125 -50.217121124267578
  endloop
 endfacet
 facet normal 0.65973620458832993 0.35986253183051659 0.65973259623874558
  outer loop
   vertex -29.990779876708984 44.387939453125 -50.217121124267578
   vertex -30.126846313476562 44.63739013671875 -50.217121124267578
   vertex -30.339509963989258 44.387939453125 -49.868389129638672
  endloop
 endfacet
 facet normal 0.64245261223074035 0.41774848532083392 0.64244909841173181
  outer loop
   vertex -29.990779876708984 44.387939453125 -50.217121124267578
   vertex -30.339509963989258 44.387939453125 -49.868389129638672
   vertex -30.274955749511719 44.288661956787109 -49.868389129638672
  endloop
 endfacet
 facet normal 0.56540917160113691 0.3676517466443896 0.73833912388457745
  outer loop
   vertex -30.274955749511719 44.288661956787109 -49.868389129638672
   vertex -30.339509963989258 44.387939453125 -49.868389129638672
   vertex -30.339509963989258 44.288661956787109 -49.818954467773438
  endloop
 endfacet
 facet normal 0.60799068441171544 0 0.79394415903675086
  outer loop
   vertex -30.274955749511719 44.288661956787109 -49.868389129638672
   vertex -30.339509963989258 44.288661956787109 -49.818954467773438
   vertex -30.274955749511719 43.939929962158203 -49.868389129638672
  endloop
 endfacet
 facet normal 0.60799068441171544 0 0.79394415903675086
  outer loop
   vertex -30.274955749511719 43.939929962158203 -49.868389129638672
   vertex -30.339509963989258 44.288661956787109 -49.818954467773438
   vertex -30.339509963989258 43.939929962158203 -49.818954467773438
  endloop
 endfacet
 facet normal 0.55366483550648826 -0.41318544623648562 0.72300279179400784
  outer loop
   vertex -30.274955749511719 43.939929962158203 -49.868389129638672
   vertex -30.339509963989258 43.939929962158203 -49.818954467773438
   vertex -30.339509963989258 43.853427886962891 -49.868389129638672
  endloop
 endfacet
 facet normal 0.2571300527482589 -0.4794930256637488 0.83902954317085943
  outer loop
   vertex -30.339509963989258 43.853427886962891 -49.868389129638672
   vertex -30.339509963989258 43.939929962158203 -49.818954467773438
   vertex -30.688240051269531 43.666419982910156 -49.868389129638672
  endloop
 endfacet
 facet normal 0.29187926233956957 -0.54429293321354466 0.78648057768129565
  outer loop
   vertex -30.339509963989258 43.853427886962891 -49.868389129638672
   vertex -30.688240051269531 43.666419982910156 -49.868389129638672
   vertex -30.339509963989258 43.591201782226562 -50.04986572265625
  endloop
 endfacet
 facet normal 0.35722862168867242 -0.3906760741608471 0.84838665531977797
  outer loop
   vertex -30.339509963989258 43.591201782226562 -50.04986572265625
   vertex -30.688240051269531 43.666419982910156 -49.868389129638672
   vertex -30.688240051269531 43.591201782226562 -49.903026580810547
  endloop
 endfacet
 facet normal -0.011246864368627615 0.90987132742197407 0.41473808069340418
  outer loop
   vertex -33.129348754882812 48.822151184082031 -50.118125915527344
   vertex -32.780620574951172 48.871585845947266 -50.217121124267578
   vertex -33.129348754882812 48.867275238037109 -50.217121124267578
  endloop
 endfacet
 facet normal -0.012359995208179106 0.99992361234168969 0
  outer loop
   vertex -33.129348754882812 48.867275238037109 -50.217121124267578
   vertex -32.780620574951172 48.871585845947266 -50.217121124267578
   vertex -33.129348754882812 48.867275238037109 -50.565849304199219
  endloop
 endfacet
 facet normal -0.69408018879213806 0.71989769518055124 0
  outer loop
   vertex -33.129348754882812 48.867275238037109 -50.217121124267578
   vertex -33.129348754882812 48.867275238037109 -50.565849304199219
   vertex -33.176151275634766 48.822151184082031 -50.565849304199219
  endloop
 endfacet
 facet normal -0.68888715622785623 0.71451149883841136 -0.12209751845137554
  outer loop
   vertex -33.176151275634766 48.822151184082031 -50.565849304199219
   vertex -33.129348754882812 48.867275238037109 -50.565849304199219
   vertex -33.129348754882812 48.822151184082031 -50.829914093017578
  endloop
 endfacet
 facet normal -0.86831982308943334 0.47152464589293391 -0.15389994524196088
  outer loop
   vertex -33.176151275634766 48.822151184082031 -50.565849304199219
   vertex -33.129348754882812 48.822151184082031 -50.829914093017578
   vertex -33.303714752197266 48.473419189453125 -50.914581298828125
  endloop
 endfacet
 facet normal -0.87530805995731409 0.46758591160728408 -0.12328509820796694
  outer loop
   vertex -33.303714752197266 48.473419189453125 -50.914581298828125
   vertex -33.129348754882812 48.822151184082031 -50.829914093017578
   vertex -33.129348754882812 48.799827575683594 -50.914581298828125
  endloop
 endfacet
 facet normal -0.86345404812581805 0.46125354797212698 -0.20418685378413132
  outer loop
   vertex -33.303714752197266 48.473419189453125 -50.914581298828125
   vertex -33.129348754882812 48.799827575683594 -50.914581298828125
   vertex -33.221248626708984 48.473419189453125 -51.263309478759766
  endloop
 endfacet
 facet normal -0.82899921243502273 0.50033620670338042 -0.24984792583446533
  outer loop
   vertex -33.221248626708984 48.473419189453125 -51.263309478759766
   vertex -33.129348754882812 48.799827575683594 -50.914581298828125
   vertex -33.129348754882812 48.625686645507812 -51.263309478759766
  endloop
 endfacet
 facet normal -0.76845451677005039 0.46379491340583434 -0.44087632501029467
  outer loop
   vertex -33.221248626708984 48.473419189453125 -51.263309478759766
   vertex -33.129348754882812 48.625686645507812 -51.263309478759766
   vertex -33.129348754882812 48.473419189453125 -51.423492431640625
  endloop
 endfacet
 facet normal -0.52617500598505962 0.61634237639117029 -0.58588560158200453
  outer loop
   vertex -33.129348754882812 48.473419189453125 -51.423492431640625
   vertex -33.129348754882812 48.625686645507812 -51.263309478759766
   vertex -32.919403076171875 48.473419189453125 -51.612041473388672
  endloop
 endfacet
 facet normal -0.46854561514376963 0.71293548451900768 -0.5217163994386167
  outer loop
   vertex -33.129348754882812 48.473419189453125 -51.423492431640625
   vertex -32.919403076171875 48.473419189453125 -51.612041473388672
   vertex -33.129348754882812 48.335441589355469 -51.612041473388672
  endloop
 endfacet
 facet normal -0.44631639747678431 0.67911167408162287 -0.58275981971083124
  outer loop
   vertex -33.129348754882812 48.335441589355469 -51.612041473388672
   vertex -32.919403076171875 48.473419189453125 -51.612041473388672
   vertex -32.780620574951172 48.473419189453125 -51.718330383300781
  endloop
 endfacet
 facet normal -0.44577043928535554 0.74877120490089366 -0.49054092405283078
  outer loop
   vertex -33.129348754882812 48.335441589355469 -51.612041473388672
   vertex -32.780620574951172 48.473419189453125 -51.718330383300781
   vertex -32.780620574951172 48.314590454101562 -51.960769653320312
  endloop
 endfacet
 facet normal 0.076557507540342323 0.83402326554556638 -0.54639192944984116
  outer loop
   vertex -32.780620574951172 48.314590454101562 -51.960769653320312
   vertex -32.780620574951172 48.473419189453125 -51.718330383300781
   vertex -32.431888580322266 48.473419189453125 -51.669467926025391
  endloop
 endfacet
 facet normal 0.052123867600588326 0.84923538198370763 -0.52543540841224468
  outer loop
   vertex -32.780620574951172 48.314590454101562 -51.960769653320312
   vertex -32.431888580322266 48.473419189453125 -51.669467926025391
   vertex -32.431888580322266 48.293186187744141 -51.960769653320312
  endloop
 endfacet
 facet normal 0.4206023248665971 0.77151341936831674 -0.47734759667502402
  outer loop
   vertex -32.431888580322266 48.293186187744141 -51.960769653320312
   vertex -32.431888580322266 48.473419189453125 -51.669467926025391
   vertex -32.366714477539062 48.473419189453125 -51.612041473388672
  endloop
 endfacet
 facet normal 0.38383963547448219 0.78910218724145287 -0.47956738038525054
  outer loop
   vertex -32.431888580322266 48.293186187744141 -51.960769653320312
   vertex -32.366714477539062 48.473419189453125 -51.612041473388672
   vertex -32.083160400390625 48.335491180419922 -51.612041473388672
  endloop
 endfacet
 facet normal 0.42679792087578072 0.8774163524224502 -0.21905268598625688
  outer loop
   vertex -32.083160400390625 48.335491180419922 -51.612041473388672
   vertex -32.366714477539062 48.473419189453125 -51.612041473388672
   vertex -32.187728881835938 48.473419189453125 -51.263309478759766
  endloop
 endfacet
 facet normal 0.48332540647370092 0.85394238106716658 -0.19281846715076301
  outer loop
   vertex -32.083160400390625 48.335491180419922 -51.612041473388672
   vertex -32.187728881835938 48.473419189453125 -51.263309478759766
   vertex -32.083160400390625 48.414234161376953 -51.263309478759766
  endloop
 endfacet
 facet normal 0.47238954278913359 0.83462082803324078 -0.2832952404763992
  outer loop
   vertex -32.083160400390625 48.414234161376953 -51.263309478759766
   vertex -32.187728881835938 48.473419189453125 -51.263309478759766
   vertex -32.083160400390625 48.473419189453125 -51.088943481445312
  endloop
 endfacet
 facet normal 0.53554567291341915 0.79969436316726861 -0.27144015499223728
  outer loop
   vertex -32.083160400390625 48.414234161376953 -51.263309478759766
   vertex -32.083160400390625 48.473419189453125 -51.088943481445312
   vertex -31.994785308837891 48.473419189453125 -50.914581298828125
  endloop
 endfacet
 facet normal 0.53557523955602448 0.79966947504475494 -0.27145514078048522
  outer loop
   vertex -31.994785308837891 48.473419189453125 -50.914581298828125
   vertex -32.083160400390625 48.473419189453125 -51.088943481445312
   vertex -32.083160400390625 48.532608032226562 -50.914581298828125
  endloop
 endfacet
 facet normal 0.55645818060950847 0.83084987562390333 0.0065404440598669502
  outer loop
   vertex -31.994785308837891 48.473419189453125 -50.914581298828125
   vertex -32.083160400390625 48.532608032226562 -50.914581298828125
   vertex -31.998884201049805 48.473419189453125 -50.565849304199219
  endloop
 endfacet
 facet normal 0.57473572888132918 0.81833907516826265 -0
  outer loop
   vertex -31.998884201049805 48.473419189453125 -50.565849304199219
   vertex -32.083160400390625 48.532608032226562 -50.914581298828125
   vertex -32.083160400390625 48.532608032226562 -50.565849304199219
  endloop
 endfacet
 facet normal 0.54029900432874145 0.76930624859066254 0.34094703665046333
  outer loop
   vertex -31.998884201049805 48.473419189453125 -50.565849304199219
   vertex -32.083160400390625 48.532608032226562 -50.565849304199219
   vertex -32.083160400390625 48.473419189453125 -50.432296752929688
  endloop
 endfacet
 facet normal 0.49195237434426026 0.79595536322551597 0.35275759542436746
  outer loop
   vertex -32.083160400390625 48.473419189453125 -50.432296752929688
   vertex -32.083160400390625 48.532608032226562 -50.565849304199219
   vertex -32.237453460693359 48.473419189453125 -50.217121124267578
  endloop
 endfacet
 facet normal 0.4919288549601441 0.79597737314769568 0.35274073069961087
  outer loop
   vertex -32.083160400390625 48.473419189453125 -50.432296752929688
   vertex -32.237453460693359 48.473419189453125 -50.217121124267578
   vertex -32.083160400390625 48.378063201904297 -50.217121124267578
  endloop
 endfacet
 facet normal 0.45353424193685621 0.73385204158979167 0.50573498242187664
  outer loop
   vertex -32.083160400390625 48.378063201904297 -50.217121124267578
   vertex -32.237453460693359 48.473419189453125 -50.217121124267578
   vertex -32.431888580322266 48.473419189453125 -50.042755126953125
  endloop
 endfacet
 facet normal 0.4668922232629733 0.68515749857984154 0.55908036452407472
  outer loop
   vertex -32.083160400390625 48.378063201904297 -50.217121124267578
   vertex -32.431888580322266 48.473419189453125 -50.042755126953125
   vertex -32.431888580322266 48.331138610839844 -49.868389129638672
  endloop
 endfacet
 facet normal 0.4731489023301183 0.68257608954036886 0.55697396547018474
  outer loop
   vertex -32.431888580322266 48.331138610839844 -49.868389129638672
   vertex -32.431888580322266 48.473419189453125 -50.042755126953125
   vertex -32.63714599609375 48.473419189453125 -49.868389129638672
  endloop
 endfacet
 facet normal 0.41480938165002151 0.59841408114222505 0.6854442095355634
  outer loop
   vertex -32.431888580322266 48.331138610839844 -49.868389129638672
   vertex -32.63714599609375 48.473419189453125 -49.868389129638672
   vertex -32.780620574951172 48.473419189453125 -49.781562805175781
  endloop
 endfacet
 facet normal 0.44210565292881115 0.52042301374935107 0.73054943597845068
  outer loop
   vertex -32.780620574951172 48.473419189453125 -49.781562805175781
   vertex -32.63714599609375 48.473419189453125 -49.868389129638672
   vertex -32.780620574951172 48.595302581787109 -49.868389129638672
  endloop
 endfacet
 facet normal 0.062935672435880038 0.57905546817817544 0.81285537822419407
  outer loop
   vertex -32.780620574951172 48.473419189453125 -49.781562805175781
   vertex -32.780620574951172 48.595302581787109 -49.868389129638672
   vertex -33.129348754882812 48.473419189453125 -49.754562377929688
  endloop
 endfacet
 facet normal -0.65948172329494936 0.6840122802524079 0.31178687769664881
  outer loop
   vertex -33.129348754882812 48.822151184082031 -50.118125915527344
   vertex -33.129348754882812 48.867275238037109 -50.217121124267578
   vertex -33.176151275634766 48.822151184082031 -50.217121124267578
  endloop
 endfacet
 facet normal -0.69408018879213806 0.71989769518055124 0
  outer loop
   vertex -33.176151275634766 48.822151184082031 -50.217121124267578
   vertex -33.129348754882812 48.867275238037109 -50.217121124267578
   vertex -33.176151275634766 48.822151184082031 -50.565849304199219
  endloop
 endfacet
 facet normal -0.87375437622700214 0.48636744342540261 0
  outer loop
   vertex -33.176151275634766 48.822151184082031 -50.217121124267578
   vertex -33.176151275634766 48.822151184082031 -50.565849304199219
   vertex -33.370269775390625 48.473419189453125 -50.217121124267578
  endloop
 endfacet
 facet normal -0.89254578449364042 0.44834272210869264 -0.048485318549016249
  outer loop
   vertex -33.370269775390625 48.473419189453125 -50.217121124267578
   vertex -33.176151275634766 48.822151184082031 -50.565849304199219
   vertex -33.351325988769531 48.473419189453125 -50.565849304199219
  endloop
 endfacet
 facet normal -0.8000462405485439 0.59836209511969274 -0.043460512055351508
  outer loop
   vertex -33.370269775390625 48.473419189453125 -50.217121124267578
   vertex -33.351325988769531 48.473419189453125 -50.565849304199219
   vertex -33.478080749511719 48.329269409179688 -50.217121124267578
  endloop
 endfacet
 facet normal -0.83788469029455093 0.5397365893629168 -0.081447282783961822
  outer loop
   vertex -33.478080749511719 48.329269409179688 -50.217121124267578
   vertex -33.351325988769531 48.473419189453125 -50.565849304199219
   vertex -33.478080749511719 48.276645660400391 -50.565849304199219
  endloop
 endfacet
 facet normal -0.71905340286018737 0.68717489933427756 -0.10369600551665838
  outer loop
   vertex -33.478080749511719 48.329269409179688 -50.217121124267578
   vertex -33.478080749511719 48.276645660400391 -50.565849304199219
   vertex -33.623298645019531 48.124691009521484 -50.565849304199219
  endloop
 endfacet
 facet normal -0.68572905203878387 0.65532794981705145 -0.31673481870260295
  outer loop
   vertex -33.623298645019531 48.124691009521484 -50.565849304199219
   vertex -33.478080749511719 48.276645660400391 -50.565849304199219
   vertex -33.478080749511719 48.124691009521484 -50.880245208740234
  endloop
 endfacet
 facet normal -0.54310353979117576 0.8013172947707129 -0.250856808095059
  outer loop
   vertex -33.623298645019531 48.124691009521484 -50.565849304199219
   vertex -33.478080749511719 48.124691009521484 -50.880245208740234
   vertex -33.826808929443359 47.986759185791016 -50.565849304199219
  endloop
 endfacet
 facet normal -0.57227956075045905 0.76324499547692648 -0.29992195856036985
  outer loop
   vertex -33.826808929443359 47.986759185791016 -50.565849304199219
   vertex -33.478080749511719 48.124691009521484 -50.880245208740234
   vertex -33.478080749511719 48.111198425292969 -50.914581298828125
  endloop
 endfacet
 facet normal -0.48448946206829918 0.85630325298025456 -0.17892652145560856
  outer loop
   vertex -33.826808929443359 47.986759185791016 -50.565849304199219
   vertex -33.478080749511719 48.111198425292969 -50.914581298828125
   vertex -33.826808929443359 47.913890838623047 -50.914581298828125
  endloop
 endfacet
 facet normal -0.48084814707626305 0.8498674682688695 -0.21566257401688127
  outer loop
   vertex -33.826808929443359 47.913890838623047 -50.914581298828125
   vertex -33.478080749511719 48.111198425292969 -50.914581298828125
   vertex -33.826808929443359 47.825397491455078 -51.263309478759766
  endloop
 endfacet
 facet normal -0.59603296234976522 0.77829211588310776 -0.19749959530783481
  outer loop
   vertex -33.826808929443359 47.913890838623047 -50.914581298828125
   vertex -33.826808929443359 47.825397491455078 -51.263309478759766
   vertex -33.891365051269531 47.775959014892578 -51.263309478759766
  endloop
 endfacet
 facet normal -0.55367582370802826 0.72298271331874708 -0.41320585485142719
  outer loop
   vertex -33.891365051269531 47.775959014892578 -51.263309478759766
   vertex -33.826808929443359 47.825397491455078 -51.263309478759766
   vertex -33.826808929443359 47.775959014892578 -51.349811553955078
  endloop
 endfacet
 facet normal -0.61543148942951764 0.64054137350829254 -0.45929383910811994
  outer loop
   vertex -33.891365051269531 47.775959014892578 -51.263309478759766
   vertex -33.826808929443359 47.775959014892578 -51.349811553955078
   vertex -33.994064331054688 47.427230834960938 -51.612041473388672
  endloop
 endfacet
 facet normal -0.63513957938988641 0.63513957938988641 -0.43954002023123678
  outer loop
   vertex -33.994064331054688 47.427230834960938 -51.612041473388672
   vertex -33.826808929443359 47.775959014892578 -51.349811553955078
   vertex -33.826808929443359 47.594486236572266 -51.612041473388672
  endloop
 endfacet
 facet normal -0.58519132528404461 0.58519132528404461 -0.56133967045328903
  outer loop
   vertex -33.994064331054688 47.427230834960938 -51.612041473388672
   vertex -33.826808929443359 47.594486236572266 -51.612041473388672
   vertex -33.826808929443359 47.427230834960938 -51.786403656005859
  endloop
 endfacet
 facet normal -0.56614212827376964 0.59487052097647042 -0.57062435442840087
  outer loop
   vertex -33.826808929443359 47.427230834960938 -51.786403656005859
   vertex -33.826808929443359 47.594486236572266 -51.612041473388672
   vertex -33.636127471923828 47.775959014892578 -51.612041473388672
  endloop
 endfacet
 facet normal -0.5683506355763922 0.5949412660757547 -0.5683506355763922
  outer loop
   vertex -33.826808929443359 47.427230834960938 -51.786403656005859
   vertex -33.636127471923828 47.775959014892578 -51.612041473388672
   vertex -33.652442932128906 47.427230834960938 -51.960769653320312
  endloop
 endfacet
 facet normal -0.62323413306206255 0.5673694390114673 -0.53821105066896602
  outer loop
   vertex -33.652442932128906 47.427230834960938 -51.960769653320312
   vertex -33.636127471923828 47.775959014892578 -51.612041473388672
   vertex -33.478080749511719 47.775959014892578 -51.795055389404297
  endloop
 endfacet
 facet normal -0.62536735311975689 0.56729495656415041 -0.53580976652993928
  outer loop
   vertex -33.652442932128906 47.427230834960938 -51.960769653320312
   vertex -33.478080749511719 47.775959014892578 -51.795055389404297
   vertex -33.478080749511719 47.619441986083984 -51.960769653320312
  endloop
 endfacet
 facet normal -0.67846420411274688 0.5340735282581891 -0.50443214623129073
  outer loop
   vertex -33.478080749511719 47.619441986083984 -51.960769653320312
   vertex -33.478080749511719 47.775959014892578 -51.795055389404297
   vertex -33.354873657226562 47.775959014892578 -51.960769653320312
  endloop
 endfacet
 facet normal -0.68697206365488983 0.54077074608641562 -0.4854239218815688
  outer loop
   vertex -33.478080749511719 47.619441986083984 -51.960769653320312
   vertex -33.354873657226562 47.775959014892578 -51.960769653320312
   vertex -33.478080749511719 47.427230834960938 -52.174896240234375
  endloop
 endfacet
 facet normal -0.67463363778106455 0.54442272441252848 -0.49847101411970518
  outer loop
   vertex -33.478080749511719 47.427230834960938 -52.174896240234375
   vertex -33.354873657226562 47.775959014892578 -51.960769653320312
   vertex -33.378623962402344 47.427230834960938 -52.309501647949219
  endloop
 endfacet
 facet normal -0.63623964851091697 0.61172106486619571 -0.47010259354918743
  outer loop
   vertex -33.478080749511719 47.427230834960938 -52.174896240234375
   vertex -33.378623962402344 47.427230834960938 -52.309501647949219
   vertex -33.478080749511719 47.323787689208984 -52.309501647949219
  endloop
 endfacet
 facet normal -0.67887374512131149 0.65271218360448546 -0.33629933624559666
  outer loop
   vertex -33.478080749511719 47.323787689208984 -52.309501647949219
   vertex -33.378623962402344 47.427230834960938 -52.309501647949219
   vertex -33.20587158203125 47.427230834960938 -52.658229827880859
  endloop
 endfacet
 facet normal -0.70288948978511179 0.60863240922819117 -0.36812084372759052
  outer loop
   vertex -33.478080749511719 47.323787689208984 -52.309501647949219
   vertex -33.20587158203125 47.427230834960938 -52.658229827880859
   vertex -33.478080749511719 47.112865447998047 -52.658229827880859
  endloop
 endfacet
 facet normal -0.6122968671318243 0.53018820571530678 -0.58650917556414839
  outer loop
   vertex -33.478080749511719 47.112865447998047 -52.658229827880859
   vertex -33.20587158203125 47.427230834960938 -52.658229827880859
   vertex -33.129348754882812 47.427230834960938 -52.738117218017578
  endloop
 endfacet
 facet normal -0.61229710205341914 0.53018862494889707 -0.58650855133730384
  outer loop
   vertex -33.478080749511719 47.112865447998047 -52.658229827880859
   vertex -33.129348754882812 47.427230834960938 -52.738117218017578
   vertex -33.478080749511719 47.078502655029297 -52.689292907714844
  endloop
 endfacet
 facet normal -0.56768327607794211 0.47339137903641348 -0.67352527815622321
  outer loop
   vertex -33.478080749511719 47.078502655029297 -52.689292907714844
   vertex -33.129348754882812 47.427230834960938 -52.738117218017578
   vertex -33.129348754882812 47.078502655029297 -52.983222961425781
  endloop
 endfacet
 facet normal -0.63457619201799031 0.17455539622360619 -0.75289007841328759
  outer loop
   vertex -33.478080749511719 47.078502655029297 -52.689292907714844
   vertex -33.129348754882812 47.078502655029297 -52.983222961425781
   vertex -33.478080749511719 46.729770660400391 -52.770145416259766
  endloop
 endfacet
 facet normal -0.49686337536136843 -0.033002170431902719 -0.86720103953540761
  outer loop
   vertex -33.478080749511719 46.729770660400391 -52.770145416259766
   vertex -33.129348754882812 47.078502655029297 -52.983222961425781
   vertex -33.129348754882812 46.729770660400391 -52.969951629638672
  endloop
 endfacet
 facet normal -0.49290997705349926 -0.13008456116768125 -0.86030097144367479
  outer loop
   vertex -33.478080749511719 46.729770660400391 -52.770145416259766
   vertex -33.129348754882812 46.729770660400391 -52.969951629638672
   vertex -33.478080749511719 46.38104248046875 -52.717414855957031
  endloop
 endfacet
 facet normal -0.44578425443120734 -0.187984867876237 -0.87517888911397212
  outer loop
   vertex -33.478080749511719 46.38104248046875 -52.717414855957031
   vertex -33.129348754882812 46.729770660400391 -52.969951629638672
   vertex -33.129348754882812 46.38104248046875 -52.895046234130859
  endloop
 endfacet
 facet normal -0.45108031028154394 -0.11082054653969424 -0.8855762870249797
  outer loop
   vertex -33.478080749511719 46.38104248046875 -52.717414855957031
   vertex -33.129348754882812 46.38104248046875 -52.895046234130859
   vertex -33.129348754882812 46.032310485839844 -52.851406097412109
  endloop
 endfacet
 facet normal -0.61413258328708686 -0.097996105019540355 -0.7830950986605193
  outer loop
   vertex -33.129348754882812 46.032310485839844 -52.851406097412109
   vertex -33.129348754882812 46.38104248046875 -52.895046234130859
   vertex -32.930995941162109 46.032310485839844 -53.006961822509766
  endloop
 endfacet
 facet normal -0.6084019764462365 -0.16733267219212755 -0.77578786525270882
  outer loop
   vertex -33.129348754882812 46.032310485839844 -52.851406097412109
   vertex -32.930995941162109 46.032310485839844 -53.006961822509766
   vertex -32.8350830078125 45.683582305908203 -53.006961822509766
  endloop
 endfacet
 facet normal -0.56400484791554117 -0.1551218470431151 -0.81107073926859163
  outer loop
   vertex -32.8350830078125 45.683582305908203 -53.006961822509766
   vertex -32.930995941162109 46.032310485839844 -53.006961822509766
   vertex -32.780620574951172 46.032310485839844 -53.111530303955078
  endloop
 endfacet
 facet normal -0.54144943960437764 -0.16276917275405298 -0.82482646705417184
  outer loop
   vertex -32.8350830078125 45.683582305908203 -53.006961822509766
   vertex -32.780620574951172 46.032310485839844 -53.111530303955078
   vertex -32.780620574951172 45.683582305908203 -53.042713165283203
  endloop
 endfacet
 facet normal -0.28033423537477831 -0.18584077193294796 -0.94174090065378624
  outer loop
   vertex -32.780620574951172 45.683582305908203 -53.042713165283203
   vertex -32.780620574951172 46.032310485839844 -53.111530303955078
   vertex -32.431888580322266 46.032310485839844 -53.215339660644531
  endloop
 endfacet
 facet normal -0.226084639511754 -0.24110865465345344 -0.94379677496166614
  outer loop
   vertex -32.780620574951172 45.683582305908203 -53.042713165283203
   vertex -32.431888580322266 46.032310485839844 -53.215339660644531
   vertex -32.431888580322266 45.683582305908203 -53.126251220703125
  endloop
 endfacet
 facet normal -0.13018738289221629 -0.24541094035554276 -0.96063766097810444
  outer loop
   vertex -32.431888580322266 45.683582305908203 -53.126251220703125
   vertex -32.431888580322266 46.032310485839844 -53.215339660644531
   vertex -32.083160400390625 46.032310485839844 -53.262599945068359
  endloop
 endfacet
 facet normal -0.051299601186012976 -0.31875118492733956 -0.94644917086210867
  outer loop
   vertex -32.431888580322266 45.683582305908203 -53.126251220703125
   vertex -32.083160400390625 46.032310485839844 -53.262599945068359
   vertex -32.083160400390625 45.683582305908203 -53.145153045654297
  endloop
 endfacet
 facet normal 0.16666479689361052 -0.31470738006604321 -0.93444213860911629
  outer loop
   vertex -32.083160400390625 45.683582305908203 -53.145153045654297
   vertex -32.083160400390625 46.032310485839844 -53.262599945068359
   vertex -31.734430313110352 46.032310485839844 -53.200401306152344
  endloop
 endfacet
 facet normal 0.17308514552957791 -0.32062336920600271 -0.93125838923254589
  outer loop
   vertex -32.083160400390625 45.683582305908203 -53.145153045654297
   vertex -31.734430313110352 46.032310485839844 -53.200401306152344
   vertex -31.734430313110352 45.683582305908203 -53.080337524414062
  endloop
 endfacet
 facet normal 0.34205384025457908 -0.30590047880626781 -0.88849539527967791
  outer loop
   vertex -31.734430313110352 45.683582305908203 -53.080337524414062
   vertex -31.734430313110352 46.032310485839844 -53.200401306152344
   vertex -31.385700225830078 46.032310485839844 -53.066146850585938
  endloop
 endfacet
 facet normal 0.38523408575383938 -0.35049826017825392 -0.85366601711993928
  outer loop
   vertex -31.734430313110352 45.683582305908203 -53.080337524414062
   vertex -31.385700225830078 46.032310485839844 -53.066146850585938
   vertex -31.385700225830078 45.888160705566406 -53.006961822509766
  endloop
 endfacet
 facet normal 0.46384039075526268 -0.33648313516403722 -0.81953108034667344
  outer loop
   vertex -31.385700225830078 45.888160705566406 -53.006961822509766
   vertex -31.385700225830078 46.032310485839844 -53.066146850585938
   vertex -31.281129837036133 46.032310485839844 -53.006961822509766
  endloop
 endfacet
 facet normal 0.45206840794615061 -0.32794340088980245 -0.82951026536738115
  outer loop
   vertex -31.385700225830078 45.888160705566406 -53.006961822509766
   vertex -31.281129837036133 46.032310485839844 -53.006961822509766
   vertex -31.385700225830078 45.683582305908203 -52.926082611083984
  endloop
 endfacet
 facet normal 0.42590015491138639 -0.32366499404838645 -0.84489646091939274
  outer loop
   vertex -31.385700225830078 45.683582305908203 -52.926082611083984
   vertex -31.281129837036133 46.032310485839844 -53.006961822509766
   vertex -31.036970138549805 46.032310485839844 -52.883884429931641
  endloop
 endfacet
 facet normal 0.21849040833075442 -0.10104400549567336 -0.9705936587577989
  outer loop
   vertex -31.385700225830078 45.683582305908203 -52.926082611083984
   vertex -31.036970138549805 46.032310485839844 -52.883884429931641
   vertex -31.036970138549805 45.683582305908203 -52.847579956054688
  endloop
 endfacet
 facet normal 0.18572990816063942 -0.10174415493608421 -0.9773190513598834
  outer loop
   vertex -31.036970138549805 45.683582305908203 -52.847579956054688
   vertex -31.036970138549805 46.032310485839844 -52.883884429931641
   vertex -30.688240051269531 46.032310485839844 -52.817611694335938
  endloop
 endfacet
 facet normal 0.042888593717055827 0.042888828293741327 -0.99815886357661676
  outer loop
   vertex -31.036970138549805 45.683582305908203 -52.847579956054688
   vertex -30.688240051269531 46.032310485839844 -52.817611694335938
   vertex -30.688240051269531 45.683582305908203 -52.832595825195312
  endloop
 endfacet
 facet normal 0.24231145621309008 0.041649000385806989 -0.96930414161642509
  outer loop
   vertex -30.688240051269531 45.683582305908203 -52.832595825195312
   vertex -30.688240051269531 46.032310485839844 -52.817611694335938
   vertex -30.339509963989258 46.032310485839844 -52.730434417724609
  endloop
 endfacet
 facet normal 0.041648759610380864 0.2423127060046438 -0.96930383953207555
  outer loop
   vertex -30.688240051269531 45.683582305908203 -52.832595825195312
   vertex -30.339509963989258 46.032310485839844 -52.730434417724609
   vertex -30.339509963989258 45.683582305908203 -52.817611694335938
  endloop
 endfacet
 facet normal 0.29248106849575051 0.23191792153177587 -0.92772242736928867
  outer loop
   vertex -30.339509963989258 45.683582305908203 -52.817611694335938
   vertex -30.339509963989258 46.032310485839844 -52.730434417724609
   vertex -29.990779876708984 45.683582305908203 -52.707668304443359
  endloop
 endfacet
 facet normal 0.30042682652026753 0.040944801369888845 -0.95292562414269311
  outer loop
   vertex -30.339509963989258 45.683582305908203 -52.817611694335938
   vertex -29.990779876708984 45.683582305908203 -52.707668304443359
   vertex -30.339509963989258 45.334850311279297 -52.832595825195312
  endloop
 endfacet
 facet normal 0.21466897203342453 0.13200391736014072 -0.96772527002641096
  outer loop
   vertex -30.339509963989258 45.334850311279297 -52.832595825195312
   vertex -29.990779876708984 45.683582305908203 -52.707668304443359
   vertex -29.990779876708984 45.334850311279297 -52.755237579345703
  endloop
 endfacet
 facet normal 0.21637379424508035 -0.041911381841440783 -0.97541058905269651
  outer loop
   vertex -30.339509963989258 45.334850311279297 -52.832595825195312
   vertex -29.990779876708984 45.334850311279297 -52.755237579345703
   vertex -30.339509963989258 44.986122131347656 -52.817611694335938
  endloop
 endfacet
 facet normal 0.35163907678365502 -0.18759871783155765 -0.91714594299200525
  outer loop
   vertex -30.339509963989258 44.986122131347656 -52.817611694335938
   vertex -29.990779876708984 45.334850311279297 -52.755237579345703
   vertex -29.990779876708984 44.986122131347656 -52.683906555175781
  endloop
 endfacet
 facet normal 0.34342446074792066 -0.28239036371365861 -0.89572056035443759
  outer loop
   vertex -30.339509963989258 44.986122131347656 -52.817611694335938
   vertex -29.990779876708984 44.986122131347656 -52.683906555175781
   vertex -30.339509963989258 44.63739013671875 -52.707668304443359
  endloop
 endfacet
 facet normal 0.48645888754413869 -0.43482031134493349 -0.75781861125945849
  outer loop
   vertex -30.339509963989258 44.63739013671875 -52.707668304443359
   vertex -29.990779876708984 44.986122131347656 -52.683906555175781
   vertex -29.990779876708984 44.941371917724609 -52.658229827880859
  endloop
 endfacet
 facet normal 0.47130036209867526 -0.41402536483985547 -0.77875475340756795
  outer loop
   vertex -30.339509963989258 44.63739013671875 -52.707668304443359
   vertex -29.990779876708984 44.941371917724609 -52.658229827880859
   vertex -30.257820129394531 44.63739013671875 -52.658229827880859
  endloop
 endfacet
 facet normal 0.57452636023021852 -0.50470677519791174 -0.64435280124318683
  outer loop
   vertex -30.257820129394531 44.63739013671875 -52.658229827880859
   vertex -29.990779876708984 44.941371917724609 -52.658229827880859
   vertex -29.990779876708984 44.63739013671875 -52.420127868652344
  endloop
 endfacet
 facet normal 0.56089606521479951 -0.53821155494143968 -0.62906591558760605
  outer loop
   vertex -30.257820129394531 44.63739013671875 -52.658229827880859
   vertex -29.990779876708984 44.63739013671875 -52.420127868652344
   vertex -30.339509963989258 44.288661956787109 -52.432704925537109
  endloop
 endfacet
 facet normal 0.54335844501909536 -0.51958010502378404 -0.65939223129326008
  outer loop
   vertex -30.339509963989258 44.288661956787109 -52.432704925537109
   vertex -29.990779876708984 44.63739013671875 -52.420127868652344
   vertex -30.189996719360352 44.288661956787109 -52.309501647949219
  endloop
 endfacet
 facet normal 0.56615171788604435 -0.45544529937451245 -0.68705299039618606
  outer loop
   vertex -30.339509963989258 44.288661956787109 -52.432704925537109
   vertex -30.189996719360352 44.288661956787109 -52.309501647949219
   vertex -30.339509963989258 44.102806091308594 -52.309501647949219
  endloop
 endfacet
 facet normal 0.57794092887730641 -0.46492922490131872 -0.67069001674476669
  outer loop
   vertex -30.339509963989258 44.102806091308594 -52.309501647949219
   vertex -30.189996719360352 44.288661956787109 -52.309501647949219
   vertex -30.339509963989258 43.939929962158203 -52.19659423828125
  endloop
 endfacet
 facet normal 0.61715015995659517 -0.44827473793975836 -0.64666485863280843
  outer loop
   vertex -30.339509963989258 44.102806091308594 -52.309501647949219
   vertex -30.339509963989258 43.939929962158203 -52.19659423828125
   vertex -30.457817077636719 43.939929962158203 -52.309501647949219
  endloop
 endfacet
 facet normal 0.6555375445216336 -0.31377584657917396 -0.68688808828372472
  outer loop
   vertex -30.457817077636719 43.939929962158203 -52.309501647949219
   vertex -30.339509963989258 43.939929962158203 -52.19659423828125
   vertex -30.339509963989258 43.591201782226562 -52.03729248046875
  endloop
 endfacet
 facet normal 0.71073357237732249 -0.26692256772421347 -0.65085338743474475
  outer loop
   vertex -30.457817077636719 43.939929962158203 -52.309501647949219
   vertex -30.339509963989258 43.591201782226562 -52.03729248046875
   vertex -30.588785171508789 43.591201782226562 -52.309501647949219
  endloop
 endfacet
 facet normal 0.64674604723334694 -0.48057395463529762 -0.5922568906430995
  outer loop
   vertex -30.588785171508789 43.591201782226562 -52.309501647949219
   vertex -30.339509963989258 43.591201782226562 -52.03729248046875
   vertex -30.688240051269531 43.242469787597656 -52.135135650634766
  endloop
 endfacet
 facet normal 0.64968050359273599 -0.48002452104001631 -0.58948426819703326
  outer loop
   vertex -30.588785171508789 43.591201782226562 -52.309501647949219
   vertex -30.688240051269531 43.242469787597656 -52.135135650634766
   vertex -30.688240051269531 43.456596374511719 -52.309501647949219
  endloop
 endfacet
 facet normal 0.5339117521088026 -0.5339069962498264 -0.65565353679790095
  outer loop
   vertex -30.688240051269531 43.456596374511719 -52.309501647949219
   vertex -30.688240051269531 43.242469787597656 -52.135135650634766
   vertex -30.902364730834961 43.242469787597656 -52.309501647949219
  endloop
 endfacet
 facet normal 0.51085625035161542 -0.51085169986125023 -0.69141625105688598
  outer loop
   vertex -30.688240051269531 43.456596374511719 -52.309501647949219
   vertex -30.902364730834961 43.242469787597656 -52.309501647949219
   vertex -30.688240051269531 43.591201782226562 -52.408954620361328
  endloop
 endfacet
 facet normal 0.51085361657431017 -0.51085082252053204 -0.69141884524725206
  outer loop
   vertex -30.688240051269531 43.591201782226562 -52.408954620361328
   vertex -30.902364730834961 43.242469787597656 -52.309501647949219
   vertex -31.036970138549805 43.242469787597656 -52.408954620361328
  endloop
 endfacet
 facet normal 0.52774989759727875 -0.52774701113127864 -0.66555475945113918
  outer loop
   vertex -30.688240051269531 43.591201782226562 -52.408954620361328
   vertex -31.036970138549805 43.242469787597656 -52.408954620361328
   vertex -31.002605438232422 43.591201782226562 -52.658229827880859
  endloop
 endfacet
 facet normal 0.52772512304384944 -0.52775441506888521 -0.66556853282261852
  outer loop
   vertex -31.002605438232422 43.591201782226562 -52.658229827880859
   vertex -31.036970138549805 43.242469787597656 -52.408954620361328
   vertex -31.036970138549805 43.556838989257812 -52.658229827880859
  endloop
 endfacet
 facet normal 0.50482828128731994 -0.50485630239529544 -0.70019177397641597
  outer loop
   vertex -31.002605438232422 43.591201782226562 -52.658229827880859
   vertex -31.036970138549805 43.556838989257812 -52.658229827880859
   vertex -31.036970138549805 43.591201782226562 -52.683006286621094
  endloop
 endfacet
 facet normal -0.090209014394452794 -0.58246802938851627 -0.80783248787247952
  outer loop
   vertex -31.036970138549805 43.591201782226562 -52.683006286621094
   vertex -31.036970138549805 43.556838989257812 -52.658229827880859
   vertex -31.258846282958984 43.591201782226562 -52.658229827880859
  endloop
 endfacet
 facet normal -0.10623120521625865 -0.28934111637678256 -0.95131311849050959
  outer loop
   vertex -31.036970138549805 43.591201782226562 -52.683006286621094
   vertex -31.258846282958984 43.591201782226562 -52.658229827880859
   vertex -31.385700225830078 43.939929962158203 -52.750129699707031
  endloop
 endfacet
 facet normal -0.10015160012111057 -0.28745393668456853 -0.95254390517063592
  outer loop
   vertex -31.385700225830078 43.939929962158203 -52.750129699707031
   vertex -31.258846282958984 43.591201782226562 -52.658229827880859
   vertex -31.385700225830078 43.635398864746094 -52.658229827880859
  endloop
 endfacet
 facet normal -0.642372535806782 -0.22141578937414433 -0.73371150560488629
  outer loop
   vertex -31.385700225830078 43.939929962158203 -52.750129699707031
   vertex -31.385700225830078 43.635398864746094 -52.658229827880859
   vertex -31.490667343139648 43.939929962158203 -52.658229827880859
  endloop
 endfacet
 facet normal -0.85917747253493482 -0.29614506799373091 -0.41726750339736451
  outer loop
   vertex -31.490667343139648 43.939929962158203 -52.658229827880859
   vertex -31.385700225830078 43.635398864746094 -52.658229827880859
   vertex -31.539829254150391 43.591201782226562 -52.309501647949219
  endloop
 endfacet
 facet normal -0.96730247696532967 -0.097691021566912131 -0.23405636577959343
  outer loop
   vertex -31.490667343139648 43.939929962158203 -52.658229827880859
   vertex -31.539829254150391 43.591201782226562 -52.309501647949219
   vertex -31.575048446655273 43.939929962158203 -52.309501647949219
  endloop
 endfacet
 facet normal -0.99328499762124356 -0.10031508078954823 -0.057635042003564792
  outer loop
   vertex -31.575048446655273 43.939929962158203 -52.309501647949219
   vertex -31.539829254150391 43.591201782226562 -52.309501647949219
   vertex -31.560064315795898 43.591201782226562 -51.960769653320312
  endloop
 endfacet
 facet normal -0.99907817455365999 0 0.042927859608028793
  outer loop
   vertex -31.575048446655273 43.939929962158203 -52.309501647949219
   vertex -31.560064315795898 43.591201782226562 -51.960769653320312
   vertex -31.560064315795898 43.939929962158203 -51.960769653320312
  endloop
 endfacet
 facet normal -1 0 0
  outer loop
   vertex -31.560064315795898 43.939929962158203 -51.960769653320312
   vertex -31.560064315795898 43.591201782226562 -51.960769653320312
   vertex -31.560064315795898 43.591201782226562 -51.612041473388672
  endloop
 endfacet
 facet normal -1 0 0
  outer loop
   vertex -31.560064315795898 43.939929962158203 -51.960769653320312
   vertex -31.560064315795898 43.591201782226562 -51.612041473388672
   vertex -31.560064315795898 43.939929962158203 -51.612041473388672
  endloop
 endfacet
 facet normal -1 0 0
  outer loop
   vertex -31.560064315795898 43.939929962158203 -51.612041473388672
   vertex -31.560064315795898 43.591201782226562 -51.612041473388672
   vertex -31.560064315795898 43.591201782226562 -51.263309478759766
  endloop
 endfacet
 facet normal -1 0 0
  outer loop
   vertex -31.560064315795898 43.939929962158203 -51.612041473388672
   vertex -31.560064315795898 43.591201782226562 -51.263309478759766
   vertex -31.560064315795898 43.939929962158203 -51.263309478759766
  endloop
 endfacet
 facet normal -1 0 0
  outer loop
   vertex -31.560064315795898 43.939929962158203 -51.263309478759766
   vertex -31.560064315795898 43.591201782226562 -51.263309478759766
   vertex -31.560064315795898 43.591201782226562 -50.914581298828125
  endloop
 endfacet
 facet normal -1 0 0
  outer loop
   vertex -31.560064315795898 43.939929962158203 -51.263309478759766
   vertex -31.560064315795898 43.591201782226562 -50.914581298828125
   vertex -31.560064315795898 43.939929962158203 -50.914581298828125
  endloop
 endfacet
 facet normal -1 0 0
  outer loop
   vertex -31.560064315795898 43.939929962158203 -50.914581298828125
   vertex -31.560064315795898 43.591201782226562 -50.914581298828125
   vertex -31.560064315795898 43.591201782226562 -50.565849304199219
  endloop
 endfacet
 facet normal -1 0 0
  outer loop
   vertex -31.560064315795898 43.939929962158203 -50.914581298828125
   vertex -31.560064315795898 43.591201782226562 -50.565849304199219
   vertex -31.560064315795898 43.939929962158203 -50.565849304199219
  endloop
 endfacet
 facet normal -0.97315995372174779 0 0.23012975572986147
  outer loop
   vertex -31.560064315795898 43.939929962158203 -50.565849304199219
   vertex -31.560064315795898 43.591201782226562 -50.565849304199219
   vertex -31.477598190307617 43.591201782226562 -50.217121124267578
  endloop
 endfacet
 facet normal 0.59056897425083221 0.80667192014923839 0.022554376405936022
  outer loop
   vertex -32.713096618652344 48.822151184082031 -50.217121124267578
   vertex -32.780620574951172 48.881336212158203 -50.565849304199219
   vertex -32.780620574951172 48.871585845947266 -50.217121124267578
  endloop
 endfacet
 facet normal -0.040272279259334083 0.99879841374133049 0.027926192562902314
  outer loop
   vertex -32.780620574951172 48.871585845947266 -50.217121124267578
   vertex -32.780620574951172 48.881336212158203 -50.565849304199219
   vertex -33.129348754882812 48.867275238037109 -50.565849304199219
  endloop
 endfacet
 facet normal 0.51303353203840707 0.85712808146745401 0.046130759414066372
  outer loop
   vertex -32.713096618652344 48.822151184082031 -50.217121124267578
   vertex -32.681739807128906 48.822151184082031 -50.565849304199219
   vertex -32.780620574951172 48.881336212158203 -50.565849304199219
  endloop
 endfacet
 facet normal 0.49309293418060274 0.82381320959686777 -0.27962681193846733
  outer loop
   vertex -32.780620574951172 48.881336212158203 -50.565849304199219
   vertex -32.681739807128906 48.822151184082031 -50.565849304199219
   vertex -32.780620574951172 48.822151184082031 -50.740215301513672
  endloop
 endfacet
 facet normal -0.03815339573147284 0.94624768789583635 -0.32118473118431601
  outer loop
   vertex -32.780620574951172 48.881336212158203 -50.565849304199219
   vertex -32.780620574951172 48.822151184082031 -50.740215301513672
   vertex -33.129348754882812 48.867275238037109 -50.565849304199219
  endloop
 endfacet
 facet normal 0.043285243793909238 0.98478790101829672 -0.1682830284897423
  outer loop
   vertex -33.129348754882812 48.867275238037109 -50.565849304199219
   vertex -32.780620574951172 48.822151184082031 -50.740215301513672
   vertex -33.129348754882812 48.822151184082031 -50.829914093017578
  endloop
 endfacet
 facet normal 0.47464802196403194 0.7032589075755562 0.52927890961313329
  outer loop
   vertex -32.237453460693359 48.473419189453125 -50.217121124267578
   vertex -32.431888580322266 48.604648590087891 -50.217121124267578
   vertex -32.431888580322266 48.473419189453125 -50.042755126953125
  endloop
 endfacet
 facet normal 0.45491402566186445 0.7115362628641011 0.53550852083370759
  outer loop
   vertex -32.431888580322266 48.473419189453125 -50.042755126953125
   vertex -32.431888580322266 48.604648590087891 -50.217121124267578
   vertex -32.63714599609375 48.473419189453125 -49.868389129638672
  endloop
 endfacet
 facet normal 0.53840035408358011 0.63377596060960628 0.55538553318937478
  outer loop
   vertex -32.63714599609375 48.473419189453125 -49.868389129638672
   vertex -32.431888580322266 48.604648590087891 -50.217121124267578
   vertex -32.780620574951172 48.595302581787109 -49.868389129638672
  endloop
 endfacet
 facet normal 0.51694413736046629 0.66835454292231256 0.53485602156444867
  outer loop
   vertex -32.780620574951172 48.595302581787109 -49.868389129638672
   vertex -32.431888580322266 48.604648590087891 -50.217121124267578
   vertex -32.713096618652344 48.822151184082031 -50.217121124267578
  endloop
 endfacet
 facet normal 0.61662876583839876 0.59999015829213509 0.50968693831919198
  outer loop
   vertex -32.780620574951172 48.595302581787109 -49.868389129638672
   vertex -32.713096618652344 48.822151184082031 -50.217121124267578
   vertex -32.780620574951172 48.822151184082031 -50.135429382324219
  endloop
 endfacet
 facet normal -0.77257478810384228 0.51934317330022395 0.36525452102986555
  outer loop
   vertex -33.129348754882812 48.822151184082031 -50.118125915527344
   vertex -33.176151275634766 48.822151184082031 -50.217121124267578
   vertex -33.129348754882812 48.646511077880859 -49.868389129638672
  endloop
 endfacet
 facet normal -0.74289931243603369 0.5524878743394811 0.37796528979512162
  outer loop
   vertex -33.129348754882812 48.646511077880859 -49.868389129638672
   vertex -33.176151275634766 48.822151184082031 -50.217121124267578
   vertex -33.258075714111328 48.473419189453125 -49.868389129638672
  endloop
 endfacet
 facet normal -0.84115241328670054 0.46821985664661586 0.27061556397181247
  outer loop
   vertex -33.176151275634766 48.822151184082031 -50.217121124267578
   vertex -33.370269775390625 48.473419189453125 -50.217121124267578
   vertex -33.258075714111328 48.473419189453125 -49.868389129638672
  endloop
 endfacet
 facet normal -0.74174422930633332 0.6267928928466544 0.23863396189074987
  outer loop
   vertex -33.258075714111328 48.473419189453125 -49.868389129638672
   vertex -33.370269775390625 48.473419189453125 -50.217121124267578
   vertex -33.478080749511719 48.213066101074219 -49.868389129638672
  endloop
 endfacet
 facet normal 0.52151338193452246 0.77269663896987317 0.36188906668740145
  outer loop
   vertex -32.237453460693359 48.473419189453125 -50.217121124267578
   vertex -32.083160400390625 48.532608032226562 -50.565849304199219
   vertex -32.431888580322266 48.604648590087891 -50.217121124267578
  endloop
 endfacet
 facet normal 0.39025234987079299 0.89763735578045201 0.2048176772834861
  outer loop
   vertex -32.431888580322266 48.604648590087891 -50.217121124267578
   vertex -32.083160400390625 48.532608032226562 -50.565849304199219
   vertex -32.431888580322266 48.684219360351562 -50.565849304199219
  endloop
 endfacet
 facet normal 0.60208134653983558 0.77842802362237684 0.17761718438298302
  outer loop
   vertex -32.431888580322266 48.604648590087891 -50.217121124267578
   vertex -32.431888580322266 48.684219360351562 -50.565849304199219
   vertex -32.713096618652344 48.822151184082031 -50.217121124267578
  endloop
 endfacet
 facet normal 0.482844219988186 0.87462934555468264 0.043416208017140016
  outer loop
   vertex -32.713096618652344 48.822151184082031 -50.217121124267578
   vertex -32.431888580322266 48.684219360351562 -50.565849304199219
   vertex -32.681739807128906 48.822151184082031 -50.565849304199219
  endloop
 endfacet
 facet normal 0.39688726235918537 0.91289862276292399 -0.09537612664911381
  outer loop
   vertex -32.431888580322266 48.684219360351562 -50.565849304199219
   vertex -32.083160400390625 48.532608032226562 -50.565849304199219
   vertex -32.431888580322266 48.647785186767578 -50.914581298828125
  endloop
 endfacet
 facet normal 0.31361527142830459 0.94955013639457231 0
  outer loop
   vertex -32.431888580322266 48.647785186767578 -50.914581298828125
   vertex -32.083160400390625 48.532608032226562 -50.565849304199219
   vertex -32.083160400390625 48.532608032226562 -50.914581298828125
  endloop
 endfacet
 facet normal 0.31060105649830594 0.9404238327395632 -0.13831123785711003
  outer loop
   vertex -32.431888580322266 48.647785186767578 -50.914581298828125
   vertex -32.083160400390625 48.532608032226562 -50.914581298828125
   vertex -32.431888580322266 48.59649658203125 -51.263309478759766
  endloop
 endfacet
 facet normal 0.44357129439979281 0.84867452762223383 -0.28809035553046686
  outer loop
   vertex -32.431888580322266 48.59649658203125 -51.263309478759766
   vertex -32.083160400390625 48.532608032226562 -50.914581298828125
   vertex -32.083160400390625 48.473419189453125 -51.088943481445312
  endloop
 endfacet
 facet normal 0.43457436723819959 0.8621042764406448 -0.26061722100097418
  outer loop
   vertex -32.431888580322266 48.59649658203125 -51.263309478759766
   vertex -32.083160400390625 48.473419189453125 -51.088943481445312
   vertex -32.187728881835938 48.473419189453125 -51.263309478759766
  endloop
 endfacet
 facet normal 0.49309293418060274 0.82381320959686777 -0.27962681193846733
  outer loop
   vertex -32.780620574951172 48.822151184082031 -50.740215301513672
   vertex -32.681739807128906 48.822151184082031 -50.565849304199219
   vertex -32.780620574951172 48.762966156005859 -50.914581298828125
  endloop
 endfacet
 facet normal 0.46471671992261537 0.8417929920009829 -0.27463235214081866
  outer loop
   vertex -32.780620574951172 48.762966156005859 -50.914581298828125
   vertex -32.681739807128906 48.822151184082031 -50.565849304199219
   vertex -32.431888580322266 48.684219360351562 -50.565849304199219
  endloop
 endfacet
 facet normal 0.31208956462474829 0.94490971116331857 -0.098720521684141582
  outer loop
   vertex -32.780620574951172 48.762966156005859 -50.914581298828125
   vertex -32.431888580322266 48.684219360351562 -50.565849304199219
   vertex -32.431888580322266 48.647785186767578 -50.914581298828125
  endloop
 endfacet
 facet normal 0.06543691468362535 0.96488176199231723 -0.25440360762239422
  outer loop
   vertex -33.129348754882812 48.822151184082031 -50.829914093017578
   vertex -32.780620574951172 48.822151184082031 -50.740215301513672
   vertex -33.129348754882812 48.799827575683594 -50.914581298828125
  endloop
 endfacet
 facet normal 0.09959590016230381 0.94222895634247417 -0.31982065364924822
  outer loop
   vertex -33.129348754882812 48.799827575683594 -50.914581298828125
   vertex -32.780620574951172 48.822151184082031 -50.740215301513672
   vertex -32.780620574951172 48.762966156005859 -50.914581298828125
  endloop
 endfacet
 facet normal 0.094147289251412553 0.8906822665317583 -0.4447711636476232
  outer loop
   vertex -33.129348754882812 48.799827575683594 -50.914581298828125
   vertex -32.780620574951172 48.762966156005859 -50.914581298828125
   vertex -33.129348754882812 48.625686645507812 -51.263309478759766
  endloop
 endfacet
 facet normal -0.16157273331740893 0.96262347247637992 -0.21737134605521852
  outer loop
   vertex -33.129348754882812 48.625686645507812 -51.263309478759766
   vertex -32.780620574951172 48.762966156005859 -50.914581298828125
   vertex -32.780620574951172 48.684219360351562 -51.263309478759766
  endloop
 endfacet
 facet normal -0.15428933673611733 0.91923020701288038 -0.36223007479306052
  outer loop
   vertex -33.129348754882812 48.625686645507812 -51.263309478759766
   vertex -32.780620574951172 48.684219360351562 -51.263309478759766
   vertex -32.780620574951172 48.546798706054688 -51.612041473388672
  endloop
 endfacet
 facet normal 0.22787541314224585 0.90589296045563705 -0.35697442524944617
  outer loop
   vertex -32.780620574951172 48.546798706054688 -51.612041473388672
   vertex -32.780620574951172 48.684219360351562 -51.263309478759766
   vertex -32.431888580322266 48.59649658203125 -51.263309478759766
  endloop
 endfacet
 facet normal 0.10408939339319759 0.96478192894852854 -0.24158068581199288
  outer loop
   vertex -32.780620574951172 48.546798706054688 -51.612041473388672
   vertex -32.431888580322266 48.59649658203125 -51.263309478759766
   vertex -32.431888580322266 48.509174346923828 -51.612041473388672
  endloop
 endfacet
 facet normal 0.43928265083607559 0.87144452227755442 -0.21820906779250804
  outer loop
   vertex -32.431888580322266 48.509174346923828 -51.612041473388672
   vertex -32.431888580322266 48.59649658203125 -51.263309478759766
   vertex -32.187728881835938 48.473419189453125 -51.263309478759766
  endloop
 endfacet
 facet normal 0.46696448127547013 0.85117765524286859 -0.23966804635241484
  outer loop
   vertex -32.431888580322266 48.509174346923828 -51.612041473388672
   vertex -32.187728881835938 48.473419189453125 -51.263309478759766
   vertex -32.366714477539062 48.473419189453125 -51.612041473388672
  endloop
 endfacet
 facet normal -0.88701994494370417 0.44556698781158899 -0.12110192667573533
  outer loop
   vertex -33.176151275634766 48.822151184082031 -50.565849304199219
   vertex -33.303714752197266 48.473419189453125 -50.914581298828125
   vertex -33.351325988769531 48.473419189453125 -50.565849304199219
  endloop
 endfacet
 facet normal -0.90114205453809271 0.41570016060389103 -0.12302997202618669
  outer loop
   vertex -33.351325988769531 48.473419189453125 -50.565849304199219
   vertex -33.303714752197266 48.473419189453125 -50.914581298828125
   vertex -33.464584350585938 48.124691009521484 -50.914581298828125
  endloop
 endfacet
 facet normal -0.81192013891882209 0.52301111559999658 -0.25931652661735166
  outer loop
   vertex -33.351325988769531 48.473419189453125 -50.565849304199219
   vertex -33.464584350585938 48.124691009521484 -50.914581298828125
   vertex -33.478080749511719 48.276645660400391 -50.565849304199219
  endloop
 endfacet
 facet normal -0.7420865781559719 0.60351007780230981 -0.29169006927183966
  outer loop
   vertex -33.478080749511719 48.276645660400391 -50.565849304199219
   vertex -33.464584350585938 48.124691009521484 -50.914581298828125
   vertex -33.478080749511719 48.124691009521484 -50.880245208740234
  endloop
 endfacet
 facet normal 0.30665154053589022 0.92844507295191148 -0.20965347409066484
  outer loop
   vertex -32.780620574951172 48.762966156005859 -50.914581298828125
   vertex -32.431888580322266 48.647785186767578 -50.914581298828125
   vertex -32.780620574951172 48.684219360351562 -51.263309478759766
  endloop
 endfacet
 facet normal 0.24150401465862731 0.96007192607681291 -0.14120094781170625
  outer loop
   vertex -32.780620574951172 48.684219360351562 -51.263309478759766
   vertex -32.431888580322266 48.647785186767578 -50.914581298828125
   vertex -32.431888580322266 48.59649658203125 -51.263309478759766
  endloop
 endfacet
 facet normal -0.38878748087425691 0.73531281668155235 -0.55512102855079359
  outer loop
   vertex -33.129348754882812 48.625686645507812 -51.263309478759766
   vertex -32.780620574951172 48.546798706054688 -51.612041473388672
   vertex -32.919403076171875 48.473419189453125 -51.612041473388672
  endloop
 endfacet
 facet normal -0.39898355777028405 0.75459663210858308 -0.52095685372144795
  outer loop
   vertex -32.919403076171875 48.473419189453125 -51.612041473388672
   vertex -32.780620574951172 48.546798706054688 -51.612041473388672
   vertex -32.780620574951172 48.473419189453125 -51.718330383300781
  endloop
 endfacet
 facet normal 0.42217814187814634 0.76954161463652304 -0.47913601394899236
  outer loop
   vertex -32.366714477539062 48.473419189453125 -51.612041473388672
   vertex -32.431888580322266 48.473419189453125 -51.669467926025391
   vertex -32.431888580322266 48.509174346923828 -51.612041473388672
  endloop
 endfacet
 facet normal 0.091205611253076108 0.84536495686238589 -0.52634553877183099
  outer loop
   vertex -32.431888580322266 48.509174346923828 -51.612041473388672
   vertex -32.431888580322266 48.473419189453125 -51.669467926025391
   vertex -32.780620574951172 48.546798706054688 -51.612041473388672
  endloop
 endfacet
 facet normal 0.079353137353339792 0.82033964155603734 -0.56634437587380881
  outer loop
   vertex -32.780620574951172 48.473419189453125 -51.718330383300781
   vertex -32.780620574951172 48.546798706054688 -51.612041473388672
   vertex -32.431888580322266 48.473419189453125 -51.669467926025391
  endloop
 endfacet
 facet normal 0.43592657605137664 0.69160022700775459 0.57589681913945823
  outer loop
   vertex -31.982067108154297 48.124691009521484 -49.868389129638672
   vertex -32.083160400390625 48.188411712646484 -49.868389129638672
   vertex -32.083160400390625 48.124691009521484 -49.791866302490234
  endloop
 endfacet
 facet normal 0.19992395437969634 0.75294575068928082 0.62697935291693652
  outer loop
   vertex -32.083160400390625 48.124691009521484 -49.791866302490234
   vertex -32.083160400390625 48.188411712646484 -49.868389129638672
   vertex -32.431888580322266 48.124691009521484 -49.680667877197266
  endloop
 endfacet
 facet normal 0.2243992849966697 0.67409224889014241 0.7037361727801219
  outer loop
   vertex -32.083160400390625 48.124691009521484 -49.791866302490234
   vertex -32.431888580322266 48.124691009521484 -49.680667877197266
   vertex -32.083160400390625 47.84051513671875 -49.519660949707031
  endloop
 endfacet
 facet normal 0.15326836892416032 0.62278133531602653 0.76723674017171162
  outer loop
   vertex -32.083160400390625 47.84051513671875 -49.519660949707031
   vertex -32.431888580322266 48.124691009521484 -49.680667877197266
   vertex -32.431888580322266 47.926338195800781 -49.519660949707031
  endloop
 endfacet
 facet normal 0.13913840229625804 0.56536649136443329 0.81301982475749923
  outer loop
   vertex -32.083160400390625 47.84051513671875 -49.519660949707031
   vertex -32.431888580322266 47.926338195800781 -49.519660949707031
   vertex -32.431888580322266 47.775959014892578 -49.415088653564453
  endloop
 endfacet
 facet normal 0.043524523998996811 0.57037883328986605 0.8202277746733232
  outer loop
   vertex -32.431888580322266 47.775959014892578 -49.415088653564453
   vertex -32.431888580322266 47.926338195800781 -49.519660949707031
   vertex -32.780620574951172 47.775959014892578 -49.396583557128906
  endloop
 endfacet
 facet normal 0.052705356092499052 0.10340184721553478 0.99324226824656325
  outer loop
   vertex -32.431888580322266 47.775959014892578 -49.415088653564453
   vertex -32.780620574951172 47.775959014892578 -49.396583557128906
   vertex -32.780620574951172 47.427230834960938 -49.360279083251953
  endloop
 endfacet
 facet normal -0.27477625548217216 0.099560101401958132 0.95633979088607823
  outer loop
   vertex -32.780620574951172 47.427230834960938 -49.360279083251953
   vertex -32.780620574951172 47.775959014892578 -49.396583557128906
   vertex -33.129348754882812 47.427230834960938 -49.460475921630859
  endloop
 endfacet
 facet normal -0.27477625548217216 -0.099560101401958132 0.95633979088607823
  outer loop
   vertex -32.780620574951172 47.427230834960938 -49.360279083251953
   vertex -33.129348754882812 47.427230834960938 -49.460475921630859
   vertex -32.780620574951172 47.078502655029297 -49.396583557128906
  endloop
 endfacet
 facet normal -0.44356195276091237 -0.28806954133409801 0.84868647533614483
  outer loop
   vertex -32.780620574951172 47.078502655029297 -49.396583557128906
   vertex -33.129348754882812 47.427230834960938 -49.460475921630859
   vertex -33.129348754882812 47.252864837646484 -49.519660949707031
  endloop
 endfacet
 facet normal -0.43457372146221607 -0.2606225355019311 0.86210299535671775
  outer loop
   vertex -32.780620574951172 47.078502655029297 -49.396583557128906
   vertex -33.129348754882812 47.252864837646484 -49.519660949707031
   vertex -33.0247802734375 47.078502655029297 -49.519660949707031
  endloop
 endfacet
 facet normal -0.47238871333911792 -0.28330094097426928 0.8346193625557139
  outer loop
   vertex -33.0247802734375 47.078502655029297 -49.519660949707031
   vertex -33.129348754882812 47.252864837646484 -49.519660949707031
   vertex -33.129348754882812 47.078502655029297 -49.578845977783203
  endloop
 endfacet
 facet normal -0.4894397263911256 -0.11253663004885216 0.86474520011817824
  outer loop
   vertex -33.0247802734375 47.078502655029297 -49.519660949707031
   vertex -33.129348754882812 47.078502655029297 -49.578845977783203
   vertex -33.129348754882812 46.729770660400391 -49.624229431152344
  endloop
 endfacet
 facet normal -0.32555736653335643 -0.12201991020248698 0.93761588223005421
  outer loop
   vertex -33.129348754882812 46.729770660400391 -49.624229431152344
   vertex -33.129348754882812 47.078502655029297 -49.578845977783203
   vertex -33.478080749511719 46.729770660400391 -49.745315551757812
  endloop
 endfacet
 facet normal -0.3250756691650748 -0.13342360736554101 0.93622857802699289
  outer loop
   vertex -33.129348754882812 46.729770660400391 -49.624229431152344
   vertex -33.478080749511719 46.729770660400391 -49.745315551757812
   vertex -33.478080749511719 46.38104248046875 -49.795013427734375
  endloop
 endfacet
 facet normal -0.46674312247394606 -0.1247757127307574 0.87554661734016337
  outer loop
   vertex -33.478080749511719 46.38104248046875 -49.795013427734375
   vertex -33.478080749511719 46.729770660400391 -49.745315551757812
   vertex -33.708950042724609 46.729770660400391 -49.868389129638672
  endloop
 endfacet
 facet normal -0.57601475407116798 -0.21542348170405023 0.78854278680540646
  outer loop
   vertex -33.478080749511719 46.38104248046875 -49.795013427734375
   vertex -33.708950042724609 46.729770660400391 -49.868389129638672
   vertex -33.578529357910156 46.38104248046875 -49.868389129638672
  endloop
 endfacet
 facet normal -0.57378232593801193 -0.21458857697687181 0.79039584074829639
  outer loop
   vertex -33.578529357910156 46.38104248046875 -49.868389129638672
   vertex -33.708950042724609 46.729770660400391 -49.868389129638672
   vertex -33.826808929443359 46.38104248046875 -50.048625946044922
  endloop
 endfacet
 facet normal -0.57183235465309801 -0.22917494799536681 0.78770971898486464
  outer loop
   vertex -33.578529357910156 46.38104248046875 -49.868389129638672
   vertex -33.826808929443359 46.38104248046875 -50.048625946044922
   vertex -33.826808929443359 46.032310485839844 -50.15008544921875
  endloop
 endfacet
 facet normal -0.64241497940496939 -0.21408597328723314 0.73584658066595021
  outer loop
   vertex -33.826808929443359 46.032310485839844 -50.15008544921875
   vertex -33.826808929443359 46.38104248046875 -50.048625946044922
   vertex -34.019809722900391 46.38104248046875 -50.217121124267578
  endloop
 endfacet
 facet normal -0.68511281973965121 -0.24746888381525545 0.68511281973965121
  outer loop
   vertex -33.826808929443359 46.032310485839844 -50.15008544921875
   vertex -34.019809722900391 46.38104248046875 -50.217121124267578
   vertex -33.893844604492188 46.032310485839844 -50.217121124267578
  endloop
 endfacet
 facet normal -0.81997168212874405 -0.29618111220518123 0.4898195476702209
  outer loop
   vertex -33.893844604492188 46.032310485839844 -50.217121124267578
   vertex -34.019809722900391 46.38104248046875 -50.217121124267578
   vertex -34.102161407470703 46.032310485839844 -50.565849304199219
  endloop
 endfacet
 facet normal -0.82291200239845674 -0.28490154494164621 0.49157598191777591
  outer loop
   vertex -33.893844604492188 46.032310485839844 -50.217121124267578
   vertex -34.102161407470703 46.032310485839844 -50.565849304199219
   vertex -33.826808929443359 45.83868408203125 -50.217121124267578
  endloop
 endfacet
 facet normal -0.70491970174525909 0.21493463084240794 0.67593736289393913
  outer loop
   vertex -33.826808929443359 45.83868408203125 -50.217121124267578
   vertex -34.102161407470703 46.032310485839844 -50.565849304199219
   vertex -34.175540924072266 45.683582305908203 -50.531486511230469
  endloop
 endfacet
 facet normal -0.57777441833138254 -0.26535390389799901 0.7718575174265806
  outer loop
   vertex -33.826808929443359 45.83868408203125 -50.217121124267578
   vertex -34.175540924072266 45.683582305908203 -50.531486511230469
   vertex -33.826808929443359 45.683582305908203 -50.270442962646484
  endloop
 endfacet
 facet normal -0.5982481472081238 -0.058005530486561672 0.79920867912893667
  outer loop
   vertex -33.826808929443359 45.683582305908203 -50.270442962646484
   vertex -34.175540924072266 45.683582305908203 -50.531486511230469
   vertex -34.175540924072266 45.334850311279297 -50.556797027587891
  endloop
 endfacet
 facet normal -0.29576016726077919 -0.41194863117081848 0.86187252464524278
  outer loop
   vertex -33.826808929443359 45.683582305908203 -50.270442962646484
   vertex -34.175540924072266 45.334850311279297 -50.556797027587891
   vertex -33.826808929443359 45.334850311279297 -50.437126159667969
  endloop
 endfacet
 facet normal -0.18707229344060336 -0.81720242547340693 0.54514599221424487
  outer loop
   vertex -33.826808929443359 45.334850311279297 -50.437126159667969
   vertex -34.175540924072266 45.334850311279297 -50.556797027587891
   vertex -34.175540924072266 45.328811645507812 -50.565849304199219
  endloop
 endfacet
 facet normal -0.20826567527917877 -0.7720694040012962 0.60044503820548889
  outer loop
   vertex -33.826808929443359 45.334850311279297 -50.437126159667969
   vertex -34.175540924072266 45.328811645507812 -50.565849304199219
   vertex -33.826808929443359 45.2347412109375 -50.565849304199219
  endloop
 endfacet
 facet normal -0.25118921739410288 -0.93119285789675976 0.26416630834949972
  outer loop
   vertex -33.826808929443359 45.2347412109375 -50.565849304199219
   vertex -34.175540924072266 45.328811645507812 -50.565849304199219
   vertex -34.175540924072266 45.229881286621094 -50.914581298828125
  endloop
 endfacet
 facet normal -0.22821615018485167 -0.94321913366783161 0.24136083915521656
  outer loop
   vertex -33.826808929443359 45.2347412109375 -50.565849304199219
   vertex -34.175540924072266 45.229881286621094 -50.914581298828125
   vertex -33.826808929443359 45.145503997802734 -50.914581298828125
  endloop
 endfacet
 facet normal -0.2193488421973567 -0.90657048040137234 0.36057738349971996
  outer loop
   vertex -33.826808929443359 45.145503997802734 -50.914581298828125
   vertex -34.175540924072266 45.229881286621094 -50.914581298828125
   vertex -34.175540924072266 45.091178894042969 -51.263309478759766
  endloop
 endfacet
 facet normal -0.067493562189818113 -0.97335959430017238 0.21912489417392331
  outer loop
   vertex -33.826808929443359 45.145503997802734 -50.914581298828125
   vertex -34.175540924072266 45.091178894042969 -51.263309478759766
   vertex -33.826808929443359 45.066997528076172 -51.263309478759766
  endloop
 endfacet
 facet normal -0.062019832854421884 -0.89442011040945568 0.44290654367241722
  outer loop
   vertex -33.826808929443359 45.066997528076172 -51.263309478759766
   vertex -34.175540924072266 45.091178894042969 -51.263309478759766
   vertex -33.826808929443359 44.986122131347656 -51.426631927490234
  endloop
 endfacet
 facet normal 0.48175413078675344 -0.78529785636041316 0.38887045949215493
  outer loop
   vertex -33.826808929443359 45.066997528076172 -51.263309478759766
   vertex -33.826808929443359 44.986122131347656 -51.426631927490234
   vertex -33.677146911621094 44.986122131347656 -51.612041473388672
  endloop
 endfacet
 facet normal 0.53098046124873954 -0.73099713791044285 0.42860580273582005
  outer loop
   vertex -33.677146911621094 44.986122131347656 -51.612041473388672
   vertex -33.826808929443359 44.986122131347656 -51.426631927490234
   vertex -33.826808929443359 44.877410888671875 -51.612041473388672
  endloop
 endfacet
 facet normal 0.58747563104576028 -0.80877364842509347 -0.027523963024043571
  outer loop
   vertex -33.677146911621094 44.986122131347656 -51.612041473388672
   vertex -33.826808929443359 44.877410888671875 -51.612041473388672
   vertex -33.693485260009766 44.986122131347656 -51.960769653320312
  endloop
 endfacet
 facet normal 0.7001173958155511 -0.71257471049691345 0.045529265716578664
  outer loop
   vertex -33.693485260009766 44.986122131347656 -51.960769653320312
   vertex -33.826808929443359 44.877410888671875 -51.612041473388672
   vertex -33.826808929443359 44.855129241943359 -51.960769653320312
  endloop
 endfacet
 facet normal 0.48066885870106241 -0.48922148611206301 -0.72774980989439142
  outer loop
   vertex -33.693485260009766 44.986122131347656 -51.960769653320312
   vertex -33.826808929443359 44.855129241943359 -51.960769653320312
   vertex -33.826808929443359 44.986122131347656 -52.048828125
  endloop
 endfacet
 facet normal -0.1249191793415749 -0.55352738513110544 -0.82340915257394864
  outer loop
   vertex -33.826808929443359 44.986122131347656 -52.048828125
   vertex -33.826808929443359 44.855129241943359 -51.960769653320312
   vertex -34.175540924072266 44.986122131347656 -51.995922088623047
  endloop
 endfacet
 facet normal -0.14218748769355227 -0.31839519226038449 -0.93723381281773466
  outer loop
   vertex -33.826808929443359 44.986122131347656 -52.048828125
   vertex -34.175540924072266 44.986122131347656 -51.995922088623047
   vertex -33.826808929443359 45.334850311279297 -52.16729736328125
  endloop
 endfacet
 facet normal -0.3642673711937342 -0.091194568496309372 -0.92681866239323107
  outer loop
   vertex -33.826808929443359 45.334850311279297 -52.16729736328125
   vertex -34.175540924072266 44.986122131347656 -51.995922088623047
   vertex -34.175540924072266 45.334850311279297 -52.030235290527344
  endloop
 endfacet
 facet normal -0.35977288346918274 -0.18065745515031995 -0.91538317453341911
  outer loop
   vertex -33.826808929443359 45.334850311279297 -52.16729736328125
   vertex -34.175540924072266 45.334850311279297 -52.030235290527344
   vertex -33.826808929443359 45.683582305908203 -52.236122131347656
  endloop
 endfacet
 facet normal -0.57598806791547108 0.096764574751700375 -0.81171076295200451
  outer loop
   vertex -33.826808929443359 45.683582305908203 -52.236122131347656
   vertex -34.175540924072266 45.334850311279297 -52.030235290527344
   vertex -34.175540924072266 45.683582305908203 -51.988662719726562
  endloop
 endfacet
 facet normal -0.55936960470732422 0.25632522333504459 -0.78829120584452239
  outer loop
   vertex -33.826808929443359 45.683582305908203 -52.236122131347656
   vertex -34.175540924072266 45.683582305908203 -51.988662719726562
   vertex -34.175540924072266 45.769363403320312 -51.960769653320312
  endloop
 endfacet
 facet normal -0.71851497465032255 0.21507201024464451 -0.66142290677944771
  outer loop
   vertex -34.175540924072266 45.769363403320312 -51.960769653320312
   vertex -34.175540924072266 45.683582305908203 -51.988662719726562
   vertex -34.201217651367188 45.683582305908203 -51.960769653320312
  endloop
 endfacet
 facet normal -0.80698445310981737 0.24155344660835951 -0.53891374529758618
  outer loop
   vertex -34.175540924072266 45.769363403320312 -51.960769653320312
   vertex -34.201217651367188 45.683582305908203 -51.960769653320312
   vertex -34.175540924072266 46.032310485839844 -51.842910766601562
  endloop
 endfacet
 facet normal -0.86111119857134111 0.21854665587955824 -0.45904777844892153
  outer loop
   vertex -34.175540924072266 46.032310485839844 -51.842910766601562
   vertex -34.201217651367188 45.683582305908203 -51.960769653320312
   vertex -34.298614501953125 46.032310485839844 -51.612041473388672
  endloop
 endfacet
 facet normal -0.87989045246028796 0.076004370287502815 -0.46905876749766645
  outer loop
   vertex -34.175540924072266 46.032310485839844 -51.842910766601562
   vertex -34.298614501953125 46.032310485839844 -51.612041473388672
   vertex -34.175540924072266 46.38104248046875 -51.786403656005859
  endloop
 endfacet
 facet normal -0.85671221980254952 0.045460532698835765 -0.51378741947202866
  outer loop
   vertex -34.175540924072266 46.38104248046875 -51.786403656005859
   vertex -34.298614501953125 46.032310485839844 -51.612041473388672
   vertex -34.280109405517578 46.38104248046875 -51.612041473388672
  endloop
 endfacet
 facet normal 0.26546466292653004 0.64861641295615657 0.71331988727442064
  outer loop
   vertex -32.431888580322266 48.124691009521484 -49.680667877197266
   vertex -32.083160400390625 48.188411712646484 -49.868389129638672
   vertex -32.431888580322266 48.331138610839844 -49.868389129638672
  endloop
 endfacet
 facet normal 0.33834346582217667 0.82668300454539423 0.44957636629524622
  outer loop
   vertex -32.431888580322266 48.331138610839844 -49.868389129638672
   vertex -32.083160400390625 48.188411712646484 -49.868389129638672
   vertex -32.083160400390625 48.378063201904297 -50.217121124267578
  endloop
 endfacet
 facet normal 0.41692226684278705 0.61149486873026893 0.67249524082124412
  outer loop
   vertex -32.431888580322266 48.331138610839844 -49.868389129638672
   vertex -32.780620574951172 48.473419189453125 -49.781562805175781
   vertex -32.431888580322266 48.124691009521484 -49.680667877197266
  endloop
 endfacet
 facet normal 0.2158403759633718 0.46435503683104612 0.85894547665939069
  outer loop
   vertex -32.431888580322266 48.124691009521484 -49.680667877197266
   vertex -32.780620574951172 48.473419189453125 -49.781562805175781
   vertex -32.780620574951172 48.124691009521484 -49.593036651611328
  endloop
 endfacet
 facet normal 0.19149008522458946 0.6185650778054016 0.76204251310558591
  outer loop
   vertex -32.431888580322266 48.124691009521484 -49.680667877197266
   vertex -32.780620574951172 48.124691009521484 -49.593036651611328
   vertex -32.431888580322266 47.926338195800781 -49.519660949707031
  endloop
 endfacet
 facet normal 0.12109379632664717 0.52462692159563207 0.84267602649434092
  outer loop
   vertex -32.431888580322266 47.926338195800781 -49.519660949707031
   vertex -32.780620574951172 48.124691009521484 -49.593036651611328
   vertex -32.780620574951172 48.006832122802734 -49.519660949707031
  endloop
 endfacet
 facet normal 0.10794841073022234 0.46767583584358396 0.87728356486875125
  outer loop
   vertex -32.431888580322266 47.926338195800781 -49.519660949707031
   vertex -32.780620574951172 48.006832122802734 -49.519660949707031
   vertex -32.780620574951172 47.775959014892578 -49.396583557128906
  endloop
 endfacet
 facet normal -0.096653624841623556 0.46822227238686315 0.87830859067064626
  outer loop
   vertex -32.780620574951172 47.775959014892578 -49.396583557128906
   vertex -32.780620574951172 48.006832122802734 -49.519660949707031
   vertex -33.129348754882812 47.775959014892578 -49.434959411621094
  endloop
 endfacet
 facet normal -0.10909667845033916 -0.072539531029256324 0.99138082046666554
  outer loop
   vertex -32.780620574951172 47.775959014892578 -49.396583557128906
   vertex -33.129348754882812 47.775959014892578 -49.434959411621094
   vertex -33.129348754882812 47.427230834960938 -49.460475921630859
  endloop
 endfacet
 facet normal -0.50391571470070362 -0.063032456935797163 0.86144986032288373
  outer loop
   vertex -33.129348754882812 47.427230834960938 -49.460475921630859
   vertex -33.129348754882812 47.775959014892578 -49.434959411621094
   vertex -33.274147033691406 47.775959014892578 -49.519660949707031
  endloop
 endfacet
 facet normal -0.49176202986694972 -0.056725014001192176 0.86887995647713134
  outer loop
   vertex -33.129348754882812 47.427230834960938 -49.460475921630859
   vertex -33.274147033691406 47.775959014892578 -49.519660949707031
   vertex -33.233921051025391 47.427230834960938 -49.519660949707031
  endloop
 endfacet
 facet normal -0.44951323577320457 -0.051851592933791768 0.89176749389901611
  outer loop
   vertex -33.233921051025391 47.427230834960938 -49.519660949707031
   vertex -33.274147033691406 47.775959014892578 -49.519660949707031
   vertex -33.478080749511719 47.427230834960938 -49.642734527587891
  endloop
 endfacet
 facet normal -0.43270683264537274 -0.2754440982838513 0.85842608633627004
  outer loop
   vertex -33.233921051025391 47.427230834960938 -49.519660949707031
   vertex -33.478080749511719 47.427230834960938 -49.642734527587891
   vertex -33.129348754882812 47.078502655029297 -49.578845977783203
  endloop
 endfacet
 facet normal -0.31060683935621636 -0.1383210322366927 0.94042048222383878
  outer loop
   vertex -33.129348754882812 47.078502655029297 -49.578845977783203
   vertex -33.478080749511719 47.427230834960938 -49.642734527587891
   vertex -33.478080749511719 47.078502655029297 -49.694026947021484
  endloop
 endfacet
 facet normal -0.31060734630892817 -0.1383094578765165 0.94042201711828821
  outer loop
   vertex -33.129348754882812 47.078502655029297 -49.578845977783203
   vertex -33.478080749511719 47.078502655029297 -49.694026947021484
   vertex -33.478080749511719 46.729770660400391 -49.745315551757812
  endloop
 endfacet
 facet normal -0.3106011214938989 -0.13830975384535452 0.94042402953028037
  outer loop
   vertex -33.478080749511719 46.729770660400391 -49.745315551757812
   vertex -33.478080749511719 47.078502655029297 -49.694026947021484
   vertex -33.826808929443359 47.078502655029297 -49.8092041015625
  endloop
 endfacet
 facet normal -0.46161058119330511 -0.30928762746962624 0.83141856776511125
  outer loop
   vertex -33.478080749511719 46.729770660400391 -49.745315551757812
   vertex -33.826808929443359 47.078502655029297 -49.8092041015625
   vertex -33.826808929443359 46.919403076171875 -49.868389129638672
  endloop
 endfacet
 facet normal -0.54980724784005053 -0.29123029034172671 0.78287732641201391
  outer loop
   vertex -33.826808929443359 46.919403076171875 -49.868389129638672
   vertex -33.826808929443359 47.078502655029297 -49.8092041015625
   vertex -33.911083221435547 47.078502655029297 -49.868389129638672
  endloop
 endfacet
 facet normal -0.56302603799802287 -0.29823222076515504 0.77075237465332058
  outer loop
   vertex -33.826808929443359 46.919403076171875 -49.868389129638672
   vertex -33.911083221435547 47.078502655029297 -49.868389129638672
   vertex -33.826808929443359 46.729770660400391 -49.941764831542969
  endloop
 endfacet
 facet normal -0.61786987691924333 -0.30205816934679175 0.72594605689862668
  outer loop
   vertex -33.826808929443359 46.729770660400391 -49.941764831542969
   vertex -33.911083221435547 47.078502655029297 -49.868389129638672
   vertex -34.175540924072266 47.078502655029297 -50.093475341796875
  endloop
 endfacet
 facet normal -0.56472461745069458 -0.21851293525041829 0.79582548562697664
  outer loop
   vertex -33.826808929443359 46.729770660400391 -49.941764831542969
   vertex -34.175540924072266 47.078502655029297 -50.093475341796875
   vertex -34.175540924072266 46.729770660400391 -50.189228057861328
  endloop
 endfacet
 facet normal -0.77569668782019885 -0.16710074106872749 0.60858195079960686
  outer loop
   vertex -34.175540924072266 46.729770660400391 -50.189228057861328
   vertex -34.175540924072266 47.078502655029297 -50.093475341796875
   vertex -34.272548675537109 47.078502655029297 -50.217121124267578
  endloop
 endfacet
 facet normal -0.72754021783142253 -0.14881395932124714 0.669731018356579
  outer loop
   vertex -34.175540924072266 46.729770660400391 -50.189228057861328
   vertex -34.272548675537109 47.078502655029297 -50.217121124267578
   vertex -34.201217651367188 46.729770660400391 -50.217121124267578
  endloop
 endfacet
 facet normal 0.0670979663973124 0.4944469809764086 0.86661412745734778
  outer loop
   vertex -32.780620574951172 48.473419189453125 -49.781562805175781
   vertex -33.129348754882812 48.473419189453125 -49.754562377929688
   vertex -33.129348754882812 48.124691009521484 -49.555595397949219
  endloop
 endfacet
 facet normal -0.50177611679214695 0.4286614525948157 0.7513122437950126
  outer loop
   vertex -33.129348754882812 48.124691009521484 -49.555595397949219
   vertex -33.129348754882812 48.473419189453125 -49.754562377929688
   vertex -33.478080749511719 48.124691009521484 -49.788501739501953
  endloop
 endfacet
 facet normal -0.52462254040270329 0.32822097777909198 0.78552032427375862
  outer loop
   vertex -33.129348754882812 48.124691009521484 -49.555595397949219
   vertex -33.478080749511719 48.124691009521484 -49.788501739501953
   vertex -33.478080749511719 47.775959014892578 -49.642787933349609
  endloop
 endfacet
 facet normal -0.46758674667553124 0.34079419896511021 0.81561139538699534
  outer loop
   vertex -33.478080749511719 47.775959014892578 -49.642787933349609
   vertex -33.478080749511719 48.124691009521484 -49.788501739501953
   vertex -33.826808929443359 47.775959014892578 -49.84271240234375
  endloop
 endfacet
 facet normal -0.48804901830939179 0.19258794763602685 0.85130372849681679
  outer loop
   vertex -33.478080749511719 47.775959014892578 -49.642787933349609
   vertex -33.826808929443359 47.775959014892578 -49.84271240234375
   vertex -33.826808929443359 47.427230834960938 -49.763820648193359
  endloop
 endfacet
 facet normal -0.60718811655435168 0.17532020155788366 0.77497446283144189
  outer loop
   vertex -33.826808929443359 47.427230834960938 -49.763820648193359
   vertex -33.826808929443359 47.775959014892578 -49.84271240234375
   vertex -33.859580993652344 47.775959014892578 -49.868389129638672
  endloop
 endfacet
 facet normal -0.57712680824410079 0.1843242659494734 0.795581053185761
  outer loop
   vertex -33.826808929443359 47.427230834960938 -49.763820648193359
   vertex -33.859580993652344 47.775959014892578 -49.868389129638672
   vertex -33.970958709716797 47.427230834960938 -49.868389129638672
  endloop
 endfacet
 facet normal -0.73978773200964543 0.23627533622286465 0.6299905372787733
  outer loop
   vertex -33.970958709716797 47.427230834960938 -49.868389129638672
   vertex -33.859580993652344 47.775959014892578 -49.868389129638672
   vertex -34.15655517578125 47.775959014892578 -50.217121124267578
  endloop
 endfacet
 facet normal -0.67133175183419169 0.31404992908528179 0.67133175183419169
  outer loop
   vertex -33.970958709716797 47.427230834960938 -49.868389129638672
   vertex -34.15655517578125 47.775959014892578 -50.217121124267578
   vertex -34.175540924072266 47.427230834960938 -50.072971343994141
  endloop
 endfacet
 facet normal -0.62469738718930024 0.3271035135235294 0.70905321794589127
  outer loop
   vertex -34.175540924072266 47.427230834960938 -50.072971343994141
   vertex -34.15655517578125 47.775959014892578 -50.217121124267578
   vertex -34.175540924072266 47.739700317382812 -50.217121124267578
  endloop
 endfacet
 facet normal -0.78129304904072061 0.26146114196093651 0.56676206891881642
  outer loop
   vertex -34.175540924072266 47.427230834960938 -50.072971343994141
   vertex -34.175540924072266 47.739700317382812 -50.217121124267578
   vertex -34.280109405517578 47.427230834960938 -50.217121124267578
  endloop
 endfacet
 facet normal 0.094028606090933345 0.47345774239633387 0.87578329933926169
  outer loop
   vertex -32.780620574951172 48.473419189453125 -49.781562805175781
   vertex -33.129348754882812 48.124691009521484 -49.555595397949219
   vertex -32.780620574951172 48.124691009521484 -49.593036651611328
  endloop
 endfacet
 facet normal 0.090768522766343465 0.52633453017815712 0.84541885336024658
  outer loop
   vertex -32.780620574951172 48.124691009521484 -49.593036651611328
   vertex -33.129348754882812 48.124691009521484 -49.555595397949219
   vertex -32.780620574951172 48.006832122802734 -49.519660949707031
  endloop
 endfacet
 facet normal 0.57589681913945823 0.69160022700775459 0.43592657605137664
  outer loop
   vertex -31.657907485961914 48.124691009521484 -50.217121124267578
   vertex -31.734430313110352 48.188411712646484 -50.217121124267578
   vertex -31.734430313110352 48.124691009521484 -50.11602783203125
  endloop
 endfacet
 facet normal 0.47051932225931226 0.74647608473330063 0.47051569825233214
  outer loop
   vertex -31.734430313110352 48.124691009521484 -50.11602783203125
   vertex -31.734430313110352 48.188411712646484 -50.217121124267578
   vertex -31.982067108154297 48.124691009521484 -49.868389129638672
  endloop
 endfacet
 facet normal 0.5088531369875644 0.69436370771768063 0.50884921772807157
  outer loop
   vertex -31.734430313110352 48.124691009521484 -50.11602783203125
   vertex -31.982067108154297 48.124691009521484 -49.868389129638672
   vertex -31.734430313110352 47.943214416503906 -49.868389129638672
  endloop
 endfacet
 facet normal 0.45514451417607193 0.62107474522336148 0.63805143371139283
  outer loop
   vertex -31.734430313110352 47.943214416503906 -49.868389129638672
   vertex -31.982067108154297 48.124691009521484 -49.868389129638672
   vertex -32.083160400390625 47.84051513671875 -49.519660949707031
  endloop
 endfacet
 facet normal 0.45928956667839882 0.6154393345614082 0.64053689933912461
  outer loop
   vertex -31.734430313110352 47.943214416503906 -49.868389129638672
   vertex -32.083160400390625 47.84051513671875 -49.519660949707031
   vertex -31.99665641784668 47.775959014892578 -49.519660949707031
  endloop
 endfacet
 facet normal 0.41319829950992948 0.55367790810358186 0.722985435095441
  outer loop
   vertex -31.99665641784668 47.775959014892578 -49.519660949707031
   vertex -32.083160400390625 47.84051513671875 -49.519660949707031
   vertex -32.083160400390625 47.775959014892578 -49.470222473144531
  endloop
 endfacet
 facet normal 0.44448593801818226 0.44448593801818226 0.77773035289115044
  outer loop
   vertex -31.99665641784668 47.775959014892578 -49.519660949707031
   vertex -32.083160400390625 47.775959014892578 -49.470222473144531
   vertex -31.734430313110352 47.51373291015625 -49.519660949707031
  endloop
 endfacet
 facet normal 0.4444899153066238 0.44449234641853574 0.77772441723662933
  outer loop
   vertex -31.734430313110352 47.51373291015625 -49.519660949707031
   vertex -32.083160400390625 47.775959014892578 -49.470222473144531
   vertex -31.734430313110352 47.427230834960938 -49.470222473144531
  endloop
 endfacet
 facet normal 0.55368716770133131 0.41320211216377578 0.72297616477050775
  outer loop
   vertex -31.734430313110352 47.51373291015625 -49.519660949707031
   vertex -31.734430313110352 47.427230834960938 -49.470222473144531
   vertex -31.669876098632812 47.427230834960938 -49.519660949707031
  endloop
 endfacet
 facet normal 0.59248073133232737 0.22463741304510249 0.77363080061507028
  outer loop
   vertex -31.669876098632812 47.427230834960938 -49.519660949707031
   vertex -31.734430313110352 47.427230834960938 -49.470222473144531
   vertex -31.537656784057617 47.078502655029297 -49.519660949707031
  endloop
 endfacet
 facet normal 0.66910387418460737 0.25368886346276498 0.69852842898919976
  outer loop
   vertex -31.669876098632812 47.427230834960938 -49.519660949707031
   vertex -31.537656784057617 47.078502655029297 -49.519660949707031
   vertex -31.385700225830078 47.427230834960938 -49.791866302490234
  endloop
 endfacet
 facet normal 0.62882782661613856 0.28933215191724693 0.72170802291519442
  outer loop
   vertex -31.385700225830078 47.427230834960938 -49.791866302490234
   vertex -31.537656784057617 47.078502655029297 -49.519660949707031
   vertex -31.385700225830078 47.078502655029297 -49.652061462402344
  endloop
 endfacet
 facet normal 0.755045712814016 0.24398219882316044 0.60858742857422732
  outer loop
   vertex -31.385700225830078 47.427230834960938 -49.791866302490234
   vertex -31.385700225830078 47.078502655029297 -49.652061462402344
   vertex -31.211334228515625 47.078502655029297 -49.868389129638672
  endloop
 endfacet
 facet normal 0.77560610729183133 0.087238506620449532 0.62515966704054593
  outer loop
   vertex -31.211334228515625 47.078502655029297 -49.868389129638672
   vertex -31.385700225830078 47.078502655029297 -49.652061462402344
   vertex -31.172109603881836 46.729770660400391 -49.868389129638672
  endloop
 endfacet
 facet normal 0.8149059302110836 0.091658866168538661 0.5722997266813139
  outer loop
   vertex -31.211334228515625 47.078502655029297 -49.868389129638672
   vertex -31.172109603881836 46.729770660400391 -49.868389129638672
   vertex -31.036970138549805 47.078502655029297 -50.116668701171875
  endloop
 endfacet
 facet normal 0.76736756516220406 0.14698388078613539 0.62413360647066407
  outer loop
   vertex -31.036970138549805 47.078502655029297 -50.116668701171875
   vertex -31.172109603881836 46.729770660400391 -49.868389129638672
   vertex -31.036970138549805 46.729770660400391 -50.034542083740234
  endloop
 endfacet
 facet normal 0.75246944952366046 0.15097699188370631 0.6410894441927012
  outer loop
   vertex -31.036970138549805 47.078502655029297 -50.116668701171875
   vertex -31.036970138549805 46.729770660400391 -50.034542083740234
   vertex -30.881416320800781 46.729770660400391 -50.217121124267578
  endloop
 endfacet
 facet normal 0.75343572297952299 0.14241737634232318 0.64191269052270072
  outer loop
   vertex -30.881416320800781 46.729770660400391 -50.217121124267578
   vertex -31.036970138549805 46.729770660400391 -50.034542083740234
   vertex -30.815498352050781 46.38104248046875 -50.217121124267578
  endloop
 endfacet
 facet normal 0.79825977750835109 0.15089019498938169 0.58310674551782038
  outer loop
   vertex -30.881416320800781 46.729770660400391 -50.217121124267578
   vertex -30.815498352050781 46.38104248046875 -50.217121124267578
   vertex -30.688240051269531 46.729770660400391 -50.481575012207031
  endloop
 endfacet
 facet normal 0.73368404443260515 0.21983426386025562 0.64294682468928521
  outer loop
   vertex -30.688240051269531 46.729770660400391 -50.481575012207031
   vertex -30.815498352050781 46.38104248046875 -50.217121124267578
   vertex -30.688240051269531 46.38104248046875 -50.362339019775391
  endloop
 endfacet
 facet normal 0.81296352258395443 0.18839505717760976 0.55099692683256718
  outer loop
   vertex -30.688240051269531 46.729770660400391 -50.481575012207031
   vertex -30.688240051269531 46.38104248046875 -50.362339019775391
   vertex -30.550308227539062 46.38104248046875 -50.565849304199219
  endloop
 endfacet
 facet normal 0.7929119700973426 0.28720136977125782 0.53740671830361797
  outer loop
   vertex -30.550308227539062 46.38104248046875 -50.565849304199219
   vertex -30.688240051269531 46.38104248046875 -50.362339019775391
   vertex -30.660348892211914 46.032310485839844 -50.217121124267578
  endloop
 endfacet
 facet normal 0.80907441399510283 0.26782701345817894 0.52313218547567231
  outer loop
   vertex -30.550308227539062 46.38104248046875 -50.565849304199219
   vertex -30.660348892211914 46.032310485839844 -50.217121124267578
   vertex -30.434867858886719 46.032310485839844 -50.565849304199219
  endloop
 endfacet
 facet normal 0.81828250802021674 0.22468150599795947 0.52908596459425472
  outer loop
   vertex -30.434867858886719 46.032310485839844 -50.565849304199219
   vertex -30.660348892211914 46.032310485839844 -50.217121124267578
   vertex -30.564596176147461 45.683582305908203 -50.217121124267578
  endloop
 endfacet
 facet normal 0.71703739060438787 0.34111984340342916 0.60786070189778707
  outer loop
   vertex -30.434867858886719 46.032310485839844 -50.565849304199219
   vertex -30.564596176147461 45.683582305908203 -50.217121124267578
   vertex -30.339509963989258 45.831867218017578 -50.565849304199219
  endloop
 endfacet
 facet normal 0.68589363497922007 0.39546371594681762 0.61086690110410069
  outer loop
   vertex -30.339509963989258 45.831867218017578 -50.565849304199219
   vertex -30.564596176147461 45.683582305908203 -50.217121124267578
   vertex -30.339509963989258 45.683582305908203 -50.469852447509766
  endloop
 endfacet
 facet normal 0.73940414930021214 0.36587875107505613 0.56516744731927604
  outer loop
   vertex -30.339509963989258 45.831867218017578 -50.565849304199219
   vertex -30.339509963989258 45.683582305908203 -50.469852447509766
   vertex -30.266134262084961 45.683582305908203 -50.565849304199219
  endloop
 endfacet
 facet normal 0.77426311566241501 0.22422106941791303 0.59181208145307185
  outer loop
   vertex -30.266134262084961 45.683582305908203 -50.565849304199219
   vertex -30.339509963989258 45.683582305908203 -50.469852447509766
   vertex -30.165143966674805 45.334850311279297 -50.565849304199219
  endloop
 endfacet
 facet normal 0.86057680986695273 0.24921689890850496 0.44418294836435013
  outer loop
   vertex -30.266134262084961 45.683582305908203 -50.565849304199219
   vertex -30.165143966674805 45.334850311279297 -50.565849304199219
   vertex -30.086137771606445 45.683582305908203 -50.914581298828125
  endloop
 endfacet
 facet normal 0.77970598006772851 0.34553077997346199 0.52217531992382982
  outer loop
   vertex -30.086137771606445 45.683582305908203 -50.914581298828125
   vertex -30.165143966674805 45.334850311279297 -50.565849304199219
   vertex -29.990779876708984 45.468402862548828 -50.914581298828125
  endloop
 endfacet
 facet normal 0.47051707027965062 0.74647826146318375 0.47051449684186875
  outer loop
   vertex -31.982067108154297 48.124691009521484 -49.868389129638672
   vertex -31.734430313110352 48.188411712646484 -50.217121124267578
   vertex -32.083160400390625 48.188411712646484 -49.868389129638672
  endloop
 endfacet
 facet normal 0.43108439345710353 0.7926755478893065 0.43108203569171016
  outer loop
   vertex -32.083160400390625 48.188411712646484 -49.868389129638672
   vertex -31.734430313110352 48.188411712646484 -50.217121124267578
   vertex -32.083160400390625 48.378063201904297 -50.217121124267578
  endloop
 endfacet
 facet normal -0.78531628502670314 0.58734542308205473 0.19571327613736411
  outer loop
   vertex -33.370269775390625 48.473419189453125 -50.217121124267578
   vertex -33.478080749511719 48.329269409179688 -50.217121124267578
   vertex -33.478080749511719 48.213066101074219 -49.868389129638672
  endloop
 endfacet
 facet normal -0.70282349907581432 0.67488302470505157 0.22488226277719137
  outer loop
   vertex -33.478080749511719 48.213066101074219 -49.868389129638672
   vertex -33.478080749511719 48.329269409179688 -50.217121124267578
   vertex -33.674526214599609 48.124691009521484 -50.217121124267578
  endloop
 endfacet
 facet normal 0.62718535340834702 0.75319313873152782 0.19833967892934651
  outer loop
   vertex -31.657907485961914 48.124691009521484 -50.217121124267578
   vertex -31.734430313110352 48.280242919921875 -50.565849304199219
   vertex -31.734430313110352 48.188411712646484 -50.217121124267578
  endloop
 endfacet
 facet normal 0.46546245296952765 0.85588972955068376 0.22538295349304407
  outer loop
   vertex -31.734430313110352 48.188411712646484 -50.217121124267578
   vertex -31.734430313110352 48.280242919921875 -50.565849304199219
   vertex -32.083160400390625 48.378063201904297 -50.217121124267578
  endloop
 endfacet
 facet normal 0.66889289629385307 0.72236069420615201 0.17543466234933949
  outer loop
   vertex -31.657907485961914 48.124691009521484 -50.217121124267578
   vertex -31.566444396972656 48.124691009521484 -50.565849304199219
   vertex -31.734430313110352 48.280242919921875 -50.565849304199219
  endloop
 endfacet
 facet normal 0.67889841962436359 0.73316600671428223 0.039554297240311974
  outer loop
   vertex -31.734430313110352 48.280242919921875 -50.565849304199219
   vertex -31.566444396972656 48.124691009521484 -50.565849304199219
   vertex -31.734430313110352 48.299057006835938 -50.914581298828125
  endloop
 endfacet
 facet normal 0.58930138148264266 0.80674009224494869 0.043523618269400849
  outer loop
   vertex -31.734430313110352 48.280242919921875 -50.565849304199219
   vertex -31.734430313110352 48.299057006835938 -50.914581298828125
   vertex -31.998884201049805 48.473419189453125 -50.565849304199219
  endloop
 endfacet
 facet normal 0.55643731471642521 0.83086385201832025 0.0065401988083615796
  outer loop
   vertex -31.998884201049805 48.473419189453125 -50.565849304199219
   vertex -31.734430313110352 48.299057006835938 -50.914581298828125
   vertex -31.994785308837891 48.473419189453125 -50.914581298828125
  endloop
 endfacet
 facet normal 0.55280670155229117 0.75677971139637801 0.34883981873876013
  outer loop
   vertex -31.998884201049805 48.473419189453125 -50.565849304199219
   vertex -32.083160400390625 48.473419189453125 -50.432296752929688
   vertex -31.734430313110352 48.280242919921875 -50.565849304199219
  endloop
 endfacet
 facet normal 0.55177235442685935 0.76247871591615801 0.33789565943510913
  outer loop
   vertex -31.734430313110352 48.280242919921875 -50.565849304199219
   vertex -32.083160400390625 48.473419189453125 -50.432296752929688
   vertex -32.083160400390625 48.378063201904297 -50.217121124267578
  endloop
 endfacet
 facet normal -0.71728365367677038 0.68876832149383072 -0.10536773450480053
  outer loop
   vertex -33.478080749511719 48.329269409179688 -50.217121124267578
   vertex -33.623298645019531 48.124691009521484 -50.565849304199219
   vertex -33.674526214599609 48.124691009521484 -50.217121124267578
  endloop
 endfacet
 facet normal -0.62607227124757114 0.7743224298479735 -0.09196893937214777
  outer loop
   vertex -33.674526214599609 48.124691009521484 -50.217121124267578
   vertex -33.623298645019531 48.124691009521484 -50.565849304199219
   vertex -33.826808929443359 48.001564025878906 -50.217121124267578
  endloop
 endfacet
 facet normal 0.62518758298927624 0.77564758007242252 0.086667857962579545
  outer loop
   vertex -31.566444396972656 48.124691009521484 -50.565849304199219
   vertex -31.518100738525391 48.124691009521484 -50.914581298828125
   vertex -31.734430313110352 48.299057006835938 -50.914581298828125
  endloop
 endfacet
 facet normal 0.62714855123048763 0.77808048231213411 -0.035713551131427573
  outer loop
   vertex -31.734430313110352 48.299057006835938 -50.914581298828125
   vertex -31.518100738525391 48.124691009521484 -50.914581298828125
   vertex -31.734430313110352 48.283050537109375 -51.263309478759766
  endloop
 endfacet
 facet normal 0.35176316870017355 0.9351045239654574 -0.04292088542130084
  outer loop
   vertex -31.734430313110352 48.299057006835938 -50.914581298828125
   vertex -31.734430313110352 48.283050537109375 -51.263309478759766
   vertex -32.083160400390625 48.414234161376953 -51.263309478759766
  endloop
 endfacet
 facet normal 0.34447869816109222 0.91573995722881296 -0.2067722351956634
  outer loop
   vertex -32.083160400390625 48.414234161376953 -51.263309478759766
   vertex -31.734430313110352 48.283050537109375 -51.263309478759766
   vertex -32.083160400390625 48.335491180419922 -51.612041473388672
  endloop
 endfacet
 facet normal 0.46775816121316638 0.87721134313797655 0.10817838087411273
  outer loop
   vertex -31.518100738525391 48.124691009521484 -50.914581298828125
   vertex -31.437450408935547 48.124691009521484 -51.263309478759766
   vertex -31.734430313110352 48.283050537109375 -51.263309478759766
  endloop
 endfacet
 facet normal 0.4617299094919291 0.86590624741191713 -0.19238467031857456
  outer loop
   vertex -31.734430313110352 48.283050537109375 -51.263309478759766
   vertex -31.437450408935547 48.124691009521484 -51.263309478759766
   vertex -31.734430313110352 48.205570220947266 -51.612041473388672
  endloop
 endfacet
 facet normal 0.34178453973368994 0.91740819076588753 -0.20382723055247262
  outer loop
   vertex -31.734430313110352 48.283050537109375 -51.263309478759766
   vertex -31.734430313110352 48.205570220947266 -51.612041473388672
   vertex -32.083160400390625 48.335491180419922 -51.612041473388672
  endloop
 endfacet
 facet normal 0.31731600373784108 0.85173045310071316 -0.4169721681751678
  outer loop
   vertex -32.083160400390625 48.335491180419922 -51.612041473388672
   vertex -31.734430313110352 48.205570220947266 -51.612041473388672
   vertex -32.083160400390625 48.164768218994141 -51.960769653320312
  endloop
 endfacet
 facet normal 0.3140105423600717 0.85271808908420499 -0.4174556740964428
  outer loop
   vertex -32.083160400390625 48.335491180419922 -51.612041473388672
   vertex -32.083160400390625 48.164768218994141 -51.960769653320312
   vertex -32.431888580322266 48.293186187744141 -51.960769653320312
  endloop
 endfacet
 facet normal 0.25198705522756143 0.6842888732098974 -0.6842888732098974
  outer loop
   vertex -32.431888580322266 48.293186187744141 -51.960769653320312
   vertex -32.083160400390625 48.164768218994141 -51.960769653320312
   vertex -32.083160400390625 48.124691009521484 -52.000846862792969
  endloop
 endfacet
 facet normal 0.28399986196974603 0.73440541319780239 -0.61643553391001904
  outer loop
   vertex -32.431888580322266 48.293186187744141 -51.960769653320312
   vertex -32.083160400390625 48.124691009521484 -52.000846862792969
   vertex -32.431888580322266 48.124691009521484 -52.161510467529297
  endloop
 endfacet
 facet normal 0.35277424585978956 0.53780376106994998 -0.76571368411245777
  outer loop
   vertex -32.431888580322266 48.124691009521484 -52.161510467529297
   vertex -32.083160400390625 48.124691009521484 -52.000846862792969
   vertex -32.083160400390625 47.775959014892578 -52.245780944824219
  endloop
 endfacet
 facet normal 0.45227860677877568 0.60959380835801924 -0.6510295313285076
  outer loop
   vertex -32.431888580322266 48.124691009521484 -52.161510467529297
   vertex -32.083160400390625 47.775959014892578 -52.245780944824219
   vertex -32.431888580322266 47.966640472412109 -52.309501647949219
  endloop
 endfacet
 facet normal 0.43837808267851019 0.56931444034646039 -0.6954895575349137
  outer loop
   vertex -32.431888580322266 47.966640472412109 -52.309501647949219
   vertex -32.083160400390625 47.775959014892578 -52.245780944824219
   vertex -32.184253692626953 47.775959014892578 -52.309501647949219
  endloop
 endfacet
 facet normal 0.46108707379839631 0.5988062353998459 -0.65485097756840582
  outer loop
   vertex -32.431888580322266 47.966640472412109 -52.309501647949219
   vertex -32.184253692626953 47.775959014892578 -52.309501647949219
   vertex -32.431888580322266 47.775959014892578 -52.483863830566406
  endloop
 endfacet
 facet normal 0.45823704572097612 0.60537088477824463 -0.65080327426321183
  outer loop
   vertex -32.431888580322266 47.775959014892578 -52.483863830566406
   vertex -32.184253692626953 47.775959014892578 -52.309501647949219
   vertex -32.083160400390625 47.699436187744141 -52.309501647949219
  endloop
 endfacet
 facet normal 0.45341538348171317 0.63024379807425757 -0.63024379807425757
  outer loop
   vertex -32.431888580322266 47.775959014892578 -52.483863830566406
   vertex -32.083160400390625 47.699436187744141 -52.309501647949219
   vertex -32.083160400390625 47.427230834960938 -52.581707000732422
  endloop
 endfacet
 facet normal 0.18234325073157776 0.69525209058033077 -0.69525209058033077
  outer loop
   vertex -32.083160400390625 47.427230834960938 -52.581707000732422
   vertex -32.083160400390625 47.699436187744141 -52.309501647949219
   vertex -31.734430313110352 47.427230834960938 -52.490245819091797
  endloop
 endfacet
 facet normal 0.16551091367209006 0.75786123629966506 -0.63107248709619168
  outer loop
   vertex -32.083160400390625 47.427230834960938 -52.581707000732422
   vertex -31.734430313110352 47.427230834960938 -52.490245819091797
   vertex -32.083160400390625 47.363510131835938 -52.658229827880859
  endloop
 endfacet
 facet normal 0.19743728591126958 0.70772940770864157 -0.67833443344442357
  outer loop
   vertex -32.083160400390625 47.363510131835938 -52.658229827880859
   vertex -31.734430313110352 47.427230834960938 -52.490245819091797
   vertex -31.734430313110352 47.266223907470703 -52.658229827880859
  endloop
 endfacet
 facet normal 0.21908514632441714 0.78532785806032246 -0.57901800836795658
  outer loop
   vertex -32.083160400390625 47.363510131835938 -52.658229827880859
   vertex -31.734430313110352 47.266223907470703 -52.658229827880859
   vertex -32.083160400390625 47.106391906738281 -53.006961822509766
  endloop
 endfacet
 facet normal 0.3331759084191675 0.68550786001089925 -0.64735831493257245
  outer loop
   vertex -32.083160400390625 47.106391906738281 -53.006961822509766
   vertex -31.734430313110352 47.266223907470703 -52.658229827880859
   vertex -31.734430313110352 47.078502655029297 -52.857013702392578
  endloop
 endfacet
 facet normal 0.34533593475497926 0.64305887235047021 -0.68353374375976972
  outer loop
   vertex -32.083160400390625 47.106391906738281 -53.006961822509766
   vertex -31.734430313110352 47.078502655029297 -52.857013702392578
   vertex -32.031227111816406 47.078502655029297 -53.006961822509766
  endloop
 endfacet
 facet normal 0.38172959877012169 0.53235165509788784 -0.75556881138473497
  outer loop
   vertex -32.031227111816406 47.078502655029297 -53.006961822509766
   vertex -31.734430313110352 47.078502655029297 -52.857013702392578
   vertex -31.734430313110352 46.865680694580078 -53.006961822509766
  endloop
 endfacet
 facet normal 0.34427199419614329 0.48011410827100975 -0.80682540679588399
  outer loop
   vertex -32.031227111816406 47.078502655029297 -53.006961822509766
   vertex -31.734430313110352 46.865680694580078 -53.006961822509766
   vertex -31.734430313110352 46.729770660400391 -53.087837219238281
  endloop
 endfacet
 facet normal 0.39156472716608065 0.47054149065029122 -0.79073874953486045
  outer loop
   vertex -31.734430313110352 46.729770660400391 -53.087837219238281
   vertex -31.734430313110352 46.865680694580078 -53.006961822509766
   vertex -31.571107864379883 46.729770660400391 -53.006961822509766
  endloop
 endfacet
 facet normal 0.41370785972611529 0.3617460570684306 -0.83545532315994053
  outer loop
   vertex -31.734430313110352 46.729770660400391 -53.087837219238281
   vertex -31.571107864379883 46.729770660400391 -53.006961822509766
   vertex -31.385700225830078 46.38104248046875 -53.066146850585938
  endloop
 endfacet
 facet normal 0.42551428663164992 0.36664746627725986 -0.82734951945645285
  outer loop
   vertex -31.385700225830078 46.38104248046875 -53.066146850585938
   vertex -31.571107864379883 46.729770660400391 -53.006961822509766
   vertex -31.385700225830078 46.514595031738281 -53.006961822509766
  endloop
 endfacet
 facet normal 0.48004672863357234 0.35542105835220872 -0.80201683873095897
  outer loop
   vertex -31.385700225830078 46.38104248046875 -53.066146850585938
   vertex -31.385700225830078 46.514595031738281 -53.006961822509766
   vertex -31.286819458007812 46.38104248046875 -53.006961822509766
  endloop
 endfacet
 facet normal 0.45504708702849694 0.33691161219267834 -0.82427101984517803
  outer loop
   vertex -31.286819458007812 46.38104248046875 -53.006961822509766
   vertex -31.385700225830078 46.514595031738281 -53.006961822509766
   vertex -31.036970138549805 46.38104248046875 -52.869029998779297
  endloop
 endfacet
 facet normal 0.48296708049026127 0.037264513316210106 -0.87484521785857616
  outer loop
   vertex -31.286819458007812 46.38104248046875 -53.006961822509766
   vertex -31.036970138549805 46.38104248046875 -52.869029998779297
   vertex -31.036970138549805 46.032310485839844 -52.883884429931641
  endloop
 endfacet
 facet normal 0.34883574421871533 0.039883697180176925 -0.93633483020478026
  outer loop
   vertex -31.036970138549805 46.032310485839844 -52.883884429931641
   vertex -31.036970138549805 46.38104248046875 -52.869029998779297
   vertex -30.688240051269531 46.38104248046875 -52.739109039306641
  endloop
 endfacet
 facet normal 0.18229418221302393 0.21593342875414762 -0.95924010835544327
  outer loop
   vertex -31.036970138549805 46.032310485839844 -52.883884429931641
   vertex -30.688240051269531 46.38104248046875 -52.739109039306641
   vertex -30.688240051269531 46.032310485839844 -52.817611694335938
  endloop
 endfacet
 facet normal 0.2369375105062124 0.21335974971965121 -0.94780706544881066
  outer loop
   vertex -30.688240051269531 46.032310485839844 -52.817611694335938
   vertex -30.688240051269531 46.38104248046875 -52.739109039306641
   vertex -30.339509963989258 46.032310485839844 -52.730434417724609
  endloop
 endfacet
 facet normal 0.5355572672725335 0.79968607836667649 -0.27144168717811534
  outer loop
   vertex -31.994785308837891 48.473419189453125 -50.914581298828125
   vertex -31.734430313110352 48.299057006835938 -50.914581298828125
   vertex -32.083160400390625 48.414234161376953 -51.263309478759766
  endloop
 endfacet
 facet normal -0.88780318711968509 0.40954689176000347 -0.20994486035587859
  outer loop
   vertex -33.303714752197266 48.473419189453125 -50.914581298828125
   vertex -33.221248626708984 48.473419189453125 -51.263309478759766
   vertex -33.464584350585938 48.124691009521484 -50.914581298828125
  endloop
 endfacet
 facet normal -0.88691048395654892 0.41405390282220589 -0.20481493843384388
  outer loop
   vertex -33.464584350585938 48.124691009521484 -50.914581298828125
   vertex -33.221248626708984 48.473419189453125 -51.263309478759766
   vertex -33.384052276611328 48.124691009521484 -51.263309478759766
  endloop
 endfacet
 facet normal -0.69776780564914964 0.69796508238244026 -0.16113607037049124
  outer loop
   vertex -33.464584350585938 48.124691009521484 -50.914581298828125
   vertex -33.384052276611328 48.124691009521484 -51.263309478759766
   vertex -33.478080749511719 48.111198425292969 -50.914581298828125
  endloop
 endfacet
 facet normal -0.69786303057626264 0.69786303057626264 -0.1611656945811617
  outer loop
   vertex -33.478080749511719 48.111198425292969 -50.914581298828125
   vertex -33.384052276611328 48.124691009521484 -51.263309478759766
   vertex -33.478080749511719 48.030662536621094 -51.263309478759766
  endloop
 endfacet
 facet normal -0.49750280256208862 0.84521573903656366 -0.19519558378135282
  outer loop
   vertex -33.478080749511719 48.111198425292969 -50.914581298828125
   vertex -33.478080749511719 48.030662536621094 -51.263309478759766
   vertex -33.826808929443359 47.825397491455078 -51.263309478759766
  endloop
 endfacet
 facet normal -0.49049185834879888 0.83330472996472982 -0.25499208597905615
  outer loop
   vertex -33.826808929443359 47.825397491455078 -51.263309478759766
   vertex -33.478080749511719 48.030662536621094 -51.263309478759766
   vertex -33.478080749511719 47.9239501953125 -51.612041473388672
  endloop
 endfacet
 facet normal -0.61686434333885409 0.65877836341982376 -0.43068486136271711
  outer loop
   vertex -33.826808929443359 47.825397491455078 -51.263309478759766
   vertex -33.478080749511719 47.9239501953125 -51.612041473388672
   vertex -33.636127471923828 47.775959014892578 -51.612041473388672
  endloop
 endfacet
 facet normal -0.5886145643867744 0.62860909955170641 -0.50831436587269574
  outer loop
   vertex -33.636127471923828 47.775959014892578 -51.612041473388672
   vertex -33.478080749511719 47.9239501953125 -51.612041473388672
   vertex -33.478080749511719 47.775959014892578 -51.795055389404297
  endloop
 endfacet
 facet normal 0.38963218845823538 0.91311429884060791 -0.12003763980548404
  outer loop
   vertex -31.437450408935547 48.124691009521484 -51.263309478759766
   vertex -31.544887542724609 48.124691009521484 -51.612041473388672
   vertex -31.734430313110352 48.205570220947266 -51.612041473388672
  endloop
 endfacet
 facet normal 0.3442735298813791 0.80681497103957278 -0.48013054384138942
  outer loop
   vertex -31.734430313110352 48.205570220947266 -51.612041473388672
   vertex -31.544887542724609 48.124691009521484 -51.612041473388672
   vertex -31.734430313110352 48.124691009521484 -51.747951507568359
  endloop
 endfacet
 facet normal 0.38002182273653889 0.79487702713555386 -0.47302634807814115
  outer loop
   vertex -31.734430313110352 48.205570220947266 -51.612041473388672
   vertex -31.734430313110352 48.124691009521484 -51.747951507568359
   vertex -32.083160400390625 48.164768218994141 -51.960769653320312
  endloop
 endfacet
 facet normal 0.41037183393154619 0.73984893456095724 -0.53312147953789657
  outer loop
   vertex -32.083160400390625 48.164768218994141 -51.960769653320312
   vertex -31.734430313110352 48.124691009521484 -51.747951507568359
   vertex -32.010906219482422 48.124691009521484 -51.960769653320312
  endloop
 endfacet
 facet normal 0.36513100959784645 0.65828540384473722 -0.65828540384473722
  outer loop
   vertex -32.083160400390625 48.164768218994141 -51.960769653320312
   vertex -32.010906219482422 48.124691009521484 -51.960769653320312
   vertex -32.083160400390625 48.124691009521484 -52.000846862792969
  endloop
 endfacet
 facet normal 0.36861667512850571 0.64997612646935166 -0.66456962151237642
  outer loop
   vertex -32.083160400390625 48.124691009521484 -52.000846862792969
   vertex -32.010906219482422 48.124691009521484 -51.960769653320312
   vertex -31.734430313110352 47.775959014892578 -52.148490905761719
  endloop
 endfacet
 facet normal 0.22257277580809975 0.56033855969263024 -0.7977982564474968
  outer loop
   vertex -32.083160400390625 48.124691009521484 -52.000846862792969
   vertex -31.734430313110352 47.775959014892578 -52.148490905761719
   vertex -32.083160400390625 47.775959014892578 -52.245780944824219
  endloop
 endfacet
 facet normal 0.20962456123687617 0.62568070172339008 -0.75138618753419573
  outer loop
   vertex -32.083160400390625 47.775959014892578 -52.245780944824219
   vertex -31.734430313110352 47.775959014892578 -52.148490905761719
   vertex -32.083160400390625 47.699436187744141 -52.309501647949219
  endloop
 endfacet
 facet normal 0.43592657605137664 0.57589681913945823 -0.69160022700775459
  outer loop
   vertex -32.083160400390625 47.775959014892578 -52.245780944824219
   vertex -32.083160400390625 47.699436187744141 -52.309501647949219
   vertex -32.184253692626953 47.775959014892578 -52.309501647949219
  endloop
 endfacet
 facet normal -0.69824505660385305 0.57769803414313037 -0.42275148997424533
  outer loop
   vertex -33.129348754882812 48.473419189453125 -51.423492431640625
   vertex -33.129348754882812 48.335441589355469 -51.612041473388672
   vertex -33.303714752197266 48.124691009521484 -51.612041473388672
  endloop
 endfacet
 facet normal -0.72506186260154637 0.59988511009926482 -0.33826491110070722
  outer loop
   vertex -33.303714752197266 48.124691009521484 -51.612041473388672
   vertex -33.129348754882812 48.335441589355469 -51.612041473388672
   vertex -33.141021728515625 48.124691009521484 -51.960769653320312
  endloop
 endfacet
 facet normal -0.79213043505576453 0.48575589259474239 -0.36955457874020481
  outer loop
   vertex -33.303714752197266 48.124691009521484 -51.612041473388672
   vertex -33.141021728515625 48.124691009521484 -51.960769653320312
   vertex -33.354873657226562 47.775959014892578 -51.960769653320312
  endloop
 endfacet
 facet normal -0.7125514295250247 0.43695588548396253 -0.54894445477003417
  outer loop
   vertex -33.354873657226562 47.775959014892578 -51.960769653320312
   vertex -33.141021728515625 48.124691009521484 -51.960769653320312
   vertex -33.129348754882812 48.124691009521484 -51.975921630859375
  endloop
 endfacet
 facet normal -0.71579862705574515 0.43932298448465129 -0.54279613190276998
  outer loop
   vertex -33.354873657226562 47.775959014892578 -51.960769653320312
   vertex -33.129348754882812 48.124691009521484 -51.975921630859375
   vertex -33.129348754882812 47.775959014892578 -52.258174896240234
  endloop
 endfacet
 facet normal -0.51624703144750295 0.53880855764962221 -0.6657134073497204
  outer loop
   vertex -33.129348754882812 47.775959014892578 -52.258174896240234
   vertex -33.129348754882812 48.124691009521484 -51.975921630859375
   vertex -32.780620574951172 48.124691009521484 -52.246353149414062
  endloop
 endfacet
 facet normal -0.58314230505139586 0.60164049115747731 -0.54586973854495213
  outer loop
   vertex -33.129348754882812 47.775959014892578 -52.258174896240234
   vertex -32.780620574951172 48.124691009521484 -52.246353149414062
   vertex -33.081302642822266 47.775959014892578 -52.309501647949219
  endloop
 endfacet
 facet normal -0.58190438525404931 0.6009494713916288 -0.54794800780386888
  outer loop
   vertex -33.081302642822266 47.775959014892578 -52.309501647949219
   vertex -32.780620574951172 48.124691009521484 -52.246353149414062
   vertex -32.780620574951172 48.067111968994141 -52.309501647949219
  endloop
 endfacet
 facet normal -0.56495499188471454 0.58344534314680796 -0.58345298757041741
  outer loop
   vertex -33.081302642822266 47.775959014892578 -52.309501647949219
   vertex -32.780620574951172 48.067111968994141 -52.309501647949219
   vertex -32.780620574951172 47.775959014892578 -52.600650787353516
  endloop
 endfacet
 facet normal 0.2304319573033472 0.68807292732568237 -0.68808194260190736
  outer loop
   vertex -32.780620574951172 47.775959014892578 -52.600650787353516
   vertex -32.780620574951172 48.067111968994141 -52.309501647949219
   vertex -32.431888580322266 47.775959014892578 -52.483863830566406
  endloop
 endfacet
 facet normal 0.23528245420289992 0.67159771404852153 -0.70256578142481474
  outer loop
   vertex -32.780620574951172 47.775959014892578 -52.600650787353516
   vertex -32.431888580322266 47.775959014892578 -52.483863830566406
   vertex -32.780620574951172 47.715724945068359 -52.658229827880859
  endloop
 endfacet
 facet normal 0.24475077648500662 0.6543053715260948 -0.71552885211016148
  outer loop
   vertex -32.780620574951172 47.715724945068359 -52.658229827880859
   vertex -32.431888580322266 47.775959014892578 -52.483863830566406
   vertex -32.431888580322266 47.585277557373047 -52.658229827880859
  endloop
 endfacet
 facet normal 0.24278370812534344 0.64904670222840821 -0.720967717304552
  outer loop
   vertex -32.780620574951172 47.715724945068359 -52.658229827880859
   vertex -32.431888580322266 47.585277557373047 -52.658229827880859
   vertex -32.431888580322266 47.427230834960938 -52.800510406494141
  endloop
 endfacet
 facet normal 0.41231222163879327 0.60954656115894112 -0.67709055647423688
  outer loop
   vertex -32.431888580322266 47.427230834960938 -52.800510406494141
   vertex -32.431888580322266 47.585277557373047 -52.658229827880859
   vertex -32.198238372802734 47.427230834960938 -52.658229827880859
  endloop
 endfacet
 facet normal 0.3993392064961081 0.64068105254587038 -0.65578654077662668
  outer loop
   vertex -32.431888580322266 47.427230834960938 -52.800510406494141
   vertex -32.198238372802734 47.427230834960938 -52.658229827880859
   vertex -32.431888580322266 47.215911865234375 -53.006961822509766
  endloop
 endfacet
 facet normal 0.36824254208640406 0.66503668385539705 -0.64971042728615613
  outer loop
   vertex -32.431888580322266 47.215911865234375 -53.006961822509766
   vertex -32.198238372802734 47.427230834960938 -52.658229827880859
   vertex -32.083160400390625 47.363510131835938 -52.658229827880859
  endloop
 endfacet
 facet normal 0.24506917521028265 0.78033747092296801 -0.57533862275645808
  outer loop
   vertex -32.431888580322266 47.215911865234375 -53.006961822509766
   vertex -32.083160400390625 47.363510131835938 -52.658229827880859
   vertex -32.083160400390625 47.106391906738281 -53.006961822509766
  endloop
 endfacet
 facet normal -0.70967001451195033 0.57497553826493453 -0.407150587497497
  outer loop
   vertex -33.129348754882812 48.473419189453125 -51.423492431640625
   vertex -33.303714752197266 48.124691009521484 -51.612041473388672
   vertex -33.221248626708984 48.473419189453125 -51.263309478759766
  endloop
 endfacet
 facet normal -0.88700067443782982 0.41409600822229675 -0.20433868826336932
  outer loop
   vertex -33.221248626708984 48.473419189453125 -51.263309478759766
   vertex -33.303714752197266 48.124691009521484 -51.612041473388672
   vertex -33.384052276611328 48.124691009521484 -51.263309478759766
  endloop
 endfacet
 facet normal -0.40496145094570779 0.79453064688809216 -0.45246798163354823
  outer loop
   vertex -33.129348754882812 48.335441589355469 -51.612041473388672
   vertex -32.780620574951172 48.314590454101562 -51.960769653320312
   vertex -33.129348754882812 48.136848449707031 -51.960769653320312
  endloop
 endfacet
 facet normal -0.39068852603518828 0.76652729932091701 -0.50970420345552692
  outer loop
   vertex -33.129348754882812 48.136848449707031 -51.960769653320312
   vertex -32.780620574951172 48.314590454101562 -51.960769653320312
   vertex -32.780620574951172 48.124691009521484 -52.246353149414062
  endloop
 endfacet
 facet normal -0.43660997825814091 0.70169853443234376 -0.56301944341285992
  outer loop
   vertex -33.129348754882812 48.136848449707031 -51.960769653320312
   vertex -32.780620574951172 48.124691009521484 -52.246353149414062
   vertex -33.129348754882812 48.124691009521484 -51.975921630859375
  endloop
 endfacet
 facet normal -0.67102564227791461 0.64428568100734829 -0.36690673018412934
  outer loop
   vertex -33.129348754882812 48.335441589355469 -51.612041473388672
   vertex -33.129348754882812 48.136848449707031 -51.960769653320312
   vertex -33.141021728515625 48.124691009521484 -51.960769653320312
  endloop
 endfacet
 facet normal -0.63051725136821668 0.60539152468990998 -0.48574591872778022
  outer loop
   vertex -33.141021728515625 48.124691009521484 -51.960769653320312
   vertex -33.129348754882812 48.136848449707031 -51.960769653320312
   vertex -33.129348754882812 48.124691009521484 -51.975921630859375
  endloop
 endfacet
 facet normal 0.046959773599633964 0.76509866029786811 -0.64219842702538499
  outer loop
   vertex -32.431888580322266 48.293186187744141 -51.960769653320312
   vertex -32.431888580322266 48.124691009521484 -52.161510467529297
   vertex -32.780620574951172 48.314590454101562 -51.960769653320312
  endloop
 endfacet
 facet normal 0.13350603109758077 0.82525412218170446 -0.54875474802745561
  outer loop
   vertex -32.780620574951172 48.314590454101562 -51.960769653320312
   vertex -32.431888580322266 48.124691009521484 -52.161510467529297
   vertex -32.780620574951172 48.124691009521484 -52.246353149414062
  endloop
 endfacet
 facet normal 0.12454285070412711 0.60327511585031934 0.78774882604436369
  outer loop
   vertex -32.083160400390625 47.84051513671875 -49.519660949707031
   vertex -32.431888580322266 47.775959014892578 -49.415088653564453
   vertex -32.083160400390625 47.775959014892578 -49.470222473144531
  endloop
 endfacet
 facet normal 0.15319546303030393 0.19392957805316824 0.9689801178884172
  outer loop
   vertex -32.083160400390625 47.775959014892578 -49.470222473144531
   vertex -32.431888580322266 47.775959014892578 -49.415088653564453
   vertex -32.431888580322266 47.427230834960938 -49.345294952392578
  endloop
 endfacet
 facet normal 0.040945228296726886 0.30042831587066338 0.95292513625302488
  outer loop
   vertex -32.083160400390625 47.775959014892578 -49.470222473144531
   vertex -32.431888580322266 47.427230834960938 -49.345294952392578
   vertex -32.083160400390625 47.427230834960938 -49.360279083251953
  endloop
 endfacet
 facet normal 0.042928328325562773 0 0.9990781544139441
  outer loop
   vertex -32.083160400390625 47.427230834960938 -49.360279083251953
   vertex -32.431888580322266 47.427230834960938 -49.345294952392578
   vertex -32.431888580322266 47.078502655029297 -49.345294952392578
  endloop
 endfacet
 facet normal -0 0.042928328325562773 0.9990781544139441
  outer loop
   vertex -32.083160400390625 47.427230834960938 -49.360279083251953
   vertex -32.431888580322266 47.078502655029297 -49.345294952392578
   vertex -32.083160400390625 47.078502655029297 -49.345294952392578
  endloop
 endfacet
 facet normal -0 0 1
  outer loop
   vertex -32.083160400390625 47.078502655029297 -49.345294952392578
   vertex -32.431888580322266 47.078502655029297 -49.345294952392578
   vertex -32.431888580322266 46.729770660400391 -49.345294952392578
  endloop
 endfacet
 facet normal 0 0 1
  outer loop
   vertex -32.083160400390625 47.078502655029297 -49.345294952392578
   vertex -32.431888580322266 46.729770660400391 -49.345294952392578
   vertex -32.083160400390625 46.729770660400391 -49.345294952392578
  endloop
 endfacet
 facet normal -0 0 1
  outer loop
   vertex -32.083160400390625 46.729770660400391 -49.345294952392578
   vertex -32.431888580322266 46.729770660400391 -49.345294952392578
   vertex -32.431888580322266 46.38104248046875 -49.345294952392578
  endloop
 endfacet
 facet normal 0 0 1
  outer loop
   vertex -32.083160400390625 46.729770660400391 -49.345294952392578
   vertex -32.431888580322266 46.38104248046875 -49.345294952392578
   vertex -32.083160400390625 46.38104248046875 -49.345294952392578
  endloop
 endfacet
 facet normal 0 -0.14550645313501492 0.98935730254345811
  outer loop
   vertex -32.083160400390625 46.38104248046875 -49.345294952392578
   vertex -32.431888580322266 46.38104248046875 -49.345294952392578
   vertex -32.431888580322266 46.032310485839844 -49.396583557128906
  endloop
 endfacet
 facet normal -0.057978198349668483 -0.088271657222218455 0.99440768452751294
  outer loop
   vertex -32.083160400390625 46.38104248046875 -49.345294952392578
   vertex -32.431888580322266 46.032310485839844 -49.396583557128906
   vertex -32.083160400390625 46.032310485839844 -49.376251220703125
  endloop
 endfacet
 facet normal -0.049371018860361666 -0.52964327009458945 0.84678244487010923
  outer loop
   vertex -32.083160400390625 46.032310485839844 -49.376251220703125
   vertex -32.431888580322266 46.032310485839844 -49.396583557128906
   vertex -32.431888580322266 45.835536956787109 -49.519660949707031
  endloop
 endfacet
 facet normal -0.12134695113857773 -0.43514589229338879 0.89214515067311895
  outer loop
   vertex -32.083160400390625 46.032310485839844 -49.376251220703125
   vertex -32.431888580322266 45.835536956787109 -49.519660949707031
   vertex -32.083160400390625 45.738288879394531 -49.519660949707031
  endloop
 endfacet
 facet normal -0.1626861517403623 -0.5833868094633311 0.79573428138801894
  outer loop
   vertex -32.083160400390625 45.738288879394531 -49.519660949707031
   vertex -32.431888580322266 45.835536956787109 -49.519660949707031
   vertex -32.083160400390625 45.683582305908203 -49.559768676757812
  endloop
 endfacet
 facet normal 0.20619241618012057 -0.57855831165489779 0.7891482544647983
  outer loop
   vertex -32.083160400390625 45.738288879394531 -49.519660949707031
   vertex -32.083160400390625 45.683582305908203 -49.559768676757812
   vertex -31.734430313110352 45.683582305908203 -49.650886535644531
  endloop
 endfacet
 facet normal 0.24260220035727306 -0.2811350656340344 0.92849730600188429
  outer loop
   vertex -31.734430313110352 45.683582305908203 -49.650886535644531
   vertex -32.083160400390625 45.683582305908203 -49.559768676757812
   vertex -31.734430313110352 45.334850311279297 -49.756477355957031
  endloop
 endfacet
 facet normal 0.49954915362413149 -0.25104293653446519 0.82911283136227376
  outer loop
   vertex -31.734430313110352 45.683582305908203 -49.650886535644531
   vertex -31.734430313110352 45.334850311279297 -49.756477355957031
   vertex -31.385700225830078 45.683582305908203 -49.861000061035156
  endloop
 endfacet
 facet normal 0.086746633622872563 0.20542898051082312 0.97481996056778764
  outer loop
   vertex -31.385700225830078 45.683582305908203 -49.861000061035156
   vertex -31.734430313110352 45.334850311279297 -49.756477355957031
   vertex -31.385700225830078 45.334850311279297 -49.787509918212891
  endloop
 endfacet
 facet normal 0.4132996441176654 0.18777043778716215 0.89102506522848646
  outer loop
   vertex -31.385700225830078 45.683582305908203 -49.861000061035156
   vertex -31.385700225830078 45.334850311279297 -49.787509918212891
   vertex -31.211334228515625 45.334850311279297 -49.868389129638672
  endloop
 endfacet
 facet normal 0.38784743279354272 0.38784319022169916 0.83615311317611751
  outer loop
   vertex -31.211334228515625 45.334850311279297 -49.868389129638672
   vertex -31.385700225830078 45.334850311279297 -49.787509918212891
   vertex -31.036970138549805 45.160484313964844 -49.868389129638672
  endloop
 endfacet
 facet normal 0.38785039901405838 0.38784615640976805 0.83615036144392452
  outer loop
   vertex -31.211334228515625 45.334850311279297 -49.868389129638672
   vertex -31.036970138549805 45.160484313964844 -49.868389129638672
   vertex -31.036970138549805 45.334850311279297 -49.949268341064453
  endloop
 endfacet
 facet normal 0.40977816954518531 0.38383308284999484 0.82749865031555581
  outer loop
   vertex -31.036970138549805 45.334850311279297 -49.949268341064453
   vertex -31.036970138549805 45.160484313964844 -49.868389129638672
   vertex -30.873647689819336 44.986122131347656 -49.868389129638672
  endloop
 endfacet
 facet normal 0.42162414909067747 0.3875866553427661 0.81976195416948328
  outer loop
   vertex -31.036970138549805 45.334850311279297 -49.949268341064453
   vertex -30.873647689819336 44.986122131347656 -49.868389129638672
   vertex -30.688240051269531 44.986122131347656 -49.963748931884766
  endloop
 endfacet
 facet normal 0.41593564552666884 0.41593136670552733 0.8087018220399812
  outer loop
   vertex -30.688240051269531 44.986122131347656 -49.963748931884766
   vertex -30.873647689819336 44.986122131347656 -49.868389129638672
   vertex -30.688240051269531 44.800712585449219 -49.868389129638672
  endloop
 endfacet
 facet normal 0.46180682574199339 0.4056800490393152 0.78877002574233446
  outer loop
   vertex -30.688240051269531 44.986122131347656 -49.963748931884766
   vertex -30.688240051269531 44.800712585449219 -49.868389129638672
   vertex -30.544767379760742 44.63739013671875 -49.868389129638672
  endloop
 endfacet
 facet normal 0.45090523599479881 0.39610340959458074 0.79986658703812752
  outer loop
   vertex -30.544767379760742 44.63739013671875 -49.868389129638672
   vertex -30.688240051269531 44.800712585449219 -49.868389129638672
   vertex -30.688240051269531 44.63739013671875 -49.787509918212891
  endloop
 endfacet
 facet normal 0.45530672759389579 0.37464352048637067 0.80767444949392597
  outer loop
   vertex -30.544767379760742 44.63739013671875 -49.868389129638672
   vertex -30.688240051269531 44.63739013671875 -49.787509918212891
   vertex -30.339509963989258 44.387939453125 -49.868389129638672
  endloop
 endfacet
 facet normal 0.46584221320967456 0.394421710570383 0.79210008624077621
  outer loop
   vertex -30.339509963989258 44.387939453125 -49.868389129638672
   vertex -30.688240051269531 44.63739013671875 -49.787509918212891
   vertex -30.339509963989258 44.288661956787109 -49.818954467773438
  endloop
 endfacet
 facet normal 0.024197483186647321 0.31190937964942728 0.94980367481608607
  outer loop
   vertex -33.129348754882812 47.775959014892578 -49.434959411621094
   vertex -32.780620574951172 48.006832122802734 -49.519660949707031
   vertex -33.129348754882812 48.033885955810547 -49.519660949707031
  endloop
 endfacet
 facet normal 0.028534716434776435 0.36781700117286481 0.92946028619096333
  outer loop
   vertex -33.129348754882812 48.033885955810547 -49.519660949707031
   vertex -32.780620574951172 48.006832122802734 -49.519660949707031
   vertex -33.129348754882812 48.124691009521484 -49.555595397949219
  endloop
 endfacet
 facet normal -0.51478065632312786 0.31546603506178261 0.79717128435357465
  outer loop
   vertex -33.129348754882812 48.033885955810547 -49.519660949707031
   vertex -33.129348754882812 48.124691009521484 -49.555595397949219
   vertex -33.478080749511719 47.775959014892578 -49.642787933349609
  endloop
 endfacet
 facet normal -0.48578087948639243 0.27271379630763576 0.83044814553884361
  outer loop
   vertex -33.129348754882812 47.775959014892578 -49.434959411621094
   vertex -33.129348754882812 48.033885955810547 -49.519660949707031
   vertex -33.274147033691406 47.775959014892578 -49.519660949707031
  endloop
 endfacet
 facet normal -0.49638638039424926 0.27866764615323625 0.82215868562371242
  outer loop
   vertex -33.274147033691406 47.775959014892578 -49.519660949707031
   vertex -33.129348754882812 48.033885955810547 -49.519660949707031
   vertex -33.478080749511719 47.775959014892578 -49.642787933349609
  endloop
 endfacet
 facet normal -0.51686045917872458 0.00013110225804502282 0.85606965169298932
  outer loop
   vertex -33.274147033691406 47.775959014892578 -49.519660949707031
   vertex -33.478080749511719 47.775959014892578 -49.642787933349609
   vertex -33.478080749511719 47.427230834960938 -49.642734527587891
  endloop
 endfacet
 facet normal -0.32801155745641936 0.00014467147011498554 0.94467369882154528
  outer loop
   vertex -33.478080749511719 47.427230834960938 -49.642734527587891
   vertex -33.478080749511719 47.775959014892578 -49.642787933349609
   vertex -33.826808929443359 47.427230834960938 -49.763820648193359
  endloop
 endfacet
 facet normal -0.32556049729216213 -0.12202108362059268 0.93761464245975634
  outer loop
   vertex -33.478080749511719 47.427230834960938 -49.642734527587891
   vertex -33.826808929443359 47.427230834960938 -49.763820648193359
   vertex -33.826808929443359 47.078502655029297 -49.8092041015625
  endloop
 endfacet
 facet normal -0.5839568721360624 -0.10476216229685968 0.80499643529394149
  outer loop
   vertex -33.826808929443359 47.078502655029297 -49.8092041015625
   vertex -33.826808929443359 47.427230834960938 -49.763820648193359
   vertex -33.970958709716797 47.427230834960938 -49.868389129638672
  endloop
 endfacet
 facet normal -0.57194180993759092 -0.098200538726718523 0.81439500258725483
  outer loop
   vertex -33.826808929443359 47.078502655029297 -49.8092041015625
   vertex -33.970958709716797 47.427230834960938 -49.868389129638672
   vertex -33.911083221435547 47.078502655029297 -49.868389129638672
  endloop
 endfacet
 facet normal -0.64416857212726797 -0.11060163763971251 0.75684485096678211
  outer loop
   vertex -33.911083221435547 47.078502655029297 -49.868389129638672
   vertex -33.970958709716797 47.427230834960938 -49.868389129638672
   vertex -34.175540924072266 47.078502655029297 -50.093475341796875
  endloop
 endfacet
 facet normal 0.57735026918962573 0.57735026918962573 0.57735026918962573
  outer loop
   vertex -31.567174911499023 47.775959014892578 -49.868389129638672
   vertex -31.734430313110352 47.943214416503906 -49.868389129638672
   vertex -31.734430313110352 47.775959014892578 -49.701133728027344
  endloop
 endfacet
 facet normal 0.43954517903605922 0.63513779433527595 0.63513779433527595
  outer loop
   vertex -31.734430313110352 47.775959014892578 -49.701133728027344
   vertex -31.734430313110352 47.943214416503906 -49.868389129638672
   vertex -31.99665641784668 47.775959014892578 -49.519660949707031
  endloop
 endfacet
 facet normal 0.49458958979543938 0.49458958979543938 0.71467634306163919
  outer loop
   vertex -31.734430313110352 47.775959014892578 -49.701133728027344
   vertex -31.99665641784668 47.775959014892578 -49.519660949707031
   vertex -31.734430313110352 47.51373291015625 -49.519660949707031
  endloop
 endfacet
 facet normal 0.47965062688902682 0.60696801847439119 0.6336600829105733
  outer loop
   vertex -32.083160400390625 47.84051513671875 -49.519660949707031
   vertex -31.982067108154297 48.124691009521484 -49.868389129638672
   vertex -32.083160400390625 48.124691009521484 -49.791866302490234
  endloop
 endfacet
 facet normal -0.56861407600575598 0.49235635211618545 0.65898653635636828
  outer loop
   vertex -33.554603576660156 48.124691009521484 -49.868389129638672
   vertex -33.826808929443359 47.810325622558594 -49.868389129638672
   vertex -33.826808929443359 47.775959014892578 -49.84271240234375
  endloop
 endfacet
 facet normal -0.53161538855016199 0.50694947308629612 0.67851846724623999
  outer loop
   vertex -33.826808929443359 47.775959014892578 -49.84271240234375
   vertex -33.826808929443359 47.810325622558594 -49.868389129638672
   vertex -33.859580993652344 47.775959014892578 -49.868389129638672
  endloop
 endfacet
 facet normal -0.61523758021175101 0.52361965437559221 0.58932603662724314
  outer loop
   vertex -33.554603576660156 48.124691009521484 -49.868389129638672
   vertex -33.826808929443359 47.775959014892578 -49.84271240234375
   vertex -33.478080749511719 48.124691009521484 -49.788501739501953
  endloop
 endfacet
 facet normal 0.69160022700775459 0.57589681913945823 0.43592657605137664
  outer loop
   vertex -31.321979522705078 47.775959014892578 -50.217121124267578
   vertex -31.385700225830078 47.852481842041016 -50.217121124267578
   vertex -31.385700225830078 47.775959014892578 -50.11602783203125
  endloop
 endfacet
 facet normal 0.63573412304817967 0.61546645783828735 0.46587891567246681
  outer loop
   vertex -31.385700225830078 47.775959014892578 -50.11602783203125
   vertex -31.385700225830078 47.852481842041016 -50.217121124267578
   vertex -31.567174911499023 47.775959014892578 -49.868389129638672
  endloop
 endfacet
 facet normal 0.69436610219507933 0.50885346288550448 0.50884562436149872
  outer loop
   vertex -31.385700225830078 47.775959014892578 -50.11602783203125
   vertex -31.567174911499023 47.775959014892578 -49.868389129638672
   vertex -31.385700225830078 47.528324127197266 -49.868389129638672
  endloop
 endfacet
 facet normal 0.62025492336050136 0.45454244472190913 0.63927693216108539
  outer loop
   vertex -31.385700225830078 47.528324127197266 -49.868389129638672
   vertex -31.567174911499023 47.775959014892578 -49.868389129638672
   vertex -31.734430313110352 47.51373291015625 -49.519660949707031
  endloop
 endfacet
 facet normal 0.61775955572916341 0.46101764340389695 0.6370524811784537
  outer loop
   vertex -31.385700225830078 47.528324127197266 -49.868389129638672
   vertex -31.734430313110352 47.51373291015625 -49.519660949707031
   vertex -31.669876098632812 47.427230834960938 -49.519660949707031
  endloop
 endfacet
 facet normal 0.62655267494075051 0.62655267494075051 0.46353370001455196
  outer loop
   vertex -31.567174911499023 47.775959014892578 -49.868389129638672
   vertex -31.385700225830078 47.852481842041016 -50.217121124267578
   vertex -31.734430313110352 47.943214416503906 -49.868389129638672
  endloop
 endfacet
 facet normal 0.62655406665651092 0.62654967644051085 0.46353587186805695
  outer loop
   vertex -31.734430313110352 47.943214416503906 -49.868389129638672
   vertex -31.385700225830078 47.852481842041016 -50.217121124267578
   vertex -31.657907485961914 48.124691009521484 -50.217121124267578
  endloop
 endfacet
 facet normal 0.6154690721982562 0.63573014180268073 0.46588089461895854
  outer loop
   vertex -31.734430313110352 47.943214416503906 -49.868389129638672
   vertex -31.657907485961914 48.124691009521484 -50.217121124267578
   vertex -31.734430313110352 48.124691009521484 -50.11602783203125
  endloop
 endfacet
 facet normal -0.61609371139256208 0.58750816678582529 0.52465483200147622
  outer loop
   vertex -34.15655517578125 47.775959014892578 -50.217121124267578
   vertex -33.859580993652344 47.775959014892578 -49.868389129638672
   vertex -33.826808929443359 47.810325622558594 -49.868389129638672
  endloop
 endfacet
 facet normal 0.75786025682701741 0.63107167148746257 0.16551850823429876
  outer loop
   vertex -31.321979522705078 47.775959014892578 -50.217121124267578
   vertex -31.385700225830078 47.943946838378906 -50.565849304199219
   vertex -31.385700225830078 47.852481842041016 -50.217121124267578
  endloop
 endfacet
 facet normal 0.69525351675172253 0.69524864516397655 0.18235094966031118
  outer loop
   vertex -31.385700225830078 47.852481842041016 -50.217121124267578
   vertex -31.385700225830078 47.943946838378906 -50.565849304199219
   vertex -31.657907485961914 48.124691009521484 -50.217121124267578
  endloop
 endfacet
 facet normal 0.72041501700988009 0.66709183995550081 0.18971209853733276
  outer loop
   vertex -31.321979522705078 47.775959014892578 -50.217121124267578
   vertex -31.230146408081055 47.775959014892578 -50.565849304199219
   vertex -31.385700225830078 47.943946838378906 -50.565849304199219
  endloop
 endfacet
 facet normal 0.72978826905209793 0.67577130915529948 0.10364468185331613
  outer loop
   vertex -31.385700225830078 47.943946838378906 -50.565849304199219
   vertex -31.230146408081055 47.775959014892578 -50.565849304199219
   vertex -31.385700225830078 47.997432708740234 -50.914581298828125
  endloop
 endfacet
 facet normal 0.70298477087139188 0.70298477087139188 0.10781847636557117
  outer loop
   vertex -31.385700225830078 47.943946838378906 -50.565849304199219
   vertex -31.385700225830078 47.997432708740234 -50.914581298828125
   vertex -31.566444396972656 48.124691009521484 -50.565849304199219
  endloop
 endfacet
 facet normal 0.68979206771265422 0.71766496061663076 0.095623781685471851
  outer loop
   vertex -31.566444396972656 48.124691009521484 -50.565849304199219
   vertex -31.385700225830078 47.997432708740234 -50.914581298828125
   vertex -31.518100738525391 48.124691009521484 -50.914581298828125
  endloop
 endfacet
 facet normal 0.69525148206084342 0.69525148206084342 0.18234789108843882
  outer loop
   vertex -31.657907485961914 48.124691009521484 -50.217121124267578
   vertex -31.385700225830078 47.943946838378906 -50.565849304199219
   vertex -31.566444396972656 48.124691009521484 -50.565849304199219
  endloop
 endfacet
 facet normal -0.56069722063768046 0.82727573493554984 -0.035121007332168733
  outer loop
   vertex -33.623298645019531 48.124691009521484 -50.565849304199219
   vertex -33.826808929443359 47.986759185791016 -50.565849304199219
   vertex -33.826808929443359 48.001564025878906 -50.217121124267578
  endloop
 endfacet
 facet normal -0.49208907976393068 0.86976140701943105 -0.036924686006349058
  outer loop
   vertex -33.826808929443359 48.001564025878906 -50.217121124267578
   vertex -33.826808929443359 47.986759185791016 -50.565849304199219
   vertex -34.175540924072266 47.789455413818359 -50.565849304199219
  endloop
 endfacet
 facet normal -0.56697102988287151 0.82095567350820819 0.067643428418734497
  outer loop
   vertex -33.826808929443359 48.001564025878906 -50.217121124267578
   vertex -34.175540924072266 47.789455413818359 -50.565849304199219
   vertex -34.175540924072266 47.775959014892578 -50.402050018310547
  endloop
 endfacet
 facet normal -0.70600978025723882 0.70581022972579244 0.058155909377718473
  outer loop
   vertex -34.175540924072266 47.775959014892578 -50.402050018310547
   vertex -34.175540924072266 47.789455413818359 -50.565849304199219
   vertex -34.189033508300781 47.775959014892578 -50.565849304199219
  endloop
 endfacet
 facet normal 0.73895998110318739 0.66714882306494661 0.094077596754134268
  outer loop
   vertex -31.230146408081055 47.775959014892578 -50.565849304199219
   vertex -31.185749053955078 47.775959014892578 -50.914581298828125
   vertex -31.385700225830078 47.997432708740234 -50.914581298828125
  endloop
 endfacet
 facet normal 0.73205727104589202 0.66091690928281155 0.16516958234764992
  outer loop
   vertex -31.385700225830078 47.997432708740234 -50.914581298828125
   vertex -31.185749053955078 47.775959014892578 -50.914581298828125
   vertex -31.385700225830078 48.084583282470703 -51.263309478759766
  endloop
 endfacet
 facet normal 0.68198604443950972 0.70954351410091443 0.17732184520548136
  outer loop
   vertex -31.385700225830078 47.997432708740234 -50.914581298828125
   vertex -31.385700225830078 48.084583282470703 -51.263309478759766
   vertex -31.518100738525391 48.124691009521484 -50.914581298828125
  endloop
 endfacet
 facet normal 0.60652782015666629 0.78259048965620459 0.14027162534049725
  outer loop
   vertex -31.518100738525391 48.124691009521484 -50.914581298828125
   vertex -31.385700225830078 48.084583282470703 -51.263309478759766
   vertex -31.437450408935547 48.124691009521484 -51.263309478759766
  endloop
 endfacet
 facet normal -0.68119202859332695 0.68138461893219981 -0.26775440475093776
  outer loop
   vertex -33.478080749511719 48.124691009521484 -50.880245208740234
   vertex -33.464584350585938 48.124691009521484 -50.914581298828125
   vertex -33.478080749511719 48.111198425292969 -50.914581298828125
  endloop
 endfacet
 facet normal -0.62085466563392833 0.72958777627930083 -0.28677719725321255
  outer loop
   vertex -34.175540924072266 47.789455413818359 -50.565849304199219
   vertex -34.030319213867188 47.775959014892578 -50.914581298828125
   vertex -34.175540924072266 47.775959014892578 -50.600185394287109
  endloop
 endfacet
 facet normal -0.68571950912205448 0.6553360444034616 -0.31673873099927796
  outer loop
   vertex -34.175540924072266 47.775959014892578 -50.600185394287109
   vertex -34.030319213867188 47.775959014892578 -50.914581298828125
   vertex -34.175540924072266 47.624004364013672 -50.914581298828125
  endloop
 endfacet
 facet normal -0.82127890811145199 0.51367546308667156 -0.2482709683268558
  outer loop
   vertex -34.175540924072266 47.775959014892578 -50.600185394287109
   vertex -34.175540924072266 47.624004364013672 -50.914581298828125
   vertex -34.298614501953125 47.427230834960938 -50.914581298828125
  endloop
 endfacet
 facet normal -0.8345547520073906 0.5219789458545343 -0.17622810782185663
  outer loop
   vertex -34.298614501953125 47.427230834960938 -50.914581298828125
   vertex -34.175540924072266 47.624004364013672 -50.914581298828125
   vertex -34.2249755859375 47.427230834960938 -51.263309478759766
  endloop
 endfacet
 facet normal -0.96844822428194643 0.1424328776427882 -0.20450161919050824
  outer loop
   vertex -34.298614501953125 47.427230834960938 -50.914581298828125
   vertex -34.2249755859375 47.427230834960938 -51.263309478759766
   vertex -34.349903106689453 47.078502655029297 -50.914581298828125
  endloop
 endfacet
 facet normal -0.95292255865410169 0.30043792714187206 -0.040934693632854471
  outer loop
   vertex -34.349903106689453 47.078502655029297 -50.914581298828125
   vertex -34.2249755859375 47.427230834960938 -51.263309478759766
   vertex -34.334922790527344 47.078502655029297 -51.263309478759766
  endloop
 endfacet
 facet normal -0.9990786230772567 0 -0.042917419657442127
  outer loop
   vertex -34.349903106689453 47.078502655029297 -50.914581298828125
   vertex -34.334922790527344 47.078502655029297 -51.263309478759766
   vertex -34.349903106689453 46.729770660400391 -50.914581298828125
  endloop
 endfacet
 facet normal -0.99907864320674766 0.042916951058575972 0
  outer loop
   vertex -34.349903106689453 46.729770660400391 -50.914581298828125
   vertex -34.334922790527344 47.078502655029297 -51.263309478759766
   vertex -34.349903106689453 46.729770660400391 -51.263309478759766
  endloop
 endfacet
 facet normal -0.54223392559192007 0.80003423022300313 -0.25676370539595911
  outer loop
   vertex -34.030319213867188 47.775959014892578 -50.914581298828125
   vertex -34.175540924072266 47.789455413818359 -50.565849304199219
   vertex -33.826808929443359 47.913890838623047 -50.914581298828125
  endloop
 endfacet
 facet normal -0.48447823802789625 0.85630933769061945 -0.1789277928697435
  outer loop
   vertex -33.826808929443359 47.913890838623047 -50.914581298828125
   vertex -34.175540924072266 47.789455413818359 -50.565849304199219
   vertex -33.826808929443359 47.986759185791016 -50.565849304199219
  endloop
 endfacet
 facet normal -0.68138461893219981 0.68119202859332695 -0.26775440475093776
  outer loop
   vertex -34.175540924072266 47.789455413818359 -50.565849304199219
   vertex -34.175540924072266 47.775959014892578 -50.600185394287109
   vertex -34.189033508300781 47.775959014892578 -50.565849304199219
  endloop
 endfacet
 facet normal -0.77743157102024285 0.54979263460945271 -0.30549666333725134
  outer loop
   vertex -34.189033508300781 47.775959014892578 -50.565849304199219
   vertex -34.175540924072266 47.775959014892578 -50.600185394287109
   vertex -34.298614501953125 47.427230834960938 -50.914581298828125
  endloop
 endfacet
 facet normal -0.91829961472278732 0.38416761067917649 -0.095608914359661012
  outer loop
   vertex -34.189033508300781 47.775959014892578 -50.565849304199219
   vertex -34.298614501953125 47.427230834960938 -50.914581298828125
   vertex -34.334922790527344 47.427230834960938 -50.565849304199219
  endloop
 endfacet
 facet normal -0.99371707713494795 0.042687103732445171 -0.10346101577556317
  outer loop
   vertex -34.334922790527344 47.427230834960938 -50.565849304199219
   vertex -34.298614501953125 47.427230834960938 -50.914581298828125
   vertex -34.349903106689453 47.078502655029297 -50.565849304199219
  endloop
 endfacet
 facet normal 0.67417050709736137 0.70067768082272364 0.2335485280556826
  outer loop
   vertex -31.185749053955078 47.775959014892578 -50.914581298828125
   vertex -31.06494140625 47.775959014892578 -51.263309478759766
   vertex -31.385700225830078 48.084583282470703 -51.263309478759766
  endloop
 endfacet
 facet normal 0.64018132190754473 0.66535210190591199 0.38402402993835349
  outer loop
   vertex -31.385700225830078 48.084583282470703 -51.263309478759766
   vertex -31.06494140625 47.775959014892578 -51.263309478759766
   vertex -31.036970138549805 47.950325012207031 -51.612041473388672
  endloop
 endfacet
 facet normal 0.27700460745881195 0.95652597651907301 -0.091249677757365463
  outer loop
   vertex -31.385700225830078 48.084583282470703 -51.263309478759766
   vertex -31.036970138549805 47.950325012207031 -51.612041473388672
   vertex -31.385700225830078 48.051315307617188 -51.612041473388672
  endloop
 endfacet
 facet normal 0.27130219879424311 0.93683496102865915 -0.2207608949153809
  outer loop
   vertex -31.385700225830078 48.051315307617188 -51.612041473388672
   vertex -31.036970138549805 47.950325012207031 -51.612041473388672
   vertex -31.385700225830078 47.969139099121094 -51.960769653320312
  endloop
 endfacet
 facet normal 0.015638831535302482 0.9732218392637948 -0.22933529717033668
  outer loop
   vertex -31.385700225830078 48.051315307617188 -51.612041473388672
   vertex -31.385700225830078 47.969139099121094 -51.960769653320312
   vertex -31.734430313110352 47.974742889404297 -51.960769653320312
  endloop
 endfacet
 facet normal 0.012765674375338076 0.79442208114871926 -0.60723191166232404
  outer loop
   vertex -31.734430313110352 47.974742889404297 -51.960769653320312
   vertex -31.385700225830078 47.969139099121094 -51.960769653320312
   vertex -31.385700225830078 47.775959014892578 -52.2135009765625
  endloop
 endfacet
 facet normal -0.1343078807746067 0.68036594576376885 -0.72046066721702895
  outer loop
   vertex -31.734430313110352 47.974742889404297 -51.960769653320312
   vertex -31.385700225830078 47.775959014892578 -52.2135009765625
   vertex -31.734430313110352 47.775959014892578 -52.148490905761719
  endloop
 endfacet
 facet normal -0.13337971963464001 0.68578106621873647 -0.71548178146342589
  outer loop
   vertex -31.734430313110352 47.775959014892578 -52.148490905761719
   vertex -31.385700225830078 47.775959014892578 -52.2135009765625
   vertex -31.734430313110352 47.607975006103516 -52.309501647949219
  endloop
 endfacet
 facet normal 0.17856411266569502 0.68084270810878267 -0.71032954639590495
  outer loop
   vertex -31.734430313110352 47.775959014892578 -52.148490905761719
   vertex -31.734430313110352 47.607975006103516 -52.309501647949219
   vertex -32.083160400390625 47.699436187744141 -52.309501647949219
  endloop
 endfacet
 facet normal 0.18234325073157776 0.69525209058033077 -0.69525209058033077
  outer loop
   vertex -32.083160400390625 47.699436187744141 -52.309501647949219
   vertex -31.734430313110352 47.607975006103516 -52.309501647949219
   vertex -31.734430313110352 47.427230834960938 -52.490245819091797
  endloop
 endfacet
 facet normal -0.54752848920596142 0.80784604708913199 -0.21816809507877474
  outer loop
   vertex -33.826808929443359 47.913890838623047 -50.914581298828125
   vertex -33.891365051269531 47.775959014892578 -51.263309478759766
   vertex -34.030319213867188 47.775959014892578 -50.914581298828125
  endloop
 endfacet
 facet normal -0.69469311753706786 0.66391204226335887 -0.2768072841966509
  outer loop
   vertex -34.030319213867188 47.775959014892578 -50.914581298828125
   vertex -33.891365051269531 47.775959014892578 -51.263309478759766
   vertex -34.175540924072266 47.624004364013672 -50.914581298828125
  endloop
 endfacet
 facet normal 0.397257542239285 0.71743703763963784 0.5722504190971498
  outer loop
   vertex -30.573162078857422 47.775959014892578 -51.612041473388672
   vertex -30.688240051269531 47.839679718017578 -51.612041473388672
   vertex -30.688240051269531 47.775959014892578 -51.532154083251953
  endloop
 endfacet
 facet normal 0.38244898931550664 0.72233830509353525 0.57615982467206639
  outer loop
   vertex -30.688240051269531 47.775959014892578 -51.532154083251953
   vertex -30.688240051269531 47.839679718017578 -51.612041473388672
   vertex -31.036970138549805 47.775959014892578 -51.300670623779297
  endloop
 endfacet
 facet normal 0.39239182107691856 0.70468693920291037 0.59113871169867838
  outer loop
   vertex -30.688240051269531 47.775959014892578 -51.532154083251953
   vertex -31.036970138549805 47.775959014892578 -51.300670623779297
   vertex -30.688240051269531 47.550434112548828 -51.263309478759766
  endloop
 endfacet
 facet normal 0.43384678690024364 0.75285565272969435 0.49495992933699218
  outer loop
   vertex -30.688240051269531 47.550434112548828 -51.263309478759766
   vertex -31.036970138549805 47.775959014892578 -51.300670623779297
   vertex -31.036970138549805 47.751396179199219 -51.263309478759766
  endloop
 endfacet
 facet normal 0.47525917864260786 0.82471870244605461 0.306541636571037
  outer loop
   vertex -30.688240051269531 47.550434112548828 -51.263309478759766
   vertex -31.036970138549805 47.751396179199219 -51.263309478759766
   vertex -31.036970138549805 47.621776580810547 -50.914581298828125
  endloop
 endfacet
 facet normal 0.69677073667575118 0.67235152373841633 0.24990792112088175
  outer loop
   vertex -31.036970138549805 47.621776580810547 -50.914581298828125
   vertex -31.036970138549805 47.751396179199219 -51.263309478759766
   vertex -31.185749053955078 47.775959014892578 -50.914581298828125
  endloop
 endfacet
 facet normal 0.71660311118169551 0.69148884756180162 0.091231325444531317
  outer loop
   vertex -31.036970138549805 47.621776580810547 -50.914581298828125
   vertex -31.185749053955078 47.775959014892578 -50.914581298828125
   vertex -31.230146408081055 47.775959014892578 -50.565849304199219
  endloop
 endfacet
 facet normal 0.26679565648155984 0.84088232809525931 0.47088957089711614
  outer loop
   vertex -31.036970138549805 47.775959014892578 -51.300670623779297
   vertex -30.688240051269531 47.839679718017578 -51.612041473388672
   vertex -31.036970138549805 47.950325012207031 -51.612041473388672
  endloop
 endfacet
 facet normal 0.28856904461907534 0.90950734826630997 0.29920609943184534
  outer loop
   vertex -31.036970138549805 47.950325012207031 -51.612041473388672
   vertex -30.688240051269531 47.839679718017578 -51.612041473388672
   vertex -31.036970138549805 48.065048217773438 -51.960769653320312
  endloop
 endfacet
 facet normal -0.25276660114124783 0.91907130537865023 0.30235241189229056
  outer loop
   vertex -31.036970138549805 47.950325012207031 -51.612041473388672
   vertex -31.036970138549805 48.065048217773438 -51.960769653320312
   vertex -31.385700225830078 47.969139099121094 -51.960769653320312
  endloop
 endfacet
 facet normal -0.25580385421639246 0.93011490107497641 -0.2635349293098081
  outer loop
   vertex -31.385700225830078 47.969139099121094 -51.960769653320312
   vertex -31.036970138549805 48.065048217773438 -51.960769653320312
   vertex -31.036970138549805 47.966239929199219 -52.309501647949219
  endloop
 endfacet
 facet normal -0.54180218415366765 0.63806572853052212 -0.547103755535574
  outer loop
   vertex -31.385700225830078 47.969139099121094 -51.960769653320312
   vertex -31.036970138549805 47.966239929199219 -52.309501647949219
   vertex -31.261058807373047 47.775959014892578 -52.309501647949219
  endloop
 endfacet
 facet normal -0.45200516078939929 0.53231421107900956 -0.71577434663662054
  outer loop
   vertex -31.261058807373047 47.775959014892578 -52.309501647949219
   vertex -31.036970138549805 47.966239929199219 -52.309501647949219
   vertex -31.036970138549805 47.775959014892578 -52.451011657714844
  endloop
 endfacet
 facet normal -0.44511120415852629 0.55231518626293818 -0.70485739760314825
  outer loop
   vertex -31.261058807373047 47.775959014892578 -52.309501647949219
   vertex -31.036970138549805 47.775959014892578 -52.451011657714844
   vertex -31.385700225830078 47.675510406494141 -52.309501647949219
  endloop
 endfacet
 facet normal -0.44550711733388121 0.51452975899097342 -0.7326544448220772
  outer loop
   vertex -31.385700225830078 47.675510406494141 -52.309501647949219
   vertex -31.036970138549805 47.775959014892578 -52.451011657714844
   vertex -31.385700225830078 47.427230834960938 -52.483863830566406
  endloop
 endfacet
 facet normal -0.11061678562989356 0.57118786716678682 -0.81333163416798637
  outer loop
   vertex -31.385700225830078 47.675510406494141 -52.309501647949219
   vertex -31.385700225830078 47.427230834960938 -52.483863830566406
   vertex -31.734430313110352 47.607975006103516 -52.309501647949219
  endloop
 endfacet
 facet normal 0.012939432903305082 0.70704758364488485 -0.70704758364488485
  outer loop
   vertex -31.734430313110352 47.607975006103516 -52.309501647949219
   vertex -31.385700225830078 47.427230834960938 -52.483863830566406
   vertex -31.734430313110352 47.427230834960938 -52.490245819091797
  endloop
 endfacet
 facet normal 0.5465306631896325 0.73067232559852235 0.40917256359383097
  outer loop
   vertex -31.036970138549805 47.950325012207031 -51.612041473388672
   vertex -31.06494140625 47.775959014892578 -51.263309478759766
   vertex -31.036970138549805 47.775959014892578 -51.300670623779297
  endloop
 endfacet
 facet normal 0.59159236186846986 0.67368395611128362 0.4429090252604202
  outer loop
   vertex -31.036970138549805 47.775959014892578 -51.300670623779297
   vertex -31.06494140625 47.775959014892578 -51.263309478759766
   vertex -31.036970138549805 47.751396179199219 -51.263309478759766
  endloop
 endfacet
 facet normal 0.41517127817755434 0.90070691127368552 -0.12790570651942332
  outer loop
   vertex -31.544887542724609 48.124691009521484 -51.612041473388672
   vertex -31.437450408935547 48.124691009521484 -51.263309478759766
   vertex -31.385700225830078 48.051315307617188 -51.612041473388672
  endloop
 endfacet
 facet normal 0.61085037176038859 0.78816778992785153 -0.075188817256566468
  outer loop
   vertex -31.385700225830078 48.051315307617188 -51.612041473388672
   vertex -31.437450408935547 48.124691009521484 -51.263309478759766
   vertex -31.385700225830078 48.084583282470703 -51.263309478759766
  endloop
 endfacet
 facet normal -0.74020573039711068 0.64295201206167518 -0.19674396273614936
  outer loop
   vertex -33.478080749511719 47.9239501953125 -51.612041473388672
   vertex -33.478080749511719 48.030662536621094 -51.263309478759766
   vertex -33.303714752197266 48.124691009521484 -51.612041473388672
  endloop
 endfacet
 facet normal -0.6979078239107952 0.6979078239107952 -0.16077729518870842
  outer loop
   vertex -33.303714752197266 48.124691009521484 -51.612041473388672
   vertex -33.478080749511719 48.030662536621094 -51.263309478759766
   vertex -33.384052276611328 48.124691009521484 -51.263309478759766
  endloop
 endfacet
 facet normal -0.56366114747963547 0.71714300816719867 -0.40986829184366269
  outer loop
   vertex -33.826808929443359 47.825397491455078 -51.263309478759766
   vertex -33.636127471923828 47.775959014892578 -51.612041473388672
   vertex -33.826808929443359 47.775959014892578 -51.349811553955078
  endloop
 endfacet
 facet normal -0.61629659239684975 0.6475700300081757 -0.44814235063787689
  outer loop
   vertex -33.826808929443359 47.775959014892578 -51.349811553955078
   vertex -33.636127471923828 47.775959014892578 -51.612041473388672
   vertex -33.826808929443359 47.594486236572266 -51.612041473388672
  endloop
 endfacet
 facet normal 0.56543295534711246 0.73831320886277085 0.36766721179102829
  outer loop
   vertex -30.274955749511719 47.775959014892578 -51.960769653320312
   vertex -30.339509963989258 47.825397491455078 -51.960769653320312
   vertex -30.339509963989258 47.775959014892578 -51.861492156982422
  endloop
 endfacet
 facet normal 0.42972665809179283 0.80828226639471878 0.40251059260232686
  outer loop
   vertex -30.339509963989258 47.775959014892578 -51.861492156982422
   vertex -30.339509963989258 47.825397491455078 -51.960769653320312
   vertex -30.573162078857422 47.775959014892578 -51.612041473388672
  endloop
 endfacet
 facet normal 0.45520001404248883 0.78166554879894201 0.42637063341248871
  outer loop
   vertex -30.339509963989258 47.775959014892578 -51.861492156982422
   vertex -30.573162078857422 47.775959014892578 -51.612041473388672
   vertex -30.339509963989258 47.639892578125 -51.612041473388672
  endloop
 endfacet
 facet normal 0.40744174530672295 0.69965546050938998 0.58691861510843646
  outer loop
   vertex -30.339509963989258 47.639892578125 -51.612041473388672
   vertex -30.573162078857422 47.775959014892578 -51.612041473388672
   vertex -30.688240051269531 47.550434112548828 -51.263309478759766
  endloop
 endfacet
 facet normal 0.45356777653324609 0.64192121551717329 0.61823411840470432
  outer loop
   vertex -30.339509963989258 47.639892578125 -51.612041473388672
   vertex -30.688240051269531 47.550434112548828 -51.263309478759766
   vertex -30.513874053955078 47.427230834960938 -51.263309478759766
  endloop
 endfacet
 facet normal 0.49325554767007318 0.69809015786145379 0.51900779973875777
  outer loop
   vertex -30.513874053955078 47.427230834960938 -51.263309478759766
   vertex -30.688240051269531 47.550434112548828 -51.263309478759766
   vertex -30.688240051269531 47.427230834960938 -51.09759521484375
  endloop
 endfacet
 facet normal 0.54825761302999709 0.60549267380417449 0.57688145378762323
  outer loop
   vertex -30.513874053955078 47.427230834960938 -51.263309478759766
   vertex -30.688240051269531 47.427230834960938 -51.09759521484375
   vertex -30.688240051269531 47.252864837646484 -50.914581298828125
  endloop
 endfacet
 facet normal 0.66368404249919211 0.54156553980958055 0.51597505542679911
  outer loop
   vertex -30.688240051269531 47.252864837646484 -50.914581298828125
   vertex -30.688240051269531 47.427230834960938 -51.09759521484375
   vertex -30.830522537231445 47.427230834960938 -50.914581298828125
  endloop
 endfacet
 facet normal 0.68515582025147959 0.55908648978647113 0.46688735141762439
  outer loop
   vertex -30.688240051269531 47.252864837646484 -50.914581298828125
   vertex -30.830522537231445 47.427230834960938 -50.914581298828125
   vertex -30.783597946166992 47.078502655029297 -50.565849304199219
  endloop
 endfacet
 facet normal 0.8415488988849753 0.43436652694671191 0.32112485275004354
  outer loop
   vertex -30.783597946166992 47.078502655029297 -50.565849304199219
   vertex -30.830522537231445 47.427230834960938 -50.914581298828125
   vertex -30.963594436645508 47.427230834960938 -50.565849304199219
  endloop
 endfacet
 facet normal 0.80770694733585457 0.41689896091582851 0.41689896091582851
  outer loop
   vertex -30.783597946166992 47.078502655029297 -50.565849304199219
   vertex -30.963594436645508 47.427230834960938 -50.565849304199219
   vertex -30.963594436645508 47.078502655029297 -50.217121124267578
  endloop
 endfacet
 facet normal 0.81931114991891785 0.40541906690395108 0.40541906690395108
  outer loop
   vertex -30.963594436645508 47.078502655029297 -50.217121124267578
   vertex -30.963594436645508 47.427230834960938 -50.565849304199219
   vertex -31.036970138549805 47.427230834960938 -50.417564392089844
  endloop
 endfacet
 facet normal 0.81931114991891774 0.40541906690395102 0.40541906690395102
  outer loop
   vertex -30.963594436645508 47.078502655029297 -50.217121124267578
   vertex -31.036970138549805 47.427230834960938 -50.417564392089844
   vertex -31.036970138549805 47.226787567138672 -50.217121124267578
  endloop
 endfacet
 facet normal 0.82969761846677981 0.39471626639305979 0.39471626639305979
  outer loop
   vertex -31.036970138549805 47.226787567138672 -50.217121124267578
   vertex -31.036970138549805 47.427230834960938 -50.417564392089844
   vertex -31.132328033447266 47.427230834960938 -50.217121124267578
  endloop
 endfacet
 facet normal 0.76259820969378234 0.36279472350975966 0.5355594823783022
  outer loop
   vertex -31.036970138549805 47.226787567138672 -50.217121124267578
   vertex -31.132328033447266 47.427230834960938 -50.217121124267578
   vertex -31.211334228515625 47.078502655029297 -49.868389129638672
  endloop
 endfacet
 facet normal 0.84623664050106828 0.26849594449318492 0.46021025201985505
  outer loop
   vertex -31.211334228515625 47.078502655029297 -49.868389129638672
   vertex -31.132328033447266 47.427230834960938 -50.217121124267578
   vertex -31.321979522705078 47.427230834960938 -49.868389129638672
  endloop
 endfacet
 facet normal 0.74658877178378935 0.23687943517714219 0.62168588454020024
  outer loop
   vertex -31.211334228515625 47.078502655029297 -49.868389129638672
   vertex -31.321979522705078 47.427230834960938 -49.868389129638672
   vertex -31.385700225830078 47.427230834960938 -49.791866302490234
  endloop
 endfacet
 facet normal 0.69160022700775459 0.43592657605137664 0.57589681913945823
  outer loop
   vertex -31.385700225830078 47.427230834960938 -49.791866302490234
   vertex -31.321979522705078 47.427230834960938 -49.868389129638672
   vertex -31.385700225830078 47.528324127197266 -49.868389129638672
  endloop
 endfacet
 facet normal 0.60696801847439119 0.47965062688902682 0.6336600829105733
  outer loop
   vertex -31.385700225830078 47.427230834960938 -49.791866302490234
   vertex -31.385700225830078 47.528324127197266 -49.868389129638672
   vertex -31.669876098632812 47.427230834960938 -49.519660949707031
  endloop
 endfacet
 facet normal 0.44198071196318672 0.7982059469464472 0.40929245841065798
  outer loop
   vertex -30.573162078857422 47.775959014892578 -51.612041473388672
   vertex -30.339509963989258 47.825397491455078 -51.960769653320312
   vertex -30.688240051269531 47.839679718017578 -51.612041473388672
  endloop
 endfacet
 facet normal 0.39218766498869545 0.84758429938780289 0.35747683961622162
  outer loop
   vertex -30.688240051269531 47.839679718017578 -51.612041473388672
   vertex -30.339509963989258 47.825397491455078 -51.960769653320312
   vertex -30.688240051269531 47.986759185791016 -51.960769653320312
  endloop
 endfacet
 facet normal 0.20256423096190407 0.90230061803634287 0.38055397386710604
  outer loop
   vertex -30.688240051269531 47.839679718017578 -51.612041473388672
   vertex -30.688240051269531 47.986759185791016 -51.960769653320312
   vertex -31.036970138549805 48.065048217773438 -51.960769653320312
  endloop
 endfacet
 facet normal 0.21112611994428182 0.94043863324106536 -0.26646001310693818
  outer loop
   vertex -31.036970138549805 48.065048217773438 -51.960769653320312
   vertex -30.688240051269531 47.986759185791016 -51.960769653320312
   vertex -31.036970138549805 47.966239929199219 -52.309501647949219
  endloop
 endfacet
 facet normal 0.38172379635376652 0.75556627752606709 -0.53235941201660986
  outer loop
   vertex -31.734430313110352 48.124691009521484 -51.747951507568359
   vertex -31.544887542724609 48.124691009521484 -51.612041473388672
   vertex -31.734430313110352 47.974742889404297 -51.960769653320312
  endloop
 endfacet
 facet normal 0.35609224497293068 0.77253596998806329 -0.52572472658677583
  outer loop
   vertex -31.734430313110352 47.974742889404297 -51.960769653320312
   vertex -31.544887542724609 48.124691009521484 -51.612041473388672
   vertex -31.385700225830078 48.051315307617188 -51.612041473388672
  endloop
 endfacet
 facet normal 0.40530881757285742 0.74731262126842379 -0.52654402331676853
  outer loop
   vertex -31.734430313110352 48.124691009521484 -51.747951507568359
   vertex -31.734430313110352 47.974742889404297 -51.960769653320312
   vertex -32.010906219482422 48.124691009521484 -51.960769653320312
  endloop
 endfacet
 facet normal 0.34896481270401469 0.64342495797146948 -0.6813427059519056
  outer loop
   vertex -32.010906219482422 48.124691009521484 -51.960769653320312
   vertex -31.734430313110352 47.974742889404297 -51.960769653320312
   vertex -31.734430313110352 47.775959014892578 -52.148490905761719
  endloop
 endfacet
 facet normal -0.64574591542264881 0.5937255843101702 -0.48010638742940331
  outer loop
   vertex -33.478080749511719 47.775959014892578 -51.795055389404297
   vertex -33.478080749511719 47.9239501953125 -51.612041473388672
   vertex -33.354873657226562 47.775959014892578 -51.960769653320312
  endloop
 endfacet
 facet normal -0.66289778391952736 0.57580135691955381 -0.47855963624628883
  outer loop
   vertex -33.354873657226562 47.775959014892578 -51.960769653320312
   vertex -33.478080749511719 47.9239501953125 -51.612041473388672
   vertex -33.303714752197266 48.124691009521484 -51.612041473388672
  endloop
 endfacet
 facet normal 0.60391597384471063 0.78856235087863535 -0.11599532452627109
  outer loop
   vertex -30.339509963989258 47.825397491455078 -51.960769653320312
   vertex -30.274955749511719 47.775959014892578 -51.960769653320312
   vertex -30.339509963989258 47.775959014892578 -52.296863555908203
  endloop
 endfacet
 facet normal 0.73441165188829816 0.66388375065124894 -0.14105988512660717
  outer loop
   vertex -30.339509963989258 47.775959014892578 -52.296863555908203
   vertex -30.274955749511719 47.775959014892578 -51.960769653320312
   vertex -29.990779876708984 47.461593627929688 -51.960769653320312
  endloop
 endfacet
 facet normal 0.79584784125840657 0.4514648184044619 -0.40349192223309782
  outer loop
   vertex -30.339509963989258 47.775959014892578 -52.296863555908203
   vertex -29.990779876708984 47.461593627929688 -51.960769653320312
   vertex -29.990779876708984 47.427230834960938 -51.999217987060547
  endloop
 endfacet
 facet normal 0.71885890577341083 0.51831578519075305 -0.46323926907414459
  outer loop
   vertex -29.990779876708984 47.427230834960938 -51.999217987060547
   vertex -29.990779876708984 47.461593627929688 -51.960769653320312
   vertex -29.96600341796875 47.427230834960938 -51.960769653320312
  endloop
 endfacet
 facet normal 0.83846305145639177 0.071001929586289966 -0.54031327703237075
  outer loop
   vertex -29.990779876708984 47.427230834960938 -51.999217987060547
   vertex -29.96600341796875 47.427230834960938 -51.960769653320312
   vertex -29.990779876708984 47.078502655029297 -52.0450439453125
  endloop
 endfacet
 facet normal 0.81568667288769769 0.08048723577434698 -0.57286739875018444
  outer loop
   vertex -29.990779876708984 47.078502655029297 -52.0450439453125
   vertex -29.96600341796875 47.427230834960938 -51.960769653320312
   vertex -29.93159294128418 47.078502655029297 -51.960769653320312
  endloop
 endfacet
 facet normal 0.77572294618370996 -0.31850665215182999 -0.5448003517795289
  outer loop
   vertex -29.990779876708984 47.078502655029297 -52.0450439453125
   vertex -29.93159294128418 47.078502655029297 -51.960769653320312
   vertex -29.990779876708984 46.934352874755859 -51.960769653320312
  endloop
 endfacet
 facet normal 0.91545437876286673 -0.37587944357190795 -0.1437286481671857
  outer loop
   vertex -29.990779876708984 46.934352874755859 -51.960769653320312
   vertex -29.93159294128418 47.078502655029297 -51.960769653320312
   vertex -29.990779876708984 46.801006317138672 -51.612041473388672
  endloop
 endfacet
 facet normal 0.92090844833140884 -0.3640705001216209 -0.13921314856373956
  outer loop
   vertex -29.990779876708984 46.934352874755859 -51.960769653320312
   vertex -29.990779876708984 46.801006317138672 -51.612041473388672
   vertex -30.071659088134766 46.729770660400391 -51.960769653320312
  endloop
 endfacet
 facet normal 0.94608999533548965 -0.28039708038900435 -0.16214560751193743
  outer loop
   vertex -30.071659088134766 46.729770660400391 -51.960769653320312
   vertex -29.990779876708984 46.801006317138672 -51.612041473388672
   vertex -30.011892318725586 46.729770660400391 -51.612041473388672
  endloop
 endfacet
 facet normal 0.97186107298346625 -0.16656238293718301 -0.16656238293718301
  outer loop
   vertex -30.071659088134766 46.729770660400391 -51.960769653320312
   vertex -30.011892318725586 46.729770660400391 -51.612041473388672
   vertex -30.071659088134766 46.38104248046875 -51.612041473388672
  endloop
 endfacet
 facet normal 0.93816088990458546 -0.16078667799840393 0.30659711158403591
  outer loop
   vertex -30.071659088134766 46.38104248046875 -51.612041473388672
   vertex -30.011892318725586 46.729770660400391 -51.612041473388672
   vertex -30.185626983642578 46.38104248046875 -51.263309478759766
  endloop
 endfacet
 facet normal 0.91739566837055297 0.26172239306195944 0.29981090144433964
  outer loop
   vertex -30.071659088134766 46.38104248046875 -51.612041473388672
   vertex -30.185626983642578 46.38104248046875 -51.263309478759766
   vertex -30.086137771606445 46.032310485839844 -51.263309478759766
  endloop
 endfacet
 facet normal 0.88157801055101759 0.25150402879275213 0.39945705002406035
  outer loop
   vertex -30.086137771606445 46.032310485839844 -51.263309478759766
   vertex -30.185626983642578 46.38104248046875 -51.263309478759766
   vertex -30.244152069091797 46.032310485839844 -50.914581298828125
  endloop
 endfacet
 facet normal 0.84196440709302867 0.38150749480743162 0.38150749480743162
  outer loop
   vertex -30.086137771606445 46.032310485839844 -51.263309478759766
   vertex -30.244152069091797 46.032310485839844 -50.914581298828125
   vertex -30.086137771606445 45.683582305908203 -50.914581298828125
  endloop
 endfacet
 facet normal 0.82430389481895883 0.37350523516565104 0.42546084225242919
  outer loop
   vertex -30.086137771606445 45.683582305908203 -50.914581298828125
   vertex -30.244152069091797 46.032310485839844 -50.914581298828125
   vertex -30.266134262084961 45.683582305908203 -50.565849304199219
  endloop
 endfacet
 facet normal 0.46769665586800857 0.87473035547312561 -0.12691195098863256
  outer loop
   vertex -30.688240051269531 47.960582733154297 -52.309501647949219
   vertex -30.339509963989258 47.775959014892578 -52.296863555908203
   vertex -30.342939376831055 47.775959014892578 -52.309501647949219
  endloop
 endfacet
 facet normal 0.77614605201993703 0.59434011990283075 -0.21061131927736895
  outer loop
   vertex -30.342939376831055 47.775959014892578 -52.309501647949219
   vertex -30.339509963989258 47.775959014892578 -52.296863555908203
   vertex -30.339509963989258 47.771480560302734 -52.309501647949219
  endloop
 endfacet
 facet normal 0.46000121680695305 0.35224965409663611 -0.81505770453687687
  outer loop
   vertex -30.342939376831055 47.775959014892578 -52.309501647949219
   vertex -30.339509963989258 47.771480560302734 -52.309501647949219
   vertex -30.339509963989258 47.427230834960938 -52.458278656005859
  endloop
 endfacet
 facet normal 0.6762303915368546 0.29225535072553699 -0.67623906093496666
  outer loop
   vertex -30.339509963989258 47.427230834960938 -52.458278656005859
   vertex -30.339509963989258 47.771480560302734 -52.309501647949219
   vertex -30.190731048583984 47.427230834960938 -52.309501647949219
  endloop
 endfacet
 facet normal 0.70513494079368533 -0.07454315313345708 -0.70514398075344009
  outer loop
   vertex -30.339509963989258 47.427230834960938 -52.458278656005859
   vertex -30.190731048583984 47.427230834960938 -52.309501647949219
   vertex -30.339509963989258 47.078502655029297 -52.421413421630859
  endloop
 endfacet
 facet normal 0.64582738138207341 -0.030717016028192295 -0.76286529504460854
  outer loop
   vertex -30.339509963989258 47.078502655029297 -52.421413421630859
   vertex -30.190731048583984 47.427230834960938 -52.309501647949219
   vertex -30.207317352294922 47.078502655029297 -52.309501647949219
  endloop
 endfacet
 facet normal 0.64563774448393929 -0.039117296565228478 -0.76264129183195928
  outer loop
   vertex -30.339509963989258 47.078502655029297 -52.421413421630859
   vertex -30.207317352294922 47.078502655029297 -52.309501647949219
   vertex -30.339509963989258 46.729770660400391 -52.403526306152344
  endloop
 endfacet
 facet normal 0.70499177111092215 -0.077155950359500056 -0.7050060723071877
  outer loop
   vertex -30.339509963989258 46.729770660400391 -52.403526306152344
   vertex -30.207317352294922 47.078502655029297 -52.309501647949219
   vertex -30.2454833984375 46.729770660400391 -52.309501647949219
  endloop
 endfacet
 facet normal 0.69110468744632403 0.21149289329656065 -0.69111870693446598
  outer loop
   vertex -30.339509963989258 46.729770660400391 -52.403526306152344
   vertex -30.2454833984375 46.729770660400391 -52.309501647949219
   vertex -30.339509963989258 46.38104248046875 -52.510242462158203
  endloop
 endfacet
 facet normal 0.75590321022789198 0.16141403203844668 -0.63447288911998323
  outer loop
   vertex -30.339509963989258 46.38104248046875 -52.510242462158203
   vertex -30.2454833984375 46.729770660400391 -52.309501647949219
   vertex -30.171016693115234 46.38104248046875 -52.309501647949219
  endloop
 endfacet
 facet normal 0.66067707478844251 0.50595118773367154 -0.5545441357366192
  outer loop
   vertex -30.339509963989258 46.38104248046875 -52.510242462158203
   vertex -30.171016693115234 46.38104248046875 -52.309501647949219
   vertex -29.990779876708984 46.145687103271484 -52.309501647949219
  endloop
 endfacet
 facet normal 0.77579721401677815 0.59411100649731319 -0.21253422002716313
  outer loop
   vertex -29.990779876708984 46.145687103271484 -52.309501647949219
   vertex -30.171016693115234 46.38104248046875 -52.309501647949219
   vertex -30.075479507446289 46.38104248046875 -51.960769653320312
  endloop
 endfacet
 facet normal 0.82604524434958504 0.53939639393335914 -0.1634037468943802
  outer loop
   vertex -29.990779876708984 46.145687103271484 -52.309501647949219
   vertex -30.075479507446289 46.38104248046875 -51.960769653320312
   vertex -29.990779876708984 46.251331329345703 -51.960769653320312
  endloop
 endfacet
 facet normal 0.83726392315415699 0.54672203975394307 -0.0091724714116508781
  outer loop
   vertex -29.990779876708984 46.251331329345703 -51.960769653320312
   vertex -30.075479507446289 46.38104248046875 -51.960769653320312
   vertex -30.071659088134766 46.38104248046875 -51.612041473388672
  endloop
 endfacet
 facet normal 0.91768799685031177 0.39157987661448057 0.067185866575124181
  outer loop
   vertex -29.990779876708984 46.251331329345703 -51.960769653320312
   vertex -30.071659088134766 46.38104248046875 -51.612041473388672
   vertex -29.990779876708984 46.191497802734375 -51.612041473388672
  endloop
 endfacet
 facet normal 0.84476039876988251 0.36046147912411547 0.39553431044323306
  outer loop
   vertex -29.990779876708984 46.191497802734375 -51.612041473388672
   vertex -30.071659088134766 46.38104248046875 -51.612041473388672
   vertex -30.086137771606445 46.032310485839844 -51.263309478759766
  endloop
 endfacet
 facet normal 0.46764137325065902 0.87450780337816758 -0.12863766110641908
  outer loop
   vertex -30.339509963989258 47.775959014892578 -52.296863555908203
   vertex -30.688240051269531 47.960582733154297 -52.309501647949219
   vertex -30.339509963989258 47.825397491455078 -51.960769653320312
  endloop
 endfacet
 facet normal 0.41896518956445816 0.9054550878725498 -0.067965092355788098
  outer loop
   vertex -30.339509963989258 47.825397491455078 -51.960769653320312
   vertex -30.688240051269531 47.960582733154297 -52.309501647949219
   vertex -30.688240051269531 47.986759185791016 -51.960769653320312
  endloop
 endfacet
 facet normal 0.016174652533910924 0.99706426029588791 -0.074841442102762945
  outer loop
   vertex -30.688240051269531 47.986759185791016 -51.960769653320312
   vertex -30.688240051269531 47.960582733154297 -52.309501647949219
   vertex -31.036970138549805 47.966239929199219 -52.309501647949219
  endloop
 endfacet
 facet normal 0.012878778184417241 0.79389460868102701 -0.60791898093387042
  outer loop
   vertex -31.036970138549805 47.966239929199219 -52.309501647949219
   vertex -30.688240051269531 47.960582733154297 -52.309501647949219
   vertex -30.688240051269531 47.775959014892578 -52.550605773925781
  endloop
 endfacet
 facet normal -0.22337450987335303 0.58167618114002206 -0.7821487381778478
  outer loop
   vertex -31.036970138549805 47.966239929199219 -52.309501647949219
   vertex -30.688240051269531 47.775959014892578 -52.550605773925781
   vertex -31.036970138549805 47.775959014892578 -52.451011657714844
  endloop
 endfacet
 facet normal -0.26687965845218142 0.23562163984269233 -0.93448257915398714
  outer loop
   vertex -31.036970138549805 47.775959014892578 -52.451011657714844
   vertex -30.688240051269531 47.775959014892578 -52.550605773925781
   vertex -31.036970138549805 47.427230834960938 -52.5389404296875
  endloop
 endfacet
 facet normal -0.15137695573180393 0.24167183223495448 -0.95847782591856112
  outer loop
   vertex -31.036970138549805 47.775959014892578 -52.451011657714844
   vertex -31.036970138549805 47.427230834960938 -52.5389404296875
   vertex -31.385700225830078 47.427230834960938 -52.483863830566406
  endloop
 endfacet
 facet normal -0.15378845428972199 0.16782824066660676 -0.97374678071967435
  outer loop
   vertex -31.385700225830078 47.427230834960938 -52.483863830566406
   vertex -31.036970138549805 47.427230834960938 -52.5389404296875
   vertex -31.036970138549805 47.078502655029297 -52.599044799804688
  endloop
 endfacet
 facet normal 0.2912340375457757 0.54981003908420245 -0.78287397216730448
  outer loop
   vertex -31.385700225830078 47.427230834960938 -52.483863830566406
   vertex -31.036970138549805 47.078502655029297 -52.599044799804688
   vertex -31.385700225830078 47.178951263427734 -52.658229827880859
  endloop
 endfacet
 facet normal 0.29123475175492103 0.54981453599668684 -0.78287054828815583
  outer loop
   vertex -31.385700225830078 47.178951263427734 -52.658229827880859
   vertex -31.036970138549805 47.078502655029297 -52.599044799804688
   vertex -31.196065902709961 47.078502655029297 -52.658229827880859
  endloop
 endfacet
 facet normal 0.29823063385749982 0.56302188041193613 -0.77075602573470769
  outer loop
   vertex -31.385700225830078 47.178951263427734 -52.658229827880859
   vertex -31.196065902709961 47.078502655029297 -52.658229827880859
   vertex -31.385700225830078 47.078502655029297 -52.731605529785156
  endloop
 endfacet
 facet normal 0.33274872810761147 0.38695922716469755 -0.85996560422778934
  outer loop
   vertex -31.385700225830078 47.078502655029297 -52.731605529785156
   vertex -31.196065902709961 47.078502655029297 -52.658229827880859
   vertex -31.036970138549805 46.729770660400391 -52.753589630126953
  endloop
 endfacet
 facet normal 0.37349959778134201 0.42546188332824297 -0.82430591183853585
  outer loop
   vertex -31.385700225830078 47.078502655029297 -52.731605529785156
   vertex -31.036970138549805 46.729770660400391 -52.753589630126953
   vertex -31.385700225830078 46.729770660400391 -52.911602020263672
  endloop
 endfacet
 facet normal 0.39514556725117833 0.2886862188974908 -0.87207812018213982
  outer loop
   vertex -31.385700225830078 46.729770660400391 -52.911602020263672
   vertex -31.036970138549805 46.729770660400391 -52.753589630126953
   vertex -31.036970138549805 46.38104248046875 -52.869029998779297
  endloop
 endfacet
 facet normal 0.45909448673597908 0.35994506362990664 -0.81220182431283072
  outer loop
   vertex -31.385700225830078 46.729770660400391 -52.911602020263672
   vertex -31.036970138549805 46.38104248046875 -52.869029998779297
   vertex -31.385700225830078 46.514595031738281 -53.006961822509766
  endloop
 endfacet
 facet normal -0.4236815514897444 0.71965506504332077 -0.55008229410219778
  outer loop
   vertex -31.385700225830078 47.969139099121094 -51.960769653320312
   vertex -31.261058807373047 47.775959014892578 -52.309501647949219
   vertex -31.385700225830078 47.775959014892578 -52.2135009765625
  endloop
 endfacet
 facet normal -0.48648197019907163 0.60365000358060406 -0.63161852874054147
  outer loop
   vertex -31.385700225830078 47.775959014892578 -52.2135009765625
   vertex -31.261058807373047 47.775959014892578 -52.309501647949219
   vertex -31.385700225830078 47.675510406494141 -52.309501647949219
  endloop
 endfacet
 facet normal -0.13262221651118214 0.68481650914544689 -0.71654566950718857
  outer loop
   vertex -31.385700225830078 47.775959014892578 -52.2135009765625
   vertex -31.385700225830078 47.675510406494141 -52.309501647949219
   vertex -31.734430313110352 47.607975006103516 -52.309501647949219
  endloop
 endfacet
 facet normal 0.16176191787084465 0.72920946688927668 -0.66489595827152004
  outer loop
   vertex -32.780620574951172 48.124691009521484 -52.246353149414062
   vertex -32.431888580322266 48.124691009521484 -52.161510467529297
   vertex -32.780620574951172 48.067111968994141 -52.309501647949219
  endloop
 endfacet
 facet normal 0.19320824311135468 0.67061702364468911 -0.71620065791072973
  outer loop
   vertex -32.780620574951172 48.067111968994141 -52.309501647949219
   vertex -32.431888580322266 48.124691009521484 -52.161510467529297
   vertex -32.431888580322266 47.966640472412109 -52.309501647949219
  endloop
 endfacet
 facet normal 0.19084615834074731 0.66241833484677792 -0.72441679543298865
  outer loop
   vertex -32.780620574951172 48.067111968994141 -52.309501647949219
   vertex -32.431888580322266 47.966640472412109 -52.309501647949219
   vertex -32.431888580322266 47.775959014892578 -52.483863830566406
  endloop
 endfacet
 facet normal 0.39075934318523142 0.73083494371900426 -0.55963150443187726
  outer loop
   vertex -30.688240051269531 47.960582733154297 -52.309501647949219
   vertex -30.342939376831055 47.775959014892578 -52.309501647949219
   vertex -30.688240051269531 47.775959014892578 -52.550605773925781
  endloop
 endfacet
 facet normal 0.53943603939823448 0.33490053162758743 -0.77256093178072738
  outer loop
   vertex -30.688240051269531 47.775959014892578 -52.550605773925781
   vertex -30.342939376831055 47.775959014892578 -52.309501647949219
   vertex -30.339509963989258 47.427230834960938 -52.458278656005859
  endloop
 endfacet
 facet normal 0.39935551299762329 0.16037502086109176 -0.90265997303647494
  outer loop
   vertex -30.688240051269531 47.775959014892578 -52.550605773925781
   vertex -30.339509963989258 47.427230834960938 -52.458278656005859
   vertex -30.688240051269531 47.427230834960938 -52.612564086914062
  endloop
 endfacet
 facet normal 0.39650575287852186 -0.19893531323939648 -0.89621868373772462
  outer loop
   vertex -30.688240051269531 47.427230834960938 -52.612564086914062
   vertex -30.339509963989258 47.427230834960938 -52.458278656005859
   vertex -30.688240051269531 47.078502655029297 -52.53515625
  endloop
 endfacet
 facet normal 0.1760566645770571 -0.21331271658758208 -0.96098997695086685
  outer loop
   vertex -30.688240051269531 47.427230834960938 -52.612564086914062
   vertex -30.688240051269531 47.078502655029297 -52.53515625
   vertex -31.036970138549805 47.078502655029297 -52.599044799804688
  endloop
 endfacet
 facet normal 0.17894143637849039 0.11817891105751548 -0.97673625269468856
  outer loop
   vertex -31.036970138549805 47.078502655029297 -52.599044799804688
   vertex -30.688240051269531 47.078502655029297 -52.53515625
   vertex -30.688240051269531 46.729770660400391 -52.577350616455078
  endloop
 endfacet
 facet normal 0.41942168830536014 0.36778925623760106 -0.8299497035214084
  outer loop
   vertex -31.036970138549805 47.078502655029297 -52.599044799804688
   vertex -30.688240051269531 46.729770660400391 -52.577350616455078
   vertex -31.036970138549805 46.9449462890625 -52.658229827880859
  endloop
 endfacet
 facet normal 0.41450983282302434 0.3571690732449922 -0.83702559794210696
  outer loop
   vertex -31.036970138549805 46.9449462890625 -52.658229827880859
   vertex -30.688240051269531 46.729770660400391 -52.577350616455078
   vertex -30.851560592651367 46.729770660400391 -52.658229827880859
  endloop
 endfacet
 facet normal 0.42551914695078152 0.36665542607115759 -0.82734349221520864
  outer loop
   vertex -31.036970138549805 46.9449462890625 -52.658229827880859
   vertex -30.851560592651367 46.729770660400391 -52.658229827880859
   vertex -31.036970138549805 46.729770660400391 -52.753589630126953
  endloop
 endfacet
 facet normal 0.42162129156505268 0.38758367832755847 -0.81976483139562439
  outer loop
   vertex -31.036970138549805 46.729770660400391 -52.753589630126953
   vertex -30.851560592651367 46.729770660400391 -52.658229827880859
   vertex -30.688240051269531 46.38104248046875 -52.739109039306641
  endloop
 endfacet
 facet normal 0.33343908677546252 0.29627661147424528 -0.89500756695331041
  outer loop
   vertex -31.036970138549805 46.729770660400391 -52.753589630126953
   vertex -30.688240051269531 46.38104248046875 -52.739109039306641
   vertex -31.036970138549805 46.38104248046875 -52.869029998779297
  endloop
 endfacet
 facet normal 0.28794422811940562 0.28794580301372569 0.91333199660337117
  outer loop
   vertex -32.083160400390625 47.775959014892578 -49.470222473144531
   vertex -32.083160400390625 47.427230834960938 -49.360279083251953
   vertex -31.734430313110352 47.427230834960938 -49.470222473144531
  endloop
 endfacet
 facet normal 0.30042682101077445 0.040945248509449736 0.95292560666709936
  outer loop
   vertex -31.734430313110352 47.427230834960938 -49.470222473144531
   vertex -32.083160400390625 47.427230834960938 -49.360279083251953
   vertex -32.083160400390625 47.078502655029297 -49.345294952392578
  endloop
 endfacet
 facet normal 0.1424321144226863 0.20450164188167338 0.96844833173937717
  outer loop
   vertex -31.734430313110352 47.427230834960938 -49.470222473144531
   vertex -32.083160400390625 47.078502655029297 -49.345294952392578
   vertex -31.734430313110352 47.078502655029297 -49.396583557128906
  endloop
 endfacet
 facet normal 0.14550723212014993 0 0.98935718797648242
  outer loop
   vertex -31.734430313110352 47.078502655029297 -49.396583557128906
   vertex -32.083160400390625 47.078502655029297 -49.345294952392578
   vertex -32.083160400390625 46.729770660400391 -49.345294952392578
  endloop
 endfacet
 facet normal 0.088272139500179508 0.057977563800798354 0.99440767871320523
  outer loop
   vertex -31.734430313110352 47.078502655029297 -49.396583557128906
   vertex -32.083160400390625 46.729770660400391 -49.345294952392578
   vertex -31.734430313110352 46.729770660400391 -49.376251220703125
  endloop
 endfacet
 facet normal 0.088420873463275235 0 0.99608320392223826
  outer loop
   vertex -31.734430313110352 46.729770660400391 -49.376251220703125
   vertex -32.083160400390625 46.729770660400391 -49.345294952392578
   vertex -32.083160400390625 46.38104248046875 -49.345294952392578
  endloop
 endfacet
 facet normal 0.14526575324728566 -0.057588002946354001 0.98771528430522404
  outer loop
   vertex -31.734430313110352 46.729770660400391 -49.376251220703125
   vertex -32.083160400390625 46.38104248046875 -49.345294952392578
   vertex -31.734430313110352 46.38104248046875 -49.396583557128906
  endloop
 endfacet
 facet normal 0.14494931331445057 -0.087486593091179898 0.98556369281694189
  outer loop
   vertex -31.734430313110352 46.38104248046875 -49.396583557128906
   vertex -32.083160400390625 46.38104248046875 -49.345294952392578
   vertex -32.083160400390625 46.032310485839844 -49.376251220703125
  endloop
 endfacet
 facet normal 0.25494105521063748 -0.1997789726745699 0.94609376937234924
  outer loop
   vertex -31.734430313110352 46.38104248046875 -49.396583557128906
   vertex -32.083160400390625 46.032310485839844 -49.376251220703125
   vertex -31.734430313110352 46.032310485839844 -49.470222473144531
  endloop
 endfacet
 facet normal 0.23538816769952886 -0.42606749288926177 0.87353242756643978
  outer loop
   vertex -31.734430313110352 46.032310485839844 -49.470222473144531
   vertex -32.083160400390625 46.032310485839844 -49.376251220703125
   vertex -32.083160400390625 45.738288879394531 -49.519660949707031
  endloop
 endfacet
 facet normal 0.24156190349613829 -0.43256714487195591 0.86863888466764294
  outer loop
   vertex -31.734430313110352 46.032310485839844 -49.470222473144531
   vertex -32.083160400390625 45.738288879394531 -49.519660949707031
   vertex -31.734430313110352 45.933032989501953 -49.519660949707031
  endloop
 endfacet
 facet normal 0.25162550488355262 -0.45058812937439374 0.85653659755960332
  outer loop
   vertex -31.734430313110352 45.933032989501953 -49.519660949707031
   vertex -32.083160400390625 45.738288879394531 -49.519660949707031
   vertex -31.734430313110352 45.683582305908203 -49.650886535644531
  endloop
 endfacet
 facet normal 0.5957029658397337 -0.37394640184519246 0.71084602062386115
  outer loop
   vertex -31.734430313110352 45.933032989501953 -49.519660949707031
   vertex -31.734430313110352 45.683582305908203 -49.650886535644531
   vertex -31.385700225830078 46.032310485839844 -49.759677886962891
  endloop
 endfacet
 facet normal 0.50080053269380043 -0.2415002850781407 0.83118977301262709
  outer loop
   vertex -31.385700225830078 46.032310485839844 -49.759677886962891
   vertex -31.734430313110352 45.683582305908203 -49.650886535644531
   vertex -31.385700225830078 45.683582305908203 -49.861000061035156
  endloop
 endfacet
 facet normal 0.48576945493127394 -0.24387863263177301 0.83937551143777689
  outer loop
   vertex -31.385700225830078 46.032310485839844 -49.759677886962891
   vertex -31.385700225830078 45.683582305908203 -49.861000061035156
   vertex -31.372932434082031 45.683582305908203 -49.868389129638672
  endloop
 endfacet
 facet normal 0.48792275134607982 0.2260975255696103 0.84309625645602948
  outer loop
   vertex -31.372932434082031 45.683582305908203 -49.868389129638672
   vertex -31.385700225830078 45.683582305908203 -49.861000061035156
   vertex -31.211334228515625 45.334850311279297 -49.868389129638672
  endloop
 endfacet
 facet normal 0.38625151771338617 0.17898430061229151 0.90486152819005106
  outer loop
   vertex -31.372932434082031 45.683582305908203 -49.868389129638672
   vertex -31.211334228515625 45.334850311279297 -49.868389129638672
   vertex -31.036970138549805 45.683582305908203 -50.011798858642578
  endloop
 endfacet
 facet normal 0.41532929417142678 0.16055096967494525 0.89539095569449401
  outer loop
   vertex -31.036970138549805 45.683582305908203 -50.011798858642578
   vertex -31.211334228515625 45.334850311279297 -49.868389129638672
   vertex -31.036970138549805 45.334850311279297 -49.949268341064453
  endloop
 endfacet
 facet normal 0.29236339418977503 0.16878194498756993 0.94129501262040427
  outer loop
   vertex -31.036970138549805 45.683582305908203 -50.011798858642578
   vertex -31.036970138549805 45.334850311279297 -49.949268341064453
   vertex -30.688240051269531 45.683582305908203 -50.120113372802734
  endloop
 endfacet
 facet normal 0.34702159307273467 0.10930845289819983 0.93146533809168841
  outer loop
   vertex -30.688240051269531 45.683582305908203 -50.120113372802734
   vertex -31.036970138549805 45.334850311279297 -49.949268341064453
   vertex -30.688240051269531 45.334850311279297 -50.079189300537109
  endloop
 endfacet
 facet normal 0.55841479414474382 0.0966865018142328 0.82390814903556431
  outer loop
   vertex -30.688240051269531 45.683582305908203 -50.120113372802734
   vertex -30.688240051269531 45.334850311279297 -50.079189300537109
   vertex -30.484729766845703 45.334850311279297 -50.217121124267578
  endloop
 endfacet
 facet normal 0.53605293485616634 0.29512952708904427 0.79091454233203207
  outer loop
   vertex -30.484729766845703 45.334850311279297 -50.217121124267578
   vertex -30.688240051269531 45.334850311279297 -50.079189300537109
   vertex -30.339509963989258 45.071083068847656 -50.217121124267578
  endloop
 endfacet
 facet normal 0.63168088406083167 0.34777849063373734 0.69284152745389449
  outer loop
   vertex -30.484729766845703 45.334850311279297 -50.217121124267578
   vertex -30.339509963989258 45.071083068847656 -50.217121124267578
   vertex -30.339509963989258 45.334850311279297 -50.349521636962891
  endloop
 endfacet
 facet normal 0.68914215233959264 0.32507756162355245 0.6476169182453767
  outer loop
   vertex -30.339509963989258 45.334850311279297 -50.349521636962891
   vertex -30.339509963989258 45.071083068847656 -50.217121124267578
   vertex -30.299432754516602 44.986122131347656 -50.217121124267578
  endloop
 endfacet
 facet normal 0.73985319756407231 0.3114380314702459 0.59634184710462501
  outer loop
   vertex -30.339509963989258 45.334850311279297 -50.349521636962891
   vertex -30.299432754516602 44.986122131347656 -50.217121124267578
   vertex -30.165143966674805 45.334850311279297 -50.565849304199219
  endloop
 endfacet
 facet normal 0.80607290031514645 0.23343110063219127 0.54383490200167506
  outer loop
   vertex -30.165143966674805 45.334850311279297 -50.565849304199219
   vertex -30.299432754516602 44.986122131347656 -50.217121124267578
   vertex -30.064155578613281 44.986122131347656 -50.565849304199219
  endloop
 endfacet
 facet normal 0.8078249202126262 0.23393846905114979 0.54100988066898403
  outer loop
   vertex -30.165143966674805 45.334850311279297 -50.565849304199219
   vertex -30.064155578613281 44.986122131347656 -50.565849304199219
   vertex -29.990779876708984 45.334850311279297 -50.826206207275391
  endloop
 endfacet
 facet normal 0.8297928675807531 0.21109668212881696 0.51660622112622301
  outer loop
   vertex -29.990779876708984 45.334850311279297 -50.826206207275391
   vertex -30.064155578613281 44.986122131347656 -50.565849304199219
   vertex -29.990779876708984 44.986122131347656 -50.683708190917969
  endloop
 endfacet
 facet normal -0.042094607273996207 0.19607213834225731 0.97968554169403899
  outer loop
   vertex -32.431888580322266 47.775959014892578 -49.415088653564453
   vertex -32.780620574951172 47.427230834960938 -49.360279083251953
   vertex -32.431888580322266 47.427230834960938 -49.345294952392578
  endloop
 endfacet
 facet normal -0.042697530879987469 -0.10345133564837233 0.99371763696198945
  outer loop
   vertex -32.431888580322266 47.427230834960938 -49.345294952392578
   vertex -32.780620574951172 47.427230834960938 -49.360279083251953
   vertex -32.780620574951172 47.078502655029297 -49.396583557128906
  endloop
 endfacet
 facet normal -0.14550645313501492 0 0.98935730254345811
  outer loop
   vertex -32.431888580322266 47.427230834960938 -49.345294952392578
   vertex -32.780620574951172 47.078502655029297 -49.396583557128906
   vertex -32.431888580322266 47.078502655029297 -49.345294952392578
  endloop
 endfacet
 facet normal -0.14530634668148087 -0.052427005411072057 0.9879966977261152
  outer loop
   vertex -32.431888580322266 47.078502655029297 -49.345294952392578
   vertex -32.780620574951172 47.078502655029297 -49.396583557128906
   vertex -32.780620574951172 46.729770660400391 -49.415088653564453
  endloop
 endfacet
 facet normal -0.19624402112656467 0 0.98055508982008577
  outer loop
   vertex -32.431888580322266 47.078502655029297 -49.345294952392578
   vertex -32.780620574951172 46.729770660400391 -49.415088653564453
   vertex -32.431888580322266 46.729770660400391 -49.345294952392578
  endloop
 endfacet
 facet normal -0.19597890369137977 0.051962399504536488 0.97923040105261028
  outer loop
   vertex -32.431888580322266 46.729770660400391 -49.345294952392578
   vertex -32.780620574951172 46.729770660400391 -49.415088653564453
   vertex -32.780620574951172 46.38104248046875 -49.396583557128906
  endloop
 endfacet
 facet normal -0.14550645313501492 0 0.98935730254345811
  outer loop
   vertex -32.431888580322266 46.729770660400391 -49.345294952392578
   vertex -32.780620574951172 46.38104248046875 -49.396583557128906
   vertex -32.431888580322266 46.38104248046875 -49.345294952392578
  endloop
 endfacet
 facet normal -0.1446516795927649 -0.10823323887714502 0.98354535106072005
  outer loop
   vertex -32.431888580322266 46.38104248046875 -49.345294952392578
   vertex -32.780620574951172 46.38104248046875 -49.396583557128906
   vertex -32.780620574951172 46.032310485839844 -49.434959411621094
  endloop
 endfacet
 facet normal -0.10823323887714502 -0.1446516795927649 0.98354535106072005
  outer loop
   vertex -32.431888580322266 46.38104248046875 -49.345294952392578
   vertex -32.780620574951172 46.032310485839844 -49.434959411621094
   vertex -32.431888580322266 46.032310485839844 -49.396583557128906
  endloop
 endfacet
 facet normal -0.090449599556123306 -0.56234568926274175 0.82194050618505776
  outer loop
   vertex -32.431888580322266 46.032310485839844 -49.396583557128906
   vertex -32.780620574951172 46.032310485839844 -49.434959411621094
   vertex -32.780620574951172 45.90850830078125 -49.519660949707031
  endloop
 endfacet
 facet normal -0.11028504933843875 -0.52705518534274631 0.8426446697723432
  outer loop
   vertex -32.431888580322266 46.032310485839844 -49.396583557128906
   vertex -32.780620574951172 45.90850830078125 -49.519660949707031
   vertex -32.431888580322266 45.835536956787109 -49.519660949707031
  endloop
 endfacet
 facet normal -0.13315253046165049 -0.63633948610712343 0.75983054824913532
  outer loop
   vertex -32.431888580322266 45.835536956787109 -49.519660949707031
   vertex -32.780620574951172 45.90850830078125 -49.519660949707031
   vertex -32.431888580322266 45.683582305908203 -49.646919250488281
  endloop
 endfacet
 facet normal -0.18817245848871822 -0.63058694395059423 0.75296164044748115
  outer loop
   vertex -32.431888580322266 45.835536956787109 -49.519660949707031
   vertex -32.431888580322266 45.683582305908203 -49.646919250488281
   vertex -32.083160400390625 45.683582305908203 -49.559768676757812
  endloop
 endfacet
 facet normal -0.1621019389603493 -0.74363071540922332 0.64864190466332183
  outer loop
   vertex -32.083160400390625 45.683582305908203 -49.559768676757812
   vertex -32.431888580322266 45.683582305908203 -49.646919250488281
   vertex -32.431888580322266 45.490402221679688 -49.868389129638672
  endloop
 endfacet
 facet normal -0.2030906135780941 -0.71022281555673572 0.67404581071254821
  outer loop
   vertex -32.083160400390625 45.683582305908203 -49.559768676757812
   vertex -32.431888580322266 45.490402221679688 -49.868389129638672
   vertex -32.083160400390625 45.390682220458984 -49.868389129638672
  endloop
 endfacet
 facet normal -0.20819128287402774 -0.72806023130312514 0.65313451090116692
  outer loop
   vertex -32.083160400390625 45.390682220458984 -49.868389129638672
   vertex -32.431888580322266 45.490402221679688 -49.868389129638672
   vertex -32.083160400390625 45.334850311279297 -49.930625915527344
  endloop
 endfacet
 facet normal -0.38300554368689083 -0.68760956995878264 0.61684668500868789
  outer loop
   vertex -32.083160400390625 45.390682220458984 -49.868389129638672
   vertex -32.083160400390625 45.334850311279297 -49.930625915527344
   vertex -31.982925415039062 45.334850311279297 -49.868389129638672
  endloop
 endfacet
 facet normal -0.39322631409899622 -0.6665541700012273 0.63330766958413875
  outer loop
   vertex -31.982925415039062 45.334850311279297 -49.868389129638672
   vertex -32.083160400390625 45.334850311279297 -49.930625915527344
   vertex -32.083160400390625 45.062644958496094 -50.217121124267578
  endloop
 endfacet
 facet normal -0.61218992528442595 -0.52829610152535889 0.58832535598370794
  outer loop
   vertex -31.982925415039062 45.334850311279297 -49.868389129638672
   vertex -32.083160400390625 45.062644958496094 -50.217121124267578
   vertex -32.017124176025391 44.986122131347656 -50.217121124267578
  endloop
 endfacet
 facet normal -0.72225480395593966 -0.62327781212768063 0.29978787012135599
  outer loop
   vertex -32.017124176025391 44.986122131347656 -50.217121124267578
   vertex -32.083160400390625 45.062644958496094 -50.217121124267578
   vertex -32.083160400390625 44.986122131347656 -50.376216888427734
  endloop
 endfacet
 facet normal -0.80777745442104021 -0.48484937966553748 0.33528594239396314
  outer loop
   vertex -32.017124176025391 44.986122131347656 -50.217121124267578
   vertex -32.083160400390625 44.986122131347656 -50.376216888427734
   vertex -31.807806015014648 44.63739013671875 -50.217121124267578
  endloop
 endfacet
 facet normal -0.7206768824167924 -0.66238673019323346 -0.20461830517802954
  outer loop
   vertex -31.807806015014648 44.63739013671875 -50.217121124267578
   vertex -32.083160400390625 44.986122131347656 -50.376216888427734
   vertex -31.734430313110352 44.665283203125 -50.565849304199219
  endloop
 endfacet
 facet normal -0.74240350736700444 -0.63711710401421007 -0.20716859805896315
  outer loop
   vertex -31.807806015014648 44.63739013671875 -50.217121124267578
   vertex -31.734430313110352 44.665283203125 -50.565849304199219
   vertex -31.734430313110352 44.63739013671875 -50.480068206787109
  endloop
 endfacet
 facet normal -0.71848915635431798 -0.66144827078762192 -0.2150802577488812
  outer loop
   vertex -31.734430313110352 44.63739013671875 -50.480068206787109
   vertex -31.734430313110352 44.665283203125 -50.565849304199219
   vertex -31.708751678466797 44.63739013671875 -50.565849304199219
  endloop
 endfacet
 facet normal -0.83427454438908688 -0.49154406507540288 -0.2497406988729105
  outer loop
   vertex -31.734430313110352 44.63739013671875 -50.480068206787109
   vertex -31.708751678466797 44.63739013671875 -50.565849304199219
   vertex -31.607677459716797 44.288661956787109 -50.217121124267578
  endloop
 endfacet
 facet normal -0.93018145820708642 -0.35663383199436949 -0.087033124066358714
  outer loop
   vertex -31.607677459716797 44.288661956787109 -50.217121124267578
   vertex -31.708751678466797 44.63739013671875 -50.565849304199219
   vertex -31.575048446655273 44.288661956787109 -50.565849304199219
  endloop
 endfacet
 facet normal -0.97041507117303227 -0.2237194297896174 -0.090797612164898567
  outer loop
   vertex -31.607677459716797 44.288661956787109 -50.217121124267578
   vertex -31.575048446655273 44.288661956787109 -50.565849304199219
   vertex -31.527280807495117 43.939929962158203 -50.217121124267578
  endloop
 endfacet
 facet normal 0.63513779433527595 0.43954517903605922 0.63513779433527595
  outer loop
   vertex -31.734430313110352 47.51373291015625 -49.519660949707031
   vertex -31.567174911499023 47.775959014892578 -49.868389129638672
   vertex -31.734430313110352 47.775959014892578 -49.701133728027344
  endloop
 endfacet
 facet normal 0.74647990329424585 0.470518105151771 0.47051085715655938
  outer loop
   vertex -31.385700225830078 47.528324127197266 -49.868389129638672
   vertex -31.321979522705078 47.427230834960938 -49.868389129638672
   vertex -31.385700225830078 47.775959014892578 -50.11602783203125
  endloop
 endfacet
 facet normal 0.74647554983920938 0.47052050801328343 0.47051536110011521
  outer loop
   vertex -31.385700225830078 47.775959014892578 -50.11602783203125
   vertex -31.321979522705078 47.427230834960938 -49.868389129638672
   vertex -31.321979522705078 47.775959014892578 -50.217121124267578
  endloop
 endfacet
 facet normal 0.79267474220736966 0.43108631308817386 0.43108159753638881
  outer loop
   vertex -31.321979522705078 47.427230834960938 -49.868389129638672
   vertex -31.132328033447266 47.427230834960938 -50.217121124267578
   vertex -31.321979522705078 47.775959014892578 -50.217121124267578
  endloop
 endfacet
 facet normal 0.85588781230474531 0.46546395611913233 0.22538712985022794
  outer loop
   vertex -31.321979522705078 47.775959014892578 -50.217121124267578
   vertex -31.132328033447266 47.427230834960938 -50.217121124267578
   vertex -31.230146408081055 47.775959014892578 -50.565849304199219
  endloop
 endfacet
 facet normal 0.73940414930021214 0.56516744731927604 0.36587875107505613
  outer loop
   vertex -30.963594436645508 47.427230834960938 -50.565849304199219
   vertex -31.036970138549805 47.523227691650391 -50.565849304199219
   vertex -31.036970138549805 47.427230834960938 -50.417564392089844
  endloop
 endfacet
 facet normal 0.75242342539839147 0.55292654495643367 0.35795422164613738
  outer loop
   vertex -31.036970138549805 47.427230834960938 -50.417564392089844
   vertex -31.036970138549805 47.523227691650391 -50.565849304199219
   vertex -31.132328033447266 47.427230834960938 -50.217121124267578
  endloop
 endfacet
 facet normal 0.74158512186892422 0.56683376458736823 0.3588188823715453
  outer loop
   vertex -31.132328033447266 47.427230834960938 -50.217121124267578
   vertex -31.036970138549805 47.523227691650391 -50.565849304199219
   vertex -31.230146408081055 47.775959014892578 -50.565849304199219
  endloop
 endfacet
 facet normal 0.78304582333572814 0.59852442935641603 0.1691382452907923
  outer loop
   vertex -31.230146408081055 47.775959014892578 -50.565849304199219
   vertex -31.036970138549805 47.523227691650391 -50.565849304199219
   vertex -31.036970138549805 47.621776580810547 -50.914581298828125
  endloop
 endfacet
 facet normal 0.78304543826364392 0.59852489588719215 0.1691383771286806
  outer loop
   vertex -31.036970138549805 47.523227691650391 -50.565849304199219
   vertex -30.963594436645508 47.427230834960938 -50.565849304199219
   vertex -31.036970138549805 47.621776580810547 -50.914581298828125
  endloop
 endfacet
 facet normal 0.66347384688400435 0.7040636310420878 0.2531735727613994
  outer loop
   vertex -31.036970138549805 47.621776580810547 -50.914581298828125
   vertex -30.963594436645508 47.427230834960938 -50.565849304199219
   vertex -30.830522537231445 47.427230834960938 -50.914581298828125
  endloop
 endfacet
 facet normal 0.60422714265791355 0.64119235148735509 0.47305594644774268
  outer loop
   vertex -31.036970138549805 47.621776580810547 -50.914581298828125
   vertex -30.830522537231445 47.427230834960938 -50.914581298828125
   vertex -30.688240051269531 47.550434112548828 -51.263309478759766
  endloop
 endfacet
 facet normal 0.60881834372033417 0.63663819501341901 0.4733202224706704
  outer loop
   vertex -30.688240051269531 47.550434112548828 -51.263309478759766
   vertex -30.830522537231445 47.427230834960938 -50.914581298828125
   vertex -30.688240051269531 47.427230834960938 -51.09759521484375
  endloop
 endfacet
 facet normal 0.64325081204711743 0.73251072827077002 0.22283721809641707
  outer loop
   vertex -31.185749053955078 47.775959014892578 -50.914581298828125
   vertex -31.036970138549805 47.751396179199219 -51.263309478759766
   vertex -31.06494140625 47.775959014892578 -51.263309478759766
  endloop
 endfacet
 facet normal -0.68298670147400642 0.68298670147400642 -0.25895623417734703
  outer loop
   vertex -34.175540924072266 47.624004364013672 -50.914581298828125
   vertex -33.891365051269531 47.775959014892578 -51.263309478759766
   vertex -34.175540924072266 47.491783142089844 -51.263309478759766
  endloop
 endfacet
 facet normal -0.62537981785310537 0.62537981785310537 -0.46669065433543172
  outer loop
   vertex -34.175540924072266 47.491783142089844 -51.263309478759766
   vertex -33.891365051269531 47.775959014892578 -51.263309478759766
   vertex -34.175540924072266 47.427230834960938 -51.349811553955078
  endloop
 endfacet
 facet normal -0.72299624313033883 0.5536761798088915 -0.41318170377165553
  outer loop
   vertex -34.175540924072266 47.491783142089844 -51.263309478759766
   vertex -34.175540924072266 47.427230834960938 -51.349811553955078
   vertex -34.2249755859375 47.427230834960938 -51.263309478759766
  endloop
 endfacet
 facet normal -0.77774560878633248 0.44447502183582477 -0.44447015982810384
  outer loop
   vertex -34.2249755859375 47.427230834960938 -51.263309478759766
   vertex -34.175540924072266 47.427230834960938 -51.349811553955078
   vertex -34.2249755859375 47.078502655029297 -51.612041473388672
  endloop
 endfacet
 facet normal -0.91332715580114854 0.28795426763622417 -0.28795111777221888
  outer loop
   vertex -34.2249755859375 47.427230834960938 -51.263309478759766
   vertex -34.2249755859375 47.078502655029297 -51.612041473388672
   vertex -34.334922790527344 47.078502655029297 -51.263309478759766
  endloop
 endfacet
 facet normal -0.9529235169994632 0.040934287025059531 -0.30043494286637784
  outer loop
   vertex -34.334922790527344 47.078502655029297 -51.263309478759766
   vertex -34.2249755859375 47.078502655029297 -51.612041473388672
   vertex -34.349903106689453 46.729770660400391 -51.263309478759766
  endloop
 endfacet
 facet normal -0.77364502733642282 0.59246341503679845 -0.22463408806447893
  outer loop
   vertex -34.175540924072266 47.491783142089844 -51.263309478759766
   vertex -34.2249755859375 47.427230834960938 -51.263309478759766
   vertex -34.175540924072266 47.624004364013672 -50.914581298828125
  endloop
 endfacet
 facet normal 0.44826213365022283 0.64385215069074164 0.62009311202935991
  outer loop
   vertex -30.0340576171875 47.427230834960938 -51.612041473388672
   vertex -30.339509963989258 47.639892578125 -51.612041473388672
   vertex -30.339509963989258 47.427230834960938 -51.391231536865234
  endloop
 endfacet
 facet normal 0.45356687735730156 0.64192188856117649 0.61823407925348062
  outer loop
   vertex -30.339509963989258 47.427230834960938 -51.391231536865234
   vertex -30.339509963989258 47.639892578125 -51.612041473388672
   vertex -30.513874053955078 47.427230834960938 -51.263309478759766
  endloop
 endfacet
 facet normal 0.51721910246608283 0.48524854977567622 0.7049952091927878
  outer loop
   vertex -30.339509963989258 47.427230834960938 -51.391231536865234
   vertex -30.513874053955078 47.427230834960938 -51.263309478759766
   vertex -30.339509963989258 47.241378784179688 -51.263309478759766
  endloop
 endfacet
 facet normal 0.59555899099293264 0.55874606198276811 0.57715883989264916
  outer loop
   vertex -30.339509963989258 47.241378784179688 -51.263309478759766
   vertex -30.513874053955078 47.427230834960938 -51.263309478759766
   vertex -30.688240051269531 47.252864837646484 -50.914581298828125
  endloop
 endfacet
 facet normal 0.63025650477236861 0.47434013504029637 0.61463661986743912
  outer loop
   vertex -30.339509963989258 47.241378784179688 -51.263309478759766
   vertex -30.688240051269531 47.252864837646484 -50.914581298828125
   vertex -30.557012557983398 47.078502655029297 -50.914581298828125
  endloop
 endfacet
 facet normal 0.70326287198593751 0.5292857799018168 0.47463448682098142
  outer loop
   vertex -30.557012557983398 47.078502655029297 -50.914581298828125
   vertex -30.688240051269531 47.252864837646484 -50.914581298828125
   vertex -30.688240051269531 47.078502655029297 -50.720142364501953
  endloop
 endfacet
 facet normal 0.77270830880787411 0.36187846671698021 0.52150344660974424
  outer loop
   vertex -30.557012557983398 47.078502655029297 -50.914581298828125
   vertex -30.688240051269531 47.078502655029297 -50.720142364501953
   vertex -30.629053115844727 46.729770660400391 -50.565849304199219
  endloop
 endfacet
 facet normal 0.79596134763389781 0.35274888001181781 0.49194894117503446
  outer loop
   vertex -30.629053115844727 46.729770660400391 -50.565849304199219
   vertex -30.688240051269531 47.078502655029297 -50.720142364501953
   vertex -30.688240051269531 46.863323211669922 -50.565849304199219
  endloop
 endfacet
 facet normal 0.76931128473673793 0.34093828158619988 0.54029735824429015
  outer loop
   vertex -30.629053115844727 46.729770660400391 -50.565849304199219
   vertex -30.688240051269531 46.863323211669922 -50.565849304199219
   vertex -30.688240051269531 46.729770660400391 -50.481575012207031
  endloop
 endfacet
 facet normal 0.75678179561659875 0.34883288446153199 0.55280822401766405
  outer loop
   vertex -30.688240051269531 46.729770660400391 -50.481575012207031
   vertex -30.688240051269531 46.863323211669922 -50.565849304199219
   vertex -30.881416320800781 46.729770660400391 -50.217121124267578
  endloop
 endfacet
 facet normal 0.40744026825166024 0.69965628322193985 0.58691865974347412
  outer loop
   vertex -30.688240051269531 47.550434112548828 -51.263309478759766
   vertex -30.573162078857422 47.775959014892578 -51.612041473388672
   vertex -30.688240051269531 47.775959014892578 -51.532154083251953
  endloop
 endfacet
 facet normal -0.63858636650561262 0.63000099185822089 -0.44193461368263226
  outer loop
   vertex -33.891365051269531 47.775959014892578 -51.263309478759766
   vertex -33.994064331054688 47.427230834960938 -51.612041473388672
   vertex -34.175540924072266 47.427230834960938 -51.349811553955078
  endloop
 endfacet
 facet normal -0.71467153646097314 0.49459665998542168 -0.4945894650149526
  outer loop
   vertex -34.175540924072266 47.427230834960938 -51.349811553955078
   vertex -33.994064331054688 47.427230834960938 -51.612041473388672
   vertex -34.175540924072266 47.165004730224609 -51.612041473388672
  endloop
 endfacet
 facet normal -0.77774952464945313 0.44447239768619967 -0.44446593188075778
  outer loop
   vertex -34.175540924072266 47.427230834960938 -51.349811553955078
   vertex -34.175540924072266 47.165004730224609 -51.612041473388672
   vertex -34.2249755859375 47.078502655029297 -51.612041473388672
  endloop
 endfacet
 facet normal -0.73271685196814595 0.41873688854538732 -0.53645636636470073
  outer loop
   vertex -34.2249755859375 47.078502655029297 -51.612041473388672
   vertex -34.175540924072266 47.165004730224609 -51.612041473388672
   vertex -34.175540924072266 47.078502655029297 -51.679561614990234
  endloop
 endfacet
 facet normal -0.80037555009766925 0.12653774776916596 -0.58599247196133875
  outer loop
   vertex -34.2249755859375 47.078502655029297 -51.612041473388672
   vertex -34.175540924072266 47.078502655029297 -51.679561614990234
   vertex -34.280109405517578 46.729770660400391 -51.612041473388672
  endloop
 endfacet
 facet normal -0.836754603122979 0.14887753942486986 -0.52695086337086705
  outer loop
   vertex -34.280109405517578 46.729770660400391 -51.612041473388672
   vertex -34.175540924072266 47.078502655029297 -51.679561614990234
   vertex -34.175540924072266 46.729770660400391 -51.778087615966797
  endloop
 endfacet
 facet normal 0.80494847741335807 0.58038858357013323 0.12331683085196152
  outer loop
   vertex -29.96600341796875 47.427230834960938 -51.960769653320312
   vertex -29.990779876708984 47.461593627929688 -51.960769653320312
   vertex -29.990779876708984 47.427230834960938 -51.799041748046875
  endloop
 endfacet
 facet normal 0.66815632982345552 0.72777465475626846 0.15463237310228478
  outer loop
   vertex -29.990779876708984 47.427230834960938 -51.799041748046875
   vertex -29.990779876708984 47.461593627929688 -51.960769653320312
   vertex -30.0340576171875 47.427230834960938 -51.612041473388672
  endloop
 endfacet
 facet normal 0.88114169774021267 0.4266196893505767 0.20392388080338453
  outer loop
   vertex -29.990779876708984 47.427230834960938 -51.799041748046875
   vertex -30.0340576171875 47.427230834960938 -51.612041473388672
   vertex -29.990779876708984 47.337844848632812 -51.612041473388672
  endloop
 endfacet
 facet normal 0.62991547905718792 0.30498425699487014 0.71427662164559225
  outer loop
   vertex -29.990779876708984 47.337844848632812 -51.612041473388672
   vertex -30.0340576171875 47.427230834960938 -51.612041473388672
   vertex -30.339509963989258 47.241378784179688 -51.263309478759766
  endloop
 endfacet
 facet normal 0.58027715397647361 0.42149156884205835 0.69686676055615138
  outer loop
   vertex -29.990779876708984 47.337844848632812 -51.612041473388672
   vertex -30.339509963989258 47.241378784179688 -51.263309478759766
   vertex -30.221202850341797 47.078502655029297 -51.263309478759766
  endloop
 endfacet
 facet normal 0.61714144029144136 0.44826840430190917 0.64667757064832976
  outer loop
   vertex -30.221202850341797 47.078502655029297 -51.263309478759766
   vertex -30.339509963989258 47.241378784179688 -51.263309478759766
   vertex -30.339509963989258 47.078502655029297 -51.150405883789062
  endloop
 endfacet
 facet normal 0.68852347839453809 0.07353850711068137 0.72147592314048747
  outer loop
   vertex -30.221202850341797 47.078502655029297 -51.263309478759766
   vertex -30.339509963989258 47.078502655029297 -51.150405883789062
   vertex -30.183956146240234 46.729770660400391 -51.263309478759766
  endloop
 endfacet
 facet normal 0.76648117976828578 0.13887543573069275 0.62707273454650148
  outer loop
   vertex -30.183956146240234 46.729770660400391 -51.263309478759766
   vertex -30.339509963989258 47.078502655029297 -51.150405883789062
   vertex -30.339509963989258 46.729770660400391 -51.073173522949219
  endloop
 endfacet
 facet normal 0.77397584606860415 -0.0037082973689581654 0.63320426264595842
  outer loop
   vertex -30.183956146240234 46.729770660400391 -51.263309478759766
   vertex -30.339509963989258 46.729770660400391 -51.073173522949219
   vertex -30.185626983642578 46.38104248046875 -51.263309478759766
  endloop
 endfacet
 facet normal 0.85222016621903018 0.09560836680927462 0.51437323850067429
  outer loop
   vertex -30.185626983642578 46.38104248046875 -51.263309478759766
   vertex -30.339509963989258 46.729770660400391 -51.073173522949219
   vertex -30.339509963989258 46.38104248046875 -51.008354187011719
  endloop
 endfacet
 facet normal 0.80214266789748245 0.3495251309657148 0.48414803847760146
  outer loop
   vertex -30.185626983642578 46.38104248046875 -51.263309478759766
   vertex -30.339509963989258 46.38104248046875 -51.008354187011719
   vertex -30.244152069091797 46.032310485839844 -50.914581298828125
  endloop
 endfacet
 facet normal 0.79186284284842212 0.35092437843004293 0.49980528082394571
  outer loop
   vertex -30.244152069091797 46.032310485839844 -50.914581298828125
   vertex -30.339509963989258 46.38104248046875 -51.008354187011719
   vertex -30.339509963989258 46.247486114501953 -50.914581298828125
  endloop
 endfacet
 facet normal 0.81773088764391244 0.36238814090234722 0.4472035674348312
  outer loop
   vertex -30.244152069091797 46.032310485839844 -50.914581298828125
   vertex -30.339509963989258 46.247486114501953 -50.914581298828125
   vertex -30.339509963989258 46.032310485839844 -50.740215301513672
  endloop
 endfacet
 facet normal 0.81773088764391244 0.36238814090234722 0.4472035674348312
  outer loop
   vertex -30.339509963989258 46.032310485839844 -50.740215301513672
   vertex -30.339509963989258 46.247486114501953 -50.914581298828125
   vertex -30.434867858886719 46.032310485839844 -50.565849304199219
  endloop
 endfacet
 facet normal 0.80966869569250954 0.38518780513033607 0.44279448731264098
  outer loop
   vertex -30.339509963989258 46.032310485839844 -50.740215301513672
   vertex -30.434867858886719 46.032310485839844 -50.565849304199219
   vertex -30.339509963989258 45.831867218017578 -50.565849304199219
  endloop
 endfacet
 facet normal 0.56490828672009352 0.81139446775480184 0.15005880611237205
  outer loop
   vertex -30.0340576171875 47.427230834960938 -51.612041473388672
   vertex -29.990779876708984 47.461593627929688 -51.960769653320312
   vertex -30.339509963989258 47.639892578125 -51.612041473388672
  endloop
 endfacet
 facet normal 0.68901500690896511 0.62284669077022359 0.37056756475819669
  outer loop
   vertex -30.339509963989258 47.639892578125 -51.612041473388672
   vertex -29.990779876708984 47.461593627929688 -51.960769653320312
   vertex -30.274955749511719 47.775959014892578 -51.960769653320312
  endloop
 endfacet
 facet normal 0.59298584461269621 0.70688993398377697 0.38558320674191554
  outer loop
   vertex -30.339509963989258 47.639892578125 -51.612041473388672
   vertex -30.274955749511719 47.775959014892578 -51.960769653320312
   vertex -30.339509963989258 47.775959014892578 -51.861492156982422
  endloop
 endfacet
 facet normal 0.79006300051545975 0.34145188119415026 -0.50912775218552409
  outer loop
   vertex -30.190731048583984 47.427230834960938 -52.309501647949219
   vertex -30.339509963989258 47.771480560302734 -52.309501647949219
   vertex -29.990779876708984 47.427230834960938 -51.999217987060547
  endloop
 endfacet
 facet normal 0.77532913238194001 0.59528666235961392 -0.21094673758230811
  outer loop
   vertex -29.990779876708984 47.427230834960938 -51.999217987060547
   vertex -30.339509963989258 47.771480560302734 -52.309501647949219
   vertex -30.339509963989258 47.775959014892578 -52.296863555908203
  endloop
 endfacet
 facet normal -0.59339558949177063 0.58252669132103274 -0.55546766626895949
  outer loop
   vertex -33.129348754882812 47.775959014892578 -52.258174896240234
   vertex -33.081302642822266 47.775959014892578 -52.309501647949219
   vertex -33.129348754882812 47.727016448974609 -52.309501647949219
  endloop
 endfacet
 facet normal -0.57446038939125166 0.56393831678743689 -0.5932696148290455
  outer loop
   vertex -33.129348754882812 47.727016448974609 -52.309501647949219
   vertex -33.081302642822266 47.775959014892578 -52.309501647949219
   vertex -32.780620574951172 47.775959014892578 -52.600650787353516
  endloop
 endfacet
 facet normal -0.57372877023162927 0.56595708181394877 -0.59205395003592487
  outer loop
   vertex -33.129348754882812 47.727016448974609 -52.309501647949219
   vertex -32.780620574951172 47.775959014892578 -52.600650787353516
   vertex -32.780620574951172 47.715724945068359 -52.658229827880859
  endloop
 endfacet
 facet normal -0.65652068076741765 0.54590454407761679 -0.52054665927282229
  outer loop
   vertex -33.129348754882812 47.775959014892578 -52.258174896240234
   vertex -33.129348754882812 47.727016448974609 -52.309501647949219
   vertex -33.378623962402344 47.427230834960938 -52.309501647949219
  endloop
 endfacet
 facet normal -0.71854894918040035 0.59748176712614609 -0.35595357223036861
  outer loop
   vertex -33.378623962402344 47.427230834960938 -52.309501647949219
   vertex -33.129348754882812 47.727016448974609 -52.309501647949219
   vertex -33.20587158203125 47.427230834960938 -52.658229827880859
  endloop
 endfacet
 facet normal -0.66548384353026535 0.54997063401809121 -0.50464200748443866
  outer loop
   vertex -33.354873657226562 47.775959014892578 -51.960769653320312
   vertex -33.129348754882812 47.775959014892578 -52.258174896240234
   vertex -33.378623962402344 47.427230834960938 -52.309501647949219
  endloop
 endfacet
 facet normal -0.63423683309562062 0.5753408055080601 -0.51645580359036958
  outer loop
   vertex -33.478080749511719 47.619441986083984 -51.960769653320312
   vertex -33.478080749511719 47.427230834960938 -52.174896240234375
   vertex -33.652442932128906 47.427230834960938 -51.960769653320312
  endloop
 endfacet
 facet normal -0.62709274451541341 0.58822028626166978 -0.51063840886322442
  outer loop
   vertex -33.652442932128906 47.427230834960938 -51.960769653320312
   vertex -33.478080749511719 47.427230834960938 -52.174896240234375
   vertex -33.695583343505859 47.078502655029297 -52.309501647949219
  endloop
 endfacet
 facet normal -0.67101646338719845 0.56414093461455772 -0.48112567147840901
  outer loop
   vertex -33.652442932128906 47.427230834960938 -51.960769653320312
   vertex -33.695583343505859 47.078502655029297 -52.309501647949219
   vertex -33.826808929443359 47.078502655029297 -52.126483917236328
  endloop
 endfacet
 facet normal -0.7393173049746824 0.41521796037826442 -0.53009807389226238
  outer loop
   vertex -33.826808929443359 47.078502655029297 -52.126483917236328
   vertex -33.695583343505859 47.078502655029297 -52.309501647949219
   vertex -33.826808929443359 46.8448486328125 -52.309501647949219
  endloop
 endfacet
 facet normal -0.76793244688846374 0.39497596200886409 -0.50425563601319245
  outer loop
   vertex -33.826808929443359 47.078502655029297 -52.126483917236328
   vertex -33.826808929443359 46.8448486328125 -52.309501647949219
   vertex -33.885997772216797 46.729770660400391 -52.309501647949219
  endloop
 endfacet
 facet normal -0.75424609167833434 0.38793656507047553 -0.52973394706142651
  outer loop
   vertex -33.885997772216797 46.729770660400391 -52.309501647949219
   vertex -33.826808929443359 46.8448486328125 -52.309501647949219
   vertex -33.826808929443359 46.729770660400391 -52.393775939941406
  endloop
 endfacet
 facet normal -0.81512928648056426 0.088399222750345285 -0.57249438751731108
  outer loop
   vertex -33.885997772216797 46.729770660400391 -52.309501647949219
   vertex -33.826808929443359 46.729770660400391 -52.393775939941406
   vertex -33.923816680908203 46.38104248046875 -52.309501647949219
  endloop
 endfacet
 facet normal -0.78484618788041827 0.069514886068955506 -0.61577929648892493
  outer loop
   vertex -33.923816680908203 46.38104248046875 -52.309501647949219
   vertex -33.826808929443359 46.729770660400391 -52.393775939941406
   vertex -33.826808929443359 46.38104248046875 -52.433143615722656
  endloop
 endfacet
 facet normal -0.203513878930457 0.17126893785901154 -0.96397564907383693
  outer loop
   vertex -30.688240051269531 47.775959014892578 -52.550605773925781
   vertex -30.688240051269531 47.427230834960938 -52.612564086914062
   vertex -31.036970138549805 47.427230834960938 -52.5389404296875
  endloop
 endfacet
 facet normal -0.20369006233955958 0.16628798836918229 -0.96481016963350708
  outer loop
   vertex -31.036970138549805 47.427230834960938 -52.5389404296875
   vertex -30.688240051269531 47.427230834960938 -52.612564086914062
   vertex -31.036970138549805 47.078502655029297 -52.599044799804688
  endloop
 endfacet
 facet normal 0.42846760672492129 0.6334300623181055 -0.64434607637441177
  outer loop
   vertex -32.198238372802734 47.427230834960938 -52.658229827880859
   vertex -32.431888580322266 47.585277557373047 -52.658229827880859
   vertex -32.083160400390625 47.427230834960938 -52.581707000732422
  endloop
 endfacet
 facet normal 0.42370991499962962 0.61125928292166298 -0.66845493264176081
  outer loop
   vertex -32.083160400390625 47.427230834960938 -52.581707000732422
   vertex -32.431888580322266 47.585277557373047 -52.658229827880859
   vertex -32.431888580322266 47.775959014892578 -52.483863830566406
  endloop
 endfacet
 facet normal -0.45567898118927508 0.7496680659992434 -0.47995255695043287
  outer loop
   vertex -33.129348754882812 47.727016448974609 -52.309501647949219
   vertex -32.780620574951172 47.715724945068359 -52.658229827880859
   vertex -33.129348754882812 47.503753662109375 -52.658229827880859
  endloop
 endfacet
 facet normal -0.33595528005127007 0.55270257232614595 -0.76266238687228716
  outer loop
   vertex -33.129348754882812 47.503753662109375 -52.658229827880859
   vertex -32.780620574951172 47.715724945068359 -52.658229827880859
   vertex -32.780620574951172 47.427230834960938 -52.867301940917969
  endloop
 endfacet
 facet normal -0.24823004244910563 0.69954789366746151 -0.67008550983522486
  outer loop
   vertex -33.129348754882812 47.503753662109375 -52.658229827880859
   vertex -32.780620574951172 47.427230834960938 -52.867301940917969
   vertex -33.129348754882812 47.427230834960938 -52.738117218017578
  endloop
 endfacet
 facet normal -0.29004517845327671 0.55031072940080872 -0.78296353399271212
  outer loop
   vertex -33.129348754882812 47.427230834960938 -52.738117218017578
   vertex -32.780620574951172 47.427230834960938 -52.867301940917969
   vertex -33.129348754882812 47.078502655029297 -52.983222961425781
  endloop
 endfacet
 facet normal -0.64417242831880017 0.64417242831880017 -0.4124121302625815
  outer loop
   vertex -33.129348754882812 47.727016448974609 -52.309501647949219
   vertex -33.129348754882812 47.503753662109375 -52.658229827880859
   vertex -33.20587158203125 47.427230834960938 -52.658229827880859
  endloop
 endfacet
 facet normal -0.5854522851629953 0.5854522851629953 -0.56079518863383082
  outer loop
   vertex -33.20587158203125 47.427230834960938 -52.658229827880859
   vertex -33.129348754882812 47.503753662109375 -52.658229827880859
   vertex -33.129348754882812 47.427230834960938 -52.738117218017578
  endloop
 endfacet
 facet normal 0.15325213025708379 0.57987722329882596 -0.80016010302370699
  outer loop
   vertex -32.780620574951172 47.715724945068359 -52.658229827880859
   vertex -32.431888580322266 47.427230834960938 -52.800510406494141
   vertex -32.780620574951172 47.427230834960938 -52.867301940917969
  endloop
 endfacet
 facet normal 0.15258288631041786 0.58484356227893308 -0.79666584617772451
  outer loop
   vertex -32.780620574951172 47.427230834960938 -52.867301940917969
   vertex -32.431888580322266 47.427230834960938 -52.800510406494141
   vertex -32.780620574951172 47.236988067626953 -53.006961822509766
  endloop
 endfacet
 facet normal -0.30127568147449213 0.56427732822067422 -0.76865080537798047
  outer loop
   vertex -32.780620574951172 47.427230834960938 -52.867301940917969
   vertex -32.780620574951172 47.236988067626953 -53.006961822509766
   vertex -33.077457427978516 47.078502655029297 -53.006961822509766
  endloop
 endfacet
 facet normal -0.30367469525591606 0.56877058529446523 -0.7643832159100683
  outer loop
   vertex -33.077457427978516 47.078502655029297 -53.006961822509766
   vertex -32.780620574951172 47.236988067626953 -53.006961822509766
   vertex -32.780620574951172 47.078502655029297 -53.124889373779297
  endloop
 endfacet
 facet normal -0.36921086136297521 -0.0010258325361110034 -0.92934508527199822
  outer loop
   vertex -33.077457427978516 47.078502655029297 -53.006961822509766
   vertex -32.780620574951172 47.078502655029297 -53.124889373779297
   vertex -33.076488494873047 46.729770660400391 -53.006961822509766
  endloop
 endfacet
 facet normal -0.55778369769293801 0.2009074196730429 -0.80530339332968981
  outer loop
   vertex -33.076488494873047 46.729770660400391 -53.006961822509766
   vertex -32.780620574951172 47.078502655029297 -53.124889373779297
   vertex -32.780620574951172 46.729770660400391 -53.211891174316406
  endloop
 endfacet
 facet normal -0.56131144154347878 -0.16788932852886598 -0.81039659362469452
  outer loop
   vertex -33.076488494873047 46.729770660400391 -53.006961822509766
   vertex -32.780620574951172 46.729770660400391 -53.211891174316406
   vertex -32.972183227539062 46.38104248046875 -53.006961822509766
  endloop
 endfacet
 facet normal -0.57812472458316544 -0.15336946626658424 -0.80140477266032184
  outer loop
   vertex -32.972183227539062 46.38104248046875 -53.006961822509766
   vertex -32.780620574951172 46.729770660400391 -53.211891174316406
   vertex -32.780620574951172 46.38104248046875 -53.145153045654297
  endloop
 endfacet
 facet normal -0.58365480166337114 -0.068933042656363269 -0.80907064470627466
  outer loop
   vertex -32.972183227539062 46.38104248046875 -53.006961822509766
   vertex -32.780620574951172 46.38104248046875 -53.145153045654297
   vertex -32.930995941162109 46.032310485839844 -53.006961822509766
  endloop
 endfacet
 facet normal -0.56913531737468592 -0.078910130852719945 -0.81844864332810885
  outer loop
   vertex -32.930995941162109 46.032310485839844 -53.006961822509766
   vertex -32.780620574951172 46.38104248046875 -53.145153045654297
   vertex -32.780620574951172 46.032310485839844 -53.111530303955078
  endloop
 endfacet
 facet normal 0.52199071644924988 0.17622661956589467 0.83454770414708834
  outer loop
   vertex -31.734430313110352 47.427230834960938 -49.470222473144531
   vertex -31.734430313110352 47.078502655029297 -49.396583557128906
   vertex -31.537656784057617 47.078502655029297 -49.519660949707031
  endloop
 endfacet
 facet normal 0.52627837296358815 0.12277027042619049 0.84140271858978333
  outer loop
   vertex -31.537656784057617 47.078502655029297 -49.519660949707031
   vertex -31.734430313110352 47.078502655029297 -49.396583557128906
   vertex -31.456304550170898 46.729770660400391 -49.519660949707031
  endloop
 endfacet
 facet normal 0.64934470985252424 0.15147919755753717 0.74525532570647623
  outer loop
   vertex -31.537656784057617 47.078502655029297 -49.519660949707031
   vertex -31.456304550170898 46.729770660400391 -49.519660949707031
   vertex -31.385700225830078 47.078502655029297 -49.652061462402344
  endloop
 endfacet
 facet normal 0.62344086721126046 0.16401992167304597 0.76447298865639424
  outer loop
   vertex -31.385700225830078 47.078502655029297 -49.652061462402344
   vertex -31.456304550170898 46.729770660400391 -49.519660949707031
   vertex -31.385700225830078 46.729770660400391 -49.577239990234375
  endloop
 endfacet
 facet normal 0.79988187765624386 0.12590036298276722 0.58680327231358276
  outer loop
   vertex -31.385700225830078 47.078502655029297 -49.652061462402344
   vertex -31.385700225830078 46.729770660400391 -49.577239990234375
   vertex -31.172109603881836 46.729770660400391 -49.868389129638672
  endloop
 endfacet
 facet normal 0.80589703779298216 -0.031520229920351875 0.59121606844051933
  outer loop
   vertex -31.172109603881836 46.729770660400391 -49.868389129638672
   vertex -31.385700225830078 46.729770660400391 -49.577239990234375
   vertex -31.185749053955078 46.38104248046875 -49.868389129638672
  endloop
 endfacet
 facet normal 0.77543666107587883 -0.030328864233969664 0.6306965551307302
  outer loop
   vertex -31.172109603881836 46.729770660400391 -49.868389129638672
   vertex -31.185749053955078 46.38104248046875 -49.868389129638672
   vertex -31.036970138549805 46.729770660400391 -50.034542083740234
  endloop
 endfacet
 facet normal 0.70667303493920519 0.035202946327220562 0.70666397549308779
  outer loop
   vertex -31.036970138549805 46.729770660400391 -50.034542083740234
   vertex -31.185749053955078 46.38104248046875 -49.868389129638672
   vertex -31.036970138549805 46.38104248046875 -50.017169952392578
  endloop
 endfacet
 facet normal 0.66966645043393758 0.036950392678737197 0.74174221508829996
  outer loop
   vertex -31.036970138549805 46.729770660400391 -50.034542083740234
   vertex -31.036970138549805 46.38104248046875 -50.017169952392578
   vertex -30.815498352050781 46.38104248046875 -50.217121124267578
  endloop
 endfacet
 facet normal 0.64234229234882367 0.28495018514058001 0.71147717563419244
  outer loop
   vertex -30.815498352050781 46.38104248046875 -50.217121124267578
   vertex -31.036970138549805 46.38104248046875 -50.017169952392578
   vertex -30.688240051269531 46.094173431396484 -50.217121124267578
  endloop
 endfacet
 facet normal 0.71342374008098353 0.31648270593611266 0.62519218159876033
  outer loop
   vertex -30.815498352050781 46.38104248046875 -50.217121124267578
   vertex -30.688240051269531 46.094173431396484 -50.217121124267578
   vertex -30.688240051269531 46.38104248046875 -50.362339019775391
  endloop
 endfacet
 facet normal 0.70772645268182699 0.3190813318605894 0.63032560778733271
  outer loop
   vertex -30.688240051269531 46.38104248046875 -50.362339019775391
   vertex -30.688240051269531 46.094173431396484 -50.217121124267578
   vertex -30.660348892211914 46.032310485839844 -50.217121124267578
  endloop
 endfacet
 facet normal -0.47237615573156488 -0.28329754658971729 0.83462762211211017
  outer loop
   vertex -33.129348754882812 47.427230834960938 -49.460475921630859
   vertex -33.233921051025391 47.427230834960938 -49.519660949707031
   vertex -33.129348754882812 47.252864837646484 -49.519660949707031
  endloop
 endfacet
 facet normal -0.4723833548104423 -0.28330186408406782 0.83462208208537358
  outer loop
   vertex -33.129348754882812 47.252864837646484 -49.519660949707031
   vertex -33.233921051025391 47.427230834960938 -49.519660949707031
   vertex -33.129348754882812 47.078502655029297 -49.578845977783203
  endloop
 endfacet
 facet normal -0.31060061454917731 -0.13832132822933255 0.9404224946259776
  outer loop
   vertex -33.478080749511719 47.427230834960938 -49.642734527587891
   vertex -33.826808929443359 47.078502655029297 -49.8092041015625
   vertex -33.478080749511719 47.078502655029297 -49.694026947021484
  endloop
 endfacet
 facet normal 0.74986531429793579 0.37105524080368374 0.54774083167587417
  outer loop
   vertex -30.963594436645508 47.078502655029297 -50.217121124267578
   vertex -31.036970138549805 47.226787567138672 -50.217121124267578
   vertex -31.036970138549805 47.078502655029297 -50.116668701171875
  endloop
 endfacet
 facet normal 0.76259281779231269 0.36280413151090213 0.53556078684888875
  outer loop
   vertex -31.036970138549805 47.078502655029297 -50.116668701171875
   vertex -31.036970138549805 47.226787567138672 -50.217121124267578
   vertex -31.211334228515625 47.078502655029297 -49.868389129638672
  endloop
 endfacet
 facet normal -0.70649645015716023 -0.041539521309983223 0.70649645015716023
  outer loop
   vertex -33.970958709716797 47.427230834960938 -49.868389129638672
   vertex -34.175540924072266 47.427230834960938 -50.072971343994141
   vertex -34.175540924072266 47.078502655029297 -50.093475341796875
  endloop
 endfacet
 facet normal -0.8089686144527668 -0.034504043492915262 0.5868383523705738
  outer loop
   vertex -34.175540924072266 47.078502655029297 -50.093475341796875
   vertex -34.175540924072266 47.427230834960938 -50.072971343994141
   vertex -34.280109405517578 47.427230834960938 -50.217121124267578
  endloop
 endfacet
 facet normal -0.7866442171054483 -0.017055130208856104 0.61717096353288958
  outer loop
   vertex -34.175540924072266 47.078502655029297 -50.093475341796875
   vertex -34.280109405517578 47.427230834960938 -50.217121124267578
   vertex -34.272548675537109 47.078502655029297 -50.217121124267578
  endloop
 endfacet
 facet normal 0.73383747881911554 0.50575604908774463 0.45353431346653256
  outer loop
   vertex -30.688240051269531 47.252864837646484 -50.914581298828125
   vertex -30.783597946166992 47.078502655029297 -50.565849304199219
   vertex -30.688240051269531 47.078502655029297 -50.720142364501953
  endloop
 endfacet
 facet normal 0.79597329501899461 0.35273972561050415 0.4919361743080406
  outer loop
   vertex -30.688240051269531 47.078502655029297 -50.720142364501953
   vertex -30.783597946166992 47.078502655029297 -50.565849304199219
   vertex -30.688240051269531 46.863323211669922 -50.565849304199219
  endloop
 endfacet
 facet normal -0.98935707340766665 0.14550801111353553 0
  outer loop
   vertex -34.298614501953125 47.427230834960938 -50.914581298828125
   vertex -34.349903106689453 47.078502655029297 -50.914581298828125
   vertex -34.349903106689453 47.078502655029297 -50.565849304199219
  endloop
 endfacet
 facet normal -0.99907864320674766 -0.042916951058575972 0
  outer loop
   vertex -34.349903106689453 47.078502655029297 -50.565849304199219
   vertex -34.349903106689453 47.078502655029297 -50.914581298828125
   vertex -34.334922790527344 46.729770660400391 -50.565849304199219
  endloop
 endfacet
 facet normal 0.66527935891162326 0.42533364925445133 0.61359160800815316
  outer loop
   vertex -30.339509963989258 47.241378784179688 -51.263309478759766
   vertex -30.557012557983398 47.078502655029297 -50.914581298828125
   vertex -30.339509963989258 47.078502655029297 -51.150405883789062
  endloop
 endfacet
 facet normal 0.71982289250814357 0.20271937998062101 0.66389747431473345
  outer loop
   vertex -30.339509963989258 47.078502655029297 -51.150405883789062
   vertex -30.557012557983398 47.078502655029297 -50.914581298828125
   vertex -30.45880126953125 46.729770660400391 -50.914581298828125
  endloop
 endfacet
 facet normal 0.79217060718040655 0.13196329253167288 0.59586191231159102
  outer loop
   vertex -30.339509963989258 47.078502655029297 -51.150405883789062
   vertex -30.45880126953125 46.729770660400391 -50.914581298828125
   vertex -30.339509963989258 46.729770660400391 -51.073173522949219
  endloop
 endfacet
 facet normal 0.79168460615474978 0.13645359721799352 0.59549634775023474
  outer loop
   vertex -30.339509963989258 46.729770660400391 -51.073173522949219
   vertex -30.45880126953125 46.729770660400391 -50.914581298828125
   vertex -30.39869499206543 46.38104248046875 -50.914581298828125
  endloop
 endfacet
 facet normal 0.84152051901532754 0.098722651201821457 0.5311280958637542
  outer loop
   vertex -30.339509963989258 46.729770660400391 -51.073173522949219
   vertex -30.39869499206543 46.38104248046875 -50.914581298828125
   vertex -30.339509963989258 46.38104248046875 -51.008354187011719
  endloop
 endfacet
 facet normal 0.79187393385327176 0.35091611447069526 0.49979351085076523
  outer loop
   vertex -30.339509963989258 46.38104248046875 -51.008354187011719
   vertex -30.39869499206543 46.38104248046875 -50.914581298828125
   vertex -30.339509963989258 46.247486114501953 -50.914581298828125
  endloop
 endfacet
 facet normal 0.78082500840152491 0.22945240888204257 0.58108854601771898
  outer loop
   vertex -29.914569854736328 47.078502655029297 -51.612041473388672
   vertex -29.990779876708984 47.337844848632812 -51.612041473388672
   vertex -29.990779876708984 47.078502655029297 -51.509635925292969
  endloop
 endfacet
 facet normal 0.70508616756244147 0.26043972989369968 0.65956397976618264
  outer loop
   vertex -29.990779876708984 47.078502655029297 -51.509635925292969
   vertex -29.990779876708984 47.337844848632812 -51.612041473388672
   vertex -30.221202850341797 47.078502655029297 -51.263309478759766
  endloop
 endfacet
 facet normal 0.70934042522521945 -0.23779421734784104 0.66354357154389842
  outer loop
   vertex -29.990779876708984 47.078502655029297 -51.509635925292969
   vertex -30.221202850341797 47.078502655029297 -51.263309478759766
   vertex -30.011892318725586 46.729770660400391 -51.612041473388672
  endloop
 endfacet
 facet normal 0.89269718522707253 0.095345504348783999 0.44045541237239622
  outer loop
   vertex -30.011892318725586 46.729770660400391 -51.612041473388672
   vertex -30.221202850341797 47.078502655029297 -51.263309478759766
   vertex -30.183956146240234 46.729770660400391 -51.263309478759766
  endloop
 endfacet
 facet normal 0.8967744342065711 -0.0042966538191198372 0.4424671207213513
  outer loop
   vertex -30.011892318725586 46.729770660400391 -51.612041473388672
   vertex -30.183956146240234 46.729770660400391 -51.263309478759766
   vertex -30.185626983642578 46.38104248046875 -51.263309478759766
  endloop
 endfacet
 facet normal 0.51163292286614459 0.48714855269256496 0.70775563568860755
  outer loop
   vertex -30.339509963989258 47.241378784179688 -51.263309478759766
   vertex -30.0340576171875 47.427230834960938 -51.612041473388672
   vertex -30.339509963989258 47.427230834960938 -51.391231536865234
  endloop
 endfacet
 facet normal 0.95083701655134034 0.27941195729444257 0.13355869899274553
  outer loop
   vertex -29.990779876708984 47.337844848632812 -51.612041473388672
   vertex -29.914569854736328 47.078502655029297 -51.612041473388672
   vertex -29.990779876708984 47.427230834960938 -51.799041748046875
  endloop
 endfacet
 facet normal 0.94750231062395684 0.28490200060823351 0.14515585214413151
  outer loop
   vertex -29.990779876708984 47.427230834960938 -51.799041748046875
   vertex -29.914569854736328 47.078502655029297 -51.612041473388672
   vertex -29.96600341796875 47.427230834960938 -51.960769653320312
  endloop
 endfacet
 facet normal 0.99399478966792942 0.098081647835736877 -0.048521628897175963
  outer loop
   vertex -29.96600341796875 47.427230834960938 -51.960769653320312
   vertex -29.914569854736328 47.078502655029297 -51.612041473388672
   vertex -29.93159294128418 47.078502655029297 -51.960769653320312
  endloop
 endfacet
 facet normal 0.9632289354277318 -0.26453573727008722 -0.047019800741068436
  outer loop
   vertex -29.93159294128418 47.078502655029297 -51.960769653320312
   vertex -29.914569854736328 47.078502655029297 -51.612041473388672
   vertex -29.990779876708984 46.801006317138672 -51.612041473388672
  endloop
 endfacet
 facet normal -0.59518150761156496 0.53992401872342122 -0.59518150761156496
  outer loop
   vertex -33.826808929443359 47.427230834960938 -51.786403656005859
   vertex -33.652442932128906 47.427230834960938 -51.960769653320312
   vertex -33.826808929443359 47.235019683837891 -51.960769653320312
  endloop
 endfacet
 facet normal -0.62535902213745032 0.56729981032569343 -0.5358143509049792
  outer loop
   vertex -33.826808929443359 47.235019683837891 -51.960769653320312
   vertex -33.652442932128906 47.427230834960938 -51.960769653320312
   vertex -33.826808929443359 47.078502655029297 -52.126483917236328
  endloop
 endfacet
 facet normal -0.67846420411274688 0.5340735282581891 -0.50443214623129073
  outer loop
   vertex -33.826808929443359 47.235019683837891 -51.960769653320312
   vertex -33.826808929443359 47.078502655029297 -52.126483917236328
   vertex -33.950016021728516 47.078502655029297 -51.960769653320312
  endloop
 endfacet
 facet normal -0.73199970235376699 0.40985894642469545 -0.54423531655859592
  outer loop
   vertex -33.950016021728516 47.078502655029297 -51.960769653320312
   vertex -33.826808929443359 47.078502655029297 -52.126483917236328
   vertex -33.885997772216797 46.729770660400391 -52.309501647949219
  endloop
 endfacet
 facet normal -0.86674139454567189 0.26402912287851266 -0.4231406116801214
  outer loop
   vertex -33.950016021728516 47.078502655029297 -51.960769653320312
   vertex -33.885997772216797 46.729770660400391 -52.309501647949219
   vertex -34.056247711181641 46.729770660400391 -51.960769653320312
  endloop
 endfacet
 facet normal -0.8979836641765212 0.037906723695343265 -0.43839299626110989
  outer loop
   vertex -34.056247711181641 46.729770660400391 -51.960769653320312
   vertex -33.885997772216797 46.729770660400391 -52.309501647949219
   vertex -34.070968627929688 46.38104248046875 -51.960769653320312
  endloop
 endfacet
 facet normal -0.83676760584307464 0.035322600730153308 -0.54641768610588293
  outer loop
   vertex -34.056247711181641 46.729770660400391 -51.960769653320312
   vertex -34.070968627929688 46.38104248046875 -51.960769653320312
   vertex -34.175540924072266 46.729770660400391 -51.778087615966797
  endloop
 endfacet
 facet normal -0.64920973260923909 0.51104499010024873 -0.56334691015295091
  outer loop
   vertex -33.826808929443359 47.235019683837891 -51.960769653320312
   vertex -33.950016021728516 47.078502655029297 -51.960769653320312
   vertex -33.826808929443359 47.427230834960938 -51.786403656005859
  endloop
 endfacet
 facet normal -0.61852060739191594 0.51518435213511737 -0.5933104933731197
  outer loop
   vertex -33.826808929443359 47.427230834960938 -51.786403656005859
   vertex -33.950016021728516 47.078502655029297 -51.960769653320312
   vertex -33.994064331054688 47.427230834960938 -51.612041473388672
  endloop
 endfacet
 facet normal -0.6901119352040308 0.46629115726411646 -0.55346009209900437
  outer loop
   vertex -33.994064331054688 47.427230834960938 -51.612041473388672
   vertex -33.950016021728516 47.078502655029297 -51.960769653320312
   vertex -34.175540924072266 47.078502655029297 -51.679561614990234
  endloop
 endfacet
 facet normal -0.75897606206227308 0.23120135395994423 -0.60868815590869929
  outer loop
   vertex -34.175540924072266 47.078502655029297 -51.679561614990234
   vertex -33.950016021728516 47.078502655029297 -51.960769653320312
   vertex -34.056247711181641 46.729770660400391 -51.960769653320312
  endloop
 endfacet
 facet normal -0.82747563049948591 0.1526631304156025 -0.54034993248929652
  outer loop
   vertex -34.175540924072266 47.078502655029297 -51.679561614990234
   vertex -34.056247711181641 46.729770660400391 -51.960769653320312
   vertex -34.175540924072266 46.729770660400391 -51.778087615966797
  endloop
 endfacet
 facet normal -0.66444883115004727 0.45983945890081901 -0.58911410000197584
  outer loop
   vertex -33.994064331054688 47.427230834960938 -51.612041473388672
   vertex -34.175540924072266 47.078502655029297 -51.679561614990234
   vertex -34.175540924072266 47.165004730224609 -51.612041473388672
  endloop
 endfacet
 facet normal 0.83846113829345348 0.071002313097083117 -0.54031619548789211
  outer loop
   vertex -29.990779876708984 47.427230834960938 -51.999217987060547
   vertex -29.990779876708984 47.078502655029297 -52.0450439453125
   vertex -30.190731048583984 47.427230834960938 -52.309501647949219
  endloop
 endfacet
 facet normal 0.77320016224646193 -0.036775154571333742 -0.63309485632746965
  outer loop
   vertex -30.190731048583984 47.427230834960938 -52.309501647949219
   vertex -29.990779876708984 47.078502655029297 -52.0450439453125
   vertex -30.207317352294922 47.078502655029297 -52.309501647949219
  endloop
 endfacet
 facet normal -0.66656766479583773 0.59106825106787375 -0.45423107646680078
  outer loop
   vertex -33.478080749511719 47.427230834960938 -52.174896240234375
   vertex -33.478080749511719 47.323787689208984 -52.309501647949219
   vertex -33.695583343505859 47.078502655029297 -52.309501647949219
  endloop
 endfacet
 facet normal -0.69250319236382107 0.61406616670307912 -0.37863184160408753
  outer loop
   vertex -33.695583343505859 47.078502655029297 -52.309501647949219
   vertex -33.478080749511719 47.323787689208984 -52.309501647949219
   vertex -33.504913330078125 47.078502655029297 -52.658229827880859
  endloop
 endfacet
 facet normal -0.84812189763401913 0.2562326750831781 -0.46371765436889395
  outer loop
   vertex -33.695583343505859 47.078502655029297 -52.309501647949219
   vertex -33.504913330078125 47.078502655029297 -52.658229827880859
   vertex -33.610271453857422 46.729770660400391 -52.658229827880859
  endloop
 endfacet
 facet normal -0.73772279213300784 0.22287914629418215 -0.63725188749399198
  outer loop
   vertex -33.610271453857422 46.729770660400391 -52.658229827880859
   vertex -33.504913330078125 47.078502655029297 -52.658229827880859
   vertex -33.478080749511719 47.078502655029297 -52.689292907714844
  endloop
 endfacet
 facet normal -0.63626636759715516 0.17424126159854728 -0.75153515700948315
  outer loop
   vertex -33.610271453857422 46.729770660400391 -52.658229827880859
   vertex -33.478080749511719 47.078502655029297 -52.689292907714844
   vertex -33.478080749511719 46.729770660400391 -52.770145416259766
  endloop
 endfacet
 facet normal 0.30853159974236111 -0.099998849242687052 -0.94594317065591083
  outer loop
   vertex -30.339509963989258 47.427230834960938 -52.458278656005859
   vertex -30.339509963989258 47.078502655029297 -52.421413421630859
   vertex -30.688240051269531 47.078502655029297 -52.53515625
  endloop
 endfacet
 facet normal 0.30805452284163498 0.11427616597332214 -0.94448047563051829
  outer loop
   vertex -30.688240051269531 47.078502655029297 -52.53515625
   vertex -30.339509963989258 47.078502655029297 -52.421413421630859
   vertex -30.688240051269531 46.729770660400391 -52.577350616455078
  endloop
 endfacet
 facet normal 0.01266221744172755 0.72188255258419309 -0.69189973878011257
  outer loop
   vertex -31.734430313110352 47.427230834960938 -52.490245819091797
   vertex -31.385700225830078 47.427230834960938 -52.483863830566406
   vertex -31.734430313110352 47.266223907470703 -52.658229827880859
  endloop
 endfacet
 facet normal 0.14236433560761177 0.56886929147691445 -0.8100124228439689
  outer loop
   vertex -31.734430313110352 47.266223907470703 -52.658229827880859
   vertex -31.385700225830078 47.427230834960938 -52.483863830566406
   vertex -31.385700225830078 47.178951263427734 -52.658229827880859
  endloop
 endfacet
 facet normal 0.14603594773368203 0.5835405739987708 -0.79884535453785455
  outer loop
   vertex -31.734430313110352 47.266223907470703 -52.658229827880859
   vertex -31.385700225830078 47.178951263427734 -52.658229827880859
   vertex -31.385700225830078 47.078502655029297 -52.731605529785156
  endloop
 endfacet
 facet normal 0.39153792107070307 0.70710754699113376 -0.58880979386539878
  outer loop
   vertex -32.083160400390625 47.427230834960938 -52.581707000732422
   vertex -32.083160400390625 47.363510131835938 -52.658229827880859
   vertex -32.198238372802734 47.427230834960938 -52.658229827880859
  endloop
 endfacet
 facet normal -0.73865578114202202 0.57678782910224047 -0.348860197192219
  outer loop
   vertex -33.478080749511719 47.323787689208984 -52.309501647949219
   vertex -33.478080749511719 47.112865447998047 -52.658229827880859
   vertex -33.504913330078125 47.078502655029297 -52.658229827880859
  endloop
 endfacet
 facet normal -0.65150916860411079 0.50873839830831646 -0.56277974849088974
  outer loop
   vertex -33.504913330078125 47.078502655029297 -52.658229827880859
   vertex -33.478080749511719 47.112865447998047 -52.658229827880859
   vertex -33.478080749511719 47.078502655029297 -52.689292907714844
  endloop
 endfacet
 facet normal 0.23970756615491123 0.70585099205527913 -0.66656932103320443
  outer loop
   vertex -31.734430313110352 47.266223907470703 -52.658229827880859
   vertex -31.385700225830078 47.078502655029297 -52.731605529785156
   vertex -31.734430313110352 47.078502655029297 -52.857013702392578
  endloop
 endfacet
 facet normal 0.30439391001979899 0.43688967569560427 -0.84644654811361131
  outer loop
   vertex -31.734430313110352 47.078502655029297 -52.857013702392578
   vertex -31.385700225830078 47.078502655029297 -52.731605529785156
   vertex -31.385700225830078 46.729770660400391 -52.911602020263672
  endloop
 endfacet
 facet normal 0.40885214277238835 0.52562815332329427 -0.7460261187011954
  outer loop
   vertex -31.734430313110352 47.078502655029297 -52.857013702392578
   vertex -31.385700225830078 46.729770660400391 -52.911602020263672
   vertex -31.734430313110352 46.865680694580078 -53.006961822509766
  endloop
 endfacet
 facet normal 0.40082311791648628 0.48166725526205351 -0.77931860195431391
  outer loop
   vertex -31.734430313110352 46.865680694580078 -53.006961822509766
   vertex -31.385700225830078 46.729770660400391 -52.911602020263672
   vertex -31.571107864379883 46.729770660400391 -53.006961822509766
  endloop
 endfacet
 facet normal 0.042196780133998905 0.69819823462260855 -0.71465981901614972
  outer loop
   vertex -32.431888580322266 47.427230834960938 -52.800510406494141
   vertex -32.431888580322266 47.215911865234375 -53.006961822509766
   vertex -32.780620574951172 47.236988067626953 -53.006961822509766
  endloop
 endfacet
 facet normal 0.038137934500889988 0.63103958302305174 -0.77481258547477061
  outer loop
   vertex -32.780620574951172 47.236988067626953 -53.006961822509766
   vertex -32.431888580322266 47.215911865234375 -53.006961822509766
   vertex -32.431888580322266 47.078502655029297 -53.118873596191406
  endloop
 endfacet
 facet normal 0.013838175255209006 0.59690447488693665 -0.80219296479435442
  outer loop
   vertex -32.780620574951172 47.236988067626953 -53.006961822509766
   vertex -32.431888580322266 47.078502655029297 -53.118873596191406
   vertex -32.780620574951172 47.078502655029297 -53.124889373779297
  endloop
 endfacet
 facet normal 0.01673507764067143 0.24202721353886703 -0.97012512857000688
  outer loop
   vertex -32.780620574951172 47.078502655029297 -53.124889373779297
   vertex -32.431888580322266 47.078502655029297 -53.118873596191406
   vertex -32.780620574951172 46.729770660400391 -53.211891174316406
  endloop
 endfacet
 facet normal -0.33787847814901611 0.58338926551221304 -0.73857640017050719
  outer loop
   vertex -32.780620574951172 47.427230834960938 -52.867301940917969
   vertex -33.077457427978516 47.078502655029297 -53.006961822509766
   vertex -33.129348754882812 47.078502655029297 -52.983222961425781
  endloop
 endfacet
 facet normal -0.41600750266808162 -0.0011558544890250579 -0.90936044653606207
  outer loop
   vertex -33.129348754882812 47.078502655029297 -52.983222961425781
   vertex -33.077457427978516 47.078502655029297 -53.006961822509766
   vertex -33.076488494873047 46.729770660400391 -53.006961822509766
  endloop
 endfacet
 facet normal -0.57326716360888197 -0.031159302398236211 -0.81877582829605
  outer loop
   vertex -33.129348754882812 47.078502655029297 -52.983222961425781
   vertex -33.076488494873047 46.729770660400391 -53.006961822509766
   vertex -33.129348754882812 46.729770660400391 -52.969951629638672
  endloop
 endfacet
 facet normal -0.56528806227725992 -0.16907874341585391 -0.80737957936260463
  outer loop
   vertex -33.129348754882812 46.729770660400391 -52.969951629638672
   vertex -33.076488494873047 46.729770660400391 -53.006961822509766
   vertex -32.972183227539062 46.38104248046875 -53.006961822509766
  endloop
 endfacet
 facet normal -0.57137179259019311 -0.17235011062751437 -0.80239000118331028
  outer loop
   vertex -33.129348754882812 46.729770660400391 -52.969951629638672
   vertex -32.972183227539062 46.38104248046875 -53.006961822509766
   vertex -33.129348754882812 46.38104248046875 -52.895046234130859
  endloop
 endfacet
 facet normal -0.57869543013897895 -0.068347311899303806 -0.81267474680366525
  outer loop
   vertex -33.129348754882812 46.38104248046875 -52.895046234130859
   vertex -32.972183227539062 46.38104248046875 -53.006961822509766
   vertex -32.930995941162109 46.032310485839844 -53.006961822509766
  endloop
 endfacet
 facet normal 0.34182591178743743 0.63652276885161718 -0.69137096465223191
  outer loop
   vertex -32.083160400390625 47.106391906738281 -53.006961822509766
   vertex -32.031227111816406 47.078502655029297 -53.006961822509766
   vertex -32.083160400390625 47.078502655029297 -53.032638549804688
  endloop
 endfacet
 facet normal 0.3825385816815205 0.50500324552793197 -0.77371568132702717
  outer loop
   vertex -32.083160400390625 47.078502655029297 -53.032638549804688
   vertex -32.031227111816406 47.078502655029297 -53.006961822509766
   vertex -31.734430313110352 46.729770660400391 -53.087837219238281
  endloop
 endfacet
 facet normal 0.20570555379242567 0.35033723159808938 -0.91375546471424074
  outer loop
   vertex -32.083160400390625 47.078502655029297 -53.032638549804688
   vertex -31.734430313110352 46.729770660400391 -53.087837219238281
   vertex -32.083160400390625 46.729770660400391 -53.166343688964844
  endloop
 endfacet
 facet normal 0.21759005131187467 0.13579892636761418 -0.96654706102056864
  outer loop
   vertex -32.083160400390625 46.729770660400391 -53.166343688964844
   vertex -31.734430313110352 46.729770660400391 -53.087837219238281
   vertex -32.083160400390625 46.38104248046875 -53.215339660644531
  endloop
 endfacet
 facet normal -0.0086873294512659072 0.13912725619957519 -0.99023640454660267
  outer loop
   vertex -32.083160400390625 46.729770660400391 -53.166343688964844
   vertex -32.083160400390625 46.38104248046875 -53.215339660644531
   vertex -32.431888580322266 46.38104248046875 -53.2122802734375
  endloop
 endfacet
 facet normal -0.0087723102010835181 0.0087722142428455219 -0.99992304445442881
  outer loop
   vertex -32.431888580322266 46.38104248046875 -53.2122802734375
   vertex -32.083160400390625 46.38104248046875 -53.215339660644531
   vertex -32.431888580322266 46.032310485839844 -53.215339660644531
  endloop
 endfacet
 facet normal -0.28529418711984045 0.0084079645048363658 -0.958403116088692
  outer loop
   vertex -32.431888580322266 46.38104248046875 -53.2122802734375
   vertex -32.431888580322266 46.032310485839844 -53.215339660644531
   vertex -32.780620574951172 46.032310485839844 -53.111530303955078
  endloop
 endfacet
 facet normal 0.20806160012531003 0.66249973175393473 -0.71958632281280888
  outer loop
   vertex -32.083160400390625 47.106391906738281 -53.006961822509766
   vertex -32.083160400390625 47.078502655029297 -53.032638549804688
   vertex -32.431888580322266 47.215911865234375 -53.006961822509766
  endloop
 endfacet
 facet normal 0.1883083630632533 0.62020146170062496 -0.76150515907959948
  outer loop
   vertex -32.431888580322266 47.215911865234375 -53.006961822509766
   vertex -32.083160400390625 47.078502655029297 -53.032638549804688
   vertex -32.431888580322266 47.078502655029297 -53.118873596191406
  endloop
 endfacet
 facet normal 0.45767789171823409 0.051750914891421369 0.88761071998948571
  outer loop
   vertex -31.734430313110352 47.078502655029297 -49.396583557128906
   vertex -31.734430313110352 46.729770660400391 -49.376251220703125
   vertex -31.456304550170898 46.729770660400391 -49.519660949707031
  endloop
 endfacet
 facet normal 0.45569507535010662 -0.10630575469460138 0.88376528830932932
  outer loop
   vertex -31.456304550170898 46.729770660400391 -49.519660949707031
   vertex -31.734430313110352 46.729770660400391 -49.376251220703125
   vertex -31.537656784057617 46.38104248046875 -49.519660949707031
  endloop
 endfacet
 facet normal 0.62524113385398594 -0.14585790849152899 0.76668050390463094
  outer loop
   vertex -31.456304550170898 46.729770660400391 -49.519660949707031
   vertex -31.537656784057617 46.38104248046875 -49.519660949707031
   vertex -31.385700225830078 46.729770660400391 -49.577239990234375
  endloop
 endfacet
 facet normal 0.63464873667082566 -0.15141999811222112 0.75782119607056375
  outer loop
   vertex -31.385700225830078 46.729770660400391 -49.577239990234375
   vertex -31.537656784057617 46.38104248046875 -49.519660949707031
   vertex -31.385700225830078 46.38104248046875 -49.646919250488281
  endloop
 endfacet
 facet normal 0.73568064319123339 -0.13271349994618886 0.66419960717074067
  outer loop
   vertex -31.385700225830078 46.729770660400391 -49.577239990234375
   vertex -31.385700225830078 46.38104248046875 -49.646919250488281
   vertex -31.185749053955078 46.38104248046875 -49.868389129638672
  endloop
 endfacet
 facet normal 0.73541882341600839 -0.13532179371778408 0.6639632266251011
  outer loop
   vertex -31.185749053955078 46.38104248046875 -49.868389129638672
   vertex -31.385700225830078 46.38104248046875 -49.646919250488281
   vertex -31.249917984008789 46.032310485839844 -49.868389129638672
  endloop
 endfacet
 facet normal 0.70120076986245738 -0.12902545177362584 0.70119178056998699
  outer loop
   vertex -31.185749053955078 46.38104248046875 -49.868389129638672
   vertex -31.249917984008789 46.032310485839844 -49.868389129638672
   vertex -31.036970138549805 46.38104248046875 -50.017169952392578
  endloop
 endfacet
 facet normal 0.54346061015215252 0.026102056189262802 0.83902875271097987
  outer loop
   vertex -31.036970138549805 46.38104248046875 -50.017169952392578
   vertex -31.249917984008789 46.032310485839844 -49.868389129638672
   vertex -31.036970138549805 46.032310485839844 -50.006320953369141
  endloop
 endfacet
 facet normal 0.4687029014194789 0.027467777225972188 0.88292871253302585
  outer loop
   vertex -31.036970138549805 46.38104248046875 -50.017169952392578
   vertex -31.036970138549805 46.032310485839844 -50.006320953369141
   vertex -30.688240051269531 46.032310485839844 -50.191444396972656
  endloop
 endfacet
 facet normal 0.46883469122279398 -0.013873154173368618 0.88317697428052855
  outer loop
   vertex -30.688240051269531 46.032310485839844 -50.191444396972656
   vertex -31.036970138549805 46.032310485839844 -50.006320953369141
   vertex -31.036970138549805 45.683582305908203 -50.011798858642578
  endloop
 endfacet
 facet normal 0.29111664090507894 0.19171725863511493 0.93728095794675126
  outer loop
   vertex -30.688240051269531 46.032310485839844 -50.191444396972656
   vertex -31.036970138549805 45.683582305908203 -50.011798858642578
   vertex -30.688240051269531 45.683582305908203 -50.120113372802734
  endloop
 endfacet
 facet normal -0.44962538027961196 -0.047331042466783019 0.89196232534083086
  outer loop
   vertex -32.780620574951172 47.078502655029297 -49.396583557128906
   vertex -33.0247802734375 47.078502655029297 -49.519660949707031
   vertex -32.780620574951172 46.729770660400391 -49.415088653564453
  endloop
 endfacet
 facet normal -0.51162136567713445 -0.10239366980713703 0.85308798758750015
  outer loop
   vertex -32.780620574951172 46.729770660400391 -49.415088653564453
   vertex -33.0247802734375 47.078502655029297 -49.519660949707031
   vertex -32.954986572265625 46.729770660400391 -49.519660949707031
  endloop
 endfacet
 facet normal -0.51379292972127877 0.04546085372373463 0.85670889813701268
  outer loop
   vertex -32.780620574951172 46.729770660400391 -49.415088653564453
   vertex -32.954986572265625 46.729770660400391 -49.519660949707031
   vertex -32.780620574951172 46.38104248046875 -49.396583557128906
  endloop
 endfacet
 facet normal -0.46906399325613607 0.076006048460386402 0.8798875216912927
  outer loop
   vertex -32.780620574951172 46.38104248046875 -49.396583557128906
   vertex -32.954986572265625 46.729770660400391 -49.519660949707031
   vertex -33.011493682861328 46.38104248046875 -49.519660949707031
  endloop
 endfacet
 facet normal -0.46822232023382165 -0.0966525774471413 0.878308680423734
  outer loop
   vertex -32.780620574951172 46.38104248046875 -49.396583557128906
   vertex -33.011493682861328 46.38104248046875 -49.519660949707031
   vertex -32.780620574951172 46.032310485839844 -49.434959411621094
  endloop
 endfacet
 facet normal -0.34311229921440667 0.00098709810642749751 0.93929387082272164
  outer loop
   vertex -32.780620574951172 46.032310485839844 -49.434959411621094
   vertex -33.011493682861328 46.38104248046875 -49.519660949707031
   vertex -33.012496948242188 46.032310485839844 -49.519660949707031
  endloop
 endfacet
 facet normal -0.28864792418357127 -0.54062562616313481 0.79019384216800481
  outer loop
   vertex -32.780620574951172 46.032310485839844 -49.434959411621094
   vertex -33.012496948242188 46.032310485839844 -49.519660949707031
   vertex -32.780620574951172 45.90850830078125 -49.519660949707031
  endloop
 endfacet
 facet normal -0.31717171065903588 -0.59404949874929114 0.73926131982766197
  outer loop
   vertex -32.780620574951172 45.90850830078125 -49.519660949707031
   vertex -33.012496948242188 46.032310485839844 -49.519660949707031
   vertex -32.780620574951172 45.683582305908203 -49.700405120849609
  endloop
 endfacet
 facet normal -0.11870977983090165 -0.62196203579497744 0.77399690839322211
  outer loop
   vertex -32.780620574951172 45.90850830078125 -49.519660949707031
   vertex -32.780620574951172 45.683582305908203 -49.700405120849609
   vertex -32.431888580322266 45.683582305908203 -49.646919250488281
  endloop
 endfacet
 facet normal -0.10364661219261352 -0.72977634031431915 0.67578389511620729
  outer loop
   vertex -32.431888580322266 45.683582305908203 -49.646919250488281
   vertex -32.780620574951172 45.683582305908203 -49.700405120849609
   vertex -32.780620574951172 45.528026580810547 -49.868389129638672
  endloop
 endfacet
 facet normal -0.081037531783213823 -0.75111924166661681 0.65517387252595105
  outer loop
   vertex -32.431888580322266 45.683582305908203 -49.646919250488281
   vertex -32.780620574951172 45.528026580810547 -49.868389129638672
   vertex -32.431888580322266 45.490402221679688 -49.868389129638672
  endloop
 endfacet
 facet normal -0.083215533617621212 -0.7713066665574061 0.6310001593413721
  outer loop
   vertex -32.431888580322266 45.490402221679688 -49.868389129638672
   vertex -32.780620574951172 45.528026580810547 -49.868389129638672
   vertex -32.431888580322266 45.334850311279297 -50.058528900146484
  endloop
 endfacet
 facet normal -0.22621703048198014 -0.75392696674983828 0.61678195817266179
  outer loop
   vertex -32.431888580322266 45.490402221679688 -49.868389129638672
   vertex -32.431888580322266 45.334850311279297 -50.058528900146484
   vertex -32.083160400390625 45.334850311279297 -49.930625915527344
  endloop
 endfacet
 facet normal -0.21529960052726119 -0.78042222795897909 0.58701552630262266
  outer loop
   vertex -32.083160400390625 45.334850311279297 -49.930625915527344
   vertex -32.431888580322266 45.334850311279297 -50.058528900146484
   vertex -32.431888580322266 45.215560913085938 -50.217121124267578
  endloop
 endfacet
 facet normal -0.3029511957635016 -0.69088682989352956 0.65642666099506797
  outer loop
   vertex -32.083160400390625 45.334850311279297 -49.930625915527344
   vertex -32.431888580322266 45.215560913085938 -50.217121124267578
   vertex -32.083160400390625 45.062644958496094 -50.217121124267578
  endloop
 endfacet
 facet normal -0.38677815212699979 -0.88205603784348496 0.26903495524016202
  outer loop
   vertex -32.083160400390625 45.062644958496094 -50.217121124267578
   vertex -32.431888580322266 45.215560913085938 -50.217121124267578
   vertex -32.431888580322266 45.109195709228516 -50.565849304199219
  endloop
 endfacet
 facet normal -0.48443448335375205 -0.78837371239973775 0.37919667843328869
  outer loop
   vertex -32.083160400390625 45.062644958496094 -50.217121124267578
   vertex -32.431888580322266 45.109195709228516 -50.565849304199219
   vertex -32.083160400390625 44.986122131347656 -50.376216888427734
  endloop
 endfacet
 facet normal -0.45151284383342638 -0.8469906807949239 0.28061172195758904
  outer loop
   vertex -32.083160400390625 44.986122131347656 -50.376216888427734
   vertex -32.431888580322266 45.109195709228516 -50.565849304199219
   vertex -32.201015472412109 44.986122131347656 -50.565849304199219
  endloop
 endfacet
 facet normal -0.50215004638926919 -0.80650476622980194 0.3120823496448768
  outer loop
   vertex -32.083160400390625 44.986122131347656 -50.376216888427734
   vertex -32.201015472412109 44.986122131347656 -50.565849304199219
   vertex -32.083160400390625 44.912742614746094 -50.565849304199219
  endloop
 endfacet
 facet normal -0.5252777737998674 -0.84365028184377744 0.11107412973672258
  outer loop
   vertex -32.083160400390625 44.912742614746094 -50.565849304199219
   vertex -32.201015472412109 44.986122131347656 -50.565849304199219
   vertex -32.083160400390625 44.866828918457031 -50.914581298828125
  endloop
 endfacet
 facet normal -0.57539850902259759 -0.81087549250151558 0.10675903462937542
  outer loop
   vertex -32.083160400390625 44.912742614746094 -50.565849304199219
   vertex -32.083160400390625 44.866828918457031 -50.914581298828125
   vertex -31.734430313110352 44.665283203125 -50.565849304199219
  endloop
 endfacet
 facet normal -0.52614619846020283 -0.84967001886158733 0.035086135347551818
  outer loop
   vertex -31.734430313110352 44.665283203125 -50.565849304199219
   vertex -32.083160400390625 44.866828918457031 -50.914581298828125
   vertex -31.734430313110352 44.650882720947266 -50.914581298828125
  endloop
 endfacet
 facet normal -0.73541979883144315 -0.67703478881754098 0.027957364280406672
  outer loop
   vertex -31.734430313110352 44.665283203125 -50.565849304199219
   vertex -31.734430313110352 44.650882720947266 -50.914581298828125
   vertex -31.708751678466797 44.63739013671875 -50.565849304199219
  endloop
 endfacet
 facet normal -0.70684115808148196 -0.70694107908205894 0.024695909546394071
  outer loop
   vertex -31.708751678466797 44.63739013671875 -50.565849304199219
   vertex -31.734430313110352 44.650882720947266 -50.914581298828125
   vertex -31.720935821533203 44.63739013671875 -50.914581298828125
  endloop
 endfacet
 facet normal -0.93322809009467467 -0.35780191806527561 0.032605510072003227
  outer loop
   vertex -31.708751678466797 44.63739013671875 -50.565849304199219
   vertex -31.720935821533203 44.63739013671875 -50.914581298828125
   vertex -31.575048446655273 44.288661956787109 -50.565849304199219
  endloop
 endfacet
 facet normal -0.51161592884051477 -0.10239258170235685 0.85309137879185215
  outer loop
   vertex -33.0247802734375 47.078502655029297 -49.519660949707031
   vertex -33.129348754882812 46.729770660400391 -49.624229431152344
   vertex -32.954986572265625 46.729770660400391 -49.519660949707031
  endloop
 endfacet
 facet normal -0.51281257077149944 0.076485162000586263 0.85508671329431252
  outer loop
   vertex -32.954986572265625 46.729770660400391 -49.519660949707031
   vertex -33.129348754882812 46.729770660400391 -49.624229431152344
   vertex -33.129348754882812 46.38104248046875 -49.593036651611328
  endloop
 endfacet
 facet normal -0.52660092159285254 0.085329199728222588 0.84581936431563187
  outer loop
   vertex -32.954986572265625 46.729770660400391 -49.519660949707031
   vertex -33.129348754882812 46.38104248046875 -49.593036651611328
   vertex -33.011493682861328 46.38104248046875 -49.519660949707031
  endloop
 endfacet
 facet normal -0.52782979811741304 0.051404729241719384 0.84779316937028726
  outer loop
   vertex -33.011493682861328 46.38104248046875 -49.519660949707031
   vertex -33.129348754882812 46.38104248046875 -49.593036651611328
   vertex -33.129348754882812 46.032310485839844 -49.571891784667969
  endloop
 endfacet
 facet normal -0.40807298263400849 0.0011739831809134331 0.9129485541955118
  outer loop
   vertex -33.011493682861328 46.38104248046875 -49.519660949707031
   vertex -33.129348754882812 46.032310485839844 -49.571891784667969
   vertex -33.012496948242188 46.032310485839844 -49.519660949707031
  endloop
 endfacet
 facet normal -0.32731860857498934 -0.59717972579313128 0.73228334924547711
  outer loop
   vertex -33.012496948242188 46.032310485839844 -49.519660949707031
   vertex -33.129348754882812 46.032310485839844 -49.571891784667969
   vertex -32.780620574951172 45.683582305908203 -49.700405120849609
  endloop
 endfacet
 facet normal -0.45151704502129919 -0.28062341580290201 0.84698456689502066
  outer loop
   vertex -33.478080749511719 46.729770660400391 -49.745315551757812
   vertex -33.826808929443359 46.919403076171875 -49.868389129638672
   vertex -33.708950042724609 46.729770660400391 -49.868389129638672
  endloop
 endfacet
 facet normal -0.50212091144353388 -0.31207434330348255 0.80652600363708971
  outer loop
   vertex -33.708950042724609 46.729770660400391 -49.868389129638672
   vertex -33.826808929443359 46.919403076171875 -49.868389129638672
   vertex -33.826808929443359 46.729770660400391 -49.941764831542969
  endloop
 endfacet
 facet normal -0.51149291844318201 -0.25175745942442734 0.82157968329714326
  outer loop
   vertex -33.708950042724609 46.729770660400391 -49.868389129638672
   vertex -33.826808929443359 46.729770660400391 -49.941764831542969
   vertex -33.826808929443359 46.38104248046875 -50.048625946044922
  endloop
 endfacet
 facet normal -0.56144344045771732 -0.24244866182423874 0.79120156063207914
  outer loop
   vertex -33.826808929443359 46.38104248046875 -50.048625946044922
   vertex -33.826808929443359 46.729770660400391 -49.941764831542969
   vertex -34.175540924072266 46.729770660400391 -50.189228057861328
  endloop
 endfacet
 facet normal -0.63791778973468805 -0.36438702156240171 0.67844159074815868
  outer loop
   vertex -33.826808929443359 46.38104248046875 -50.048625946044922
   vertex -34.175540924072266 46.729770660400391 -50.189228057861328
   vertex -34.175540924072266 46.677837371826172 -50.217121124267578
  endloop
 endfacet
 facet normal -0.6914092743951934 -0.3418448527952142 0.63647098276176783
  outer loop
   vertex -34.175540924072266 46.677837371826172 -50.217121124267578
   vertex -34.175540924072266 46.729770660400391 -50.189228057861328
   vertex -34.201217651367188 46.729770660400391 -50.217121124267578
  endloop
 endfacet
 facet normal -0.78647246581143826 -0.3888457593195821 0.47985418199662866
  outer loop
   vertex -34.175540924072266 46.677837371826172 -50.217121124267578
   vertex -34.201217651367188 46.729770660400391 -50.217121124267578
   vertex -34.175540924072266 46.38104248046875 -50.457626342773438
  endloop
 endfacet
 facet normal -0.81587323874109419 -0.36779022765032698 0.44618517092238547
  outer loop
   vertex -34.175540924072266 46.38104248046875 -50.457626342773438
   vertex -34.201217651367188 46.729770660400391 -50.217121124267578
   vertex -34.234725952148438 46.38104248046875 -50.565849304199219
  endloop
 endfacet
 facet normal -0.8340686172052737 -0.31027344560720793 0.45613586873245754
  outer loop
   vertex -34.175540924072266 46.38104248046875 -50.457626342773438
   vertex -34.234725952148438 46.38104248046875 -50.565849304199219
   vertex -34.175540924072266 46.221942901611328 -50.565849304199219
  endloop
 endfacet
 facet normal -0.89533648647470609 -0.33306508709940935 0.29570293157591687
  outer loop
   vertex -34.175540924072266 46.221942901611328 -50.565849304199219
   vertex -34.234725952148438 46.38104248046875 -50.565849304199219
   vertex -34.175540924072266 46.032310485839844 -50.779441833496094
  endloop
 endfacet
 facet normal -0.88813961101522942 -0.34367149237571071 0.3051195448901442
  outer loop
   vertex -34.175540924072266 46.221942901611328 -50.565849304199219
   vertex -34.175540924072266 46.032310485839844 -50.779441833496094
   vertex -34.102161407470703 46.032310485839844 -50.565849304199219
  endloop
 endfacet
 facet normal -0.91443303115962027 0.25518691117635944 0.31415262514977954
  outer loop
   vertex -34.102161407470703 46.032310485839844 -50.565849304199219
   vertex -34.175540924072266 46.032310485839844 -50.779441833496094
   vertex -34.175540924072266 45.769363403320312 -50.565849304199219
  endloop
 endfacet
 facet normal -0.79982400620901817 0.22320346124237159 0.5571909672465819
  outer loop
   vertex -34.102161407470703 46.032310485839844 -50.565849304199219
   vertex -34.175540924072266 45.769363403320312 -50.565849304199219
   vertex -34.175540924072266 45.683582305908203 -50.531486511230469
  endloop
 endfacet
 facet normal -0.77898483108404848 0.23317236172129366 0.58207669827117348
  outer loop
   vertex -34.175540924072266 45.683582305908203 -50.531486511230469
   vertex -34.175540924072266 45.769363403320312 -50.565849304199219
   vertex -34.201217651367188 45.683582305908203 -50.565849304199219
  endloop
 endfacet
 facet normal -0.80031098803208622 -0.043402945565332654 0.59801212926775893
  outer loop
   vertex -34.175540924072266 45.683582305908203 -50.531486511230469
   vertex -34.201217651367188 45.683582305908203 -50.565849304199219
   vertex -34.175540924072266 45.334850311279297 -50.556797027587891
  endloop
 endfacet
 facet normal -0.83097715283533791 -0.046794617939534003 0.55433494856230081
  outer loop
   vertex -34.175540924072266 45.334850311279297 -50.556797027587891
   vertex -34.201217651367188 45.683582305908203 -50.565849304199219
   vertex -34.18157958984375 45.334850311279297 -50.565849304199219
  endloop
 endfacet
 facet normal -0.63952862947290046 -0.63952862947290046 0.42662192181019865
  outer loop
   vertex -34.175540924072266 45.334850311279297 -50.556797027587891
   vertex -34.18157958984375 45.334850311279297 -50.565849304199219
   vertex -34.175540924072266 45.328811645507812 -50.565849304199219
  endloop
 endfacet
 facet normal -0.69329563672832828 -0.69329563672832828 0.19667821482544429
  outer loop
   vertex -34.175540924072266 45.328811645507812 -50.565849304199219
   vertex -34.18157958984375 45.334850311279297 -50.565849304199219
   vertex -34.175540924072266 45.229881286621094 -50.914581298828125
  endloop
 endfacet
 facet normal 0.79327845590336077 0.18693475175893315 0.57945206012612105
  outer loop
   vertex -31.036970138549805 47.078502655029297 -50.116668701171875
   vertex -30.881416320800781 46.729770660400391 -50.217121124267578
   vertex -30.963594436645508 47.078502655029297 -50.217121124267578
  endloop
 endfacet
 facet normal 0.86974863478604281 0.20495482251721026 0.44892185624533104
  outer loop
   vertex -30.963594436645508 47.078502655029297 -50.217121124267578
   vertex -30.881416320800781 46.729770660400391 -50.217121124267578
   vertex -30.783597946166992 47.078502655029297 -50.565849304199219
  endloop
 endfacet
 facet normal 0.76247712447412919 0.33789572257555744 0.55177451492326557
  outer loop
   vertex -30.688240051269531 46.863323211669922 -50.565849304199219
   vertex -30.783597946166992 47.078502655029297 -50.565849304199219
   vertex -30.881416320800781 46.729770660400391 -50.217121124267578
  endloop
 endfacet
 facet normal 0.87116284299841829 0.24534033750919709 0.42530391459494749
  outer loop
   vertex -30.557012557983398 47.078502655029297 -50.914581298828125
   vertex -30.629053115844727 46.729770660400391 -50.565849304199219
   vertex -30.45880126953125 46.729770660400391 -50.914581298828125
  endloop
 endfacet
 facet normal 0.88067962711197156 0.19886267546144451 0.42995003279245714
  outer loop
   vertex -30.45880126953125 46.729770660400391 -50.914581298828125
   vertex -30.629053115844727 46.729770660400391 -50.565849304199219
   vertex -30.550308227539062 46.38104248046875 -50.565849304199219
  endloop
 endfacet
 facet normal 0.90583277050522459 0.1561280073560232 0.39381599408590101
  outer loop
   vertex -30.45880126953125 46.729770660400391 -50.914581298828125
   vertex -30.550308227539062 46.38104248046875 -50.565849304199219
   vertex -30.39869499206543 46.38104248046875 -50.914581298828125
  endloop
 endfacet
 facet normal 0.87753313502296026 0.29048882859026476 0.38151256519416354
  outer loop
   vertex -30.39869499206543 46.38104248046875 -50.914581298828125
   vertex -30.550308227539062 46.38104248046875 -50.565849304199219
   vertex -30.434867858886719 46.032310485839844 -50.565849304199219
  endloop
 endfacet
 facet normal 0.81773799142727432 0.36237767950056154 0.44719905498142015
  outer loop
   vertex -30.39869499206543 46.38104248046875 -50.914581298828125
   vertex -30.434867858886719 46.032310485839844 -50.565849304199219
   vertex -30.339509963989258 46.247486114501953 -50.914581298828125
  endloop
 endfacet
 facet normal -0.99907864320674766 0 0.042916951058575972
  outer loop
   vertex -34.334922790527344 46.729770660400391 -50.565849304199219
   vertex -34.349903106689453 47.078502655029297 -50.914581298828125
   vertex -34.349903106689453 46.729770660400391 -50.914581298828125
  endloop
 endfacet
 facet normal 0.7834395222626489 -0.21515939150669744 0.58303426246091261
  outer loop
   vertex -29.914569854736328 47.078502655029297 -51.612041473388672
   vertex -29.990779876708984 47.078502655029297 -51.509635925292969
   vertex -29.990779876708984 46.801006317138672 -51.612041473388672
  endloop
 endfacet
 facet normal 0.75966638149103483 -0.2251458492214915 0.6100953494419139
  outer loop
   vertex -29.990779876708984 46.801006317138672 -51.612041473388672
   vertex -29.990779876708984 47.078502655029297 -51.509635925292969
   vertex -30.011892318725586 46.729770660400391 -51.612041473388672
  endloop
 endfacet
 facet normal -0.96898076527349375 0.15319388961143107 -0.19392758626795426
  outer loop
   vertex -34.349903106689453 46.729770660400391 -51.263309478759766
   vertex -34.2249755859375 47.078502655029297 -51.612041473388672
   vertex -34.280109405517578 46.729770660400391 -51.612041473388672
  endloop
 endfacet
 facet normal 0.72555676557485316 -0.34731966426345096 -0.5940845316488903
  outer loop
   vertex -29.990779876708984 47.078502655029297 -52.0450439453125
   vertex -29.990779876708984 46.934352874755859 -51.960769653320312
   vertex -30.207317352294922 47.078502655029297 -52.309501647949219
  endloop
 endfacet
 facet normal 0.75133068886035104 -0.29702989493226106 -0.58930080391355366
  outer loop
   vertex -30.207317352294922 47.078502655029297 -52.309501647949219
   vertex -29.990779876708984 46.934352874755859 -51.960769653320312
   vertex -30.071659088134766 46.729770660400391 -51.960769653320312
  endloop
 endfacet
 facet normal 0.89071998549549891 -0.097482481074651225 -0.44397643329621517
  outer loop
   vertex -30.207317352294922 47.078502655029297 -52.309501647949219
   vertex -30.071659088134766 46.729770660400391 -51.960769653320312
   vertex -30.2454833984375 46.729770660400391 -52.309501647949219
  endloop
 endfacet
 facet normal 0.8949395557517632 -0.0098043248529856679 -0.44607966414645467
  outer loop
   vertex -30.2454833984375 46.729770660400391 -52.309501647949219
   vertex -30.071659088134766 46.729770660400391 -51.960769653320312
   vertex -30.075479507446289 46.38104248046875 -51.960769653320312
  endloop
 endfacet
 facet normal 0.9446369848553019 0.20171585789689389 -0.25878887054200056
  outer loop
   vertex -30.2454833984375 46.729770660400391 -52.309501647949219
   vertex -30.075479507446289 46.38104248046875 -51.960769653320312
   vertex -30.171016693115234 46.38104248046875 -52.309501647949219
  endloop
 endfacet
 facet normal 0.44563376599912674 -0.045856986417269673 -0.89404009048708866
  outer loop
   vertex -30.339509963989258 47.078502655029297 -52.421413421630859
   vertex -30.339509963989258 46.729770660400391 -52.403526306152344
   vertex -30.688240051269531 46.729770660400391 -52.577350616455078
  endloop
 endfacet
 facet normal 0.43025815802604034 0.2641503237774383 -0.86319321353930567
  outer loop
   vertex -30.688240051269531 46.729770660400391 -52.577350616455078
   vertex -30.339509963989258 46.729770660400391 -52.403526306152344
   vertex -30.339509963989258 46.38104248046875 -52.510242462158203
  endloop
 endfacet
 facet normal 0.51155616957381544 0.36155871859254229 -0.77947776002954983
  outer loop
   vertex -30.688240051269531 46.729770660400391 -52.577350616455078
   vertex -30.339509963989258 46.38104248046875 -52.510242462158203
   vertex -30.688240051269531 46.555404663085938 -52.658229827880859
  endloop
 endfacet
 facet normal 0.52698630309054229 0.43362690015723376 -0.73092622597290324
  outer loop
   vertex -30.688240051269531 46.555404663085938 -52.658229827880859
   vertex -30.339509963989258 46.38104248046875 -52.510242462158203
   vertex -30.544767379760742 46.38104248046875 -52.658229827880859
  endloop
 endfacet
 facet normal 0.45530632587727432 0.37464554496821617 -0.80767373688365374
  outer loop
   vertex -30.688240051269531 46.555404663085938 -52.658229827880859
   vertex -30.544767379760742 46.38104248046875 -52.658229827880859
   vertex -30.688240051269531 46.38104248046875 -52.739109039306641
  endloop
 endfacet
 facet normal 0.44453436611133634 0.42491657119618936 -0.78856521916000455
  outer loop
   vertex -30.688240051269531 46.38104248046875 -52.739109039306641
   vertex -30.544767379760742 46.38104248046875 -52.658229827880859
   vertex -30.339509963989258 46.032310485839844 -52.730434417724609
  endloop
 endfacet
 facet normal 0.32199574385702201 0.38356957794124591 -0.86555942592980728
  outer loop
   vertex -31.036970138549805 47.078502655029297 -52.599044799804688
   vertex -31.036970138549805 46.9449462890625 -52.658229827880859
   vertex -31.196065902709961 47.078502655029297 -52.658229827880859
  endloop
 endfacet
 facet normal 0.32200962891000301 0.38358611817201982 -0.86554693046360198
  outer loop
   vertex -31.196065902709961 47.078502655029297 -52.658229827880859
   vertex -31.036970138549805 46.9449462890625 -52.658229827880859
   vertex -31.036970138549805 46.729770660400391 -52.753589630126953
  endloop
 endfacet
 facet normal -0.70186062579045172 0.42085927593320394 -0.57469046609980823
  outer loop
   vertex -33.826808929443359 46.729770660400391 -52.393775939941406
   vertex -33.826808929443359 46.8448486328125 -52.309501647949219
   vertex -33.610271453857422 46.729770660400391 -52.658229827880859
  endloop
 endfacet
 facet normal -0.71328796303016351 0.4005992706770114 -0.57510043134162803
  outer loop
   vertex -33.610271453857422 46.729770660400391 -52.658229827880859
   vertex -33.826808929443359 46.8448486328125 -52.309501647949219
   vertex -33.695583343505859 47.078502655029297 -52.309501647949219
  endloop
 endfacet
 facet normal 0.2318403380283707 0.25934328658350581 -0.93754526150312145
  outer loop
   vertex -32.431888580322266 47.078502655029297 -53.118873596191406
   vertex -32.083160400390625 47.078502655029297 -53.032638549804688
   vertex -32.431888580322266 46.729770660400391 -53.215339660644531
  endloop
 endfacet
 facet normal 0.13007283011769466 0.35495194839770122 -0.92579164675095715
  outer loop
   vertex -32.431888580322266 46.729770660400391 -53.215339660644531
   vertex -32.083160400390625 47.078502655029297 -53.032638549804688
   vertex -32.083160400390625 46.729770660400391 -53.166343688964844
  endloop
 endfacet
 facet normal 0.13912725619957519 -0.0086873294512659072 -0.99023640454660267
  outer loop
   vertex -32.431888580322266 46.729770660400391 -53.215339660644531
   vertex -32.083160400390625 46.729770660400391 -53.166343688964844
   vertex -32.431888580322266 46.38104248046875 -53.2122802734375
  endloop
 endfacet
 facet normal -0.0095302934816609546 0.26659520084540073 -0.96376147069301021
  outer loop
   vertex -32.431888580322266 47.078502655029297 -53.118873596191406
   vertex -32.431888580322266 46.729770660400391 -53.215339660644531
   vertex -32.780620574951172 46.729770660400391 -53.211891174316406
  endloop
 endfacet
 facet normal -0.0097119280814237149 -0.18795579691632053 -0.98212947051724919
  outer loop
   vertex -32.780620574951172 46.729770660400391 -53.211891174316406
   vertex -32.431888580322266 46.729770660400391 -53.215339660644531
   vertex -32.780620574951172 46.38104248046875 -53.145153045654297
  endloop
 endfacet
 facet normal 0.52964327009458945 -0.049371018860361666 0.84678244487010923
  outer loop
   vertex -31.734430313110352 46.729770660400391 -49.376251220703125
   vertex -31.734430313110352 46.38104248046875 -49.396583557128906
   vertex -31.537656784057617 46.38104248046875 -49.519660949707031
  endloop
 endfacet
 facet normal 0.51988626183155806 -0.19711126668941259 0.83118314666678839
  outer loop
   vertex -31.537656784057617 46.38104248046875 -49.519660949707031
   vertex -31.734430313110352 46.38104248046875 -49.396583557128906
   vertex -31.669876098632812 46.032310485839844 -49.519660949707031
  endloop
 endfacet
 facet normal 0.62383433920517206 -0.23652245853137094 0.74490794319749487
  outer loop
   vertex -31.537656784057617 46.38104248046875 -49.519660949707031
   vertex -31.669876098632812 46.032310485839844 -49.519660949707031
   vertex -31.385700225830078 46.38104248046875 -49.646919250488281
  endloop
 endfacet
 facet normal 0.62642431373565099 -0.23981256847028515 0.74167547563911251
  outer loop
   vertex -31.385700225830078 46.38104248046875 -49.646919250488281
   vertex -31.669876098632812 46.032310485839844 -49.519660949707031
   vertex -31.385700225830078 46.032310485839844 -49.759677886962891
  endloop
 endfacet
 facet normal 0.60598890228291302 -0.24473225234969148 0.75689072855320194
  outer loop
   vertex -31.385700225830078 46.38104248046875 -49.646919250488281
   vertex -31.385700225830078 46.032310485839844 -49.759677886962891
   vertex -31.249917984008789 46.032310485839844 -49.868389129638672
  endloop
 endfacet
 facet normal 0.61033748425654788 -0.21529757073151634 0.76232218342935276
  outer loop
   vertex -31.249917984008789 46.032310485839844 -49.868389129638672
   vertex -31.385700225830078 46.032310485839844 -49.759677886962891
   vertex -31.372932434082031 45.683582305908203 -49.868389129638672
  endloop
 endfacet
 facet normal 0.53391669105912309 -0.18834000782052651 0.82429424871379575
  outer loop
   vertex -31.249917984008789 46.032310485839844 -49.868389129638672
   vertex -31.372932434082031 45.683582305908203 -49.868389129638672
   vertex -31.036970138549805 46.032310485839844 -50.006320953369141
  endloop
 endfacet
 facet normal 0.3925501424018491 -0.014445565203943526 0.91961715476943262
  outer loop
   vertex -31.036970138549805 46.032310485839844 -50.006320953369141
   vertex -31.372932434082031 45.683582305908203 -49.868389129638672
   vertex -31.036970138549805 45.683582305908203 -50.011798858642578
  endloop
 endfacet
 facet normal -0.49968903515513946 0.077171547703887039 0.86276034932692192
  outer loop
   vertex -33.129348754882812 46.729770660400391 -49.624229431152344
   vertex -33.478080749511719 46.38104248046875 -49.795013427734375
   vertex -33.129348754882812 46.38104248046875 -49.593036651611328
  endloop
 endfacet
 facet normal -0.49524880229259449 -0.15343761408215234 0.85509386760315798
  outer loop
   vertex -33.129348754882812 46.38104248046875 -49.593036651611328
   vertex -33.478080749511719 46.38104248046875 -49.795013427734375
   vertex -33.478080749511719 46.032310485839844 -49.857589721679688
  endloop
 endfacet
 facet normal -0.63303569360174972 0.046851775170701236 0.7727035148033855
  outer loop
   vertex -33.129348754882812 46.38104248046875 -49.593036651611328
   vertex -33.478080749511719 46.032310485839844 -49.857589721679688
   vertex -33.129348754882812 46.032310485839844 -49.571891784667969
  endloop
 endfacet
 facet normal -0.58473656600418034 -0.38554747008823909 0.71374806247456613
  outer loop
   vertex -33.129348754882812 46.032310485839844 -49.571891784667969
   vertex -33.478080749511719 46.032310485839844 -49.857589721679688
   vertex -33.129348754882812 45.683582305908203 -49.760265350341797
  endloop
 endfacet
 facet normal -0.14933395236491637 -0.46993754153275141 0.86997590640731326
  outer loop
   vertex -33.129348754882812 46.032310485839844 -49.571891784667969
   vertex -33.129348754882812 45.683582305908203 -49.760265350341797
   vertex -32.780620574951172 45.683582305908203 -49.700405120849609
  endloop
 endfacet
 facet normal -0.11193249281277483 -0.74983667122875308 0.65208594796491437
  outer loop
   vertex -32.780620574951172 45.683582305908203 -49.700405120849609
   vertex -33.129348754882812 45.683582305908203 -49.760265350341797
   vertex -33.129348754882812 45.589553833007812 -49.868389129638672
  endloop
 endfacet
 facet normal -0.12838276744372051 -0.72765623729943574 0.67382064775629913
  outer loop
   vertex -32.780620574951172 45.683582305908203 -49.700405120849609
   vertex -33.129348754882812 45.589553833007812 -49.868389129638672
   vertex -32.780620574951172 45.528026580810547 -49.868389129638672
  endloop
 endfacet
 facet normal -0.15246742214217221 -0.86416481678783286 0.4795548504721559
  outer loop
   vertex -32.780620574951172 45.528026580810547 -49.868389129638672
   vertex -33.129348754882812 45.589553833007812 -49.868389129638672
   vertex -33.129348754882812 45.396030426025391 -50.217121124267578
  endloop
 endfacet
 facet normal -0.27339212797447321 -0.77674148932285725 0.56738822963302549
  outer loop
   vertex -32.780620574951172 45.528026580810547 -49.868389129638672
   vertex -33.129348754882812 45.396030426025391 -50.217121124267578
   vertex -32.780620574951172 45.334850311279297 -50.132843017578125
  endloop
 endfacet
 facet normal -0.27314973901263073 -0.77847164676327008 0.56512929074948348
  outer loop
   vertex -32.780620574951172 45.334850311279297 -50.132843017578125
   vertex -33.129348754882812 45.396030426025391 -50.217121124267578
   vertex -32.954986572265625 45.334850311279297 -50.217121124267578
  endloop
 endfacet
 facet normal -0.26764291492856385 -0.78850725094874163 0.55373602491602436
  outer loop
   vertex -32.780620574951172 45.334850311279297 -50.132843017578125
   vertex -32.954986572265625 45.334850311279297 -50.217121124267578
   vertex -32.780620574951172 45.275665283203125 -50.217121124267578
  endloop
 endfacet
 facet normal -0.28807072756731711 -0.84868997011759562 0.44355449557030879
  outer loop
   vertex -32.780620574951172 45.275665283203125 -50.217121124267578
   vertex -32.954986572265625 45.334850311279297 -50.217121124267578
   vertex -33.129348754882812 45.211776733398438 -50.565849304199219
  endloop
 endfacet
 facet normal -0.099570458981698251 -0.95633879478145711 0.27477596928065623
  outer loop
   vertex -32.780620574951172 45.275665283203125 -50.217121124267578
   vertex -33.129348754882812 45.211776733398438 -50.565849304199219
   vertex -32.780620574951172 45.175468444824219 -50.565849304199219
  endloop
 endfacet
 facet normal -0.1024658807782463 -0.9841482898828473 0.14475112019257438
  outer loop
   vertex -32.780620574951172 45.175468444824219 -50.565849304199219
   vertex -33.129348754882812 45.211776733398438 -50.565849304199219
   vertex -33.129348754882812 45.160484313964844 -50.914581298828125
  endloop
 endfacet
 facet normal 0 -0.99907817455365999 0.042927859608028793
  outer loop
   vertex -32.780620574951172 45.175468444824219 -50.565849304199219
   vertex -33.129348754882812 45.160484313964844 -50.914581298828125
   vertex -32.780620574951172 45.160484313964844 -50.914581298828125
  endloop
 endfacet
 facet normal 0 -1 0
  outer loop
   vertex -32.780620574951172 45.160484313964844 -50.914581298828125
   vertex -33.129348754882812 45.160484313964844 -50.914581298828125
   vertex -33.129348754882812 45.160484313964844 -51.263309478759766
  endloop
 endfacet
 facet normal -0.04287794927160677 -0.99815978827666818 0.04287794927160677
  outer loop
   vertex -32.780620574951172 45.160484313964844 -50.914581298828125
   vertex -33.129348754882812 45.160484313964844 -51.263309478759766
   vertex -32.780620574951172 45.145503997802734 -51.263309478759766
  endloop
 endfacet
 facet normal -0.042917419657442127 -0.9990786230772567 -0
  outer loop
   vertex -32.780620574951172 45.145503997802734 -51.263309478759766
   vertex -33.129348754882812 45.160484313964844 -51.263309478759766
   vertex -33.129348754882812 45.160484313964844 -51.612041473388672
  endloop
 endfacet
 facet normal -0.14474214712027877 -0.98414971091814973 0.10246490787939956
  outer loop
   vertex -32.780620574951172 45.145503997802734 -51.263309478759766
   vertex -33.129348754882812 45.160484313964844 -51.612041473388672
   vertex -32.780620574951172 45.109195709228516 -51.612041473388672
  endloop
 endfacet
 facet normal -0.14537677811083785 -0.98846477683588418 0.042461480672462644
  outer loop
   vertex -32.780620574951172 45.109195709228516 -51.612041473388672
   vertex -33.129348754882812 45.160484313964844 -51.612041473388672
   vertex -33.129348754882812 45.145503997802734 -51.960769653320312
  endloop
 endfacet
 facet normal -0.27196442523940417 -0.94655340981156666 0.17341278435656518
  outer loop
   vertex -32.780620574951172 45.109195709228516 -51.612041473388672
   vertex -33.129348754882812 45.145503997802734 -51.960769653320312
   vertex -32.780620574951172 45.045307159423828 -51.960769653320312
  endloop
 endfacet
 facet normal -0.27583934422090828 -0.96003979786198013 0.047288927889173868
  outer loop
   vertex -32.780620574951172 45.045307159423828 -51.960769653320312
   vertex -33.129348754882812 45.145503997802734 -51.960769653320312
   vertex -33.129348754882812 45.128326416015625 -52.309501647949219
  endloop
 endfacet
 facet normal -0.47979742939830688 -0.83082305614958463 0.2820061632536438
  outer loop
   vertex -32.780620574951172 45.045307159423828 -51.960769653320312
   vertex -33.129348754882812 45.128326416015625 -52.309501647949219
   vertex -32.780620574951172 44.986122131347656 -52.135135650634766
  endloop
 endfacet
 facet normal -0.47626768342536274 -0.83679662163503898 0.27007500392450945
  outer loop
   vertex -32.780620574951172 44.986122131347656 -52.135135650634766
   vertex -33.129348754882812 45.128326416015625 -52.309501647949219
   vertex -32.879497528076172 44.986122131347656 -52.309501647949219
  endloop
 endfacet
 facet normal -0.49312890098150663 -0.82378841927305047 0.27963641981755566
  outer loop
   vertex -32.780620574951172 44.986122131347656 -52.135135650634766
   vertex -32.879497528076172 44.986122131347656 -52.309501647949219
   vertex -32.780620574951172 44.926933288574219 -52.309501647949219
  endloop
 endfacet
 facet normal -0.50567041696948545 -0.84473944366132148 -0.17525039721686139
  outer loop
   vertex -32.780620574951172 44.926933288574219 -52.309501647949219
   vertex -32.879497528076172 44.986122131347656 -52.309501647949219
   vertex -32.780620574951172 44.986122131347656 -52.594802856445312
  endloop
 endfacet
 facet normal -0.62168803461382582 -0.32620583171696238 0.71210514881711351
  outer loop
   vertex -33.826808929443359 46.38104248046875 -50.048625946044922
   vertex -34.175540924072266 46.677837371826172 -50.217121124267578
   vertex -34.019809722900391 46.38104248046875 -50.217121124267578
  endloop
 endfacet
 facet normal -0.76818633730185559 -0.40307493328034849 0.49741366019019068
  outer loop
   vertex -34.019809722900391 46.38104248046875 -50.217121124267578
   vertex -34.175540924072266 46.677837371826172 -50.217121124267578
   vertex -34.175540924072266 46.38104248046875 -50.457626342773438
  endloop
 endfacet
 facet normal -0.78730913866332874 -0.34677422157332694 0.50979599785543694
  outer loop
   vertex -34.019809722900391 46.38104248046875 -50.217121124267578
   vertex -34.175540924072266 46.38104248046875 -50.457626342773438
   vertex -34.175540924072266 46.221942901611328 -50.565849304199219
  endloop
 endfacet
 facet normal 0.80471803451016322 0.18171009798370152 0.56516398082755914
  outer loop
   vertex -30.629053115844727 46.729770660400391 -50.565849304199219
   vertex -30.688240051269531 46.729770660400391 -50.481575012207031
   vertex -30.550308227539062 46.38104248046875 -50.565849304199219
  endloop
 endfacet
 facet normal 0.99988000316243886 -0.010953978178754306 -0.010953978178754306
  outer loop
   vertex -30.071659088134766 46.38104248046875 -51.612041473388672
   vertex -30.075479507446289 46.38104248046875 -51.960769653320312
   vertex -30.071659088134766 46.729770660400391 -51.960769653320312
  endloop
 endfacet
 facet normal -0.91677028567807151 0.099421996042447267 -0.38684300433209662
  outer loop
   vertex -34.070968627929688 46.38104248046875 -51.960769653320312
   vertex -33.885997772216797 46.729770660400391 -52.309501647949219
   vertex -33.923816680908203 46.38104248046875 -52.309501647949219
  endloop
 endfacet
 facet normal 0.40978961128414526 0.38383092000948948 -0.82749398748767822
  outer loop
   vertex -30.688240051269531 46.729770660400391 -52.577350616455078
   vertex -30.688240051269531 46.555404663085938 -52.658229827880859
   vertex -30.851560592651367 46.729770660400391 -52.658229827880859
  endloop
 endfacet
 facet normal 0.40979575023174369 0.38383667007693795 -0.8274882801564325
  outer loop
   vertex -30.851560592651367 46.729770660400391 -52.658229827880859
   vertex -30.688240051269531 46.555404663085938 -52.658229827880859
   vertex -30.688240051269531 46.38104248046875 -52.739109039306641
  endloop
 endfacet
 facet normal -0.64576867692153428 0.085650671354114333 -0.75871389759487107
  outer loop
   vertex -33.826808929443359 46.38104248046875 -52.433143615722656
   vertex -33.826808929443359 46.729770660400391 -52.393775939941406
   vertex -33.562355041503906 46.38104248046875 -52.658229827880859
  endloop
 endfacet
 facet normal -0.76938342873588805 -0.10571584331526401 -0.62997880921404903
  outer loop
   vertex -33.562355041503906 46.38104248046875 -52.658229827880859
   vertex -33.826808929443359 46.729770660400391 -52.393775939941406
   vertex -33.610271453857422 46.729770660400391 -52.658229827880859
  endloop
 endfacet
 facet normal -0.64361886576669125 -0.0884353738680487 -0.76021966580588829
  outer loop
   vertex -33.562355041503906 46.38104248046875 -52.658229827880859
   vertex -33.610271453857422 46.729770660400391 -52.658229827880859
   vertex -33.478080749511719 46.729770660400391 -52.770145416259766
  endloop
 endfacet
 facet normal 0.42552273178409378 0.36665474310401547 -0.82734195112681819
  outer loop
   vertex -31.385700225830078 46.729770660400391 -52.911602020263672
   vertex -31.385700225830078 46.514595031738281 -53.006961822509766
   vertex -31.571107864379883 46.729770660400391 -53.006961822509766
  endloop
 endfacet
 facet normal -0.57036949990669505 -0.12280467255247421 -0.81215617092740611
  outer loop
   vertex -33.478080749511719 46.729770660400391 -52.770145416259766
   vertex -33.478080749511719 46.38104248046875 -52.717414855957031
   vertex -33.562355041503906 46.38104248046875 -52.658229827880859
  endloop
 endfacet
 facet normal -0.54980724784005053 -0.29123029034172671 -0.78287732641201391
  outer loop
   vertex -33.562355041503906 46.38104248046875 -52.658229827880859
   vertex -33.478080749511719 46.38104248046875 -52.717414855957031
   vertex -33.478080749511719 46.221942901611328 -52.658229827880859
  endloop
 endfacet
 facet normal -0.61302779601215185 -0.3247179147265557 -0.720246622464917
  outer loop
   vertex -33.562355041503906 46.38104248046875 -52.658229827880859
   vertex -33.478080749511719 46.221942901611328 -52.658229827880859
   vertex -33.826808929443359 46.38104248046875 -52.433143615722656
  endloop
 endfacet
 facet normal -0.60839513737214679 -0.28639411527294995 -0.74015793419982401
  outer loop
   vertex -33.826808929443359 46.38104248046875 -52.433143615722656
   vertex -33.478080749511719 46.221942901611328 -52.658229827880859
   vertex -33.478080749511719 46.032310485839844 -52.584854125976562
  endloop
 endfacet
 facet normal 0.30392149420975634 0.24668780167986906 -0.9202047890875501
  outer loop
   vertex -31.734430313110352 46.729770660400391 -53.087837219238281
   vertex -31.385700225830078 46.38104248046875 -53.066146850585938
   vertex -31.734430313110352 46.38104248046875 -53.181324005126953
  endloop
 endfacet
 facet normal 0.31319147080514614 0.051875003443314173 -0.94827215852447411
  outer loop
   vertex -31.734430313110352 46.38104248046875 -53.181324005126953
   vertex -31.385700225830078 46.38104248046875 -53.066146850585938
   vertex -31.734430313110352 46.032310485839844 -53.200401306152344
  endloop
 endfacet
 facet normal 0.1753324933367145 0.053776939798570074 -0.98303944861141346
  outer loop
   vertex -31.734430313110352 46.38104248046875 -53.181324005126953
   vertex -31.734430313110352 46.032310485839844 -53.200401306152344
   vertex -32.083160400390625 46.032310485839844 -53.262599945068359
  endloop
 endfacet
 facet normal 0.093799407321146513 0.25779462241295403 -0.96163589982964137
  outer loop
   vertex -31.734430313110352 46.729770660400391 -53.087837219238281
   vertex -31.734430313110352 46.38104248046875 -53.181324005126953
   vertex -32.083160400390625 46.38104248046875 -53.215339660644531
  endloop
 endfacet
 facet normal 0.096209552536729012 0.13366980231031519 -0.98634482101900023
  outer loop
   vertex -32.083160400390625 46.38104248046875 -53.215339660644531
   vertex -31.734430313110352 46.38104248046875 -53.181324005126953
   vertex -32.083160400390625 46.032310485839844 -53.262599945068359
  endloop
 endfacet
 facet normal -0.13309938517226105 0.13309792922939234 -0.9821249894497206
  outer loop
   vertex -32.083160400390625 46.38104248046875 -53.215339660644531
   vertex -32.083160400390625 46.032310485839844 -53.262599945068359
   vertex -32.431888580322266 46.032310485839844 -53.215339660644531
  endloop
 endfacet
 facet normal -0.18901248743528834 -0.008614517993230715 -0.98193689699148656
  outer loop
   vertex -32.431888580322266 46.729770660400391 -53.215339660644531
   vertex -32.431888580322266 46.38104248046875 -53.2122802734375
   vertex -32.780620574951172 46.38104248046875 -53.145153045654297
  endloop
 endfacet
 facet normal -0.18817800724119249 -0.094254756823542118 -0.97760169721971568
  outer loop
   vertex -32.780620574951172 46.38104248046875 -53.145153045654297
   vertex -32.431888580322266 46.38104248046875 -53.2122802734375
   vertex -32.780620574951172 46.032310485839844 -53.111530303955078
  endloop
 endfacet
 facet normal 0.59965198473747161 -0.16533865097332071 0.78299465368208832
  outer loop
   vertex -31.734430313110352 46.38104248046875 -49.396583557128906
   vertex -31.734430313110352 46.032310485839844 -49.470222473144531
   vertex -31.669876098632812 46.032310485839844 -49.519660949707031
  endloop
 endfacet
 facet normal 0.56543295534711246 -0.36766721179102829 0.73831320886277085
  outer loop
   vertex -31.669876098632812 46.032310485839844 -49.519660949707031
   vertex -31.734430313110352 46.032310485839844 -49.470222473144531
   vertex -31.734430313110352 45.933032989501953 -49.519660949707031
  endloop
 endfacet
 facet normal 0.59500339840568606 -0.38689510123036402 0.70447365921631921
  outer loop
   vertex -31.669876098632812 46.032310485839844 -49.519660949707031
   vertex -31.734430313110352 45.933032989501953 -49.519660949707031
   vertex -31.385700225830078 46.032310485839844 -49.759677886962891
  endloop
 endfacet
 facet normal -0.58376796041013057 -0.14340026571471273 0.79915663808263893
  outer loop
   vertex -33.478080749511719 46.38104248046875 -49.795013427734375
   vertex -33.578529357910156 46.38104248046875 -49.868389129638672
   vertex -33.478080749511719 46.032310485839844 -49.857589721679688
  endloop
 endfacet
 facet normal -0.66307716690602503 -0.1684058463456222 0.72936146158437376
  outer loop
   vertex -33.478080749511719 46.032310485839844 -49.857589721679688
   vertex -33.578529357910156 46.38104248046875 -49.868389129638672
   vertex -33.489959716796875 46.032310485839844 -49.868389129638672
  endloop
 endfacet
 facet normal -0.65384983934407992 -0.23497846505683379 0.71921172720503879
  outer loop
   vertex -33.478080749511719 46.032310485839844 -49.857589721679688
   vertex -33.489959716796875 46.032310485839844 -49.868389129638672
   vertex -33.478080749511719 45.999256134033203 -49.868389129638672
  endloop
 endfacet
 facet normal -0.62511456204469573 -0.22465167296101354 0.74750478938631948
  outer loop
   vertex -33.478080749511719 45.999256134033203 -49.868389129638672
   vertex -33.489959716796875 46.032310485839844 -49.868389129638672
   vertex -33.826808929443359 46.032310485839844 -50.15008544921875
  endloop
 endfacet
 facet normal -0.61866624862583564 -0.28388562611462226 0.73257151466375259
  outer loop
   vertex -33.478080749511719 45.999256134033203 -49.868389129638672
   vertex -33.826808929443359 46.032310485839844 -50.15008544921875
   vertex -33.478080749511719 45.683582305908203 -49.990718841552734
  endloop
 endfacet
 facet normal -0.60458037159996392 -0.2605967131393549 0.75270972318485041
  outer loop
   vertex -33.478080749511719 45.683582305908203 -49.990718841552734
   vertex -33.826808929443359 46.032310485839844 -50.15008544921875
   vertex -33.826808929443359 45.83868408203125 -50.217121124267578
  endloop
 endfacet
 facet normal -0.61214356711406559 -0.32232424871111021 0.72207155596497907
  outer loop
   vertex -33.478080749511719 45.683582305908203 -49.990718841552734
   vertex -33.826808929443359 45.83868408203125 -50.217121124267578
   vertex -33.745140075683594 45.683582305908203 -50.217121124267578
  endloop
 endfacet
 facet normal -0.5253621080478198 -0.27662946386275544 0.80465569975645823
  outer loop
   vertex -33.745140075683594 45.683582305908203 -50.217121124267578
   vertex -33.826808929443359 45.83868408203125 -50.217121124267578
   vertex -33.826808929443359 45.683582305908203 -50.270442962646484
  endloop
 endfacet
 facet normal -0.40304748966708409 -0.67562831429201076 0.61731604709419108
  outer loop
   vertex -33.745140075683594 45.683582305908203 -50.217121124267578
   vertex -33.826808929443359 45.683582305908203 -50.270442962646484
   vertex -33.478080749511719 45.334850311279297 -50.424430847167969
  endloop
 endfacet
 facet normal -0.032827865415038043 -0.43100898094871548 0.90175029226157843
  outer loop
   vertex -33.478080749511719 45.334850311279297 -50.424430847167969
   vertex -33.826808929443359 45.683582305908203 -50.270442962646484
   vertex -33.826808929443359 45.334850311279297 -50.437126159667969
  endloop
 endfacet
 facet normal -0.022343449547986675 -0.78918160365390111 0.61375334354816646
  outer loop
   vertex -33.478080749511719 45.334850311279297 -50.424430847167969
   vertex -33.826808929443359 45.334850311279297 -50.437126159667969
   vertex -33.826808929443359 45.2347412109375 -50.565849304199219
  endloop
 endfacet
 facet normal 0.64776938802446415 0.29204944691008633 0.70363480620128804
  outer loop
   vertex -30.660348892211914 46.032310485839844 -50.217121124267578
   vertex -30.688240051269531 46.094173431396484 -50.217121124267578
   vertex -30.688240051269531 46.032310485839844 -50.191444396972656
  endloop
 endfacet
 facet normal 0.64538977822299626 0.29282263665917879 0.70549765245905549
  outer loop
   vertex -30.688240051269531 46.032310485839844 -50.191444396972656
   vertex -30.688240051269531 46.094173431396484 -50.217121124267578
   vertex -31.036970138549805 46.38104248046875 -50.017169952392578
  endloop
 endfacet
 facet normal -0.63316329637994839 -0.16080843395556282 0.75712937314968631
  outer loop
   vertex -33.578529357910156 46.38104248046875 -49.868389129638672
   vertex -33.826808929443359 46.032310485839844 -50.15008544921875
   vertex -33.489959716796875 46.032310485839844 -49.868389129638672
  endloop
 endfacet
 facet normal -0.80634651544760183 -0.31202111345879319 0.50244215764747024
  outer loop
   vertex -34.175540924072266 46.221942901611328 -50.565849304199219
   vertex -34.102161407470703 46.032310485839844 -50.565849304199219
   vertex -34.019809722900391 46.38104248046875 -50.217121124267578
  endloop
 endfacet
 facet normal -0.89226098409603571 -0.33609922091763733 0.30150895502212061
  outer loop
   vertex -34.175540924072266 46.032310485839844 -50.779441833496094
   vertex -34.234725952148438 46.38104248046875 -50.565849304199219
   vertex -34.221206665039062 46.032310485839844 -50.914581298828125
  endloop
 endfacet
 facet normal -0.96099061818613463 -0.21331052554456501 0.17605581913169596
  outer loop
   vertex -34.221206665039062 46.032310485839844 -50.914581298828125
   vertex -34.234725952148438 46.38104248046875 -50.565849304199219
   vertex -34.298614501953125 46.38104248046875 -50.914581298828125
  endloop
 endfacet
 facet normal -0.97123518275935294 -0.21558450555200059 0.10112141581438376
  outer loop
   vertex -34.221206665039062 46.032310485839844 -50.914581298828125
   vertex -34.298614501953125 46.38104248046875 -50.914581298828125
   vertex -34.334922790527344 46.38104248046875 -51.263309478759766
  endloop
 endfacet
 facet normal -0.96372476059105994 -0.052593830871259468 0.26166481379426909
  outer loop
   vertex -34.221206665039062 46.032310485839844 -50.914581298828125
   vertex -34.334922790527344 46.38104248046875 -51.263309478759766
   vertex -34.315891265869141 46.032310485839844 -51.263309478759766
  endloop
 endfacet
 facet normal -0.98643914872702088 -0.053833434476789115 -0.15504762878271852
  outer loop
   vertex -34.315891265869141 46.032310485839844 -51.263309478759766
   vertex -34.334922790527344 46.38104248046875 -51.263309478759766
   vertex -34.280109405517578 46.38104248046875 -51.612041473388672
  endloop
 endfacet
 facet normal -0.99737529032157157 0.052924670561048631 -0.049411633265510048
  outer loop
   vertex -34.315891265869141 46.032310485839844 -51.263309478759766
   vertex -34.280109405517578 46.38104248046875 -51.612041473388672
   vertex -34.298614501953125 46.032310485839844 -51.612041473388672
  endloop
 endfacet
 facet normal -0.84581470886301402 0.085329470830091389 -0.52660835511680926
  outer loop
   vertex -34.175540924072266 46.38104248046875 -51.786403656005859
   vertex -34.102161407470703 46.032310485839844 -51.960769653320312
   vertex -34.175540924072266 46.032310485839844 -51.842910766601562
  endloop
 endfacet
 facet normal -0.82604734668583424 0.23052149660305685 -0.51430109919888356
  outer loop
   vertex -34.175540924072266 46.032310485839844 -51.842910766601562
   vertex -34.102161407470703 46.032310485839844 -51.960769653320312
   vertex -34.175540924072266 45.769363403320312 -51.960769653320312
  endloop
 endfacet
 facet normal 0.58802391731601056 0.52096825879103659 -0.61872445078287397
  outer loop
   vertex -30.223110198974609 46.032310485839844 -52.658229827880859
   vertex -30.339509963989258 46.163692474365234 -52.658229827880859
   vertex -29.990779876708984 46.032310485839844 -52.437427520751953
  endloop
 endfacet
 facet normal 0.59244476037588945 0.45339981954089059 -0.66591126251434052
  outer loop
   vertex -29.990779876708984 46.032310485839844 -52.437427520751953
   vertex -30.339509963989258 46.163692474365234 -52.658229827880859
   vertex -30.339509963989258 46.38104248046875 -52.510242462158203
  endloop
 endfacet
 facet normal 0.66352256379709185 0.55990701381517116 -0.496227713063984
  outer loop
   vertex -29.990779876708984 46.032310485839844 -52.437427520751953
   vertex -30.339509963989258 46.38104248046875 -52.510242462158203
   vertex -29.990779876708984 46.145687103271484 -52.309501647949219
  endloop
 endfacet
 facet normal 0.51194133650587459 0.4834587200690032 -0.71005896513305145
  outer loop
   vertex -30.339509963989258 46.38104248046875 -52.510242462158203
   vertex -30.339509963989258 46.163692474365234 -52.658229827880859
   vertex -30.544767379760742 46.38104248046875 -52.658229827880859
  endloop
 endfacet
 facet normal 0.454332882542336 0.42905539798437042 -0.7807003889465185
  outer loop
   vertex -30.544767379760742 46.38104248046875 -52.658229827880859
   vertex -30.339509963989258 46.163692474365234 -52.658229827880859
   vertex -30.339509963989258 46.032310485839844 -52.730434417724609
  endloop
 endfacet
 facet normal -0.58044947825079729 -0.29385028604654029 -0.75942768753104051
  outer loop
   vertex -33.478080749511719 46.032310485839844 -52.584854125976562
   vertex -33.478080749511719 46.221942901611328 -52.658229827880859
   vertex -33.382080078125 46.032310485839844 -52.658229827880859
  endloop
 endfacet
 facet normal -0.56720564528901596 -0.28714564722784447 -0.77189710015673285
  outer loop
   vertex -33.382080078125 46.032310485839844 -52.658229827880859
   vertex -33.478080749511719 46.221942901611328 -52.658229827880859
   vertex -33.478080749511719 46.38104248046875 -52.717414855957031
  endloop
 endfacet
 facet normal -0.58134014336447837 -0.28911321933820627 -0.76056372784722392
  outer loop
   vertex -33.382080078125 46.032310485839844 -52.658229827880859
   vertex -33.478080749511719 46.38104248046875 -52.717414855957031
   vertex -33.129348754882812 46.032310485839844 -52.851406097412109
  endloop
 endfacet
 facet normal 0.47761443182455166 0.42314938490399401 -0.76995392886086522
  outer loop
   vertex -30.339509963989258 46.163692474365234 -52.658229827880859
   vertex -30.223110198974609 46.032310485839844 -52.658229827880859
   vertex -30.339509963989258 46.032310485839844 -52.730434417724609
  endloop
 endfacet
 facet normal 0.47676314970180994 0.42659024359112518 -0.76858159173849205
  outer loop
   vertex -30.339509963989258 46.032310485839844 -52.730434417724609
   vertex -30.223110198974609 46.032310485839844 -52.658229827880859
   vertex -29.990779876708984 45.683582305908203 -52.707668304443359
  endloop
 endfacet
 facet normal 0.45011772158655117 0.0073437461084944001 -0.8929390270935782
  outer loop
   vertex -31.036970138549805 46.032310485839844 -52.883884429931641
   vertex -31.281129837036133 46.032310485839844 -53.006961822509766
   vertex -31.286819458007812 46.38104248046875 -53.006961822509766
  endloop
 endfacet
 facet normal 0.49254602252289231 0.0080359709531262324 -0.87024929696479447
  outer loop
   vertex -31.286819458007812 46.38104248046875 -53.006961822509766
   vertex -31.281129837036133 46.032310485839844 -53.006961822509766
   vertex -31.385700225830078 46.032310485839844 -53.066146850585938
  endloop
 endfacet
 facet normal 0.51358028455476989 0 -0.858041544050544
  outer loop
   vertex -31.286819458007812 46.38104248046875 -53.006961822509766
   vertex -31.385700225830078 46.032310485839844 -53.066146850585938
   vertex -31.385700225830078 46.38104248046875 -53.066146850585938
  endloop
 endfacet
 facet normal 0.35927629020932461 0 -0.93323123999008162
  outer loop
   vertex -31.385700225830078 46.38104248046875 -53.066146850585938
   vertex -31.385700225830078 46.032310485839844 -53.066146850585938
   vertex -31.734430313110352 46.032310485839844 -53.200401306152344
  endloop
 endfacet
 facet normal -0.49252850892054639 -0.25958452228418299 0.83068137314556167
  outer loop
   vertex -33.129348754882812 45.683582305908203 -49.760265350341797
   vertex -33.478080749511719 45.999256134033203 -49.868389129638672
   vertex -33.31170654296875 45.683582305908203 -49.868389129638672
  endloop
 endfacet
 facet normal -0.56545883393457741 -0.29802206089547878 0.76905081649066553
  outer loop
   vertex -33.31170654296875 45.683582305908203 -49.868389129638672
   vertex -33.478080749511719 45.999256134033203 -49.868389129638672
   vertex -33.478080749511719 45.683582305908203 -49.990718841552734
  endloop
 endfacet
 facet normal -0.40933339051580364 -0.72285338694565004 0.55671281320806598
  outer loop
   vertex -33.31170654296875 45.683582305908203 -49.868389129638672
   vertex -33.478080749511719 45.683582305908203 -49.990718841552734
   vertex -33.478080749511719 45.50921630859375 -50.217121124267578
  endloop
 endfacet
 facet normal -0.4594503995929034 -0.70369519295324734 0.54195793723167618
  outer loop
   vertex -33.478080749511719 45.50921630859375 -50.217121124267578
   vertex -33.478080749511719 45.683582305908203 -49.990718841552734
   vertex -33.745140075683594 45.683582305908203 -50.217121124267578
  endloop
 endfacet
 facet normal -0.4469767266895206 -0.68459048944584122 0.57580176064182464
  outer loop
   vertex -33.478080749511719 45.50921630859375 -50.217121124267578
   vertex -33.745140075683594 45.683582305908203 -50.217121124267578
   vertex -33.478080749511719 45.334850311279297 -50.424430847167969
  endloop
 endfacet
 facet normal -0.4990176185220046 -0.26913014859580275 0.82374169466006031
  outer loop
   vertex -33.478080749511719 45.999256134033203 -49.868389129638672
   vertex -33.129348754882812 45.683582305908203 -49.760265350341797
   vertex -33.478080749511719 46.032310485839844 -49.857589721679688
  endloop
 endfacet
 facet normal 0.60942572373458848 0.15888334256483913 0.77676017579816559
  outer loop
   vertex -30.688240051269531 46.032310485839844 -50.191444396972656
   vertex -30.688240051269531 45.683582305908203 -50.120113372802734
   vertex -30.564596176147461 45.683582305908203 -50.217121124267578
  endloop
 endfacet
 facet normal 0.61118972908016955 0.13997433506406803 0.77900853691745953
  outer loop
   vertex -30.564596176147461 45.683582305908203 -50.217121124267578
   vertex -30.688240051269531 45.683582305908203 -50.120113372802734
   vertex -30.484729766845703 45.334850311279297 -50.217121124267578
  endloop
 endfacet
 facet normal 0.73608165707581408 0.16857701561364044 0.6555650874805049
  outer loop
   vertex -30.564596176147461 45.683582305908203 -50.217121124267578
   vertex -30.484729766845703 45.334850311279297 -50.217121124267578
   vertex -30.339509963989258 45.683582305908203 -50.469852447509766
  endloop
 endfacet
 facet normal 0.65284897422496002 0.24707792783386978 0.71605915567831313
  outer loop
   vertex -30.339509963989258 45.683582305908203 -50.469852447509766
   vertex -30.484729766845703 45.334850311279297 -50.217121124267578
   vertex -30.339509963989258 45.334850311279297 -50.349521636962891
  endloop
 endfacet
 facet normal 0.76093902721677442 0.2116336090790345 0.61333760064630916
  outer loop
   vertex -30.339509963989258 45.683582305908203 -50.469852447509766
   vertex -30.339509963989258 45.334850311279297 -50.349521636962891
   vertex -30.165143966674805 45.334850311279297 -50.565849304199219
  endloop
 endfacet
 facet normal 0.66588053001466452 0.18283543743393565 0.72330790301622638
  outer loop
   vertex -30.660348892211914 46.032310485839844 -50.217121124267578
   vertex -30.688240051269531 46.032310485839844 -50.191444396972656
   vertex -30.564596176147461 45.683582305908203 -50.217121124267578
  endloop
 endfacet
 facet normal -0.68682511641145105 -0.23778670890693937 0.68682511641145105
  outer loop
   vertex -33.826808929443359 46.032310485839844 -50.15008544921875
   vertex -33.893844604492188 46.032310485839844 -50.217121124267578
   vertex -33.826808929443359 45.83868408203125 -50.217121124267578
  endloop
 endfacet
 facet normal 0.79848694109065732 0.39511464066368573 0.45420592867210763
  outer loop
   vertex -30.339509963989258 45.831867218017578 -50.565849304199219
   vertex -30.266134262084961 45.683582305908203 -50.565849304199219
   vertex -30.339509963989258 46.032310485839844 -50.740215301513672
  endloop
 endfacet
 facet normal 0.80760888747339521 0.3907649574495658 0.44166801208987722
  outer loop
   vertex -30.339509963989258 46.032310485839844 -50.740215301513672
   vertex -30.266134262084961 45.683582305908203 -50.565849304199219
   vertex -30.244152069091797 46.032310485839844 -50.914581298828125
  endloop
 endfacet
 facet normal -0.9168789734388948 0.25167381231741087 0.30982775901984444
  outer loop
   vertex -34.175540924072266 46.032310485839844 -50.779441833496094
   vertex -34.221206665039062 46.032310485839844 -50.914581298828125
   vertex -34.175540924072266 45.769363403320312 -50.565849304199219
  endloop
 endfacet
 facet normal -0.90654985728696358 0.27135620978336605 0.32331588835841585
  outer loop
   vertex -34.175540924072266 45.769363403320312 -50.565849304199219
   vertex -34.221206665039062 46.032310485839844 -50.914581298828125
   vertex -34.201217651367188 45.683582305908203 -50.565849304199219
  endloop
 endfacet
 facet normal -0.94185778958820332 0.20906590969211222 0.26305008952029152
  outer loop
   vertex -34.201217651367188 45.683582305908203 -50.565849304199219
   vertex -34.221206665039062 46.032310485839844 -50.914581298828125
   vertex -34.298614501953125 45.683582305908203 -50.914581298828125
  endloop
 endfacet
 facet normal -0.94365183517841 0.2094641372987551 0.25621473250011828
  outer loop
   vertex -34.298614501953125 45.683582305908203 -50.914581298828125
   vertex -34.221206665039062 46.032310485839844 -50.914581298828125
   vertex -34.315891265869141 46.032310485839844 -51.263309478759766
  endloop
 endfacet
 facet normal -0.99316152414876258 0.054200890906266633 0.10340430540105147
  outer loop
   vertex -34.298614501953125 45.683582305908203 -50.914581298828125
   vertex -34.315891265869141 46.032310485839844 -51.263309478759766
   vertex -34.334922790527344 45.683582305908203 -51.263309478759766
  endloop
 endfacet
 facet normal -0.99729466378032061 0.054426453259240837 -0.049407638892352404
  outer loop
   vertex -34.334922790527344 45.683582305908203 -51.263309478759766
   vertex -34.315891265869141 46.032310485839844 -51.263309478759766
   vertex -34.298614501953125 46.032310485839844 -51.612041473388672
  endloop
 endfacet
 facet normal -0.99462356973433796 0.10355652818109792 0
  outer loop
   vertex -34.334922790527344 45.683582305908203 -51.263309478759766
   vertex -34.298614501953125 46.032310485839844 -51.612041473388672
   vertex -34.334922790527344 45.683582305908203 -51.612041473388672
  endloop
 endfacet
 facet normal -0.9293416125153372 0.096759612193803995 -0.35631691609506516
  outer loop
   vertex -34.334922790527344 45.683582305908203 -51.612041473388672
   vertex -34.298614501953125 46.032310485839844 -51.612041473388672
   vertex -34.201217651367188 45.683582305908203 -51.960769653320312
  endloop
 endfacet
 facet normal -0.93336799885868449 0.02756671111726846 -0.35786066442780762
  outer loop
   vertex -34.334922790527344 45.683582305908203 -51.612041473388672
   vertex -34.201217651367188 45.683582305908203 -51.960769653320312
   vertex -34.345222473144531 45.334850311279297 -51.612041473388672
  endloop
 endfacet
 facet normal -0.95417631082029786 0.11980174249705068 -0.27421726853726186
  outer loop
   vertex -34.345222473144531 45.334850311279297 -51.612041473388672
   vertex -34.201217651367188 45.683582305908203 -51.960769653320312
   vertex -34.245002746582031 45.334850311279297 -51.960769653320312
  endloop
 endfacet
 facet normal -0.9338830085206874 -0.23628771439757923 -0.2683852500066235
  outer loop
   vertex -34.345222473144531 45.334850311279297 -51.612041473388672
   vertex -34.245002746582031 45.334850311279297 -51.960769653320312
   vertex -34.256988525390625 44.986122131347656 -51.612041473388672
  endloop
 endfacet
 facet normal -0.98577641602339028 -0.10068361898126602 -0.13456472970624597
  outer loop
   vertex -34.256988525390625 44.986122131347656 -51.612041473388672
   vertex -34.245002746582031 45.334850311279297 -51.960769653320312
   vertex -34.209384918212891 44.986122131347656 -51.960769653320312
  endloop
 endfacet
 facet normal -0.88194649963188732 -0.45571516276843937 -0.12039128793229183
  outer loop
   vertex -34.256988525390625 44.986122131347656 -51.612041473388672
   vertex -34.209384918212891 44.986122131347656 -51.960769653320312
   vertex -34.175540924072266 44.920623779296875 -51.960769653320312
  endloop
 endfacet
 facet normal -0.67513092253793783 -0.34885041029450115 -0.65000125282220123
  outer loop
   vertex -34.175540924072266 44.920623779296875 -51.960769653320312
   vertex -34.209384918212891 44.986122131347656 -51.960769653320312
   vertex -34.175540924072266 44.986122131347656 -51.995922088623047
  endloop
 endfacet
 facet normal -0.088464269287193628 -0.47103655248975873 -0.87766658776442297
  outer loop
   vertex -34.175540924072266 44.920623779296875 -51.960769653320312
   vertex -34.175540924072266 44.986122131347656 -51.995922088623047
   vertex -33.826808929443359 44.855129241943359 -51.960769653320312
  endloop
 endfacet
 facet normal 0.81909657229427435 0.40563580047609854 0.40563580047609854
  outer loop
   vertex -29.990779876708984 45.846900939941406 -51.263309478759766
   vertex -29.990779876708984 45.683582305908203 -51.099990844726562
   vertex -29.909900665283203 45.683582305908203 -51.263309478759766
  endloop
 endfacet
 facet normal 0.83543968128951585 0.36175767157656319 0.41372929069909409
  outer loop
   vertex -29.909900665283203 45.683582305908203 -51.263309478759766
   vertex -29.990779876708984 45.683582305908203 -51.099990844726562
   vertex -29.93159294128418 45.334850311279297 -50.914581298828125
  endloop
 endfacet
 facet normal 0.92020352915415426 0.24668476546173465 0.303927773362897
  outer loop
   vertex -29.909900665283203 45.683582305908203 -51.263309478759766
   vertex -29.93159294128418 45.334850311279297 -50.914581298828125
   vertex -29.816413879394531 45.334850311279297 -51.263309478759766
  endloop
 endfacet
 facet normal 0.93549877688385963 0.17138752655688638 0.30897953684591289
  outer loop
   vertex -29.816413879394531 45.334850311279297 -51.263309478759766
   vertex -29.93159294128418 45.334850311279297 -50.914581298828125
   vertex -29.867704391479492 44.986122131347656 -50.914581298828125
  endloop
 endfacet
 facet normal 0.96703193072914251 0.094315681923285988 0.23654554972269623
  outer loop
   vertex -29.816413879394531 45.334850311279297 -51.263309478759766
   vertex -29.867704391479492 44.986122131347656 -50.914581298828125
   vertex -29.782402038574219 44.986122131347656 -51.263309478759766
  endloop
 endfacet
 facet normal 0.96643269113707408 0.10061501168147523 0.23639896980716588
  outer loop
   vertex -29.782402038574219 44.986122131347656 -51.263309478759766
   vertex -29.867704391479492 44.986122131347656 -50.914581298828125
   vertex -29.831398010253906 44.63739013671875 -50.914581298828125
  endloop
 endfacet
 facet normal 0.9948590650594018 -0.054287497495556961 0.085488644186246882
  outer loop
   vertex -29.782402038574219 44.986122131347656 -51.263309478759766
   vertex -29.831398010253906 44.63739013671875 -50.914581298828125
   vertex -29.801431655883789 44.63739013671875 -51.263309478759766
  endloop
 endfacet
 facet normal 0.99541656622210473 0.042770997430679497 0.085536550487958954
  outer loop
   vertex -29.801431655883789 44.63739013671875 -51.263309478759766
   vertex -29.831398010253906 44.63739013671875 -50.914581298828125
   vertex -29.816413879394531 44.288661956787109 -50.914581298828125
  endloop
 endfacet
 facet normal 0.99907838876043398 -0.042922873993421401 0
  outer loop
   vertex -29.801431655883789 44.63739013671875 -51.263309478759766
   vertex -29.816413879394531 44.288661956787109 -50.914581298828125
   vertex -29.816413879394531 44.288661956787109 -51.263309478759766
  endloop
 endfacet
 facet normal 1 0 0
  outer loop
   vertex -29.816413879394531 44.288661956787109 -51.263309478759766
   vertex -29.816413879394531 44.288661956787109 -50.914581298828125
   vertex -29.816413879394531 43.939929962158203 -50.914581298828125
  endloop
 endfacet
 facet normal 0.82900275553854663 0.41054157435658012 0.37974997963702012
  outer loop
   vertex -29.990779876708984 45.846900939941406 -51.263309478759766
   vertex -29.909900665283203 45.683582305908203 -51.263309478759766
   vertex -29.990779876708984 46.032310485839844 -51.463752746582031
  endloop
 endfacet
 facet normal 0.81339830260415191 0.41998898313646948 0.40248286344225714
  outer loop
   vertex -29.990779876708984 46.032310485839844 -51.463752746582031
   vertex -29.909900665283203 45.683582305908203 -51.263309478759766
   vertex -29.917404174804688 46.032310485839844 -51.612041473388672
  endloop
 endfacet
 facet normal 0.87906161535144556 0.34640991459168591 0.3274917517866488
  outer loop
   vertex -29.917404174804688 46.032310485839844 -51.612041473388672
   vertex -29.909900665283203 45.683582305908203 -51.263309478759766
   vertex -29.77998161315918 45.683582305908203 -51.612041473388672
  endloop
 endfacet
 facet normal 0.90884451750638928 0.24363968354732202 0.33858728209951927
  outer loop
   vertex -29.77998161315918 45.683582305908203 -51.612041473388672
   vertex -29.909900665283203 45.683582305908203 -51.263309478759766
   vertex -29.816413879394531 45.334850311279297 -51.263309478759766
  endloop
 endfacet
 facet normal 0.95405819882434073 0.15608407995817936 0.25575518223422855
  outer loop
   vertex -29.77998161315918 45.683582305908203 -51.612041473388672
   vertex -29.816413879394531 45.334850311279297 -51.263309478759766
   vertex -29.722929000854492 45.334850311279297 -51.612041473388672
  endloop
 endfacet
 facet normal 0.961638805277923 0.09378968449914088 0.25778732176971075
  outer loop
   vertex -29.722929000854492 45.334850311279297 -51.612041473388672
   vertex -29.816413879394531 45.334850311279297 -51.263309478759766
   vertex -29.782402038574219 44.986122131347656 -51.263309478759766
  endloop
 endfacet
 facet normal 0.98122924782821119 0.024005592097397579 0.1913449627101175
  outer loop
   vertex -29.722929000854492 45.334850311279297 -51.612041473388672
   vertex -29.782402038574219 44.986122131347656 -51.263309478759766
   vertex -29.714397430419922 44.986122131347656 -51.612041473388672
  endloop
 endfacet
 facet normal 0.98010734153722456 -0.053482525030720915 0.19112618496996328
  outer loop
   vertex -29.714397430419922 44.986122131347656 -51.612041473388672
   vertex -29.782402038574219 44.986122131347656 -51.263309478759766
   vertex -29.801431655883789 44.63739013671875 -51.263309478759766
  endloop
 endfacet
 facet normal 0.98010734153722456 -0.19112618496996328 0.053482525030720915
  outer loop
   vertex -29.714397430419922 44.986122131347656 -51.612041473388672
   vertex -29.801431655883789 44.63739013671875 -51.263309478759766
   vertex -29.782402038574219 44.63739013671875 -51.612041473388672
  endloop
 endfacet
 facet normal 0.99759696797341413 -0.042859228499246137 0.054436899458918116
  outer loop
   vertex -29.782402038574219 44.63739013671875 -51.612041473388672
   vertex -29.801431655883789 44.63739013671875 -51.263309478759766
   vertex -29.816413879394531 44.288661956787109 -51.263309478759766
  endloop
 endfacet
 facet normal 0.75986860884615814 0.4988350869517838 0.41684919733161357
  outer loop
   vertex -29.606296539306641 45.683582305908203 -51.960769653320312
   vertex -29.642049789428711 45.738044738769531 -51.960769653320312
   vertex -29.642049789428711 45.683582305908203 -51.895595550537109
  endloop
 endfacet
 facet normal 0.7966982930534261 0.46376769404628787 0.38754529516528252
  outer loop
   vertex -29.642049789428711 45.683582305908203 -51.895595550537109
   vertex -29.642049789428711 45.738044738769531 -51.960769653320312
   vertex -29.77998161315918 45.683582305908203 -51.612041473388672
  endloop
 endfacet
 facet normal 0.88967544507289054 0.14555105073957156 0.43277302834506776
  outer loop
   vertex -29.642049789428711 45.683582305908203 -51.895595550537109
   vertex -29.77998161315918 45.683582305908203 -51.612041473388672
   vertex -29.722929000854492 45.334850311279297 -51.612041473388672
  endloop
 endfacet
 facet normal 0.7717448940561511 0.50662641217271831 0.38436895944815741
  outer loop
   vertex -29.77998161315918 45.683582305908203 -51.612041473388672
   vertex -29.642049789428711 45.738044738769531 -51.960769653320312
   vertex -29.835226058959961 46.032310485839844 -51.960769653320312
  endloop
 endfacet
 facet normal 0.83554615881626071 0.54850994921513407 -0.031614112345649009
  outer loop
   vertex -29.835226058959961 46.032310485839844 -51.960769653320312
   vertex -29.642049789428711 45.738044738769531 -51.960769653320312
   vertex -29.642049789428711 45.717945098876953 -52.309501647949219
  endloop
 endfacet
 facet normal 0.77740587046807785 0.61644194216174231 -0.12505776467548571
  outer loop
   vertex -29.835226058959961 46.032310485839844 -51.960769653320312
   vertex -29.642049789428711 45.717945098876953 -52.309501647949219
   vertex -29.891324996948242 46.032310485839844 -52.309501647949219
  endloop
 endfacet
 facet normal 0.90878271871302529 0.35812204568381567 0.21415548221747976
  outer loop
   vertex -29.835226058959961 46.032310485839844 -51.960769653320312
   vertex -29.917404174804688 46.032310485839844 -51.612041473388672
   vertex -29.77998161315918 45.683582305908203 -51.612041473388672
  endloop
 endfacet
 facet normal 0.83554358772898263 0.54851385276948172 -0.031614337332280286
  outer loop
   vertex -29.642049789428711 45.738044738769531 -51.960769653320312
   vertex -29.606296539306641 45.683582305908203 -51.960769653320312
   vertex -29.642049789428711 45.717945098876953 -52.309501647949219
  endloop
 endfacet
 facet normal 0.81087537340723503 0.58466202822824065 -0.025523353026529992
  outer loop
   vertex -29.642049789428711 45.717945098876953 -52.309501647949219
   vertex -29.606296539306641 45.683582305908203 -51.960769653320312
   vertex -29.617273330688477 45.683582305908203 -52.309501647949219
  endloop
 endfacet
 facet normal -0.58935139920472523 -0.24128439587074221 -0.77100374095377999
  outer loop
   vertex -33.826808929443359 45.683582305908203 -52.236122131347656
   vertex -33.826808929443359 45.918060302734375 -52.309501647949219
   vertex -33.730812072753906 45.683582305908203 -52.309501647949219
  endloop
 endfacet
 facet normal -0.62872249402841607 -0.25740318483454683 -0.73379263142915274
  outer loop
   vertex -33.730812072753906 45.683582305908203 -52.309501647949219
   vertex -33.826808929443359 45.918060302734375 -52.309501647949219
   vertex -33.826808929443359 46.032310485839844 -52.349578857421875
  endloop
 endfacet
 facet normal -0.5879510753923578 -0.25025037103048897 -0.76921276948843775
  outer loop
   vertex -33.730812072753906 45.683582305908203 -52.309501647949219
   vertex -33.826808929443359 46.032310485839844 -52.349578857421875
   vertex -33.478080749511719 45.683582305908203 -52.502677917480469
  endloop
 endfacet
 facet normal -0.63730379716661489 -0.22812605635770142 -0.73607226039818752
  outer loop
   vertex -33.826808929443359 45.683582305908203 -52.236122131347656
   vertex -34.175540924072266 45.769363403320312 -51.960769653320312
   vertex -33.866886138916016 46.032310485839844 -52.309501647949219
  endloop
 endfacet
 facet normal -0.80764937557376681 0.22538725356937439 -0.54488812802607411
  outer loop
   vertex -33.866886138916016 46.032310485839844 -52.309501647949219
   vertex -34.175540924072266 45.769363403320312 -51.960769653320312
   vertex -34.102161407470703 46.032310485839844 -51.960769653320312
  endloop
 endfacet
 facet normal -0.64827561431280878 -0.2274051286801459 -0.72665372450522603
  outer loop
   vertex -33.826808929443359 45.683582305908203 -52.236122131347656
   vertex -33.866886138916016 46.032310485839844 -52.309501647949219
   vertex -33.826808929443359 45.918060302734375 -52.309501647949219
  endloop
 endfacet
 facet normal -0.68630932961849245 -0.24074677185214963 -0.68630932961849245
  outer loop
   vertex -33.826808929443359 45.918060302734375 -52.309501647949219
   vertex -33.866886138916016 46.032310485839844 -52.309501647949219
   vertex -33.826808929443359 46.032310485839844 -52.349578857421875
  endloop
 endfacet
 facet normal 0.64901136565316297 0.48434004389070601 -0.58668472720615916
  outer loop
   vertex -29.926225662231445 45.683582305908203 -52.658229827880859
   vertex -29.990779876708984 45.770084381103516 -52.658229827880859
   vertex -29.642049789428711 45.683582305908203 -52.343864440917969
  endloop
 endfacet
 facet normal 0.64735157607861316 0.490929216875296 -0.5830303945479548
  outer loop
   vertex -29.642049789428711 45.683582305908203 -52.343864440917969
   vertex -29.990779876708984 45.770084381103516 -52.658229827880859
   vertex -29.990779876708984 46.032310485839844 -52.437427520751953
  endloop
 endfacet
 facet normal 0.58801888335673103 0.5209802311860221 -0.61871915400225186
  outer loop
   vertex -29.990779876708984 46.032310485839844 -52.437427520751953
   vertex -29.990779876708984 45.770084381103516 -52.658229827880859
   vertex -30.223110198974609 46.032310485839844 -52.658229827880859
  endloop
 endfacet
 facet normal 0.48864024744682005 0.43293152020629799 -0.75749653952145157
  outer loop
   vertex -30.223110198974609 46.032310485839844 -52.658229827880859
   vertex -29.990779876708984 45.770084381103516 -52.658229827880859
   vertex -29.990779876708984 45.683582305908203 -52.707668304443359
  endloop
 endfacet
 facet normal -0.60168271230506642 -0.13520863689338941 -0.78720806539481691
  outer loop
   vertex -33.478080749511719 46.032310485839844 -52.584854125976562
   vertex -33.382080078125 46.032310485839844 -52.658229827880859
   vertex -33.303714752197266 45.683582305908203 -52.658229827880859
  endloop
 endfacet
 facet normal -0.60169705461808565 -0.13521185986216278 -0.7871965494185903
  outer loop
   vertex -33.303714752197266 45.683582305908203 -52.658229827880859
   vertex -33.382080078125 46.032310485839844 -52.658229827880859
   vertex -33.129348754882812 46.032310485839844 -52.851406097412109
  endloop
 endfacet
 facet normal -0.66355430363860279 -0.080249990041022956 -0.74381155222348128
  outer loop
   vertex -33.303714752197266 45.683582305908203 -52.658229827880859
   vertex -33.129348754882812 46.032310485839844 -52.851406097412109
   vertex -33.129348754882812 45.683582305908203 -52.81378173828125
  endloop
 endfacet
 facet normal -0.54657326849507937 -0.08982719061835974 -0.83257956856520254
  outer loop
   vertex -33.129348754882812 45.683582305908203 -52.81378173828125
   vertex -33.129348754882812 46.032310485839844 -52.851406097412109
   vertex -32.8350830078125 45.683582305908203 -53.006961822509766
  endloop
 endfacet
 facet normal -0.49883783855458425 -0.4168514966955692 -0.75986554108529902
  outer loop
   vertex -33.129348754882812 45.683582305908203 -52.81378173828125
   vertex -32.8350830078125 45.683582305908203 -53.006961822509766
   vertex -32.780620574951172 45.618408203125 -53.006961822509766
  endloop
 endfacet
 facet normal -0.49881972086639431 -0.4168363567345339 -0.75988573994979847
  outer loop
   vertex -32.780620574951172 45.618408203125 -53.006961822509766
   vertex -32.8350830078125 45.683582305908203 -53.006961822509766
   vertex -32.780620574951172 45.683582305908203 -53.042713165283203
  endloop
 endfacet
 facet normal -0.15997561162455376 -0.47474924406730906 -0.86545996957852922
  outer loop
   vertex -32.780620574951172 45.618408203125 -53.006961822509766
   vertex -32.780620574951172 45.683582305908203 -53.042713165283203
   vertex -32.431888580322266 45.500896453857422 -53.006961822509766
  endloop
 endfacet
 facet normal -0.19665757890091332 -0.53606203764940363 -0.82095267126187021
  outer loop
   vertex -32.431888580322266 45.500896453857422 -53.006961822509766
   vertex -32.780620574951172 45.683582305908203 -53.042713165283203
   vertex -32.431888580322266 45.683582305908203 -53.126251220703125
  endloop
 endfacet
 facet normal -0.013915766037739792 -0.54668568279847807 -0.83722226181507198
  outer loop
   vertex -32.431888580322266 45.500896453857422 -53.006961822509766
   vertex -32.431888580322266 45.683582305908203 -53.126251220703125
   vertex -32.083160400390625 45.492019653320312 -53.006961822509766
  endloop
 endfacet
 facet normal -0.043915541338173089 -0.58448203311063429 -0.81021736478542272
  outer loop
   vertex -32.083160400390625 45.492019653320312 -53.006961822509766
   vertex -32.431888580322266 45.683582305908203 -53.126251220703125
   vertex -32.083160400390625 45.683582305908203 -53.145153045654297
  endloop
 endfacet
 facet normal 0.1227144649185255 -0.58062468799178635 -0.80487025773984255
  outer loop
   vertex -32.083160400390625 45.492019653320312 -53.006961822509766
   vertex -32.083160400390625 45.683582305908203 -53.145153045654297
   vertex -31.734430313110352 45.565723419189453 -53.006961822509766
  endloop
 endfacet
 facet normal 0.15585411176768932 -0.52205781233465198 -0.83854942396108167
  outer loop
   vertex -31.734430313110352 45.565723419189453 -53.006961822509766
   vertex -32.083160400390625 45.683582305908203 -53.145153045654297
   vertex -31.734430313110352 45.683582305908203 -53.080337524414062
  endloop
 endfacet
 facet normal 0.3643975524762213 -0.49217730013052546 -0.79055419104927038
  outer loop
   vertex -31.734430313110352 45.565723419189453 -53.006961822509766
   vertex -31.734430313110352 45.683582305908203 -53.080337524414062
   vertex -31.57524299621582 45.683582305908203 -53.006961822509766
  endloop
 endfacet
 facet normal 0.39028374933842752 -0.3615995784976993 -0.84671384766792723
  outer loop
   vertex -31.57524299621582 45.683582305908203 -53.006961822509766
   vertex -31.734430313110352 45.683582305908203 -53.080337524414062
   vertex -31.385700225830078 45.888160705566406 -53.006961822509766
  endloop
 endfacet
 facet normal 0.36884205761130806 -0.34173375855529414 -0.86439202610894583
  outer loop
   vertex -31.57524299621582 45.683582305908203 -53.006961822509766
   vertex -31.385700225830078 45.888160705566406 -53.006961822509766
   vertex -31.385700225830078 45.683582305908203 -52.926082611083984
  endloop
 endfacet
 facet normal 0.55368716770133131 0.41320211216377578 -0.72297616477050775
  outer loop
   vertex -29.990779876708984 45.770084381103516 -52.658229827880859
   vertex -29.926225662231445 45.683582305908203 -52.658229827880859
   vertex -29.990779876708984 45.683582305908203 -52.707668304443359
  endloop
 endfacet
 facet normal 0.60448587886933014 0.10766645626089572 -0.78930650348504927
  outer loop
   vertex -29.990779876708984 45.683582305908203 -52.707668304443359
   vertex -29.926225662231445 45.683582305908203 -52.658229827880859
   vertex -29.990779876708984 45.334850311279297 -52.755237579345703
  endloop
 endfacet
 facet normal -0.33052620280912159 -0.59339344800577198 0.73391869108260543
  outer loop
   vertex -32.083160400390625 45.390682220458984 -49.868389129638672
   vertex -31.982925415039062 45.334850311279297 -49.868389129638672
   vertex -31.734430313110352 45.334850311279297 -49.756477355957031
  endloop
 endfacet
 facet normal -0.409100243277491 -0.086410070137958525 0.9083888433534677
  outer loop
   vertex -31.734430313110352 45.334850311279297 -49.756477355957031
   vertex -31.982925415039062 45.334850311279297 -49.868389129638672
   vertex -31.734430313110352 44.986122131347656 -49.789649963378906
  endloop
 endfacet
 facet normal 0.088241868570773305 -0.094327656555007702 0.99162274370850267
  outer loop
   vertex -31.734430313110352 45.334850311279297 -49.756477355957031
   vertex -31.734430313110352 44.986122131347656 -49.789649963378906
   vertex -31.385700225830078 45.334850311279297 -49.787509918212891
  endloop
 endfacet
 facet normal -0.22007036958266843 0.21423145249789849 0.95166901661890213
  outer loop
   vertex -31.385700225830078 45.334850311279297 -49.787509918212891
   vertex -31.734430313110352 44.986122131347656 -49.789649963378906
   vertex -31.385700225830078 44.986122131347656 -49.709007263183594
  endloop
 endfacet
 facet normal 0.21450248063781896 0.21450365384674419 0.95287820223080877
  outer loop
   vertex -31.385700225830078 45.334850311279297 -49.787509918212891
   vertex -31.385700225830078 44.986122131347656 -49.709007263183594
   vertex -31.036970138549805 44.986122131347656 -49.787509918212891
  endloop
 endfacet
 facet normal 0.21959069613084212 -0.014693363854418221 0.97548143561598033
  outer loop
   vertex -31.036970138549805 44.986122131347656 -49.787509918212891
   vertex -31.385700225830078 44.986122131347656 -49.709007263183594
   vertex -31.385700225830078 44.63739013671875 -49.714260101318359
  endloop
 endfacet
 facet normal -0.014693448076285125 0.21958955275914332 0.9754816917311514
  outer loop
   vertex -31.036970138549805 44.986122131347656 -49.787509918212891
   vertex -31.385700225830078 44.63739013671875 -49.714260101318359
   vertex -31.036970138549805 44.63739013671875 -49.709007263183594
  endloop
 endfacet
 facet normal -0.014721055509373344 -0.21128090869187699 0.97731451853895257
  outer loop
   vertex -31.036970138549805 44.63739013671875 -49.709007263183594
   vertex -31.385700225830078 44.63739013671875 -49.714260101318359
   vertex -31.385700225830078 44.288661956787109 -49.789649963378906
  endloop
 endfacet
 facet normal -0.17372789599630678 -0.05366436837637819 0.98333043974010115
  outer loop
   vertex -31.036970138549805 44.63739013671875 -49.709007263183594
   vertex -31.385700225830078 44.288661956787109 -49.789649963378906
   vertex -31.036970138549805 44.288661956787109 -49.728038787841797
  endloop
 endfacet
 facet normal -0.164882830522527 -0.31910589609201295 0.933265813837726
  outer loop
   vertex -31.036970138549805 44.288661956787109 -49.728038787841797
   vertex -31.385700225830078 44.288661956787109 -49.789649963378906
   vertex -31.036970138549805 43.939929962158203 -49.847278594970703
  endloop
 endfacet
 facet normal -0.0083008123148616345 -0.32352290799855826 0.94618392742376978
  outer loop
   vertex -31.036970138549805 44.288661956787109 -49.728038787841797
   vertex -31.036970138549805 43.939929962158203 -49.847278594970703
   vertex -30.688240051269531 44.288661956787109 -49.724979400634766
  endloop
 endfacet
 facet normal -0.23139370166485682 -0.10768981553201885 0.96688151211020423
  outer loop
   vertex -30.688240051269531 44.288661956787109 -49.724979400634766
   vertex -31.036970138549805 43.939929962158203 -49.847278594970703
   vertex -30.688240051269531 43.939929962158203 -49.763820648193359
  endloop
 endfacet
 facet normal 0.25870429994577154 -0.10692562512681161 0.96002031013974309
  outer loop
   vertex -30.688240051269531 44.288661956787109 -49.724979400634766
   vertex -30.688240051269531 43.939929962158203 -49.763820648193359
   vertex -30.339509963989258 44.288661956787109 -49.818954467773438
  endloop
 endfacet
 facet normal 0.15615925837522568 0 0.98773188974726311
  outer loop
   vertex -30.339509963989258 44.288661956787109 -49.818954467773438
   vertex -30.688240051269531 43.939929962158203 -49.763820648193359
   vertex -30.339509963989258 43.939929962158203 -49.818954467773438
  endloop
 endfacet
 facet normal -0.31938784689297312 -0.68734862602465696 0.65233677618166452
  outer loop
   vertex -32.083160400390625 45.390682220458984 -49.868389129638672
   vertex -31.734430313110352 45.334850311279297 -49.756477355957031
   vertex -32.083160400390625 45.683582305908203 -49.559768676757812
  endloop
 endfacet
 facet normal -0.36260142450029575 -0.70322522198921411 0.61155089249266648
  outer loop
   vertex -33.129348754882812 45.683582305908203 -49.760265350341797
   vertex -33.31170654296875 45.683582305908203 -49.868389129638672
   vertex -33.129348754882812 45.589553833007812 -49.868389129638672
  endloop
 endfacet
 facet normal -0.38195782475965162 -0.74076481215507273 0.55260810089767509
  outer loop
   vertex -33.129348754882812 45.589553833007812 -49.868389129638672
   vertex -33.31170654296875 45.683582305908203 -49.868389129638672
   vertex -33.478080749511719 45.50921630859375 -50.217121124267578
  endloop
 endfacet
 facet normal -0.27301354325543048 -0.84116989981210422 0.46679417825119623
  outer loop
   vertex -33.129348754882812 45.589553833007812 -49.868389129638672
   vertex -33.478080749511719 45.50921630859375 -50.217121124267578
   vertex -33.129348754882812 45.396030426025391 -50.217121124267578
  endloop
 endfacet
 facet normal -0.26975436184090557 -0.83112818074119188 0.4862700190692848
  outer loop
   vertex -33.129348754882812 45.396030426025391 -50.217121124267578
   vertex -33.478080749511719 45.50921630859375 -50.217121124267578
   vertex -33.129348754882812 45.334850311279297 -50.321689605712891
  endloop
 endfacet
 facet normal -0.28985183459246416 -0.82607230674350618 0.48331196758909795
  outer loop
   vertex -33.129348754882812 45.396030426025391 -50.217121124267578
   vertex -33.129348754882812 45.334850311279297 -50.321689605712891
   vertex -32.954986572265625 45.334850311279297 -50.217121124267578
  endloop
 endfacet
 facet normal -0.2606165318258955 -0.86210985652277727 0.43456371066314137
  outer loop
   vertex -32.954986572265625 45.334850311279297 -50.217121124267578
   vertex -33.129348754882812 45.334850311279297 -50.321689605712891
   vertex -33.129348754882812 45.211776733398438 -50.565849304199219
  endloop
 endfacet
 facet normal -0.12471670146612304 -0.80120060152103001 0.58525493632924575
  outer loop
   vertex -32.780620574951172 45.528026580810547 -49.868389129638672
   vertex -32.780620574951172 45.334850311279297 -50.132843017578125
   vertex -32.431888580322266 45.334850311279297 -50.058528900146484
  endloop
 endfacet
 facet normal -0.12155972839543804 -0.81229373398003568 0.57044028799620938
  outer loop
   vertex -32.431888580322266 45.334850311279297 -50.058528900146484
   vertex -32.780620574951172 45.334850311279297 -50.132843017578125
   vertex -32.780620574951172 45.275665283203125 -50.217121124267578
  endloop
 endfacet
 facet normal -0.13644865662180303 -0.79168972398146675 0.59549067587012183
  outer loop
   vertex -32.431888580322266 45.334850311279297 -50.058528900146484
   vertex -32.780620574951172 45.275665283203125 -50.217121124267578
   vertex -32.431888580322266 45.215560913085938 -50.217121124267578
  endloop
 endfacet
 facet normal -0.16342235357198823 -0.94819400348083394 0.27243580182490768
  outer loop
   vertex -32.431888580322266 45.215560913085938 -50.217121124267578
   vertex -32.780620574951172 45.275665283203125 -50.217121124267578
   vertex -32.780620574951172 45.175468444824219 -50.565849304199219
  endloop
 endfacet
 facet normal -0.17884145079209762 -0.94107682890185806 0.28703682269458097
  outer loop
   vertex -32.431888580322266 45.215560913085938 -50.217121124267578
   vertex -32.780620574951172 45.175468444824219 -50.565849304199219
   vertex -32.431888580322266 45.109195709228516 -50.565849304199219
  endloop
 endfacet
 facet normal -0.18653166552099903 -0.98154330274556434 0.042174430562740124
  outer loop
   vertex -32.431888580322266 45.109195709228516 -50.565849304199219
   vertex -32.780620574951172 45.175468444824219 -50.565849304199219
   vertex -32.780620574951172 45.160484313964844 -50.914581298828125
  endloop
 endfacet
 facet normal -0.19597890947971464 -0.97923042997466947 0.05196183263478879
  outer loop
   vertex -32.431888580322266 45.109195709228516 -50.565849304199219
   vertex -32.780620574951172 45.160484313964844 -50.914581298828125
   vertex -32.431888580322266 45.090690612792969 -50.914581298828125
  endloop
 endfacet
 facet normal -0.19607016064802973 -0.97968637659169122 0.042084386939798636
  outer loop
   vertex -32.431888580322266 45.090690612792969 -50.914581298828125
   vertex -32.780620574951172 45.160484313964844 -50.914581298828125
   vertex -32.780620574951172 45.145503997802734 -51.263309478759766
  endloop
 endfacet
 facet normal -0.27401038154002044 -0.95368465162665006 0.12411243314046901
  outer loop
   vertex -32.431888580322266 45.090690612792969 -50.914581298828125
   vertex -32.780620574951172 45.145503997802734 -51.263309478759766
   vertex -32.431888580322266 45.045307159423828 -51.263309478759766
  endloop
 endfacet
 facet normal -0.27477322030313339 -0.95633968832985039 0.09956946283580384
  outer loop
   vertex -32.431888580322266 45.045307159423828 -51.263309478759766
   vertex -32.780620574951172 45.145503997802734 -51.263309478759766
   vertex -32.780620574951172 45.109195709228516 -51.612041473388672
  endloop
 endfacet
 facet normal -0.44355312938486402 -0.84869061036681104 0.28807094488702606
  outer loop
   vertex -32.431888580322266 45.045307159423828 -51.263309478759766
   vertex -32.780620574951172 45.109195709228516 -51.612041473388672
   vertex -32.431888580322266 44.986122131347656 -51.437675476074219
  endloop
 endfacet
 facet normal -0.43456327966677188 -0.86210900148999581 0.26062007887954708
  outer loop
   vertex -32.431888580322266 44.986122131347656 -51.437675476074219
   vertex -32.780620574951172 45.109195709228516 -51.612041473388672
   vertex -32.536460876464844 44.986122131347656 -51.612041473388672
  endloop
 endfacet
 facet normal -0.47239736418284284 -0.83461130087292279 0.2833102659070264
  outer loop
   vertex -32.431888580322266 44.986122131347656 -51.437675476074219
   vertex -32.536460876464844 44.986122131347656 -51.612041473388672
   vertex -32.431888580322266 44.926933288574219 -51.612041473388672
  endloop
 endfacet
 facet normal -0.48643534277719724 -0.85941299636190438 0.15744827398699557
  outer loop
   vertex -32.431888580322266 44.926933288574219 -51.612041473388672
   vertex -32.536460876464844 44.986122131347656 -51.612041473388672
   vertex -32.431888580322266 44.863044738769531 -51.960769653320312
  endloop
 endfacet
 facet normal -0.39319384626507714 -0.90440322675157403 0.16569068380755617
  outer loop
   vertex -32.431888580322266 44.926933288574219 -51.612041473388672
   vertex -32.431888580322266 44.863044738769531 -51.960769653320312
   vertex -32.083160400390625 44.775321960449219 -51.612041473388672
  endloop
 endfacet
 facet normal -0.18631660331468827 -0.75189364772856604 0.63240972939598905
  outer loop
   vertex -33.478080749511719 45.50921630859375 -50.217121124267578
   vertex -33.478080749511719 45.334850311279297 -50.424430847167969
   vertex -33.129348754882812 45.334850311279297 -50.321689605712891
  endloop
 endfacet
 facet normal -0.16438629062148669 -0.81341511198672645 0.55797222426150339
  outer loop
   vertex -33.129348754882812 45.334850311279297 -50.321689605712891
   vertex -33.478080749511719 45.334850311279297 -50.424430847167969
   vertex -33.478080749511719 45.237842559814453 -50.565849304199219
  endloop
 endfacet
 facet normal -0.066596398116403305 -0.89098631977248022 0.44911946933551333
  outer loop
   vertex -33.129348754882812 45.334850311279297 -50.321689605712891
   vertex -33.478080749511719 45.237842559814453 -50.565849304199219
   vertex -33.129348754882812 45.211776733398438 -50.565849304199219
  endloop
 endfacet
 facet normal -0.072777287765929996 -0.97367980286635281 0.21598867534103536
  outer loop
   vertex -33.129348754882812 45.211776733398438 -50.565849304199219
   vertex -33.478080749511719 45.237842559814453 -50.565849304199219
   vertex -33.478080749511719 45.160484313964844 -50.914581298828125
  endloop
 endfacet
 facet normal 0 -0.98935574452718056 0.14551704632471144
  outer loop
   vertex -33.129348754882812 45.211776733398438 -50.565849304199219
   vertex -33.478080749511719 45.160484313964844 -50.914581298828125
   vertex -33.129348754882812 45.160484313964844 -50.914581298828125
  endloop
 endfacet
 facet normal 0 -0.9990786230772567 0.042917419657442127
  outer loop
   vertex -33.129348754882812 45.160484313964844 -50.914581298828125
   vertex -33.478080749511719 45.160484313964844 -50.914581298828125
   vertex -33.478080749511719 45.145503997802734 -51.263309478759766
  endloop
 endfacet
 facet normal 0.042916951058575972 -0.99907864320674766 0
  outer loop
   vertex -33.129348754882812 45.160484313964844 -50.914581298828125
   vertex -33.478080749511719 45.145503997802734 -51.263309478759766
   vertex -33.129348754882812 45.160484313964844 -51.263309478759766
  endloop
 endfacet
 facet normal 0.042594237068694807 -0.99156607189863555 0.1224028432187983
  outer loop
   vertex -33.129348754882812 45.160484313964844 -51.263309478759766
   vertex -33.478080749511719 45.145503997802734 -51.263309478759766
   vertex -33.478080749511719 45.102455139160156 -51.612041473388672
  endloop
 endfacet
 facet normal 0.16414351186317527 -0.9864364690709807 0
  outer loop
   vertex -33.129348754882812 45.160484313964844 -51.263309478759766
   vertex -33.478080749511719 45.102455139160156 -51.612041473388672
   vertex -33.129348754882812 45.160484313964844 -51.612041473388672
  endloop
 endfacet
 facet normal 0.16406578466470723 -0.98596935987892476 -0.030770760183932665
  outer loop
   vertex -33.129348754882812 45.160484313964844 -51.612041473388672
   vertex -33.478080749511719 45.102455139160156 -51.612041473388672
   vertex -33.478080749511719 45.113338470458984 -51.960769653320312
  endloop
 endfacet
 facet normal 0.091761895114269507 -0.99486348761341203 0.042736350086503269
  outer loop
   vertex -33.129348754882812 45.160484313964844 -51.612041473388672
   vertex -33.478080749511719 45.113338470458984 -51.960769653320312
   vertex -33.129348754882812 45.145503997802734 -51.960769653320312
  endloop
 endfacet
 facet normal 0.081863514569846543 -0.88754729304390789 -0.45338523089388799
  outer loop
   vertex -33.129348754882812 45.145503997802734 -51.960769653320312
   vertex -33.478080749511719 45.113338470458984 -51.960769653320312
   vertex -33.478080749511719 45.291481018066406 -52.309501647949219
  endloop
 endfacet
 facet normal -0.42334499951084725 -0.90487147919763 0.044571487790445292
  outer loop
   vertex -33.129348754882812 45.145503997802734 -51.960769653320312
   vertex -33.478080749511719 45.291481018066406 -52.309501647949219
   vertex -33.129348754882812 45.128326416015625 -52.309501647949219
  endloop
 endfacet
 facet normal -0.39218876730134744 -0.83827712717219038 -0.37878678549097911
  outer loop
   vertex -33.129348754882812 45.128326416015625 -52.309501647949219
   vertex -33.478080749511719 45.291481018066406 -52.309501647949219
   vertex -33.129348754882812 45.285903930664062 -52.658229827880859
  endloop
 endfacet
 facet normal -0.59031406120875496 -0.73556519503197382 -0.33237501861120766
  outer loop
   vertex -33.129348754882812 45.128326416015625 -52.309501647949219
   vertex -33.129348754882812 45.285903930664062 -52.658229827880859
   vertex -32.780620574951172 45.006038665771484 -52.658229827880859
  endloop
 endfacet
 facet normal -0.45320968940232131 -0.56472528012120238 -0.68970017792072602
  outer loop
   vertex -32.780620574951172 45.006038665771484 -52.658229827880859
   vertex -33.129348754882812 45.285903930664062 -52.658229827880859
   vertex -33.129348754882812 45.334850311279297 -52.698307037353516
  endloop
 endfacet
 facet normal 0.77970267620673006 0.34553708348040413 0.52217608204122024
  outer loop
   vertex -29.990779876708984 45.468402862548828 -50.914581298828125
   vertex -30.165143966674805 45.334850311279297 -50.565849304199219
   vertex -29.990779876708984 45.334850311279297 -50.826206207275391
  endloop
 endfacet
 facet normal -0.9617282218866674 -0.054157571662829682 0.26859967360049869
  outer loop
   vertex -34.201217651367188 45.683582305908203 -50.565849304199219
   vertex -34.298614501953125 45.683582305908203 -50.914581298828125
   vertex -34.18157958984375 45.334850311279297 -50.565849304199219
  endloop
 endfacet
 facet normal -0.9673665446339792 -0.086485011368587272 0.2381644623605523
  outer loop
   vertex -34.18157958984375 45.334850311279297 -50.565849304199219
   vertex -34.298614501953125 45.683582305908203 -50.914581298828125
   vertex -34.267436981201172 45.334850311279297 -50.914581298828125
  endloop
 endfacet
 facet normal -0.73981944007224831 -0.64768144461025767 0.18214264299925717
  outer loop
   vertex -34.18157958984375 45.334850311279297 -50.565849304199219
   vertex -34.267436981201172 45.334850311279297 -50.914581298828125
   vertex -34.175540924072266 45.229881286621094 -50.914581298828125
  endloop
 endfacet
 facet normal -0.72784107080890281 -0.63719487574177669 0.25343651270519707
  outer loop
   vertex -34.175540924072266 45.229881286621094 -50.914581298828125
   vertex -34.267436981201172 45.334850311279297 -50.914581298828125
   vertex -34.175540924072266 45.091178894042969 -51.263309478759766
  endloop
 endfacet
 facet normal -0.99071444443545797 -0.08857237255650964 0.10314952451006584
  outer loop
   vertex -34.298614501953125 45.683582305908203 -50.914581298828125
   vertex -34.334922790527344 45.683582305908203 -51.263309478759766
   vertex -34.267436981201172 45.334850311279297 -50.914581298828125
  endloop
 endfacet
 facet normal -0.98874038087416383 -0.050465582458146634 0.14087471105905885
  outer loop
   vertex -34.267436981201172 45.334850311279297 -50.914581298828125
   vertex -34.334922790527344 45.683582305908203 -51.263309478759766
   vertex -34.317123413085938 45.334850311279297 -51.263309478759766
  endloop
 endfacet
 facet normal -0.8581538124514293 -0.49862045414053258 0.12226887129505307
  outer loop
   vertex -34.267436981201172 45.334850311279297 -50.914581298828125
   vertex -34.317123413085938 45.334850311279297 -51.263309478759766
   vertex -34.175540924072266 45.091178894042969 -51.263309478759766
  endloop
 endfacet
 facet normal -0.8223424362532944 -0.47781266373719838 0.30894655833875151
  outer loop
   vertex -34.175540924072266 45.091178894042969 -51.263309478759766
   vertex -34.317123413085938 45.334850311279297 -51.263309478759766
   vertex -34.175540924072266 44.986122131347656 -51.425788879394531
  endloop
 endfacet
 facet normal 0.0013126129962791294 -0.83975081958838316 0.54297038413504739
  outer loop
   vertex -34.175540924072266 45.091178894042969 -51.263309478759766
   vertex -34.175540924072266 44.986122131347656 -51.425788879394531
   vertex -33.826808929443359 44.986122131347656 -51.426631927490234
  endloop
 endfacet
 facet normal 0.0011271479125194088 -0.8846514325042415 0.46625161930633174
  outer loop
   vertex -33.826808929443359 44.986122131347656 -51.426631927490234
   vertex -34.175540924072266 44.986122131347656 -51.425788879394531
   vertex -34.175540924072266 44.887958526611328 -51.612041473388672
  endloop
 endfacet
 facet normal -0.026082608859709679 -0.86235802413632534 0.50562667623728497
  outer loop
   vertex -33.826808929443359 44.986122131347656 -51.426631927490234
   vertex -34.175540924072266 44.887958526611328 -51.612041473388672
   vertex -33.826808929443359 44.877410888671875 -51.612041473388672
  endloop
 endfacet
 facet normal -0.030100218536251496 -0.99519051650887491 -0.093219164847517383
  outer loop
   vertex -33.826808929443359 44.877410888671875 -51.612041473388672
   vertex -34.175540924072266 44.887958526611328 -51.612041473388672
   vertex -34.175540924072266 44.920623779296875 -51.960769653320312
  endloop
 endfacet
 facet normal -0.18421776347535881 -0.98088528751763948 0.062672708187651444
  outer loop
   vertex -33.826808929443359 44.877410888671875 -51.612041473388672
   vertex -34.175540924072266 44.920623779296875 -51.960769653320312
   vertex -33.826808929443359 44.855129241943359 -51.960769653320312
  endloop
 endfacet
 facet normal -0.99869998454734399 -0.050973923383774607 0
  outer loop
   vertex -34.334922790527344 45.683582305908203 -51.263309478759766
   vertex -34.334922790527344 45.683582305908203 -51.612041473388672
   vertex -34.317123413085938 45.334850311279297 -51.263309478759766
  endloop
 endfacet
 facet normal -0.99633790625786578 0.029426506233960901 0.080279868488650374
  outer loop
   vertex -34.317123413085938 45.334850311279297 -51.263309478759766
   vertex -34.334922790527344 45.683582305908203 -51.612041473388672
   vertex -34.345222473144531 45.334850311279297 -51.612041473388672
  endloop
 endfacet
 facet normal -0.96650635309989119 -0.24454195551374999 0.077876192838760405
  outer loop
   vertex -34.317123413085938 45.334850311279297 -51.263309478759766
   vertex -34.345222473144531 45.334850311279297 -51.612041473388672
   vertex -34.256988525390625 44.986122131347656 -51.612041473388672
  endloop
 endfacet
 facet normal 0.92165581620551174 0.085700272612793296 0.37842571229852379
  outer loop
   vertex -29.582862854003906 45.334850311279297 -51.960769653320312
   vertex -29.642049789428711 45.683582305908203 -51.895595550537109
   vertex -29.642049789428711 45.334850311279297 -51.816619873046875
  endloop
 endfacet
 facet normal 0.92675488690843033 0.082974297170053432 0.36638865375510526
  outer loop
   vertex -29.642049789428711 45.334850311279297 -51.816619873046875
   vertex -29.642049789428711 45.683582305908203 -51.895595550537109
   vertex -29.722929000854492 45.334850311279297 -51.612041473388672
  endloop
 endfacet
 facet normal 0.87283943909442652 -0.34507340781442936 0.34507340781442936
  outer loop
   vertex -29.642049789428711 45.334850311279297 -51.816619873046875
   vertex -29.722929000854492 45.334850311279297 -51.612041473388672
   vertex -29.722929000854492 44.986122131347656 -51.960769653320312
  endloop
 endfacet
 facet normal 0.99940200963989145 0.02445018535457975 -0.02445018535457975
  outer loop
   vertex -29.722929000854492 44.986122131347656 -51.960769653320312
   vertex -29.722929000854492 45.334850311279297 -51.612041473388672
   vertex -29.714397430419922 44.986122131347656 -51.612041473388672
  endloop
 endfacet
 facet normal 0.98122924782821119 -0.1913449627101175 -0.024005592097397579
  outer loop
   vertex -29.722929000854492 44.986122131347656 -51.960769653320312
   vertex -29.714397430419922 44.986122131347656 -51.612041473388672
   vertex -29.782402038574219 44.63739013671875 -51.612041473388672
  endloop
 endfacet
 facet normal 0.87522328035878294 0.058812231849788926 0.48013053527437483
  outer loop
   vertex -29.642049789428711 45.683582305908203 -51.895595550537109
   vertex -29.582862854003906 45.334850311279297 -51.960769653320312
   vertex -29.606296539306641 45.683582305908203 -51.960769653320312
  endloop
 endfacet
 facet normal 0.99725823158437066 0.067012593981740892 -0.031389994983307731
  outer loop
   vertex -29.606296539306641 45.683582305908203 -51.960769653320312
   vertex -29.582862854003906 45.334850311279297 -51.960769653320312
   vertex -29.617273330688477 45.683582305908203 -52.309501647949219
  endloop
 endfacet
 facet normal 0.99725823158437066 0.031389994983307731 -0.067012593981740892
  outer loop
   vertex -29.617273330688477 45.683582305908203 -52.309501647949219
   vertex -29.582862854003906 45.334850311279297 -51.960769653320312
   vertex -29.606296539306641 45.334850311279297 -52.309501647949219
  endloop
 endfacet
 facet normal 0.92327709269523739 -0.37909139757893923 -0.062041295810746716
  outer loop
   vertex -29.606296539306641 45.334850311279297 -52.309501647949219
   vertex -29.582862854003906 45.334850311279297 -51.960769653320312
   vertex -29.642049789428711 45.190700531005859 -51.960769653320312
  endloop
 endfacet
 facet normal -0.44147356089905965 -0.17373242291708435 -0.88029434864394285
  outer loop
   vertex -33.826808929443359 45.334850311279297 -52.16729736328125
   vertex -33.826808929443359 45.683582305908203 -52.236122131347656
   vertex -33.543254852294922 45.334850311279297 -52.309501647949219
  endloop
 endfacet
 facet normal -0.57728219869314246 -0.31047751934133028 -0.75521452121610155
  outer loop
   vertex -33.543254852294922 45.334850311279297 -52.309501647949219
   vertex -33.826808929443359 45.683582305908203 -52.236122131347656
   vertex -33.730812072753906 45.683582305908203 -52.309501647949219
  endloop
 endfacet
 facet normal -0.57726466309351621 -0.31046808823556532 -0.7552318021183182
  outer loop
   vertex -33.543254852294922 45.334850311279297 -52.309501647949219
   vertex -33.730812072753906 45.683582305908203 -52.309501647949219
   vertex -33.478080749511719 45.683582305908203 -52.502677917480469
  endloop
 endfacet
 facet normal -0.7326133374113859 0.091983371839330197 -0.67440103584737943
  outer loop
   vertex -34.201217651367188 45.683582305908203 -51.960769653320312
   vertex -34.175540924072266 45.683582305908203 -51.988662719726562
   vertex -34.245002746582031 45.334850311279297 -51.960769653320312
  endloop
 endfacet
 facet normal -0.70462736829161665 0.083994479934672253 -0.70458867376288026
  outer loop
   vertex -34.245002746582031 45.334850311279297 -51.960769653320312
   vertex -34.175540924072266 45.683582305908203 -51.988662719726562
   vertex -34.175540924072266 45.334850311279297 -52.030235290527344
  endloop
 endfacet
 facet normal -0.7052891230359426 -0.072035666689856337 -0.70525039216702246
  outer loop
   vertex -34.245002746582031 45.334850311279297 -51.960769653320312
   vertex -34.175540924072266 45.334850311279297 -52.030235290527344
   vertex -34.209384918212891 44.986122131347656 -51.960769653320312
  endloop
 endfacet
 facet normal -0.7187150725731607 -0.068085894725401552 -0.69196311707749125
  outer loop
   vertex -34.209384918212891 44.986122131347656 -51.960769653320312
   vertex -34.175540924072266 45.334850311279297 -52.030235290527344
   vertex -34.175540924072266 44.986122131347656 -51.995922088623047
  endloop
 endfacet
 facet normal 0.74127568423649082 0.038621462683340171 -0.67008860800637537
  outer loop
   vertex -29.642049789428711 45.683582305908203 -52.343864440917969
   vertex -29.642049789428711 45.334850311279297 -52.363964080810547
   vertex -29.926225662231445 45.683582305908203 -52.658229827880859
  endloop
 endfacet
 facet normal 0.787183298912843 0.13338149270559341 -0.6021227709664545
  outer loop
   vertex -29.926225662231445 45.683582305908203 -52.658229827880859
   vertex -29.642049789428711 45.334850311279297 -52.363964080810547
   vertex -29.867136001586914 45.334850311279297 -52.658229827880859
  endloop
 endfacet
 facet normal 0.61391788980974837 0.10402314766405962 -0.78248578857485129
  outer loop
   vertex -29.926225662231445 45.683582305908203 -52.658229827880859
   vertex -29.867136001586914 45.334850311279297 -52.658229827880859
   vertex -29.990779876708984 45.334850311279297 -52.755237579345703
  endloop
 endfacet
 facet normal 0.60942572373458848 -0.15888334256483913 -0.77676017579816559
  outer loop
   vertex -29.990779876708984 45.334850311279297 -52.755237579345703
   vertex -29.867136001586914 45.334850311279297 -52.658229827880859
   vertex -29.990779876708984 44.986122131347656 -52.683906555175781
  endloop
 endfacet
 facet normal -0.67786587518467034 -0.28457705504958258 -0.67787443896301902
  outer loop
   vertex -33.478080749511719 45.683582305908203 -52.502677917480469
   vertex -33.176124572753906 45.334850311279297 -52.658229827880859
   vertex -33.478080749511719 45.334850311279297 -52.356277465820312
  endloop
 endfacet
 facet normal -0.58587824066645322 -0.5598970452070805 -0.58588564232447449
  outer loop
   vertex -33.478080749511719 45.334850311279297 -52.356277465820312
   vertex -33.176124572753906 45.334850311279297 -52.658229827880859
   vertex -33.129348754882812 45.285903930664062 -52.658229827880859
  endloop
 endfacet
 facet normal -0.56882774470106445 -0.60311116897722239 -0.55918862176659934
  outer loop
   vertex -33.478080749511719 45.334850311279297 -52.356277465820312
   vertex -33.129348754882812 45.285903930664062 -52.658229827880859
   vertex -33.478080749511719 45.291481018066406 -52.309501647949219
  endloop
 endfacet
 facet normal -0.55186248060597565 -0.32280121659269689 -0.76892598932907308
  outer loop
   vertex -33.478080749511719 45.683582305908203 -52.502677917480469
   vertex -33.478080749511719 45.334850311279297 -52.356277465820312
   vertex -33.543254852294922 45.334850311279297 -52.309501647949219
  endloop
 endfacet
 facet normal -0.43854227530768186 -0.65902847863767655 -0.61103366283083871
  outer loop
   vertex -33.543254852294922 45.334850311279297 -52.309501647949219
   vertex -33.478080749511719 45.334850311279297 -52.356277465820312
   vertex -33.478080749511719 45.291481018066406 -52.309501647949219
  endloop
 endfacet
 facet normal -0.50980474323076885 -0.76611962688870483 -0.39135641182344427
  outer loop
   vertex -33.543254852294922 45.334850311279297 -52.309501647949219
   vertex -33.478080749511719 45.291481018066406 -52.309501647949219
   vertex -33.478080749511719 45.113338470458984 -51.960769653320312
  endloop
 endfacet
 facet normal 0.042928093965517521 0 -0.99907816448388442
  outer loop
   vertex -30.688240051269531 45.683582305908203 -52.832595825195312
   vertex -30.339509963989258 45.683582305908203 -52.817611694335938
   vertex -30.688240051269531 45.334850311279297 -52.832595825195312
  endloop
 endfacet
 facet normal 0 0.042927859608028793 -0.99907817455365999
  outer loop
   vertex -30.688240051269531 45.334850311279297 -52.832595825195312
   vertex -30.339509963989258 45.683582305908203 -52.817611694335938
   vertex -30.339509963989258 45.334850311279297 -52.832595825195312
  endloop
 endfacet
 facet normal -0 0 -1
  outer loop
   vertex -30.688240051269531 45.334850311279297 -52.832595825195312
   vertex -30.339509963989258 45.334850311279297 -52.832595825195312
   vertex -30.688240051269531 44.986122131347656 -52.832595825195312
  endloop
 endfacet
 facet normal 0.042888593717055827 -0.042888828293741327 -0.99815886357661676
  outer loop
   vertex -30.688240051269531 44.986122131347656 -52.832595825195312
   vertex -30.339509963989258 45.334850311279297 -52.832595825195312
   vertex -30.339509963989258 44.986122131347656 -52.817611694335938
  endloop
 endfacet
 facet normal 0.042472051811422849 -0.14537515615740956 -0.98846456121964055
  outer loop
   vertex -30.688240051269531 44.986122131347656 -52.832595825195312
   vertex -30.339509963989258 44.986122131347656 -52.817611694335938
   vertex -30.688240051269531 44.63739013671875 -52.781307220458984
  endloop
 endfacet
 facet normal 0.19742778021265048 -0.29475937279121878 -0.93495410783205424
  outer loop
   vertex -30.688240051269531 44.63739013671875 -52.781307220458984
   vertex -30.339509963989258 44.986122131347656 -52.817611694335938
   vertex -30.339509963989258 44.63739013671875 -52.707668304443359
  endloop
 endfacet
 facet normal 0.16795771718482289 -0.58235685803372295 -0.79539342160917659
  outer loop
   vertex -30.688240051269531 44.63739013671875 -52.781307220458984
   vertex -30.339509963989258 44.63739013671875 -52.707668304443359
   vertex -30.339509963989258 44.569866180419922 -52.658229827880859
  endloop
 endfacet
 facet normal 0.43878794681830691 -0.53084144890913698 -0.7250327536373945
  outer loop
   vertex -30.339509963989258 44.569866180419922 -52.658229827880859
   vertex -30.339509963989258 44.63739013671875 -52.707668304443359
   vertex -30.257820129394531 44.63739013671875 -52.658229827880859
  endloop
 endfacet
 facet normal 0.45935965290540287 -0.55572890159554544 -0.69293152418838333
  outer loop
   vertex -30.339509963989258 44.569866180419922 -52.658229827880859
   vertex -30.257820129394531 44.63739013671875 -52.658229827880859
   vertex -30.339509963989258 44.288661956787109 -52.432704925537109
  endloop
 endfacet
 facet normal 0.042888594580026612 -0.042888360005902369 -0.99815888366078986
  outer loop
   vertex -31.036970138549805 45.683582305908203 -52.847579956054688
   vertex -30.688240051269531 45.683582305908203 -52.832595825195312
   vertex -31.036970138549805 45.334850311279297 -52.832595825195312
  endloop
 endfacet
 facet normal 0 -0 -1
  outer loop
   vertex -31.036970138549805 45.334850311279297 -52.832595825195312
   vertex -30.688240051269531 45.683582305908203 -52.832595825195312
   vertex -30.688240051269531 45.334850311279297 -52.832595825195312
  endloop
 endfacet
 facet normal -0 0 -1
  outer loop
   vertex -31.036970138549805 45.334850311279297 -52.832595825195312
   vertex -30.688240051269531 45.334850311279297 -52.832595825195312
   vertex -31.036970138549805 44.986122131347656 -52.832595825195312
  endloop
 endfacet
 facet normal 0 -0 -1
  outer loop
   vertex -31.036970138549805 44.986122131347656 -52.832595825195312
   vertex -30.688240051269531 45.334850311279297 -52.832595825195312
   vertex -30.688240051269531 44.986122131347656 -52.832595825195312
  endloop
 endfacet
 facet normal -0 -0.042927859608028793 -0.99907817455365999
  outer loop
   vertex -31.036970138549805 44.986122131347656 -52.832595825195312
   vertex -30.688240051269531 44.986122131347656 -52.832595825195312
   vertex -31.036970138549805 44.63739013671875 -52.817611694335938
  endloop
 endfacet
 facet normal 0.10245483346789834 -0.14474074833172251 -0.98415096548824166
  outer loop
   vertex -31.036970138549805 44.63739013671875 -52.817611694335938
   vertex -30.688240051269531 44.986122131347656 -52.832595825195312
   vertex -30.688240051269531 44.63739013671875 -52.781307220458984
  endloop
 endfacet
 facet normal 0.102994536960638 -0.10299510028330754 -0.98933519833972094
  outer loop
   vertex -31.036970138549805 44.63739013671875 -52.817611694335938
   vertex -30.688240051269531 44.63739013671875 -52.781307220458984
   vertex -31.036970138549805 44.288661956787109 -52.781307220458984
  endloop
 endfacet
 facet normal 0.39126534679193187 -0.39126748679514128 -0.83295929202861008
  outer loop
   vertex -31.036970138549805 44.288661956787109 -52.781307220458984
   vertex -30.688240051269531 44.63739013671875 -52.781307220458984
   vertex -30.688240051269531 44.375373840332031 -52.658229827880859
  endloop
 endfacet
 facet normal 0.39126518303106911 -0.39126518303106911 -0.83296045109916705
  outer loop
   vertex -31.036970138549805 44.288661956787109 -52.781307220458984
   vertex -30.688240051269531 44.375373840332031 -52.658229827880859
   vertex -30.774951934814453 44.288661956787109 -52.658229827880859
  endloop
 endfacet
 facet normal 0.44448288207124476 -0.44448288207124476 -0.77773384592113504
  outer loop
   vertex -30.774951934814453 44.288661956787109 -52.658229827880859
   vertex -30.688240051269531 44.375373840332031 -52.658229827880859
   vertex -30.688240051269531 44.288661956787109 -52.608673095703125
  endloop
 endfacet
 facet normal 0.47976867080112445 -0.25515386991737971 -0.83947514863985528
  outer loop
   vertex -30.774951934814453 44.288661956787109 -52.658229827880859
   vertex -30.688240051269531 44.288661956787109 -52.608673095703125
   vertex -30.688240051269531 43.939929962158203 -52.502677917480469
  endloop
 endfacet
 facet normal 0.43477126214086975 -0.26188489272854876 -0.86162071271354168
  outer loop
   vertex -30.688240051269531 43.939929962158203 -52.502677917480469
   vertex -30.688240051269531 44.288661956787109 -52.608673095703125
   vertex -30.339509963989258 44.288661956787109 -52.432704925537109
  endloop
 endfacet
 facet normal 0.58418073551230365 -0.44844071284031767 -0.67648636004251528
  outer loop
   vertex -30.688240051269531 43.939929962158203 -52.502677917480469
   vertex -30.339509963989258 44.288661956787109 -52.432704925537109
   vertex -30.339509963989258 44.102806091308594 -52.309501647949219
  endloop
 endfacet
 facet normal 0.21450258859907895 -0.21450141540239667 -0.95287868182400981
  outer loop
   vertex -31.385700225830078 45.683582305908203 -52.926082611083984
   vertex -31.036970138549805 45.683582305908203 -52.847579956054688
   vertex -31.385700225830078 45.334850311279297 -52.847579956054688
  endloop
 endfacet
 facet normal 0.042888594580026612 -0.042888360005902369 -0.99815888366078986
  outer loop
   vertex -31.385700225830078 45.334850311279297 -52.847579956054688
   vertex -31.036970138549805 45.683582305908203 -52.847579956054688
   vertex -31.036970138549805 45.334850311279297 -52.832595825195312
  endloop
 endfacet
 facet normal 0.042888593717055827 -0.042888828293741327 -0.99815886357661676
  outer loop
   vertex -31.385700225830078 45.334850311279297 -52.847579956054688
   vertex -31.036970138549805 45.334850311279297 -52.832595825195312
   vertex -31.385700225830078 44.986122131347656 -52.832595825195312
  endloop
 endfacet
 facet normal 0 -0 -1
  outer loop
   vertex -31.385700225830078 44.986122131347656 -52.832595825195312
   vertex -31.036970138549805 45.334850311279297 -52.832595825195312
   vertex -31.036970138549805 44.986122131347656 -52.832595825195312
  endloop
 endfacet
 facet normal -0 -0.01343159142299799 -0.99990979210719089
  outer loop
   vertex -31.385700225830078 44.986122131347656 -52.832595825195312
   vertex -31.036970138549805 44.986122131347656 -52.832595825195312
   vertex -31.385700225830078 44.63739013671875 -52.827911376953125
  endloop
 endfacet
 facet normal 0.029494762799428496 -0.042909183192042621 -0.99864351045064981
  outer loop
   vertex -31.385700225830078 44.63739013671875 -52.827911376953125
   vertex -31.036970138549805 44.986122131347656 -52.832595825195312
   vertex -31.036970138549805 44.63739013671875 -52.817611694335938
  endloop
 endfacet
 facet normal 0.029426664965711394 -0.080280740620852664 -0.9963378312973783
  outer loop
   vertex -31.385700225830078 44.63739013671875 -52.827911376953125
   vertex -31.036970138549805 44.63739013671875 -52.817611694335938
   vertex -31.385700225830078 44.288661956787109 -52.799812316894531
  endloop
 endfacet
 facet normal 0.052705643559051309 -0.10340184564452228 -0.99324225315596226
  outer loop
   vertex -31.385700225830078 44.288661956787109 -52.799812316894531
   vertex -31.036970138549805 44.63739013671875 -52.817611694335938
   vertex -31.036970138549805 44.288661956787109 -52.781307220458984
  endloop
 endfacet
 facet normal 0.052461443576667668 -0.14084809403094425 -0.988640284100189
  outer loop
   vertex -31.385700225830078 44.288661956787109 -52.799812316894531
   vertex -31.036970138549805 44.288661956787109 -52.781307220458984
   vertex -31.385700225830078 43.939929962158203 -52.750129699707031
  endloop
 endfacet
 facet normal -0.03626385389968325 -0.052954543382219832 -0.99793824920960061
  outer loop
   vertex -31.385700225830078 43.939929962158203 -52.750129699707031
   vertex -31.036970138549805 44.288661956787109 -52.781307220458984
   vertex -31.036970138549805 43.939929962158203 -52.762802124023438
  endloop
 endfacet
 facet normal -0.035401050055361656 -0.22291487516100117 -0.97419491072728004
  outer loop
   vertex -31.385700225830078 43.939929962158203 -52.750129699707031
   vertex -31.036970138549805 43.939929962158203 -52.762802124023438
   vertex -31.036970138549805 43.591201782226562 -52.683006286621094
  endloop
 endfacet
 facet normal 0.56110928129532189 -0.18463167444197684 -0.80688755055273909
  outer loop
   vertex -31.036970138549805 43.591201782226562 -52.683006286621094
   vertex -31.036970138549805 43.939929962158203 -52.762802124023438
   vertex -30.886592864990234 43.939929962158203 -52.658229827880859
  endloop
 endfacet
 facet normal 0.57406711483021222 -0.1909768324952297 -0.79622534317905569
  outer loop
   vertex -31.036970138549805 43.591201782226562 -52.683006286621094
   vertex -30.886592864990234 43.939929962158203 -52.658229827880859
   vertex -31.002605438232422 43.591201782226562 -52.658229827880859
  endloop
 endfacet
 facet normal 0.60845786747589781 -0.20241771952346943 -0.76733701222448603
  outer loop
   vertex -31.002605438232422 43.591201782226562 -52.658229827880859
   vertex -30.886592864990234 43.939929962158203 -52.658229827880859
   vertex -30.688240051269531 43.591201782226562 -52.408954620361328
  endloop
 endfacet
 facet normal 0.32891347058561515 -0.44425036016111208 -0.83334119444801713
  outer loop
   vertex -31.734430313110352 45.565723419189453 -53.006961822509766
   vertex -31.57524299621582 45.683582305908203 -53.006961822509766
   vertex -31.734430313110352 45.334850311279297 -52.883884429931641
  endloop
 endfacet
 facet normal 0.35050658480702079 -0.44990055974017157 -0.82142231547018429
  outer loop
   vertex -31.734430313110352 45.334850311279297 -52.883884429931641
   vertex -31.57524299621582 45.683582305908203 -53.006961822509766
   vertex -31.385700225830078 45.683582305908203 -52.926082611083984
  endloop
 endfacet
 facet normal 0.10104348486896515 -0.21848928257093239 -0.97059396637686468
  outer loop
   vertex -31.734430313110352 45.334850311279297 -52.883884429931641
   vertex -31.385700225830078 45.683582305908203 -52.926082611083984
   vertex -31.385700225830078 45.334850311279297 -52.847579956054688
  endloop
 endfacet
 facet normal 0.11628046757678319 -0.55018216679781462 -0.82690896487931864
  outer loop
   vertex -32.083160400390625 45.492019653320312 -53.006961822509766
   vertex -31.734430313110352 45.565723419189453 -53.006961822509766
   vertex -32.083160400390625 45.334850311279297 -52.902389526367188
  endloop
 endfacet
 facet normal 0.046774759184365633 -0.46990986653651318 -0.88147424195768809
  outer loop
   vertex -32.083160400390625 45.334850311279297 -52.902389526367188
   vertex -31.734430313110352 45.565723419189453 -53.006961822509766
   vertex -31.734430313110352 45.334850311279297 -52.883884429931641
  endloop
 endfacet
 facet normal 0.048985818232439353 -0.38132603287592332 -0.92314183431540386
  outer loop
   vertex -32.083160400390625 45.334850311279297 -52.902389526367188
   vertex -31.734430313110352 45.334850311279297 -52.883884429931641
   vertex -32.083160400390625 44.986122131347656 -52.758338928222656
  endloop
 endfacet
 facet normal -0.15002827525859214 -0.19864737990287051 -0.96851986819097147
  outer loop
   vertex -32.083160400390625 44.986122131347656 -52.758338928222656
   vertex -31.734430313110352 45.334850311279297 -52.883884429931641
   vertex -31.734430313110352 44.986122131347656 -52.812358856201172
  endloop
 endfacet
 facet normal -0.14993199091028156 -0.2017257678609754 -0.96789829666271188
  outer loop
   vertex -32.083160400390625 44.986122131347656 -52.758338928222656
   vertex -31.734430313110352 44.986122131347656 -52.812358856201172
   vertex -31.734430313110352 44.63739013671875 -52.739677429199219
  endloop
 endfacet
 facet normal -0.056718296409661327 -0.2037036363779349 -0.97738828690484714
  outer loop
   vertex -31.734430313110352 44.63739013671875 -52.739677429199219
   vertex -31.734430313110352 44.986122131347656 -52.812358856201172
   vertex -31.385700225830078 44.986122131347656 -52.832595825195312
  endloop
 endfacet
 facet normal -0.24526482604895369 -0.013021338482103285 -0.96936866560009616
  outer loop
   vertex -31.734430313110352 44.63739013671875 -52.739677429199219
   vertex -31.385700225830078 44.986122131347656 -52.832595825195312
   vertex -31.385700225830078 44.63739013671875 -52.827911376953125
  endloop
 endfacet
 facet normal -0.013563695584036854 -0.53285447322986557 -0.8460981837358037
  outer loop
   vertex -32.431888580322266 45.500896453857422 -53.006961822509766
   vertex -32.083160400390625 45.492019653320312 -53.006961822509766
   vertex -32.431888580322266 45.334850311279297 -52.902389526367188
  endloop
 endfacet
 facet normal 0 -0.55393986331845768 -0.83255668144981476
  outer loop
   vertex -32.431888580322266 45.334850311279297 -52.902389526367188
   vertex -32.083160400390625 45.492019653320312 -53.006961822509766
   vertex -32.083160400390625 45.334850311279297 -52.902389526367188
  endloop
 endfacet
 facet normal -0 -0.44789026638683288 -0.89408853547953049
  outer loop
   vertex -32.431888580322266 45.334850311279297 -52.902389526367188
   vertex -32.083160400390625 45.334850311279297 -52.902389526367188
   vertex -32.431888580322266 44.986122131347656 -52.727695465087891
  endloop
 endfacet
 facet normal -0.080949342423728518 -0.38053144137991235 -0.92121822934768949
  outer loop
   vertex -32.431888580322266 44.986122131347656 -52.727695465087891
   vertex -32.083160400390625 45.334850311279297 -52.902389526367188
   vertex -32.083160400390625 44.986122131347656 -52.758338928222656
  endloop
 endfacet
 facet normal -0.070464923658402609 -0.59328344784904175 -0.80190363825223343
  outer loop
   vertex -32.431888580322266 44.986122131347656 -52.727695465087891
   vertex -32.083160400390625 44.986122131347656 -52.758338928222656
   vertex -32.083160400390625 44.850811004638672 -52.658229827880859
  endloop
 endfacet
 facet normal -0.4742199480873231 -0.52363216299384263 -0.70776041053060212
  outer loop
   vertex -32.083160400390625 44.850811004638672 -52.658229827880859
   vertex -32.083160400390625 44.986122131347656 -52.758338928222656
   vertex -31.847501754760742 44.63739013671875 -52.658229827880859
  endloop
 endfacet
 facet normal -0.6661605128425272 -0.73557232598023803 -0.12314026303936298
  outer loop
   vertex -32.083160400390625 44.850811004638672 -52.658229827880859
   vertex -31.847501754760742 44.63739013671875 -52.658229827880859
   vertex -31.911964416503906 44.63739013671875 -52.309501647949219
  endloop
 endfacet
 facet normal -0.84433328195312363 -0.51258336529180826 -0.15607563106517233
  outer loop
   vertex -31.911964416503906 44.63739013671875 -52.309501647949219
   vertex -31.847501754760742 44.63739013671875 -52.658229827880859
   vertex -31.734430313110352 44.451137542724609 -52.658229827880859
  endloop
 endfacet
 facet normal -0.76697908760288758 -0.63981830195010814 -0.048740328984549407
  outer loop
   vertex -31.911964416503906 44.63739013671875 -52.309501647949219
   vertex -31.734430313110352 44.451137542724609 -52.658229827880859
   vertex -31.734430313110352 44.424571990966797 -52.309501647949219
  endloop
 endfacet
 facet normal -0.85869604601095972 -0.51100464711811966 -0.03892751197841305
  outer loop
   vertex -31.734430313110352 44.424571990966797 -52.309501647949219
   vertex -31.734430313110352 44.451137542724609 -52.658229827880859
   vertex -31.65355110168457 44.288661956787109 -52.309501647949219
  endloop
 endfacet
 facet normal -0.84932374601693406 -0.50542725000143252 0.15229073973079243
  outer loop
   vertex -31.734430313110352 44.424571990966797 -52.309501647949219
   vertex -31.65355110168457 44.288661956787109 -52.309501647949219
   vertex -31.591020584106445 44.288661956787109 -51.960769653320312
  endloop
 endfacet
 facet normal -0.98056596089156445 -0.087042954042256954 0.17582354931123548
  outer loop
   vertex -31.591020584106445 44.288661956787109 -51.960769653320312
   vertex -31.65355110168457 44.288661956787109 -52.309501647949219
   vertex -31.560064315795898 43.939929962158203 -51.960769653320312
  endloop
 endfacet
 facet normal -0.99608324651564217 -0.088420393636640879 0
  outer loop
   vertex -31.591020584106445 44.288661956787109 -51.960769653320312
   vertex -31.560064315795898 43.939929962158203 -51.960769653320312
   vertex -31.560064315795898 43.939929962158203 -51.612041473388672
  endloop
 endfacet
 facet normal -0.149363785079419 -0.44325721488038716 -0.88386282938204352
  outer loop
   vertex -32.780620574951172 45.618408203125 -53.006961822509766
   vertex -32.431888580322266 45.500896453857422 -53.006961822509766
   vertex -32.780620574951172 45.334850311279297 -52.864757537841797
  endloop
 endfacet
 facet normal -0.090933323170639721 -0.53069566743296959 -0.8426703028498268
  outer loop
   vertex -32.780620574951172 45.334850311279297 -52.864757537841797
   vertex -32.431888580322266 45.500896453857422 -53.006961822509766
   vertex -32.431888580322266 45.334850311279297 -52.902389526367188
  endloop
 endfacet
 facet normal -0.096035959284091768 -0.445820057198697 -0.88995593774283843
  outer loop
   vertex -32.780620574951172 45.334850311279297 -52.864757537841797
   vertex -32.431888580322266 45.334850311279297 -52.902389526367188
   vertex -32.431888580322266 44.986122131347656 -52.727695465087891
  endloop
 endfacet
 facet normal -0.50104214134641489 -0.38795691822007489 -0.77359304689234465
  outer loop
   vertex -32.780620574951172 45.618408203125 -53.006961822509766
   vertex -32.780620574951172 45.334850311279297 -52.864757537841797
   vertex -33.129348754882812 45.683582305908203 -52.81378173828125
  endloop
 endfacet
 facet normal 0.40978430839056224 0.383838833014648 0.82749294309185606
  outer loop
   vertex -30.873647689819336 44.986122131347656 -49.868389129638672
   vertex -31.036970138549805 45.160484313964844 -49.868389129638672
   vertex -31.036970138549805 44.986122131347656 -49.787509918212891
  endloop
 endfacet
 facet normal 0.38785092483629802 0.38785304616452382 0.83614692170965266
  outer loop
   vertex -31.036970138549805 44.986122131347656 -49.787509918212891
   vertex -31.036970138549805 45.160484313964844 -49.868389129638672
   vertex -31.385700225830078 45.334850311279297 -49.787509918212891
  endloop
 endfacet
 facet normal -0.63727503001270536 -0.29318959506737652 0.71268534253661564
  outer loop
   vertex -31.982925415039062 45.334850311279297 -49.868389129638672
   vertex -31.822486877441406 44.986122131347656 -49.868389129638672
   vertex -31.734430313110352 44.986122131347656 -49.789649963378906
  endloop
 endfacet
 facet normal -0.65399866698285591 -0.19328073321595701 0.73138792836096866
  outer loop
   vertex -31.734430313110352 44.986122131347656 -49.789649963378906
   vertex -31.822486877441406 44.986122131347656 -49.868389129638672
   vertex -31.734430313110352 44.688167572021484 -49.868389129638672
  endloop
 endfacet
 facet normal -0.42127502427789593 -0.23171666845484568 0.87683221854574056
  outer loop
   vertex -31.734430313110352 44.986122131347656 -49.789649963378906
   vertex -31.734430313110352 44.688167572021484 -49.868389129638672
   vertex -31.385700225830078 44.63739013671875 -49.714260101318359
  endloop
 endfacet
 facet normal -0.42012386093752591 -0.19551177646889822 0.88615522722202678
  outer loop
   vertex -31.385700225830078 44.63739013671875 -49.714260101318359
   vertex -31.734430313110352 44.688167572021484 -49.868389129638672
   vertex -31.710800170898438 44.63739013671875 -49.868389129638672
  endloop
 endfacet
 facet normal -0.42044444639743855 -0.19171980627624013 0.88683142895081934
  outer loop
   vertex -31.385700225830078 44.63739013671875 -49.714260101318359
   vertex -31.710800170898438 44.63739013671875 -49.868389129638672
   vertex -31.385700225830078 44.288661956787109 -49.789649963378906
  endloop
 endfacet
 facet normal -0.56803884704230556 -0.3627502527044506 0.738744964391437
  outer loop
   vertex -31.385700225830078 44.288661956787109 -49.789649963378906
   vertex -31.710800170898438 44.63739013671875 -49.868389129638672
   vertex -31.488101959228516 44.288661956787109 -49.868389129638672
  endloop
 endfacet
 facet normal -0.57796435026173332 -0.3177649773359133 0.75165326381599573
  outer loop
   vertex -31.385700225830078 44.288661956787109 -49.789649963378906
   vertex -31.488101959228516 44.288661956787109 -49.868389129638672
   vertex -31.385700225830078 44.102409362792969 -49.868389129638672
  endloop
 endfacet
 facet normal -0.70268298548234953 -0.38633532129622511 0.59747940670164901
  outer loop
   vertex -31.385700225830078 44.102409362792969 -49.868389129638672
   vertex -31.488101959228516 44.288661956787109 -49.868389129638672
   vertex -31.385700225830078 43.939929962158203 -49.97344970703125
  endloop
 endfacet
 facet normal -0.31117787647185668 -0.51602647784753786 0.79805075236774914
  outer loop
   vertex -31.385700225830078 44.102409362792969 -49.868389129638672
   vertex -31.385700225830078 43.939929962158203 -49.97344970703125
   vertex -31.116260528564453 43.939929962158203 -49.868389129638672
  endloop
 endfacet
 facet normal -0.34159188704458648 -0.34036712884004278 0.87605091193977092
  outer loop
   vertex -31.116260528564453 43.939929962158203 -49.868389129638672
   vertex -31.385700225830078 43.939929962158203 -49.97344970703125
   vertex -31.036970138549805 43.591201782226562 -49.97296142578125
  endloop
 endfacet
 facet normal -0.21248895836732118 -0.32468494039138091 0.92164425460967103
  outer loop
   vertex -31.116260528564453 43.939929962158203 -49.868389129638672
   vertex -31.036970138549805 43.591201782226562 -49.97296142578125
   vertex -31.036970138549805 43.888038635253906 -49.868389129638672
  endloop
 endfacet
 facet normal -0.18585199274035813 -0.32648396002342639 0.92675091618075001
  outer loop
   vertex -31.036970138549805 43.888038635253906 -49.868389129638672
   vertex -31.036970138549805 43.591201782226562 -49.97296142578125
   vertex -30.688240051269531 43.591201782226562 -49.903026580810547
  endloop
 endfacet
 facet normal -0.25689382634688923 -0.4042376647284967 0.87783681421987869
  outer loop
   vertex -31.036970138549805 43.888038635253906 -49.868389129638672
   vertex -30.688240051269531 43.591201782226562 -49.903026580810547
   vertex -30.688240051269531 43.666419982910156 -49.868389129638672
  endloop
 endfacet
 facet normal 0.67077643429036748 0.31641420701574174 0.67077643429036748
  outer loop
   vertex -30.299432754516602 44.986122131347656 -50.217121124267578
   vertex -30.339509963989258 45.071083068847656 -50.217121124267578
   vertex -30.339509963989258 44.986122131347656 -50.177043914794922
  endloop
 endfacet
 facet normal 0.56254298196467456 0.35272401378049645 0.74775073623826549
  outer loop
   vertex -30.339509963989258 44.986122131347656 -50.177043914794922
   vertex -30.339509963989258 45.071083068847656 -50.217121124267578
   vertex -30.688240051269531 45.334850311279297 -50.079189300537109
  endloop
 endfacet
 facet normal 0.50213604071774776 0.27176957427263798 0.82097545341622324
  outer loop
   vertex -30.339509963989258 44.986122131347656 -50.177043914794922
   vertex -30.688240051269531 45.334850311279297 -50.079189300537109
   vertex -30.688240051269531 44.986122131347656 -49.963748931884766
  endloop
 endfacet
 facet normal 0.33343908677546252 0.29627661147424528 0.89500756695331041
  outer loop
   vertex -30.688240051269531 44.986122131347656 -49.963748931884766
   vertex -30.688240051269531 45.334850311279297 -50.079189300537109
   vertex -31.036970138549805 45.334850311279297 -49.949268341064453
  endloop
 endfacet
 facet normal -0.8102627059080485 -0.37277562034502015 0.45223078653598153
  outer loop
   vertex -31.982925415039062 45.334850311279297 -49.868389129638672
   vertex -32.017124176025391 44.986122131347656 -50.217121124267578
   vertex -31.822486877441406 44.986122131347656 -49.868389129638672
  endloop
 endfacet
 facet normal -0.77341132702036863 -0.46422192161935455 0.43166297817235411
  outer loop
   vertex -31.822486877441406 44.986122131347656 -49.868389129638672
   vertex -32.017124176025391 44.986122131347656 -50.217121124267578
   vertex -31.807806015014648 44.63739013671875 -50.217121124267578
  endloop
 endfacet
 facet normal -0.9335424432317232 -0.27236161054193309 0.23306149357615735
  outer loop
   vertex -31.822486877441406 44.986122131347656 -49.868389129638672
   vertex -31.807806015014648 44.63739013671875 -50.217121124267578
   vertex -31.734430313110352 44.63739013671875 -49.923210144042969
  endloop
 endfacet
 facet normal -0.83047683665760763 -0.51703204146520854 0.20733087535022887
  outer loop
   vertex -31.734430313110352 44.63739013671875 -49.923210144042969
   vertex -31.807806015014648 44.63739013671875 -50.217121124267578
   vertex -31.734430313110352 44.51953125 -50.217121124267578
  endloop
 endfacet
 facet normal -0.65354844854004657 -0.70250680035374125 0.28170662198046892
  outer loop
   vertex -31.734430313110352 44.63739013671875 -49.923210144042969
   vertex -31.734430313110352 44.51953125 -50.217121124267578
   vertex -31.710800170898438 44.63739013671875 -49.868389129638672
  endloop
 endfacet
 facet normal -0.85573481733294443 -0.46981921387502534 0.21676676100824463
  outer loop
   vertex -31.710800170898438 44.63739013671875 -49.868389129638672
   vertex -31.734430313110352 44.51953125 -50.217121124267578
   vertex -31.607677459716797 44.288661956787109 -50.217121124267578
  endloop
 endfacet
 facet normal -0.80967477501532303 -0.51705923067503357 0.27762656695213539
  outer loop
   vertex -31.710800170898438 44.63739013671875 -49.868389129638672
   vertex -31.607677459716797 44.288661956787109 -50.217121124267578
   vertex -31.488101959228516 44.288661956787109 -49.868389129638672
  endloop
 endfacet
 facet normal -0.92421606404087042 -0.21306871357602841 0.31690123108605661
  outer loop
   vertex -31.488101959228516 44.288661956787109 -49.868389129638672
   vertex -31.607677459716797 44.288661956787109 -50.217121124267578
   vertex -31.527280807495117 43.939929962158203 -50.217121124267578
  endloop
 endfacet
 facet normal -0.80134442720364418 -0.37557742940710492 0.46560573826963775
  outer loop
   vertex -31.488101959228516 44.288661956787109 -49.868389129638672
   vertex -31.527280807495117 43.939929962158203 -50.217121124267578
   vertex -31.385700225830078 43.939929962158203 -49.97344970703125
  endloop
 endfacet
 facet normal -0.84788309028257858 -0.19594400766199507 0.49264613169517613
  outer loop
   vertex -31.385700225830078 43.939929962158203 -49.97344970703125
   vertex -31.527280807495117 43.939929962158203 -50.217121124267578
   vertex -31.385700225830078 43.591201782226562 -50.112152099609375
  endloop
 endfacet
 facet normal -0.34773196562963066 -0.34651401620734484 0.87121209624936313
  outer loop
   vertex -31.385700225830078 43.939929962158203 -49.97344970703125
   vertex -31.385700225830078 43.591201782226562 -50.112152099609375
   vertex -31.036970138549805 43.591201782226562 -49.97296142578125
  endloop
 endfacet
 facet normal 0.007333525704088446 -0.8246112168396722 0.56565233179307461
  outer loop
   vertex -33.478080749511719 45.334850311279297 -50.424430847167969
   vertex -33.826808929443359 45.2347412109375 -50.565849304199219
   vertex -33.478080749511719 45.237842559814453 -50.565849304199219
  endloop
 endfacet
 facet normal 0.008615387567121097 -0.96874893631427961 0.24789367375352714
  outer loop
   vertex -33.478080749511719 45.237842559814453 -50.565849304199219
   vertex -33.826808929443359 45.2347412109375 -50.565849304199219
   vertex -33.826808929443359 45.145503997802734 -50.914581298828125
  endloop
 endfacet
 facet normal 0.041900741402167749 -0.97541127495848468 0.21637276296662702
  outer loop
   vertex -33.478080749511719 45.237842559814453 -50.565849304199219
   vertex -33.826808929443359 45.145503997802734 -50.914581298828125
   vertex -33.478080749511719 45.160484313964844 -50.914581298828125
  endloop
 endfacet
 facet normal 0.041871417008683999 -0.97472862966204876 0.21943309448401241
  outer loop
   vertex -33.478080749511719 45.160484313964844 -50.914581298828125
   vertex -33.826808929443359 45.145503997802734 -50.914581298828125
   vertex -33.826808929443359 45.066997528076172 -51.263309478759766
  endloop
 endfacet
 facet normal 0.21943309448401241 -0.97472862966204876 0.041871417008683999
  outer loop
   vertex -33.478080749511719 45.160484313964844 -50.914581298828125
   vertex -33.826808929443359 45.066997528076172 -51.263309478759766
   vertex -33.478080749511719 45.145503997802734 -51.263309478759766
  endloop
 endfacet
 facet normal 0.21805016446851261 -0.96858561152662859 0.11956604417158551
  outer loop
   vertex -33.478080749511719 45.145503997802734 -51.263309478759766
   vertex -33.826808929443359 45.066997528076172 -51.263309478759766
   vertex -33.478080749511719 45.102455139160156 -51.612041473388672
  endloop
 endfacet
 facet normal -0.4698985235869711 -0.88148028529680023 0.046774824038753618
  outer loop
   vertex -32.431888580322266 45.109195709228516 -50.565849304199219
   vertex -32.431888580322266 45.090690612792969 -50.914581298828125
   vertex -32.201015472412109 44.986122131347656 -50.565849304199219
  endloop
 endfacet
 facet normal -0.53029403783281581 -0.84206328902622229 0.09857814521134646
  outer loop
   vertex -32.201015472412109 44.986122131347656 -50.565849304199219
   vertex -32.431888580322266 45.090690612792969 -50.914581298828125
   vertex -32.265842437744141 44.986122131347656 -50.914581298828125
  endloop
 endfacet
 facet normal -0.5439564442621071 -0.83299853412855096 0.10111789597005237
  outer loop
   vertex -32.201015472412109 44.986122131347656 -50.565849304199219
   vertex -32.265842437744141 44.986122131347656 -50.914581298828125
   vertex -32.083160400390625 44.866828918457031 -50.914581298828125
  endloop
 endfacet
 facet normal -0.5420407766841967 -0.8300649384314881 0.13108773549925501
  outer loop
   vertex -32.083160400390625 44.866828918457031 -50.914581298828125
   vertex -32.265842437744141 44.986122131347656 -50.914581298828125
   vertex -32.083160400390625 44.811756134033203 -51.263309478759766
  endloop
 endfacet
 facet normal -0.52178809085113065 -0.84263213968420636 0.13307240667076023
  outer loop
   vertex -32.083160400390625 44.866828918457031 -50.914581298828125
   vertex -32.083160400390625 44.811756134033203 -51.263309478759766
   vertex -31.734430313110352 44.650882720947266 -50.914581298828125
  endloop
 endfacet
 facet normal -0.62235915043401469 -0.72849337796275904 0.2862978975393643
  outer loop
   vertex -31.734430313110352 44.650882720947266 -50.914581298828125
   vertex -32.083160400390625 44.811756134033203 -51.263309478759766
   vertex -31.734430313110352 44.63739013671875 -50.94891357421875
  endloop
 endfacet
 facet normal -0.68123820206623809 -0.68133450376288296 0.26776445997881304
  outer loop
   vertex -31.734430313110352 44.650882720947266 -50.914581298828125
   vertex -31.734430313110352 44.63739013671875 -50.94891357421875
   vertex -31.720935821533203 44.63739013671875 -50.914581298828125
  endloop
 endfacet
 facet normal -0.74209665677290126 -0.6035000315766812 0.29168521370379313
  outer loop
   vertex -31.720935821533203 44.63739013671875 -50.914581298828125
   vertex -31.734430313110352 44.63739013671875 -50.94891357421875
   vertex -31.734430313110352 44.485435485839844 -51.263309478759766
  endloop
 endfacet
 facet normal -0.52968750905983664 -0.8411001712518813 0.10946069918487406
  outer loop
   vertex -32.431888580322266 45.090690612792969 -50.914581298828125
   vertex -32.431888580322266 45.045307159423828 -51.263309478759766
   vertex -32.265842437744141 44.986122131347656 -50.914581298828125
  endloop
 endfacet
 facet normal -0.55222045112412466 -0.82457564880390566 0.12299419807408143
  outer loop
   vertex -32.265842437744141 44.986122131347656 -50.914581298828125
   vertex -32.431888580322266 45.045307159423828 -51.263309478759766
   vertex -32.343513488769531 44.986122131347656 -51.263309478759766
  endloop
 endfacet
 facet normal -0.55223522033003569 -0.82456526696110033 0.1229974875694877
  outer loop
   vertex -32.265842437744141 44.986122131347656 -50.914581298828125
   vertex -32.343513488769531 44.986122131347656 -51.263309478759766
   vertex -32.083160400390625 44.811756134033203 -51.263309478759766
  endloop
 endfacet
 facet normal -0.53556700537007018 -0.79967726523238947 0.2714484375150864
  outer loop
   vertex -32.083160400390625 44.811756134033203 -51.263309478759766
   vertex -32.343513488769531 44.986122131347656 -51.263309478759766
   vertex -32.431888580322266 44.926933288574219 -51.612041473388672
  endloop
 endfacet
 facet normal -0.39688726235918537 -0.91289862276292399 0.09537612664911381
  outer loop
   vertex -32.083160400390625 44.811756134033203 -51.263309478759766
   vertex -32.431888580322266 44.926933288574219 -51.612041473388672
   vertex -32.083160400390625 44.775321960449219 -51.612041473388672
  endloop
 endfacet
 facet normal -0.53555402905827798 -0.79968934522675639 0.27143845175333359
  outer loop
   vertex -32.431888580322266 45.045307159423828 -51.263309478759766
   vertex -32.431888580322266 44.986122131347656 -51.437675476074219
   vertex -32.343513488769531 44.986122131347656 -51.263309478759766
  endloop
 endfacet
 facet normal -0.53557610295436875 -0.79967076418818384 0.27144963961460239
  outer loop
   vertex -32.343513488769531 44.986122131347656 -51.263309478759766
   vertex -32.431888580322266 44.986122131347656 -51.437675476074219
   vertex -32.431888580322266 44.926933288574219 -51.612041473388672
  endloop
 endfacet
 facet normal 0.46572606855853338 -0.79693891532196037 0.38469155736832816
  outer loop
   vertex -33.826808929443359 45.066997528076172 -51.263309478759766
   vertex -33.677146911621094 44.986122131347656 -51.612041473388672
   vertex -33.478080749511719 45.102455139160156 -51.612041473388672
  endloop
 endfacet
 facet normal 0.50441301099880376 -0.86313905318604323 -0.023632376101905293
  outer loop
   vertex -33.478080749511719 45.102455139160156 -51.612041473388672
   vertex -33.677146911621094 44.986122131347656 -51.612041473388672
   vertex -33.693485260009766 44.986122131347656 -51.960769653320312
  endloop
 endfacet
 facet normal 0.50834389294373772 -0.86073509259210279 -0.026862369353241402
  outer loop
   vertex -33.478080749511719 45.102455139160156 -51.612041473388672
   vertex -33.693485260009766 44.986122131347656 -51.960769653320312
   vertex -33.478080749511719 45.113338470458984 -51.960769653320312
  endloop
 endfacet
 facet normal 0.40293508387861077 -0.68225540140254615 -0.61005810005014061
  outer loop
   vertex -33.478080749511719 45.113338470458984 -51.960769653320312
   vertex -33.693485260009766 44.986122131347656 -51.960769653320312
   vertex -33.826808929443359 44.986122131347656 -52.048828125
  endloop
 endfacet
 facet normal 0.40538981605549557 -0.73545730841018297 -0.54291955623696264
  outer loop
   vertex -33.478080749511719 45.113338470458984 -51.960769653320312
   vertex -33.826808929443359 44.986122131347656 -52.048828125
   vertex -33.543254852294922 45.334850311279297 -52.309501647949219
  endloop
 endfacet
 facet normal -0.42894899964053823 -0.29056776073781015 -0.85532048503891001
  outer loop
   vertex -33.543254852294922 45.334850311279297 -52.309501647949219
   vertex -33.826808929443359 44.986122131347656 -52.048828125
   vertex -33.826808929443359 45.334850311279297 -52.16729736328125
  endloop
 endfacet
 facet normal -0.7998686293055608 -0.48771335780871578 0.34977972563856691
  outer loop
   vertex -34.317123413085938 45.334850311279297 -51.263309478759766
   vertex -34.256988525390625 44.986122131347656 -51.612041473388672
   vertex -34.175540924072266 44.986122131347656 -51.425788879394531
  endloop
 endfacet
 facet normal -0.72939255283011162 -0.60518635197900417 0.31896078638967157
  outer loop
   vertex -34.175540924072266 44.986122131347656 -51.425788879394531
   vertex -34.256988525390625 44.986122131347656 -51.612041473388672
   vertex -34.175540924072266 44.887958526611328 -51.612041473388672
  endloop
 endfacet
 facet normal 0.86478088536199282 -0.35507324618487351 0.35507324618487351
  outer loop
   vertex -29.582862854003906 45.334850311279297 -51.960769653320312
   vertex -29.642049789428711 45.334850311279297 -51.816619873046875
   vertex -29.642049789428711 45.190700531005859 -51.960769653320312
  endloop
 endfacet
 facet normal 0.87283943909442641 -0.3450734078144293 0.3450734078144293
  outer loop
   vertex -29.642049789428711 45.190700531005859 -51.960769653320312
   vertex -29.642049789428711 45.334850311279297 -51.816619873046875
   vertex -29.722929000854492 44.986122131347656 -51.960769653320312
  endloop
 endfacet
 facet normal -0.4442136078956197 -0.88125381933977431 0.16144960966015665
  outer loop
   vertex -32.780620574951172 45.109195709228516 -51.612041473388672
   vertex -32.780620574951172 45.045307159423828 -51.960769653320312
   vertex -32.536460876464844 44.986122131347656 -51.612041473388672
  endloop
 endfacet
 facet normal -0.48325236125862059 -0.85384447174879574 0.19343415779532741
  outer loop
   vertex -32.536460876464844 44.986122131347656 -51.612041473388672
   vertex -32.780620574951172 45.045307159423828 -51.960769653320312
   vertex -32.676048278808594 44.986122131347656 -51.960769653320312
  endloop
 endfacet
 facet normal -0.4429966992855694 -0.87881241438671187 0.17732079613482782
  outer loop
   vertex -32.536460876464844 44.986122131347656 -51.612041473388672
   vertex -32.676048278808594 44.986122131347656 -51.960769653320312
   vertex -32.431888580322266 44.863044738769531 -51.960769653320312
  endloop
 endfacet
 facet normal -0.43271649380109506 -0.85841864572709803 0.27545210955907012
  outer loop
   vertex -32.431888580322266 44.863044738769531 -51.960769653320312
   vertex -32.676048278808594 44.986122131347656 -51.960769653320312
   vertex -32.780620574951172 44.926933288574219 -52.309501647949219
  endloop
 endfacet
 facet normal -0.47237615573156488 -0.83462762211211017 0.28329754658971729
  outer loop
   vertex -32.780620574951172 45.045307159423828 -51.960769653320312
   vertex -32.780620574951172 44.986122131347656 -52.135135650634766
   vertex -32.676048278808594 44.986122131347656 -51.960769653320312
  endloop
 endfacet
 facet normal -0.47239736418284284 -0.83461130087292279 0.2833102659070264
  outer loop
   vertex -32.676048278808594 44.986122131347656 -51.960769653320312
   vertex -32.780620574951172 44.986122131347656 -52.135135650634766
   vertex -32.780620574951172 44.926933288574219 -52.309501647949219
  endloop
 endfacet
 facet normal 0.70823194507893261 -0.45269601181287417 -0.54173225200132769
  outer loop
   vertex -29.642049789428711 45.334850311279297 -52.363964080810547
   vertex -29.642049789428711 45.269676208496094 -52.309501647949219
   vertex -29.867136001586914 45.334850311279297 -52.658229827880859
  endloop
 endfacet
 facet normal 0.74977413416645344 -0.36471954398093182 -0.55210361525105622
  outer loop
   vertex -29.867136001586914 45.334850311279297 -52.658229827880859
   vertex -29.642049789428711 45.269676208496094 -52.309501647949219
   vertex -29.77998161315918 44.986122131347656 -52.309501647949219
  endloop
 endfacet
 facet normal 0.86050673081163875 -0.23627530382864176 -0.45133374239973367
  outer loop
   vertex -29.867136001586914 45.334850311279297 -52.658229827880859
   vertex -29.77998161315918 44.986122131347656 -52.309501647949219
   vertex -29.962888717651367 44.986122131347656 -52.658229827880859
  endloop
 endfacet
 facet normal 0.83535402756512334 -0.33198784541865145 -0.4381412091152907
  outer loop
   vertex -29.962888717651367 44.986122131347656 -52.658229827880859
   vertex -29.77998161315918 44.986122131347656 -52.309501647949219
   vertex -29.918575286865234 44.63739013671875 -52.309501647949219
  endloop
 endfacet
 facet normal 0.76645295898286736 -0.40285714424375524 -0.5002559175044039
  outer loop
   vertex -29.962888717651367 44.986122131347656 -52.658229827880859
   vertex -29.918575286865234 44.63739013671875 -52.309501647949219
   vertex -29.990779876708984 44.63739013671875 -52.420127868652344
  endloop
 endfacet
 facet normal 0.743133503712471 -0.46096975022185394 -0.48503555028516038
  outer loop
   vertex -29.990779876708984 44.63739013671875 -52.420127868652344
   vertex -29.918575286865234 44.63739013671875 -52.309501647949219
   vertex -29.990779876708984 44.520988464355469 -52.309501647949219
  endloop
 endfacet
 facet normal 0.62630486455941892 -0.53704796306124192 -0.56508557051209429
  outer loop
   vertex -29.990779876708984 44.63739013671875 -52.420127868652344
   vertex -29.990779876708984 44.520988464355469 -52.309501647949219
   vertex -30.189996719360352 44.288661956787109 -52.309501647949219
  endloop
 endfacet
 facet normal 0.63621495927904892 -0.54554573544668428 -0.54553677797697053
  outer loop
   vertex -30.189996719360352 44.288661956787109 -52.309501647949219
   vertex -29.990779876708984 44.520988464355469 -52.309501647949219
   vertex -29.990779876708984 44.288661956787109 -52.077171325683594
  endloop
 endfacet
 facet normal 0.66902057223410061 -0.4725653469250472 -0.57366668616293759
  outer loop
   vertex -30.189996719360352 44.288661956787109 -52.309501647949219
   vertex -29.990779876708984 44.288661956787109 -52.077171325683594
   vertex -30.339509963989258 43.939929962158203 -52.19659423828125
  endloop
 endfacet
 facet normal 0.65671434447930965 -0.44929213776132532 -0.60569203783851178
  outer loop
   vertex -30.339509963989258 43.939929962158203 -52.19659423828125
   vertex -29.990779876708984 44.288661956787109 -52.077171325683594
   vertex -30.122007369995117 43.939929962158203 -51.960769653320312
  endloop
 endfacet
 facet normal 0.70218112726965309 -0.29584078049325813 -0.64762635609080887
  outer loop
   vertex -30.339509963989258 43.939929962158203 -52.19659423828125
   vertex -30.122007369995117 43.939929962158203 -51.960769653320312
   vertex -30.339509963989258 43.591201782226562 -52.03729248046875
  endloop
 endfacet
 facet normal 0.72780605824869038 -0.32094736893771897 -0.60604548339910891
  outer loop
   vertex -30.339509963989258 43.591201782226562 -52.03729248046875
   vertex -30.122007369995117 43.939929962158203 -51.960769653320312
   vertex -30.275789260864258 43.591201782226562 -51.960769653320312
  endloop
 endfacet
 facet normal 0.69160022700775459 -0.43592657605137664 -0.57589681913945823
  outer loop
   vertex -30.339509963989258 43.591201782226562 -52.03729248046875
   vertex -30.275789260864258 43.591201782226562 -51.960769653320312
   vertex -30.339509963989258 43.490108489990234 -51.960769653320312
  endloop
 endfacet
 facet normal 0.72604191761174897 -0.45763571909688899 -0.51325693612198509
  outer loop
   vertex -30.339509963989258 43.490108489990234 -51.960769653320312
   vertex -30.275789260864258 43.591201782226562 -51.960769653320312
   vertex -30.339509963989258 43.242469787597656 -51.739967346191406
  endloop
 endfacet
 facet normal 0.67228885061820298 -0.49266696467850429 -0.55254589243693142
  outer loop
   vertex -30.339509963989258 43.490108489990234 -51.960769653320312
   vertex -30.339509963989258 43.242469787597656 -51.739967346191406
   vertex -30.520984649658203 43.242469787597656 -51.960769653320312
  endloop
 endfacet
 facet normal 0.62680441610078841 -0.58457122347532819 -0.51516279819209343
  outer loop
   vertex -30.520984649658203 43.242469787597656 -51.960769653320312
   vertex -30.339509963989258 43.242469787597656 -51.739967346191406
   vertex -30.688240051269531 42.893741607666016 -51.768558502197266
  endloop
 endfacet
 facet normal 0.61114785946517236 -0.58623824928350576 -0.53181106508622789
  outer loop
   vertex -30.520984649658203 43.242469787597656 -51.960769653320312
   vertex -30.688240051269531 42.893741607666016 -51.768558502197266
   vertex -30.688240051269531 43.068107604980469 -51.960769653320312
  endloop
 endfacet
 facet normal 0.51646372195981727 -0.63422703207655995 -0.57534450174027985
  outer loop
   vertex -30.688240051269531 43.068107604980469 -51.960769653320312
   vertex -30.688240051269531 42.893741607666016 -51.768558502197266
   vertex -30.902364730834961 42.893741607666016 -51.960769653320312
  endloop
 endfacet
 facet normal 0.49900341587632063 -0.61278545227989434 -0.61277204604803015
  outer loop
   vertex -30.688240051269531 43.068107604980469 -51.960769653320312
   vertex -30.902364730834961 42.893741607666016 -51.960769653320312
   vertex -30.688240051269531 43.242469787597656 -52.135135650634766
  endloop
 endfacet
 facet normal 0.47151509019613025 -0.60860920028190235 -0.63817580732080281
  outer loop
   vertex -30.688240051269531 43.242469787597656 -52.135135650634766
   vertex -30.902364730834961 42.893741607666016 -51.960769653320312
   vertex -31.036970138549805 42.893741607666016 -52.060222625732422
  endloop
 endfacet
 facet normal 0.49354984037393751 -0.62375111580639331 -0.60608836038744396
  outer loop
   vertex -30.688240051269531 43.242469787597656 -52.135135650634766
   vertex -31.036970138549805 42.893741607666016 -52.060222625732422
   vertex -30.902364730834961 43.242469787597656 -52.309501647949219
  endloop
 endfacet
 facet normal 0.46306022216756176 -0.62673249968948574 -0.62672290885134951
  outer loop
   vertex -30.902364730834961 43.242469787597656 -52.309501647949219
   vertex -31.036970138549805 42.893741607666016 -52.060222625732422
   vertex -31.036970138549805 43.143016815185547 -52.309501647949219
  endloop
 endfacet
 facet normal 0.46305743880991446 -0.62672873253218675 -0.62672873253218675
  outer loop
   vertex -30.902364730834961 43.242469787597656 -52.309501647949219
   vertex -31.036970138549805 43.143016815185547 -52.309501647949219
   vertex -31.036970138549805 43.242469787597656 -52.408954620361328
  endloop
 endfacet
 facet normal -0.133994730660078 -0.70073012356945708 -0.70073012356945708
  outer loop
   vertex -31.036970138549805 43.242469787597656 -52.408954620361328
   vertex -31.036970138549805 43.143016815185547 -52.309501647949219
   vertex -31.385700225830078 43.242469787597656 -52.342269897460938
  endloop
 endfacet
 facet normal -0.14499543057779302 -0.63562576847903074 -0.75825866797353669
  outer loop
   vertex -31.036970138549805 43.242469787597656 -52.408954620361328
   vertex -31.385700225830078 43.242469787597656 -52.342269897460938
   vertex -31.385700225830078 43.591201782226562 -52.634601593017578
  endloop
 endfacet
 facet normal -0.68585576808658855 -0.46750919149681813 -0.55770693132535754
  outer loop
   vertex -31.385700225830078 43.591201782226562 -52.634601593017578
   vertex -31.385700225830078 43.242469787597656 -52.342269897460938
   vertex -31.412345886230469 43.242469787597656 -52.309501647949219
  endloop
 endfacet
 facet normal -0.85799641615302258 -0.31365138409741916 -0.40677384272141004
  outer loop
   vertex -31.385700225830078 43.591201782226562 -52.634601593017578
   vertex -31.412345886230469 43.242469787597656 -52.309501647949219
   vertex -31.539829254150391 43.591201782226562 -52.309501647949219
  endloop
 endfacet
 facet normal -0.88831108212415211 -0.32473329162207704 -0.32473329162207704
  outer loop
   vertex -31.539829254150391 43.591201782226562 -52.309501647949219
   vertex -31.412345886230469 43.242469787597656 -52.309501647949219
   vertex -31.539829254150391 43.242469787597656 -51.960769653320312
  endloop
 endfacet
 facet normal -0.99665004555597458 -0.057830297825938737 -0.057830297825938737
  outer loop
   vertex -31.539829254150391 43.591201782226562 -52.309501647949219
   vertex -31.539829254150391 43.242469787597656 -51.960769653320312
   vertex -31.560064315795898 43.591201782226562 -51.960769653320312
  endloop
 endfacet
 facet normal -0.9966500090949445 -0.057830295710299212 -0.057830928309221839
  outer loop
   vertex -31.560064315795898 43.591201782226562 -51.960769653320312
   vertex -31.539829254150391 43.242469787597656 -51.960769653320312
   vertex -31.560064315795898 43.242469787597656 -51.612041473388672
  endloop
 endfacet
 facet normal -1 0 0
  outer loop
   vertex -31.560064315795898 43.591201782226562 -51.960769653320312
   vertex -31.560064315795898 43.242469787597656 -51.612041473388672
   vertex -31.560064315795898 43.591201782226562 -51.612041473388672
  endloop
 endfacet
 facet normal -1 0 0
  outer loop
   vertex -31.560064315795898 43.591201782226562 -51.612041473388672
   vertex -31.560064315795898 43.242469787597656 -51.612041473388672
   vertex -31.560064315795898 43.242469787597656 -51.263309478759766
  endloop
 endfacet
 facet normal -1 0 0
  outer loop
   vertex -31.560064315795898 43.591201782226562 -51.612041473388672
   vertex -31.560064315795898 43.242469787597656 -51.263309478759766
   vertex -31.560064315795898 43.591201782226562 -51.263309478759766
  endloop
 endfacet
 facet normal -1 0 0
  outer loop
   vertex -31.560064315795898 43.591201782226562 -51.263309478759766
   vertex -31.560064315795898 43.242469787597656 -51.263309478759766
   vertex -31.560064315795898 43.242469787597656 -50.914581298828125
  endloop
 endfacet
 facet normal -1 0 0
  outer loop
   vertex -31.560064315795898 43.591201782226562 -51.263309478759766
   vertex -31.560064315795898 43.242469787597656 -50.914581298828125
   vertex -31.560064315795898 43.591201782226562 -50.914581298828125
  endloop
 endfacet
 facet normal -1 0 0
  outer loop
   vertex -31.560064315795898 43.591201782226562 -50.914581298828125
   vertex -31.560064315795898 43.242469787597656 -50.914581298828125
   vertex -31.560064315795898 43.242469787597656 -50.565849304199219
  endloop
 endfacet
 facet normal -1 0 0
  outer loop
   vertex -31.560064315795898 43.591201782226562 -50.914581298828125
   vertex -31.560064315795898 43.242469787597656 -50.565849304199219
   vertex -31.560064315795898 43.591201782226562 -50.565849304199219
  endloop
 endfacet
 facet normal -0.95761296176595534 0 0.28805800710592128
  outer loop
   vertex -31.560064315795898 43.591201782226562 -50.565849304199219
   vertex -31.560064315795898 43.242469787597656 -50.565849304199219
   vertex -31.455163955688477 43.242469787597656 -50.217121124267578
  endloop
 endfacet
 facet normal -0.97125849320496727 -0.062481909454794593 0.22968010442373937
  outer loop
   vertex -31.560064315795898 43.591201782226562 -50.565849304199219
   vertex -31.455163955688477 43.242469787597656 -50.217121124267578
   vertex -31.477598190307617 43.591201782226562 -50.217121124267578
  endloop
 endfacet
 facet normal -0.7063860087167646 -0.045442430563601179 0.70636661316463067
  outer loop
   vertex -31.477598190307617 43.591201782226562 -50.217121124267578
   vertex -31.455163955688477 43.242469787597656 -50.217121124267578
   vertex -31.385700225830078 43.242469787597656 -50.147655487060547
  endloop
 endfacet
 facet normal -0.65396248424571546 -0.72177943258386335 -0.226644037861331
  outer loop
   vertex -32.780620574951172 44.986122131347656 -52.594802856445312
   vertex -32.879497528076172 44.986122131347656 -52.309501647949219
   vertex -32.780620574951172 45.006038665771484 -52.658229827880859
  endloop
 endfacet
 facet normal -0.48596559477477463 -0.8538357358485813 -0.18655287958943742
  outer loop
   vertex -32.780620574951172 45.006038665771484 -52.658229827880859
   vertex -32.879497528076172 44.986122131347656 -52.309501647949219
   vertex -33.129348754882812 45.128326416015625 -52.309501647949219
  endloop
 endfacet
 facet normal 0.66588053001466452 -0.18283543743393565 -0.72330790301622638
  outer loop
   vertex -29.867136001586914 45.334850311279297 -52.658229827880859
   vertex -29.962888717651367 44.986122131347656 -52.658229827880859
   vertex -29.990779876708984 44.986122131347656 -52.683906555175781
  endloop
 endfacet
 facet normal 0.62397952126192424 -0.38890344128433713 -0.677793235731178
  outer loop
   vertex -29.990779876708984 44.986122131347656 -52.683906555175781
   vertex -29.962888717651367 44.986122131347656 -52.658229827880859
   vertex -29.990779876708984 44.941371917724609 -52.658229827880859
  endloop
 endfacet
 facet normal 0.10145560222915423 -0.19988472693871984 -0.97455264440303735
  outer loop
   vertex -31.734430313110352 45.334850311279297 -52.883884429931641
   vertex -31.385700225830078 45.334850311279297 -52.847579956054688
   vertex -31.734430313110352 44.986122131347656 -52.812358856201172
  endloop
 endfacet
 facet normal -0.057879774624115622 -0.042856361585450267 -0.99740326045242034
  outer loop
   vertex -31.734430313110352 44.986122131347656 -52.812358856201172
   vertex -31.385700225830078 45.334850311279297 -52.847579956054688
   vertex -31.385700225830078 44.986122131347656 -52.832595825195312
  endloop
 endfacet
 facet normal -0.19802792168720404 -0.52368813152500049 -0.82857448858391747
  outer loop
   vertex -32.780620574951172 45.334850311279297 -52.864757537841797
   vertex -32.431888580322266 44.986122131347656 -52.727695465087891
   vertex -32.722541809082031 44.986122131347656 -52.658229827880859
  endloop
 endfacet
 facet normal -0.16663454400101363 -0.69722052779073207 -0.69722052779073207
  outer loop
   vertex -32.722541809082031 44.986122131347656 -52.658229827880859
   vertex -32.431888580322266 44.986122131347656 -52.727695465087891
   vertex -32.431888580322266 44.916656494140625 -52.658229827880859
  endloop
 endfacet
 facet normal -0.55253704809092141 -0.5280343919952365 -0.64488951872176647
  outer loop
   vertex -33.176124572753906 45.334850311279297 -52.658229827880859
   vertex -33.129348754882812 45.334850311279297 -52.698307037353516
   vertex -33.129348754882812 45.285903930664062 -52.658229827880859
  endloop
 endfacet
 facet normal 0.40563013043490598 0.40562595762885673 0.81910425452504776
  outer loop
   vertex -30.873647689819336 44.986122131347656 -49.868389129638672
   vertex -31.036970138549805 44.986122131347656 -49.787509918212891
   vertex -30.688240051269531 44.800712585449219 -49.868389129638672
  endloop
 endfacet
 facet normal 0.40563129738592135 0.40562907883324362 0.81910213098606233
  outer loop
   vertex -30.688240051269531 44.800712585449219 -49.868389129638672
   vertex -31.036970138549805 44.986122131347656 -49.787509918212891
   vertex -30.688240051269531 44.63739013671875 -49.787509918212891
  endloop
 endfacet
 facet normal 0.21450258859907895 0.21450141540239667 0.95287868182400981
  outer loop
   vertex -31.036970138549805 44.986122131347656 -49.787509918212891
   vertex -31.036970138549805 44.63739013671875 -49.709007263183594
   vertex -30.688240051269531 44.63739013671875 -49.787509918212891
  endloop
 endfacet
 facet normal 0.21930379555967081 -0.053166461936937311 0.97420694545780684
  outer loop
   vertex -30.688240051269531 44.63739013671875 -49.787509918212891
   vertex -31.036970138549805 44.63739013671875 -49.709007263183594
   vertex -31.036970138549805 44.288661956787109 -49.728038787841797
  endloop
 endfacet
 facet normal -0.0086348933229618823 0.17648871011494938 0.98426478846866328
  outer loop
   vertex -30.688240051269531 44.63739013671875 -49.787509918212891
   vertex -31.036970138549805 44.288661956787109 -49.728038787841797
   vertex -30.688240051269531 44.288661956787109 -49.724979400634766
  endloop
 endfacet
 facet normal -0.22527694692599393 -0.01467382494228529 0.97418426185463802
  outer loop
   vertex -31.734430313110352 44.986122131347656 -49.789649963378906
   vertex -31.385700225830078 44.63739013671875 -49.714260101318359
   vertex -31.385700225830078 44.986122131347656 -49.709007263183594
  endloop
 endfacet
 facet normal 0.66742258910043484 0.33030616919943734 0.66741660314024631
  outer loop
   vertex -30.126846313476562 44.63739013671875 -50.217121124267578
   vertex -30.339509963989258 44.986122131347656 -50.177043914794922
   vertex -30.339509963989258 44.63739013671875 -50.00445556640625
  endloop
 endfacet
 facet normal 0.48068943882937587 0.38894933887302635 0.78591098426484363
  outer loop
   vertex -30.339509963989258 44.63739013671875 -50.00445556640625
   vertex -30.339509963989258 44.986122131347656 -50.177043914794922
   vertex -30.688240051269531 44.986122131347656 -49.963748931884766
  endloop
 endfacet
 facet normal 0.50287292112425308 0.41432201926284062 0.75858822133877279
  outer loop
   vertex -30.339509963989258 44.63739013671875 -50.00445556640625
   vertex -30.688240051269531 44.986122131347656 -49.963748931884766
   vertex -30.544767379760742 44.63739013671875 -49.868389129638672
  endloop
 endfacet
 facet normal 0.66742007431817274 0.33030423671858861 0.66742007431817274
  outer loop
   vertex -30.339509963989258 44.986122131347656 -50.177043914794922
   vertex -30.126846313476562 44.63739013671875 -50.217121124267578
   vertex -30.299432754516602 44.986122131347656 -50.217121124267578
  endloop
 endfacet
 facet normal 0.76694117839183007 0.3795569391519435 0.51743382072353838
  outer loop
   vertex -30.299432754516602 44.986122131347656 -50.217121124267578
   vertex -30.126846313476562 44.63739013671875 -50.217121124267578
   vertex -30.064155578613281 44.986122131347656 -50.565849304199219
  endloop
 endfacet
 facet normal -0.84444179633786587 -0.39297533674516644 0.3639896115381609
  outer loop
   vertex -31.710800170898438 44.63739013671875 -49.868389129638672
   vertex -31.734430313110352 44.688167572021484 -49.868389129638672
   vertex -31.734430313110352 44.63739013671875 -49.923210144042969
  endloop
 endfacet
 facet normal -0.9275676991593359 -0.27413047465072954 0.25391070545375133
  outer loop
   vertex -31.734430313110352 44.63739013671875 -49.923210144042969
   vertex -31.734430313110352 44.688167572021484 -49.868389129638672
   vertex -31.822486877441406 44.986122131347656 -49.868389129638672
  endloop
 endfacet
 facet normal 0.78495267019097825 0.36181559096869076 0.50293019763385705
  outer loop
   vertex -30.126846313476562 44.63739013671875 -50.217121124267578
   vertex -29.990779876708984 44.826934814453125 -50.565849304199219
   vertex -30.064155578613281 44.986122131347656 -50.565849304199219
  endloop
 endfacet
 facet normal 0.79055419104927038 0.3643975524762213 0.49217730013052546
  outer loop
   vertex -30.064155578613281 44.986122131347656 -50.565849304199219
   vertex -29.990779876708984 44.826934814453125 -50.565849304199219
   vertex -29.990779876708984 44.986122131347656 -50.683708190917969
  endloop
 endfacet
 facet normal -0.55187750671070013 -0.77772871850971836 0.30094726779290182
  outer loop
   vertex -32.083160400390625 44.986122131347656 -50.376216888427734
   vertex -32.083160400390625 44.912742614746094 -50.565849304199219
   vertex -31.734430313110352 44.665283203125 -50.565849304199219
  endloop
 endfacet
 facet normal 0.9705934999442617 0.10104819221290677 0.21848917757282987
  outer loop
   vertex -29.867704391479492 44.986122131347656 -50.914581298828125
   vertex -29.909900665283203 44.63739013671875 -50.565849304199219
   vertex -29.831398010253906 44.63739013671875 -50.914581298828125
  endloop
 endfacet
 facet normal 0.95287844202535155 0.21450370782720621 0.2145013614215987
  outer loop
   vertex -29.831398010253906 44.63739013671875 -50.914581298828125
   vertex -29.909900665283203 44.63739013671875 -50.565849304199219
   vertex -29.831398010253906 44.288661956787109 -50.565849304199219
  endloop
 endfacet
 facet normal 0.99815887361862088 0.042888828725225536 0.042888359574415794
  outer loop
   vertex -29.831398010253906 44.63739013671875 -50.914581298828125
   vertex -29.831398010253906 44.288661956787109 -50.565849304199219
   vertex -29.816413879394531 44.288661956787109 -50.914581298828125
  endloop
 endfacet
 facet normal 0.99907817455365988 0 0.042927859608028793
  outer loop
   vertex -29.816413879394531 44.288661956787109 -50.914581298828125
   vertex -29.831398010253906 44.288661956787109 -50.565849304199219
   vertex -29.831398010253906 43.939929962158203 -50.565849304199219
  endloop
 endfacet
 facet normal 0.99907817455365988 0 0.042927859608028793
  outer loop
   vertex -29.816413879394531 44.288661956787109 -50.914581298828125
   vertex -29.831398010253906 43.939929962158203 -50.565849304199219
   vertex -29.816413879394531 43.939929962158203 -50.914581298828125
  endloop
 endfacet
 facet normal 0.95292366160691699 -0.30043306292050448 0.040944717044695461
  outer loop
   vertex -29.816413879394531 43.939929962158203 -50.914581298828125
   vertex -29.831398010253906 43.939929962158203 -50.565849304199219
   vertex -29.941343307495117 43.591201782226562 -50.565849304199219
  endloop
 endfacet
 facet normal -0.60671901876427226 -0.75273430166077782 0.25550558383913952
  outer loop
   vertex -31.734430313110352 44.63739013671875 -50.94891357421875
   vertex -32.083160400390625 44.811756134033203 -51.263309478759766
   vertex -31.866830825805664 44.63739013671875 -51.263309478759766
  endloop
 endfacet
 facet normal -0.6254829983743565 -0.77601409123609288 0.081074958819881457
  outer loop
   vertex -31.866830825805664 44.63739013671875 -51.263309478759766
   vertex -32.083160400390625 44.811756134033203 -51.263309478759766
   vertex -32.083160400390625 44.775321960449219 -51.612041473388672
  endloop
 endfacet
 facet normal -0.45610442015060126 -0.88455916286535585 -0.097590190644472705
  outer loop
   vertex -32.083160400390625 44.780799865722656 -51.960769653320312
   vertex -31.805034637451172 44.63739013671875 -51.960769653320312
   vertex -31.879650115966797 44.63739013671875 -51.612041473388672
  endloop
 endfacet
 facet normal -0.6991409034242706 -0.69915979095678149 -0.14959138968658708
  outer loop
   vertex -31.879650115966797 44.63739013671875 -51.612041473388672
   vertex -31.805034637451172 44.63739013671875 -51.960769653320312
   vertex -31.734430313110352 44.566787719726562 -51.960769653320312
  endloop
 endfacet
 facet normal -0.71373511167075776 -0.68210134806040679 -0.15912240993180957
  outer loop
   vertex -31.879650115966797 44.63739013671875 -51.612041473388672
   vertex -31.734430313110352 44.566787719726562 -51.960769653320312
   vertex -31.734430313110352 44.485435485839844 -51.612041473388672
  endloop
 endfacet
 facet normal -0.84140638788886579 -0.52627251217750848 -0.1227702461762861
  outer loop
   vertex -31.734430313110352 44.485435485839844 -51.612041473388672
   vertex -31.734430313110352 44.566787719726562 -51.960769653320312
   vertex -31.611354827880859 44.288661956787109 -51.612041473388672
  endloop
 endfacet
 facet normal -0.8478200451144996 -0.53028404756512137 0
  outer loop
   vertex -31.734430313110352 44.485435485839844 -51.612041473388672
   vertex -31.611354827880859 44.288661956787109 -51.612041473388672
   vertex -31.611354827880859 44.288661956787109 -51.263309478759766
  endloop
 endfacet
 facet normal -0.98935652354888381 -0.14551174973611888 0
  outer loop
   vertex -31.611354827880859 44.288661956787109 -51.263309478759766
   vertex -31.611354827880859 44.288661956787109 -51.612041473388672
   vertex -31.560064315795898 43.939929962158203 -51.263309478759766
  endloop
 endfacet
 facet normal -0.98935652354888381 -0.14551174973611891 0
  outer loop
   vertex -31.611354827880859 44.288661956787109 -51.263309478759766
   vertex -31.560064315795898 43.939929962158203 -51.263309478759766
   vertex -31.560064315795898 43.939929962158203 -50.914581298828125
  endloop
 endfacet
 facet normal -0.76821693842484307 -0.6373994424400119 -0.059704993880939229
  outer loop
   vertex -34.175540924072266 44.887958526611328 -51.612041473388672
   vertex -34.256988525390625 44.986122131347656 -51.612041473388672
   vertex -34.175540924072266 44.920623779296875 -51.960769653320312
  endloop
 endfacet
 facet normal 0.89666650390442126 -0.35635475602839134 -0.26267940275508439
  outer loop
   vertex -29.77998161315918 44.986122131347656 -52.309501647949219
   vertex -29.816413879394531 44.63739013671875 -51.960769653320312
   vertex -29.918575286865234 44.63739013671875 -52.309501647949219
  endloop
 endfacet
 facet normal 0.92385207166221972 -0.27064640418287528 -0.2706434436455174
  outer loop
   vertex -29.918575286865234 44.63739013671875 -52.309501647949219
   vertex -29.816413879394531 44.63739013671875 -51.960769653320312
   vertex -29.918575286865234 44.288661956787109 -51.960769653320312
  endloop
 endfacet
 facet normal 0.75173817891700334 -0.46631237788676566 -0.46630727700534308
  outer loop
   vertex -29.918575286865234 44.63739013671875 -52.309501647949219
   vertex -29.918575286865234 44.288661956787109 -51.960769653320312
   vertex -29.990779876708984 44.288661956787109 -52.077171325683594
  endloop
 endfacet
 facet normal 0.76995680685139822 -0.42315096658294665 -0.4776083909052653
  outer loop
   vertex -29.990779876708984 44.288661956787109 -52.077171325683594
   vertex -29.918575286865234 44.288661956787109 -51.960769653320312
   vertex -29.990779876708984 44.157279968261719 -51.960769653320312
  endloop
 endfacet
 facet normal 0.73943983982488848 -0.44644506046116988 -0.50390031878295705
  outer loop
   vertex -29.990779876708984 44.288661956787109 -52.077171325683594
   vertex -29.990779876708984 44.157279968261719 -51.960769653320312
   vertex -30.122007369995117 43.939929962158203 -51.960769653320312
  endloop
 endfacet
 facet normal 0.75095223204601125 -0.4533957958210999 -0.48010727709217782
  outer loop
   vertex -30.122007369995117 43.939929962158203 -51.960769653320312
   vertex -29.990779876708984 44.157279968261719 -51.960769653320312
   vertex -29.990779876708984 43.939929962158203 -51.755512237548828
  endloop
 endfacet
 facet normal 0.76157179204200087 -0.42771487536739256 -0.48689669433606875
  outer loop
   vertex -30.122007369995117 43.939929962158203 -51.960769653320312
   vertex -29.990779876708984 43.939929962158203 -51.755512237548828
   vertex -29.990779876708984 43.776607513427734 -51.612041473388672
  endloop
 endfacet
 facet normal 0.79986442503703503 -0.39610233894602737 -0.4509100116893171
  outer loop
   vertex -29.990779876708984 43.776607513427734 -51.612041473388672
   vertex -29.990779876708984 43.939929962158203 -51.755512237548828
   vertex -29.909900665283203 43.939929962158203 -51.612041473388672
  endloop
 endfacet
 facet normal 0.83703261426081799 -0.41450846656602658 -0.35715421572309936
  outer loop
   vertex -29.990779876708984 43.776607513427734 -51.612041473388672
   vertex -29.909900665283203 43.939929962158203 -51.612041473388672
   vertex -29.990779876708984 43.591201782226562 -51.396862030029297
  endloop
 endfacet
 facet normal 0.82993587731862617 -0.41943481397470056 -0.36780548713330891
  outer loop
   vertex -29.990779876708984 43.591201782226562 -51.396862030029297
   vertex -29.909900665283203 43.939929962158203 -51.612041473388672
   vertex -29.93159294128418 43.591201782226562 -51.263309478759766
  endloop
 endfacet
 facet normal 0.80200761751234451 -0.48005667950745651 -0.35542842586440393
  outer loop
   vertex -29.990779876708984 43.591201782226562 -51.396862030029297
   vertex -29.93159294128418 43.591201782226562 -51.263309478759766
   vertex -29.990779876708984 43.492321014404297 -51.263309478759766
  endloop
 endfacet
 facet normal 0.85386694050430823 -0.51109804850872242 -0.098437963837066142
  outer loop
   vertex -29.990779876708984 43.492321014404297 -51.263309478759766
   vertex -29.93159294128418 43.591201782226562 -51.263309478759766
   vertex -29.990779876708984 43.425155639648438 -50.914581298828125
  endloop
 endfacet
 facet normal 0.87168655865989719 -0.48121963735781126 -0.092683353806830057
  outer loop
   vertex -29.990779876708984 43.492321014404297 -51.263309478759766
   vertex -29.990779876708984 43.425155639648438 -50.914581298828125
   vertex -30.128711700439453 43.242469787597656 -51.263309478759766
  endloop
 endfacet
 facet normal 0.83646199426013901 -0.54619797981845764 -0.044711284935539004
  outer loop
   vertex -30.128711700439453 43.242469787597656 -51.263309478759766
   vertex -29.990779876708984 43.425155639648438 -50.914581298828125
   vertex -30.110071182250977 43.242469787597656 -50.914581298828125
  endloop
 endfacet
 facet normal 0.8624971482974586 -0.50395752624029178 -0.046102938350148566
  outer loop
   vertex -30.128711700439453 43.242469787597656 -51.263309478759766
   vertex -30.110071182250977 43.242469787597656 -50.914581298828125
   vertex -30.313833236694336 42.893741607666016 -50.914581298828125
  endloop
 endfacet
 facet normal 0.8350150817154447 -0.48789974063719527 0.25436913412186402
  outer loop
   vertex -30.313833236694336 42.893741607666016 -50.914581298828125
   vertex -30.110071182250977 43.242469787597656 -50.914581298828125
   vertex -30.216304779052734 43.242469787597656 -50.565849304199219
  endloop
 endfacet
 facet normal 0.73330550327757493 -0.57224157949423693 0.3671547542396304
  outer loop
   vertex -30.313833236694336 42.893741607666016 -50.914581298828125
   vertex -30.216304779052734 43.242469787597656 -50.565849304199219
   vertex -30.339509963989258 43.084587097167969 -50.565849304199219
  endloop
 endfacet
 facet normal 0.66986079841394952 -0.522731930433327 0.52729293533450006
  outer loop
   vertex -30.339509963989258 43.084587097167969 -50.565849304199219
   vertex -30.216304779052734 43.242469787597656 -50.565849304199219
   vertex -30.339509963989258 43.242469787597656 -50.409332275390625
  endloop
 endfacet
 facet normal 0.66733696596733694 -0.52432951804441585 0.52890446241341171
  outer loop
   vertex -30.339509963989258 43.084587097167969 -50.565849304199219
   vertex -30.339509963989258 43.242469787597656 -50.409332275390625
   vertex -30.489458084106445 42.893741607666016 -50.565849304199219
  endloop
 endfacet
 facet normal 0.58597825085120003 -0.52789139164546306 0.61478465185460218
  outer loop
   vertex -30.489458084106445 42.893741607666016 -50.565849304199219
   vertex -30.339509963989258 43.242469787597656 -50.409332275390625
   vertex -30.541170120239258 43.242469787597656 -50.217121124267578
  endloop
 endfacet
 facet normal 0.65717128424550009 -0.4820184908132058 0.57946878921757261
  outer loop
   vertex -30.489458084106445 42.893741607666016 -50.565849304199219
   vertex -30.541170120239258 43.242469787597656 -50.217121124267578
   vertex -30.688240051269531 42.893741607666016 -50.340412139892578
  endloop
 endfacet
 facet normal 0.57178755704815043 -0.4771001316016853 0.66740876082844669
  outer loop
   vertex -30.688240051269531 42.893741607666016 -50.340412139892578
   vertex -30.541170120239258 43.242469787597656 -50.217121124267578
   vertex -30.688240051269531 43.066211700439453 -50.217121124267578
  endloop
 endfacet
 facet normal 0.57588443913299792 -0.47543074035341754 0.66507347255132154
  outer loop
   vertex -30.688240051269531 42.893741607666016 -50.340412139892578
   vertex -30.688240051269531 43.066211700439453 -50.217121124267578
   vertex -30.830625534057617 42.893741607666016 -50.217121124267578
  endloop
 endfacet
 facet normal 0.52882126357899373 -0.43657697234622961 0.7278383188618992
  outer loop
   vertex -30.830625534057617 42.893741607666016 -50.217121124267578
   vertex -30.688240051269531 43.066211700439453 -50.217121124267578
   vertex -30.688240051269531 43.242469787597656 -50.111396789550781
  endloop
 endfacet
 facet normal 0.46369326428736529 -0.42501151408070126 0.77740193565063731
  outer loop
   vertex -30.830625534057617 42.893741607666016 -50.217121124267578
   vertex -30.688240051269531 43.242469787597656 -50.111396789550781
   vertex -31.036970138549805 42.893741607666016 -50.094043731689453
  endloop
 endfacet
 facet normal 0.19114760786902013 -0.14282503301955396 0.97111461833756507
  outer loop
   vertex -31.036970138549805 42.893741607666016 -50.094043731689453
   vertex -30.688240051269531 43.242469787597656 -50.111396789550781
   vertex -31.036970138549805 43.242469787597656 -50.042755126953125
  endloop
 endfacet
 facet normal -0.15036870227095631 -0.14385358329612549 0.97810807171304603
  outer loop
   vertex -31.036970138549805 42.893741607666016 -50.094043731689453
   vertex -31.036970138549805 43.242469787597656 -50.042755126953125
   vertex -31.385700225830078 42.893741607666016 -50.147655487060547
  endloop
 endfacet
 facet normal -0.28805656232850996 0 0.95761339636592457
  outer loop
   vertex -31.385700225830078 42.893741607666016 -50.147655487060547
   vertex -31.036970138549805 43.242469787597656 -50.042755126953125
   vertex -31.385700225830078 43.242469787597656 -50.147655487060547
  endloop
 endfacet
 facet normal -0.70711648892453427 0 0.70709707331528315
  outer loop
   vertex -31.385700225830078 42.893741607666016 -50.147655487060547
   vertex -31.385700225830078 43.242469787597656 -50.147655487060547
   vertex -31.455163955688477 43.242469787597656 -50.217121124267578
  endloop
 endfacet
 facet normal -0.4572046085828862 -0.8866928447935748 0.068845805118738043
  outer loop
   vertex -32.083160400390625 44.780799865722656 -51.960769653320312
   vertex -32.083160400390625 44.75372314453125 -52.309501647949219
   vertex -31.805034637451172 44.63739013671875 -51.960769653320312
  endloop
 endfacet
 facet normal -0.5538799116542521 -0.81509124721994775 0.16983315981076311
  outer loop
   vertex -31.805034637451172 44.63739013671875 -51.960769653320312
   vertex -32.083160400390625 44.75372314453125 -52.309501647949219
   vertex -31.911964416503906 44.63739013671875 -52.309501647949219
  endloop
 endfacet
 facet normal -0.74745227809868386 -0.62352892678796346 0.22918719297495249
  outer loop
   vertex -31.805034637451172 44.63739013671875 -51.960769653320312
   vertex -31.911964416503906 44.63739013671875 -52.309501647949219
   vertex -31.734430313110352 44.424571990966797 -52.309501647949219
  endloop
 endfacet
 facet normal -0.20434786652414355 -0.97596096933481169 0.07577688158063503
  outer loop
   vertex -32.083160400390625 44.780799865722656 -51.960769653320312
   vertex -32.431888580322266 44.826740264892578 -52.309501647949219
   vertex -32.083160400390625 44.75372314453125 -52.309501647949219
  endloop
 endfacet
 facet normal -0.19870699288586138 -0.94902027943403111 -0.24469581157267847
  outer loop
   vertex -32.083160400390625 44.75372314453125 -52.309501647949219
   vertex -32.431888580322266 44.826740264892578 -52.309501647949219
   vertex -32.431888580322266 44.916656494140625 -52.658229827880859
  endloop
 endfacet
 facet normal -0.17896164558397365 -0.94780932474075197 -0.26387537464560068
  outer loop
   vertex -32.083160400390625 44.75372314453125 -52.309501647949219
   vertex -32.431888580322266 44.916656494140625 -52.658229827880859
   vertex -32.083160400390625 44.850811004638672 -52.658229827880859
  endloop
 endfacet
 facet normal -0.13233882404393985 -0.70088745018393195 -0.70088745018393195
  outer loop
   vertex -32.083160400390625 44.850811004638672 -52.658229827880859
   vertex -32.431888580322266 44.916656494140625 -52.658229827880859
   vertex -32.431888580322266 44.986122131347656 -52.727695465087891
  endloop
 endfacet
 facet normal 0.70331646352446253 -0.43835123374470275 -0.559637514834326
  outer loop
   vertex -29.990779876708984 44.63739013671875 -52.420127868652344
   vertex -29.990779876708984 44.941371917724609 -52.658229827880859
   vertex -29.962888717651367 44.986122131347656 -52.658229827880859
  endloop
 endfacet
 facet normal -0.54771125150871902 -0.80601342947298971 -0.22439861069075839
  outer loop
   vertex -32.083160400390625 44.850811004638672 -52.658229827880859
   vertex -31.911964416503906 44.63739013671875 -52.309501647949219
   vertex -32.083160400390625 44.75372314453125 -52.309501647949219
  endloop
 endfacet
 facet normal -0.49498966545999701 -0.53175965617640963 -0.68718039782210527
  outer loop
   vertex -32.083160400390625 44.986122131347656 -52.758338928222656
   vertex -31.734430313110352 44.63739013671875 -52.739677429199219
   vertex -31.847501754760742 44.63739013671875 -52.658229827880859
  endloop
 endfacet
 facet normal -0.55082802866739156 -0.33440027849933746 -0.76469924583064741
  outer loop
   vertex -31.847501754760742 44.63739013671875 -52.658229827880859
   vertex -31.734430313110352 44.63739013671875 -52.739677429199219
   vertex -31.734430313110352 44.451137542724609 -52.658229827880859
  endloop
 endfacet
 facet normal 0.25638179866249527 0.17059603935906817 0.95140178929282182
  outer loop
   vertex -30.339509963989258 44.288661956787109 -49.818954467773438
   vertex -30.688240051269531 44.63739013671875 -49.787509918212891
   vertex -30.688240051269531 44.288661956787109 -49.724979400634766
  endloop
 endfacet
 facet normal 0.73833314032542685 0.36766295224005258 0.56540969875597524
  outer loop
   vertex -29.941343307495117 44.288661956787109 -50.217121124267578
   vertex -29.990779876708984 44.387939453125 -50.217121124267578
   vertex -29.990779876708984 44.288661956787109 -50.152565002441406
  endloop
 endfacet
 facet normal 0.64244784927017562 0.41775773115078507 0.64244784927017562
  outer loop
   vertex -29.990779876708984 44.288661956787109 -50.152565002441406
   vertex -29.990779876708984 44.387939453125 -50.217121124267578
   vertex -30.274955749511719 44.288661956787109 -49.868389129638672
  endloop
 endfacet
 facet normal 0.70710678118654757 0 0.70710678118654757
  outer loop
   vertex -29.990779876708984 44.288661956787109 -50.152565002441406
   vertex -30.274955749511719 44.288661956787109 -49.868389129638672
   vertex -30.274955749511719 43.939929962158203 -49.868389129638672
  endloop
 endfacet
 facet normal 0.65973797569968107 0.35986027037527862 0.65973205866102835
  outer loop
   vertex -30.126846313476562 44.63739013671875 -50.217121124267578
   vertex -30.339509963989258 44.63739013671875 -50.00445556640625
   vertex -30.339509963989258 44.387939453125 -49.868389129638672
  endloop
 endfacet
 facet normal 0.50298523774386705 0.41387519401890527 0.75875765194662737
  outer loop
   vertex -30.339509963989258 44.387939453125 -49.868389129638672
   vertex -30.339509963989258 44.63739013671875 -50.00445556640625
   vertex -30.544767379760742 44.63739013671875 -49.868389129638672
  endloop
 endfacet
 facet normal 0.78708238952761955 0.39193829883124631 0.47632518514640954
  outer loop
   vertex -29.990779876708984 44.387939453125 -50.217121124267578
   vertex -29.941343307495117 44.288661956787109 -50.217121124267578
   vertex -29.990779876708984 44.63739013671875 -50.422378540039062
  endloop
 endfacet
 facet normal 0.80528380616850148 0.38135768405658027 0.45396509594215817
  outer loop
   vertex -29.990779876708984 44.63739013671875 -50.422378540039062
   vertex -29.941343307495117 44.288661956787109 -50.217121124267578
   vertex -29.909900665283203 44.63739013671875 -50.565849304199219
  endloop
 endfacet
 facet normal 0.93247502580422248 0.20991066821297016 0.29398611807668595
  outer loop
   vertex -29.909900665283203 44.63739013671875 -50.565849304199219
   vertex -29.941343307495117 44.288661956787109 -50.217121124267578
   vertex -29.831398010253906 44.288661956787109 -50.565849304199219
  endloop
 endfacet
 facet normal 0.95372344124822928 0 0.30068521349350602
  outer loop
   vertex -29.831398010253906 44.288661956787109 -50.565849304199219
   vertex -29.941343307495117 44.288661956787109 -50.217121124267578
   vertex -29.941343307495117 43.939929962158203 -50.217121124267578
  endloop
 endfacet
 facet normal 0.95372344124822928 0 0.30068521349350602
  outer loop
   vertex -29.831398010253906 44.288661956787109 -50.565849304199219
   vertex -29.941343307495117 43.939929962158203 -50.217121124267578
   vertex -29.831398010253906 43.939929962158203 -50.565849304199219
  endloop
 endfacet
 facet normal 0.91332895492490018 -0.28794983946495739 0.28794983946495739
  outer loop
   vertex -29.831398010253906 43.939929962158203 -50.565849304199219
   vertex -29.941343307495117 43.939929962158203 -50.217121124267578
   vertex -29.941343307495117 43.591201782226562 -50.565849304199219
  endloop
 endfacet
 facet normal -0.8568676313961866 -0.47044115632948547 -0.21086246867772787
  outer loop
   vertex -31.607677459716797 44.288661956787109 -50.217121124267578
   vertex -31.734430313110352 44.51953125 -50.217121124267578
   vertex -31.734430313110352 44.63739013671875 -50.480068206787109
  endloop
 endfacet
 facet normal -0.82606098726253774 -0.51428285506197935 -0.23051331916429588
  outer loop
   vertex -31.734430313110352 44.63739013671875 -50.480068206787109
   vertex -31.734430313110352 44.51953125 -50.217121124267578
   vertex -31.807806015014648 44.63739013671875 -50.217121124267578
  endloop
 endfacet
 facet normal -0.71859940398569366 -0.6261271304296695 0.3026214023021398
  outer loop
   vertex -31.734430313110352 44.63739013671875 -50.94891357421875
   vertex -31.866830825805664 44.63739013671875 -51.263309478759766
   vertex -31.734430313110352 44.485435485839844 -51.263309478759766
  endloop
 endfacet
 facet normal 0.933188572922246 -0.27338157204273461 -0.23328438317809694
  outer loop
   vertex -29.816413879394531 44.63739013671875 -51.960769653320312
   vertex -29.831398010253906 44.288661956787109 -51.612041473388672
   vertex -29.918575286865234 44.288661956787109 -51.960769653320312
  endloop
 endfacet
 facet normal 0.94780677442293104 -0.21335968420715284 -0.2369387336697468
  outer loop
   vertex -29.918575286865234 44.288661956787109 -51.960769653320312
   vertex -29.831398010253906 44.288661956787109 -51.612041473388672
   vertex -29.909900665283203 43.939929962158203 -51.612041473388672
  endloop
 endfacet
 facet normal 0.78856198199644523 -0.42491830524011986 -0.44453845100474959
  outer loop
   vertex -29.918575286865234 44.288661956787109 -51.960769653320312
   vertex -29.909900665283203 43.939929962158203 -51.612041473388672
   vertex -29.990779876708984 43.939929962158203 -51.755512237548828
  endloop
 endfacet
 facet normal -0.8876104709723992 -0.45767776331778481 -0.051756321204134613
  outer loop
   vertex -31.734430313110352 44.566787719726562 -51.960769653320312
   vertex -31.591020584106445 44.288661956787109 -51.960769653320312
   vertex -31.611354827880859 44.288661956787109 -51.612041473388672
  endloop
 endfacet
 facet normal -0.98771431588341774 -0.14527021849319055 -0.057593348729629699
  outer loop
   vertex -31.611354827880859 44.288661956787109 -51.612041473388672
   vertex -31.591020584106445 44.288661956787109 -51.960769653320312
   vertex -31.560064315795898 43.939929962158203 -51.612041473388672
  endloop
 endfacet
 facet normal -0.98935652354888381 -0.14551174973611888 0
  outer loop
   vertex -31.611354827880859 44.288661956787109 -51.612041473388672
   vertex -31.560064315795898 43.939929962158203 -51.612041473388672
   vertex -31.560064315795898 43.939929962158203 -51.263309478759766
  endloop
 endfacet
 facet normal 0.7517426509055134 -0.46631005100411471 -0.46630239452751215
  outer loop
   vertex -29.990779876708984 44.288661956787109 -52.077171325683594
   vertex -29.990779876708984 44.520988464355469 -52.309501647949219
   vertex -29.918575286865234 44.63739013671875 -52.309501647949219
  endloop
 endfacet
 facet normal -0.87367402751751677 -0.45049172791416042 0.18371417126132508
  outer loop
   vertex -31.591020584106445 44.288661956787109 -51.960769653320312
   vertex -31.734430313110352 44.566787719726562 -51.960769653320312
   vertex -31.734430313110352 44.424571990966797 -52.309501647949219
  endloop
 endfacet
 facet normal -0.67941266425154456 -0.67943101881887358 0.27707746628220292
  outer loop
   vertex -31.734430313110352 44.424571990966797 -52.309501647949219
   vertex -31.734430313110352 44.566787719726562 -51.960769653320312
   vertex -31.805034637451172 44.63739013671875 -51.960769653320312
  endloop
 endfacet
 facet normal 0.26671021783736959 -0.47821871803761368 -0.83676311906034917
  outer loop
   vertex -30.688240051269531 44.375373840332031 -52.658229827880859
   vertex -30.339509963989258 44.569866180419922 -52.658229827880859
   vertex -30.688240051269531 44.288661956787109 -52.608673095703125
  endloop
 endfacet
 facet normal 0.36628363781760892 -0.58216418421081484 -0.72589335255893828
  outer loop
   vertex -30.688240051269531 44.288661956787109 -52.608673095703125
   vertex -30.339509963989258 44.569866180419922 -52.658229827880859
   vertex -30.339509963989258 44.288661956787109 -52.432704925537109
  endloop
 endfacet
 facet normal -0.83832144907347661 -0.54206874220999446 -0.058125955839200931
  outer loop
   vertex -31.734430313110352 44.451137542724609 -52.658229827880859
   vertex -31.629371643066406 44.288661956787109 -52.658229827880859
   vertex -31.65355110168457 44.288661956787109 -52.309501647949219
  endloop
 endfacet
 facet normal -0.97336267764924034 -0.21911254395571678 -0.06748919054748799
  outer loop
   vertex -31.65355110168457 44.288661956787109 -52.309501647949219
   vertex -31.629371643066406 44.288661956787109 -52.658229827880859
   vertex -31.575048446655273 43.939929962158203 -52.309501647949219
  endloop
 endfacet
 facet normal -0.97473100700709059 -0.21942056699117152 0.041881723462817516
  outer loop
   vertex -31.65355110168457 44.288661956787109 -52.309501647949219
   vertex -31.575048446655273 43.939929962158203 -52.309501647949219
   vertex -31.560064315795898 43.939929962158203 -51.960769653320312
  endloop
 endfacet
 facet normal 0.23072224034685818 -0.41369128973048758 -0.8806967495173651
  outer loop
   vertex -30.688240051269531 44.375373840332031 -52.658229827880859
   vertex -30.688240051269531 44.63739013671875 -52.781307220458984
   vertex -30.339509963989258 44.569866180419922 -52.658229827880859
  endloop
 endfacet
 facet normal -0.5267144467791135 -0.3405799028343392 -0.77883067565390907
  outer loop
   vertex -31.734430313110352 44.451137542724609 -52.658229827880859
   vertex -31.734430313110352 44.63739013671875 -52.739677429199219
   vertex -31.629371643066406 44.288661956787109 -52.658229827880859
  endloop
 endfacet
 facet normal -0.47369641134546447 -0.3331154210875451 -0.81525813464944719
  outer loop
   vertex -31.629371643066406 44.288661956787109 -52.658229827880859
   vertex -31.734430313110352 44.63739013671875 -52.739677429199219
   vertex -31.385700225830078 44.288661956787109 -52.799812316894531
  endloop
 endfacet
 facet normal -0.49265084973332401 -0.19594643529423666 -0.84787978791366125
  outer loop
   vertex -31.629371643066406 44.288661956787109 -52.658229827880859
   vertex -31.385700225830078 44.288661956787109 -52.799812316894531
   vertex -31.490667343139648 43.939929962158203 -52.658229827880859
  endloop
 endfacet
 facet normal -0.65497041236572173 -0.10657926432463791 -0.74810067460302121
  outer loop
   vertex -31.490667343139648 43.939929962158203 -52.658229827880859
   vertex -31.385700225830078 44.288661956787109 -52.799812316894531
   vertex -31.385700225830078 43.939929962158203 -52.750129699707031
  endloop
 endfacet
 facet normal -0.24454068177273602 -0.077877065022537995 -0.96650660509983122
  outer loop
   vertex -31.385700225830078 44.288661956787109 -52.799812316894531
   vertex -31.734430313110352 44.63739013671875 -52.739677429199219
   vertex -31.385700225830078 44.63739013671875 -52.827911376953125
  endloop
 endfacet
 facet normal -0.23664267908731218 -0.39242471085143177 0.88882117928610904
  outer loop
   vertex -31.385700225830078 44.102409362792969 -49.868389129638672
   vertex -31.116260528564453 43.939929962158203 -49.868389129638672
   vertex -31.036970138549805 43.939929962158203 -49.847278594970703
  endloop
 endfacet
 facet normal -0.23944236755984083 -0.36586997948357503 0.89933670598393045
  outer loop
   vertex -31.036970138549805 43.939929962158203 -49.847278594970703
   vertex -31.116260528564453 43.939929962158203 -49.868389129638672
   vertex -31.036970138549805 43.888038635253906 -49.868389129638672
  endloop
 endfacet
 facet normal -0.21642352358795452 -0.36790072416817621 0.9043284334766355
  outer loop
   vertex -31.036970138549805 43.939929962158203 -49.847278594970703
   vertex -31.036970138549805 43.888038635253906 -49.868389129638672
   vertex -30.688240051269531 43.939929962158203 -49.763820648193359
  endloop
 endfacet
 facet normal -0.22131698139515915 -0.348255390159253 0.91089899383584849
  outer loop
   vertex -30.688240051269531 43.939929962158203 -49.763820648193359
   vertex -31.036970138549805 43.888038635253906 -49.868389129638672
   vertex -30.688240051269531 43.666419982910156 -49.868389129638672
  endloop
 endfacet
 facet normal 0.14608975545841613 -0.35327973382120303 0.92404069879054573
  outer loop
   vertex -30.688240051269531 43.939929962158203 -49.763820648193359
   vertex -30.688240051269531 43.666419982910156 -49.868389129638672
   vertex -30.339509963989258 43.939929962158203 -49.818954467773438
  endloop
 endfacet
 facet normal -0.23077802489322843 -0.37887729058198033 0.89621063478829466
  outer loop
   vertex -31.385700225830078 44.102409362792969 -49.868389129638672
   vertex -31.036970138549805 43.939929962158203 -49.847278594970703
   vertex -31.385700225830078 44.288661956787109 -49.789649963378906
  endloop
 endfacet
 facet normal 0.79394150697509214 0 0.60799414758870807
  outer loop
   vertex -29.941343307495117 43.939929962158203 -50.217121124267578
   vertex -29.990779876708984 44.288661956787109 -50.152565002441406
   vertex -29.990779876708984 43.939929962158203 -50.152565002441406
  endloop
 endfacet
 facet normal 0.70710678118654757 0 0.70710678118654757
  outer loop
   vertex -29.990779876708984 43.939929962158203 -50.152565002441406
   vertex -29.990779876708984 44.288661956787109 -50.152565002441406
   vertex -30.274955749511719 43.939929962158203 -49.868389129638672
  endloop
 endfacet
 facet normal 0.63274125413662352 -0.44640453696980437 0.63274125413662352
  outer loop
   vertex -29.990779876708984 43.939929962158203 -50.152565002441406
   vertex -30.274955749511719 43.939929962158203 -49.868389129638672
   vertex -30.17225456237793 43.591201782226562 -50.217121124267578
  endloop
 endfacet
 facet normal 0.63274125413662363 -0.44640453696980437 0.63274125413662363
  outer loop
   vertex -30.17225456237793 43.591201782226562 -50.217121124267578
   vertex -30.274955749511719 43.939929962158203 -49.868389129638672
   vertex -30.339509963989258 43.591201782226562 -50.04986572265625
  endloop
 endfacet
 facet normal 0.58519535939064671 -0.56133125932492289 0.58519535939064671
  outer loop
   vertex -30.17225456237793 43.591201782226562 -50.217121124267578
   vertex -30.339509963989258 43.591201782226562 -50.04986572265625
   vertex -30.339509963989258 43.416835784912109 -50.217121124267578
  endloop
 endfacet
 facet normal 0.79394150697509214 0 0.60799414758870807
  outer loop
   vertex -29.941343307495117 44.288661956787109 -50.217121124267578
   vertex -29.990779876708984 44.288661956787109 -50.152565002441406
   vertex -29.941343307495117 43.939929962158203 -50.217121124267578
  endloop
 endfacet
 facet normal -0.99907817455365988 -0.042927859608028793 0
  outer loop
   vertex -31.560064315795898 43.939929962158203 -50.565849304199219
   vertex -31.575048446655273 44.288661956787109 -50.914581298828125
   vertex -31.560064315795898 43.939929962158203 -50.914581298828125
  endloop
 endfacet
 facet normal -0.99371707821373523 -0.042697506871989678 0.10345671255783087
  outer loop
   vertex -31.560064315795898 43.939929962158203 -50.914581298828125
   vertex -31.575048446655273 44.288661956787109 -50.914581298828125
   vertex -31.611354827880859 44.288661956787109 -51.263309478759766
  endloop
 endfacet
 facet normal 0.95287892161891474 -0.21450146938234971 -0.21450146938234971
  outer loop
   vertex -29.831398010253906 44.288661956787109 -51.612041473388672
   vertex -29.831398010253906 43.939929962158203 -51.263309478759766
   vertex -29.909900665283203 43.939929962158203 -51.612041473388672
  endloop
 endfacet
 facet normal 0.93938172656775765 -0.2698987140156146 -0.21146313145155093
  outer loop
   vertex -29.909900665283203 43.939929962158203 -51.612041473388672
   vertex -29.831398010253906 43.939929962158203 -51.263309478759766
   vertex -29.93159294128418 43.591201782226562 -51.263309478759766
  endloop
 endfacet
 facet normal 0.78070038894651861 -0.42905539798437048 -0.45433288254233606
  outer loop
   vertex -29.990779876708984 43.939929962158203 -51.755512237548828
   vertex -29.990779876708984 44.157279968261719 -51.960769653320312
   vertex -29.918575286865234 44.288661956787109 -51.960769653320312
  endloop
 endfacet
 facet normal 0.58218274749197385 -0.42287572052702366 -0.69443457108027618
  outer loop
   vertex -30.339509963989258 44.102806091308594 -52.309501647949219
   vertex -30.457817077636719 43.939929962158203 -52.309501647949219
   vertex -30.688240051269531 43.939929962158203 -52.502677917480469
  endloop
 endfacet
 facet normal 0.62924573464020872 -0.20172178265895216 -0.75057186720393299
  outer loop
   vertex -30.688240051269531 43.939929962158203 -52.502677917480469
   vertex -30.457817077636719 43.939929962158203 -52.309501647949219
   vertex -30.688240051269531 43.591201782226562 -52.408954620361328
  endloop
 endfacet
 facet normal 0.60374003485046346 -0.20690620112868982 -0.76986219172865955
  outer loop
   vertex -30.688240051269531 43.939929962158203 -52.502677917480469
   vertex -30.688240051269531 43.591201782226562 -52.408954620361328
   vertex -30.886592864990234 43.939929962158203 -52.658229827880859
  endloop
 endfacet
 facet normal 0.60539317722474706 -0.19380687309566438 -0.77197020467800903
  outer loop
   vertex -30.688240051269531 43.939929962158203 -52.502677917480469
   vertex -30.886592864990234 43.939929962158203 -52.658229827880859
   vertex -30.774951934814453 44.288661956787109 -52.658229827880859
  endloop
 endfacet
 facet normal 0.56162111862091268 -0.17979395368045276 -0.80762358394176803
  outer loop
   vertex -30.774951934814453 44.288661956787109 -52.658229827880859
   vertex -30.886592864990234 43.939929962158203 -52.658229827880859
   vertex -31.036970138549805 43.939929962158203 -52.762802124023438
  endloop
 endfacet
 facet normal 0.42467024808148107 -0.04797384997888314 -0.90407615282818776
  outer loop
   vertex -30.774951934814453 44.288661956787109 -52.658229827880859
   vertex -31.036970138549805 43.939929962158203 -52.762802124023438
   vertex -31.036970138549805 44.288661956787109 -52.781307220458984
  endloop
 endfacet
 facet normal -0.90656769968352025 -0.36057729160933993 -0.21936048565364721
  outer loop
   vertex -31.575048446655273 43.939929962158203 -52.309501647949219
   vertex -31.629371643066406 44.288661956787109 -52.658229827880859
   vertex -31.490667343139648 43.939929962158203 -52.658229827880859
  endloop
 endfacet
 facet normal 0.722996026576048 -0.4131975218915282 0.55366465794553532
  outer loop
   vertex -29.941343307495117 43.939929962158203 -50.217121124267578
   vertex -29.990779876708984 43.939929962158203 -50.152565002441406
   vertex -29.990779876708984 43.853427886962891 -50.217121124267578
  endloop
 endfacet
 facet normal 0.65387976992504326 -0.45252026235811404 0.60635522479658421
  outer loop
   vertex -29.990779876708984 43.853427886962891 -50.217121124267578
   vertex -29.990779876708984 43.939929962158203 -50.152565002441406
   vertex -30.17225456237793 43.591201782226562 -50.217121124267578
  endloop
 endfacet
 facet normal 0.7146726681502571 -0.49459224488410269 0.49459224488410269
  outer loop
   vertex -29.990779876708984 43.853427886962891 -50.217121124267578
   vertex -30.17225456237793 43.591201782226562 -50.217121124267578
   vertex -29.990779876708984 43.591201782226562 -50.479347229003906
  endloop
 endfacet
 facet normal 0.60636927805746255 -0.45251737995799124 0.65386873259395617
  outer loop
   vertex -30.274955749511719 43.939929962158203 -49.868389129638672
   vertex -30.339509963989258 43.853427886962891 -49.868389129638672
   vertex -30.339509963989258 43.591201782226562 -50.04986572265625
  endloop
 endfacet
 facet normal 0.77773543313046833 -0.44448149345803067 0.44448149345803067
  outer loop
   vertex -29.990779876708984 43.591201782226562 -50.479347229003906
   vertex -29.941343307495117 43.591201782226562 -50.565849304199219
   vertex -29.990779876708984 43.853427886962891 -50.217121124267578
  endloop
 endfacet
 facet normal 0.77773543313046833 -0.44448149345803073 0.44448149345803073
  outer loop
   vertex -29.990779876708984 43.853427886962891 -50.217121124267578
   vertex -29.941343307495117 43.591201782226562 -50.565849304199219
   vertex -29.941343307495117 43.939929962158203 -50.217121124267578
  endloop
 endfacet
 facet normal 0.95368523142882089 -0.2740083293708358 -0.12411250859587038
  outer loop
   vertex -29.831398010253906 43.939929962158203 -51.263309478759766
   vertex -29.886209487915039 43.591201782226562 -50.914581298828125
   vertex -29.93159294128418 43.591201782226562 -51.263309478759766
  endloop
 endfacet
 facet normal 0.84109586680757664 -0.52969445986176011 -0.10946013900488683
  outer loop
   vertex -29.93159294128418 43.591201782226562 -51.263309478759766
   vertex -29.886209487915039 43.591201782226562 -50.914581298828125
   vertex -29.990779876708984 43.425155639648438 -50.914581298828125
  endloop
 endfacet
 facet normal 0.82734760278146835 -0.42552150485627954 -0.36664341406413548
  outer loop
   vertex -29.990779876708984 43.776607513427734 -51.612041473388672
   vertex -29.990779876708984 43.591201782226562 -51.396862030029297
   vertex -30.086137771606445 43.591201782226562 -51.612041473388672
  endloop
 endfacet
 facet normal 0.8020193382458447 -0.48004403128218598 -0.35541906126436856
  outer loop
   vertex -30.086137771606445 43.591201782226562 -51.612041473388672
   vertex -29.990779876708984 43.591201782226562 -51.396862030029297
   vertex -29.990779876708984 43.492321014404297 -51.263309478759766
  endloop
 endfacet
 facet normal 0.81933006994708413 -0.45231593308314383 -0.35229041025783114
  outer loop
   vertex -30.086137771606445 43.591201782226562 -51.612041473388672
   vertex -29.990779876708984 43.492321014404297 -51.263309478759766
   vertex -30.128711700439453 43.242469787597656 -51.263309478759766
  endloop
 endfacet
 facet normal 0.77957825228998223 -0.40095276755794562 -0.48113888508841263
  outer loop
   vertex -29.990779876708984 43.776607513427734 -51.612041473388672
   vertex -30.086137771606445 43.591201782226562 -51.612041473388672
   vertex -30.122007369995117 43.939929962158203 -51.960769653320312
  endloop
 endfacet
 facet normal 0.81917089433859991 -0.36123736573582566 -0.44549591632779278
  outer loop
   vertex -30.122007369995117 43.939929962158203 -51.960769653320312
   vertex -30.086137771606445 43.591201782226562 -51.612041473388672
   vertex -30.275789260864258 43.591201782226562 -51.960769653320312
  endloop
 endfacet
 facet normal 0.68341300265541716 -0.25666207503710586 -0.68342610942160664
  outer loop
   vertex -30.457817077636719 43.939929962158203 -52.309501647949219
   vertex -30.588785171508789 43.591201782226562 -52.309501647949219
   vertex -30.688240051269531 43.591201782226562 -52.408954620361328
  endloop
 endfacet
 facet normal 0.62672143412318571 -0.46306092698924889 -0.62673345363594168
  outer loop
   vertex -30.688240051269531 43.591201782226562 -52.408954620361328
   vertex -30.588785171508789 43.591201782226562 -52.309501647949219
   vertex -30.688240051269531 43.456596374511719 -52.309501647949219
  endloop
 endfacet
 facet normal -0.16209053975412277 -0.46523034774586564 -0.87022260396893747
  outer loop
   vertex -31.385700225830078 43.635398864746094 -52.658229827880859
   vertex -31.258846282958984 43.591201782226562 -52.658229827880859
   vertex -31.385700225830078 43.591201782226562 -52.634601593017578
  endloop
 endfacet
 facet normal -0.1182504039564977 -0.76352768322865838 -0.63485614032440663
  outer loop
   vertex -31.385700225830078 43.591201782226562 -52.634601593017578
   vertex -31.258846282958984 43.591201782226562 -52.658229827880859
   vertex -31.036970138549805 43.556838989257812 -52.658229827880859
  endloop
 endfacet
 facet normal -0.11357306145481126 -0.61729487913860492 -0.77849097098234676
  outer loop
   vertex -31.385700225830078 43.591201782226562 -52.634601593017578
   vertex -31.036970138549805 43.556838989257812 -52.658229827880859
   vertex -31.036970138549805 43.242469787597656 -52.408954620361328
  endloop
 endfacet
 facet normal -0.88078927608719126 -0.22324268617496706 -0.41757987762724708
  outer loop
   vertex -31.385700225830078 43.635398864746094 -52.658229827880859
   vertex -31.385700225830078 43.591201782226562 -52.634601593017578
   vertex -31.539829254150391 43.591201782226562 -52.309501647949219
  endloop
 endfacet
 facet normal 0.83675074483589462 -0.52695804523097689 0.14887380421996149
  outer loop
   vertex -29.886209487915039 43.591201782226562 -50.914581298828125
   vertex -29.990779876708984 43.523677825927734 -50.565849304199219
   vertex -29.990779876708984 43.425155639648438 -50.914581298828125
  endloop
 endfacet
 facet normal 0.82748599602940431 -0.5403367785515456 0.15265350346376827
  outer loop
   vertex -29.990779876708984 43.425155639648438 -50.914581298828125
   vertex -29.990779876708984 43.523677825927734 -50.565849304199219
   vertex -30.110071182250977 43.242469787597656 -50.914581298828125
  endloop
 endfacet
 facet normal 0.75897533363182257 -0.60868757171769539 0.23120528318980738
  outer loop
   vertex -30.110071182250977 43.242469787597656 -50.914581298828125
   vertex -29.990779876708984 43.523677825927734 -50.565849304199219
   vertex -30.216304779052734 43.242469787597656 -50.565849304199219
  endloop
 endfacet
 facet normal 0.85924670047549112 -0.41035520024567884 -0.30545657195960041
  outer loop
   vertex -30.086137771606445 43.591201782226562 -51.612041473388672
   vertex -30.128711700439453 43.242469787597656 -51.263309478759766
   vertex -30.252683639526367 43.242469787597656 -51.612041473388672
  endloop
 endfacet
 facet normal 0.83146357137611915 -0.47042627562396089 -0.29557985160872924
  outer loop
   vertex -30.252683639526367 43.242469787597656 -51.612041473388672
   vertex -30.128711700439453 43.242469787597656 -51.263309478759766
   vertex -30.326015472412109 42.893741607666016 -51.263309478759766
  endloop
 endfacet
 facet normal 0.72527121173209774 -0.55706565069225444 -0.40454855116718635
  outer loop
   vertex -30.252683639526367 43.242469787597656 -51.612041473388672
   vertex -30.326015472412109 42.893741607666016 -51.263309478759766
   vertex -30.339509963989258 42.893741607666016 -51.287502288818359
  endloop
 endfacet
 facet normal 0.65775074233185515 -0.65784372377691192 -0.36688635304303652
  outer loop
   vertex -30.339509963989258 42.893741607666016 -51.287502288818359
   vertex -30.326015472412109 42.893741607666016 -51.263309478759766
   vertex -30.339509963989258 42.8802490234375 -51.263309478759766
  endloop
 endfacet
 facet normal 0.60948336311417117 -0.69239652385520656 -0.3861568125001365
  outer loop
   vertex -30.339509963989258 42.893741607666016 -51.287502288818359
   vertex -30.339509963989258 42.8802490234375 -51.263309478759766
   vertex -30.545131683349609 42.893741607666016 -51.612041473388672
  endloop
 endfacet
 facet normal 0.60281390120498435 -0.70020631958711299 -0.38252648342866052
  outer loop
   vertex -30.545131683349609 42.893741607666016 -51.612041473388672
   vertex -30.339509963989258 42.8802490234375 -51.263309478759766
   vertex -30.688240051269531 42.770538330078125 -51.612041473388672
  endloop
 endfacet
 facet normal 0.56031160829920235 -0.65083722901026653 -0.51231026042760364
  outer loop
   vertex -30.545131683349609 42.893741607666016 -51.612041473388672
   vertex -30.688240051269531 42.770538330078125 -51.612041473388672
   vertex -30.688240051269531 42.893741607666016 -51.768558502197266
  endloop
 endfacet
 facet normal 0.49315634869920033 -0.68357137127884204 -0.53807712839855626
  outer loop
   vertex -30.688240051269531 42.893741607666016 -51.768558502197266
   vertex -30.688240051269531 42.770538330078125 -51.612041473388672
   vertex -31.000848770141602 42.545009613037109 -51.612041473388672
  endloop
 endfacet
 facet normal 0.50144694675641266 -0.68608066536333967 -0.52710936265946617
  outer loop
   vertex -30.688240051269531 42.893741607666016 -51.768558502197266
   vertex -31.000848770141602 42.545009613037109 -51.612041473388672
   vertex -31.036970138549805 42.545009613037109 -51.646404266357422
  endloop
 endfacet
 facet normal 0.48619262977935968 -0.70881570614022438 -0.51107437959377855
  outer loop
   vertex -31.036970138549805 42.545009613037109 -51.646404266357422
   vertex -31.000848770141602 42.545009613037109 -51.612041473388672
   vertex -31.036970138549805 42.520233154296875 -51.612041473388672
  endloop
 endfacet
 facet normal -0.090209014394452794 -0.80783248787247952 -0.58246802938851627
  outer loop
   vertex -31.036970138549805 42.545009613037109 -51.646404266357422
   vertex -31.036970138549805 42.520233154296875 -51.612041473388672
   vertex -31.258846282958984 42.545009613037109 -51.612041473388672
  endloop
 endfacet
 facet normal -0.10574337881556847 -0.94694457486363615 -0.30350339367623974
  outer loop
   vertex -31.258846282958984 42.545009613037109 -51.612041473388672
   vertex -31.036970138549805 42.520233154296875 -51.612041473388672
   vertex -31.385700225830078 42.545009613037109 -51.567844390869141
  endloop
 endfacet
 facet normal -0.16211035601266691 -0.87018850344555698 -0.46528722413647722
  outer loop
   vertex -31.258846282958984 42.545009613037109 -51.612041473388672
   vertex -31.385700225830078 42.545009613037109 -51.567844390869141
   vertex -31.385700225830078 42.568641662597656 -51.612041473388672
  endloop
 endfacet
 facet normal -0.8422799667100983 -0.4753543680704686 -0.25417057743799004
  outer loop
   vertex -31.385700225830078 42.568641662597656 -51.612041473388672
   vertex -31.385700225830078 42.545009613037109 -51.567844390869141
   vertex -31.477598190307617 42.545009613037109 -51.263309478759766
  endloop
 endfacet
 facet normal -0.87297933382580617 -0.41387720455625676 -0.25809444446122859
  outer loop
   vertex -31.385700225830078 42.568641662597656 -51.612041473388672
   vertex -31.477598190307617 42.545009613037109 -51.263309478759766
   vertex -31.539829254150391 42.893741607666016 -51.612041473388672
  endloop
 endfacet
 facet normal -0.97161272812396215 -0.22976135943231984 -0.056377515547633483
  outer loop
   vertex -31.539829254150391 42.893741607666016 -51.612041473388672
   vertex -31.477598190307617 42.545009613037109 -51.263309478759766
   vertex -31.560064315795898 42.893741607666016 -51.263309478759766
  endloop
 endfacet
 facet normal -0.9966500090949445 -0.057830928309221839 -0.057830295710299212
  outer loop
   vertex -31.539829254150391 42.893741607666016 -51.612041473388672
   vertex -31.560064315795898 42.893741607666016 -51.263309478759766
   vertex -31.560064315795898 43.242469787597656 -51.612041473388672
  endloop
 endfacet
 facet normal -1 0 0
  outer loop
   vertex -31.560064315795898 43.242469787597656 -51.612041473388672
   vertex -31.560064315795898 42.893741607666016 -51.263309478759766
   vertex -31.560064315795898 43.242469787597656 -51.263309478759766
  endloop
 endfacet
 facet normal 0.73805795474479241 -0.4520311216331882 -0.50093744171600474
  outer loop
   vertex -30.339509963989258 43.242469787597656 -51.739967346191406
   vertex -30.275789260864258 43.591201782226562 -51.960769653320312
   vertex -30.252683639526367 43.242469787597656 -51.612041473388672
  endloop
 endfacet
 facet normal 0.81008509738230539 -0.38687682148607572 -0.4405547185037651
  outer loop
   vertex -30.252683639526367 43.242469787597656 -51.612041473388672
   vertex -30.275789260864258 43.591201782226562 -51.960769653320312
   vertex -30.086137771606445 43.591201782226562 -51.612041473388672
  endloop
 endfacet
 facet normal 0.63832041619145552 -0.4665277431314514 -0.61228989144182477
  outer loop
   vertex -30.688240051269531 43.242469787597656 -52.135135650634766
   vertex -30.339509963989258 43.591201782226562 -52.03729248046875
   vertex -30.520984649658203 43.242469787597656 -51.960769653320312
  endloop
 endfacet
 facet normal 0.63573412304817967 -0.46587891567246681 -0.61546645783828735
  outer loop
   vertex -30.520984649658203 43.242469787597656 -51.960769653320312
   vertex -30.339509963989258 43.591201782226562 -52.03729248046875
   vertex -30.339509963989258 43.490108489990234 -51.960769653320312
  endloop
 endfacet
 facet normal 0.52476989846726452 -0.43786854843756484 0.72999156704159063
  outer loop
   vertex -30.688240051269531 43.242469787597656 -50.111396789550781
   vertex -30.688240051269531 43.066211700439453 -50.217121124267578
   vertex -30.541170120239258 43.242469787597656 -50.217121124267578
  endloop
 endfacet
 facet normal -0.70711648892453427 0 0.70709707331528315
  outer loop
   vertex -31.455163955688477 43.242469787597656 -50.217121124267578
   vertex -31.455163955688477 42.893741607666016 -50.217121124267578
   vertex -31.385700225830078 42.893741607666016 -50.147655487060547
  endloop
 endfacet
 facet normal -0.69426573046008921 -0.18978055721403578 0.69424666769978005
  outer loop
   vertex -31.385700225830078 42.893741607666016 -50.147655487060547
   vertex -31.455163955688477 42.893741607666016 -50.217121124267578
   vertex -31.385700225830078 42.639625549316406 -50.217121124267578
  endloop
 endfacet
 facet normal -0.14668917717407928 -0.26083470616190885 0.95417374799426458
  outer loop
   vertex -31.385700225830078 42.893741607666016 -50.147655487060547
   vertex -31.385700225830078 42.639625549316406 -50.217121124267578
   vertex -31.036970138549805 42.893741607666016 -50.094043731689453
  endloop
 endfacet
 facet normal -0.086684998046821268 -0.3353870750357747 0.93808380276634684
  outer loop
   vertex -31.036970138549805 42.893741607666016 -50.094043731689453
   vertex -31.385700225830078 42.639625549316406 -50.217121124267578
   vertex -31.036970138549805 42.549491882324219 -50.217121124267578
  endloop
 endfacet
 facet normal 0.48969722667912646 -0.29352639413059528 0.82099871018867188
  outer loop
   vertex -31.036970138549805 42.893741607666016 -50.094043731689453
   vertex -31.036970138549805 42.549491882324219 -50.217121124267578
   vertex -30.830625534057617 42.893741607666016 -50.217121124267578
  endloop
 endfacet
 facet normal 0.6980303087765235 -0.41840204184634494 0.58111394700881247
  outer loop
   vertex -30.830625534057617 42.893741607666016 -50.217121124267578
   vertex -31.036970138549805 42.549491882324219 -50.217121124267578
   vertex -31.036970138549805 42.545009613037109 -50.220348358154297
  endloop
 endfacet
 facet normal 0.71248059309496548 -0.42672931853747204 0.55702198624793153
  outer loop
   vertex -30.830625534057617 42.893741607666016 -50.217121124267578
   vertex -31.036970138549805 42.545009613037109 -50.220348358154297
   vertex -30.766855239868164 42.545009613037109 -50.565849304199219
  endloop
 endfacet
 facet normal 0.52454086647573961 -0.74611225596674735 0.41008947912997151
  outer loop
   vertex -30.766855239868164 42.545009613037109 -50.565849304199219
   vertex -31.036970138549805 42.545009613037109 -50.220348358154297
   vertex -31.036970138549805 42.355110168457031 -50.565849304199219
  endloop
 endfacet
 facet normal 0.5747533556425618 -0.81753501054004851 -0.035987313304797999
  outer loop
   vertex -30.766855239868164 42.545009613037109 -50.565849304199219
   vertex -31.036970138549805 42.355110168457031 -50.565849304199219
   vertex -30.788690567016602 42.545009613037109 -50.914581298828125
  endloop
 endfacet
 facet normal 0.57433319032273566 -0.81781035468966601 -0.03643638642992638
  outer loop
   vertex -30.788690567016602 42.545009613037109 -50.914581298828125
   vertex -31.036970138549805 42.355110168457031 -50.565849304199219
   vertex -31.036970138549805 42.370647430419922 -50.914581298828125
  endloop
 endfacet
 facet normal 0.57049784112959701 -0.81234908527872185 -0.12091805867319066
  outer loop
   vertex -30.788690567016602 42.545009613037109 -50.914581298828125
   vertex -31.036970138549805 42.370647430419922 -50.914581298828125
   vertex -30.862604141235352 42.545009613037109 -51.263309478759766
  endloop
 endfacet
 facet normal 0.55990387747843973 -0.81841470805736949 -0.1292478766555919
  outer loop
   vertex -30.862604141235352 42.545009613037109 -51.263309478759766
   vertex -31.036970138549805 42.370647430419922 -50.914581298828125
   vertex -31.036970138549805 42.42572021484375 -51.263309478759766
  endloop
 endfacet
 facet normal 0.55100532482295939 -0.80540764261880504 -0.21842999159447865
  outer loop
   vertex -30.862604141235352 42.545009613037109 -51.263309478759766
   vertex -31.036970138549805 42.42572021484375 -51.263309478759766
   vertex -31.000848770141602 42.545009613037109 -51.612041473388672
  endloop
 endfacet
 facet normal 0.55202622214341579 -0.80479388721724465 -0.21811430297856499
  outer loop
   vertex -31.000848770141602 42.545009613037109 -51.612041473388672
   vertex -31.036970138549805 42.42572021484375 -51.263309478759766
   vertex -31.036970138549805 42.520233154296875 -51.612041473388672
  endloop
 endfacet
 facet normal -0.95761296176595534 0 0.28805800710592128
  outer loop
   vertex -31.455163955688477 43.242469787597656 -50.217121124267578
   vertex -31.560064315795898 43.242469787597656 -50.565849304199219
   vertex -31.455163955688477 42.893741607666016 -50.217121124267578
  endloop
 endfacet
 facet normal -0.95761296176595534 0 0.28805800710592128
  outer loop
   vertex -31.455163955688477 42.893741607666016 -50.217121124267578
   vertex -31.560064315795898 43.242469787597656 -50.565849304199219
   vertex -31.560064315795898 42.893741607666016 -50.565849304199219
  endloop
 endfacet
 facet normal -0.95214465437673146 -0.10671502470786924 0.28641309439935392
  outer loop
   vertex -31.455163955688477 42.893741607666016 -50.217121124267578
   vertex -31.560064315795898 42.893741607666016 -50.565849304199219
   vertex -31.520978927612305 42.545009613037109 -50.565849304199219
  endloop
 endfacet
 facet normal -0.99377775556379833 -0.11138120374003672 -0
  outer loop
   vertex -31.520978927612305 42.545009613037109 -50.565849304199219
   vertex -31.560064315795898 42.893741607666016 -50.565849304199219
   vertex -31.560064315795898 42.893741607666016 -50.914581298828125
  endloop
 endfacet
 facet normal -0.99377775556379833 -0.11138120374003672 0
  outer loop
   vertex -31.520978927612305 42.545009613037109 -50.565849304199219
   vertex -31.560064315795898 42.893741607666016 -50.914581298828125
   vertex -31.520978927612305 42.545009613037109 -50.914581298828125
  endloop
 endfacet
 facet normal -0.99377775556379833 -0.11138120374003672 -0
  outer loop
   vertex -31.520978927612305 42.545009613037109 -50.914581298828125
   vertex -31.560064315795898 42.893741607666016 -50.914581298828125
   vertex -31.560064315795898 42.893741607666016 -51.263309478759766
  endloop
 endfacet
 facet normal -0.96610706875036245 -0.22845941294105468 -0.1201808152294335
  outer loop
   vertex -31.520978927612305 42.545009613037109 -50.914581298828125
   vertex -31.560064315795898 42.893741607666016 -51.263309478759766
   vertex -31.477598190307617 42.545009613037109 -51.263309478759766
  endloop
 endfacet
 facet normal 0.73807933901040856 -0.56751454371025467 0.36491934999846187
  outer loop
   vertex -30.313833236694336 42.893741607666016 -50.914581298828125
   vertex -30.339509963989258 43.084587097167969 -50.565849304199219
   vertex -30.339509963989258 42.893741607666016 -50.862648010253906
  endloop
 endfacet
 facet normal 0.73076912790827953 -0.57416843990123034 0.36919789316511559
  outer loop
   vertex -30.339509963989258 42.893741607666016 -50.862648010253906
   vertex -30.339509963989258 43.084587097167969 -50.565849304199219
   vertex -30.489458084106445 42.893741607666016 -50.565849304199219
  endloop
 endfacet
 facet normal 0.74077224391964869 -0.55784602286993556 0.37425164983797171
  outer loop
   vertex -30.339509963989258 42.893741607666016 -50.862648010253906
   vertex -30.489458084106445 42.893741607666016 -50.565849304199219
   vertex -30.688240051269531 42.629776000976562 -50.565849304199219
  endloop
 endfacet
 facet normal 0.65307828292840786 -0.49180719950659524 0.57585973542240498
  outer loop
   vertex -30.688240051269531 42.629776000976562 -50.565849304199219
   vertex -30.489458084106445 42.893741607666016 -50.565849304199219
   vertex -30.688240051269531 42.893741607666016 -50.340412139892578
  endloop
 endfacet
 facet normal 0.57359669778858602 -0.53197279809081843 0.62288985412948816
  outer loop
   vertex -30.688240051269531 42.629776000976562 -50.565849304199219
   vertex -30.688240051269531 42.893741607666016 -50.340412139892578
   vertex -30.766855239868164 42.545009613037109 -50.565849304199219
  endloop
 endfacet
 facet normal 0.55228304528776362 -0.53681756236392786 0.6378168566487753
  outer loop
   vertex -30.766855239868164 42.545009613037109 -50.565849304199219
   vertex -30.688240051269531 42.893741607666016 -50.340412139892578
   vertex -30.830625534057617 42.893741607666016 -50.217121124267578
  endloop
 endfacet
 facet normal -1 0 0
  outer loop
   vertex -31.560064315795898 43.242469787597656 -50.565849304199219
   vertex -31.560064315795898 43.242469787597656 -50.914581298828125
   vertex -31.560064315795898 42.893741607666016 -50.565849304199219
  endloop
 endfacet
 facet normal -1 0 0
  outer loop
   vertex -31.560064315795898 42.893741607666016 -50.565849304199219
   vertex -31.560064315795898 43.242469787597656 -50.914581298828125
   vertex -31.560064315795898 42.893741607666016 -50.914581298828125
  endloop
 endfacet
 facet normal 0.86995062788366884 -0.49220152023583269 -0.030390270192048485
  outer loop
   vertex -30.128711700439453 43.242469787597656 -51.263309478759766
   vertex -30.313833236694336 42.893741607666016 -50.914581298828125
   vertex -30.326015472412109 42.893741607666016 -51.263309478759766
  endloop
 endfacet
 facet normal 0.73548956179588543 -0.67704871997375615 -0.025693097734504088
  outer loop
   vertex -30.326015472412109 42.893741607666016 -51.263309478759766
   vertex -30.313833236694336 42.893741607666016 -50.914581298828125
   vertex -30.339509963989258 42.865848541259766 -50.914581298828125
  endloop
 endfacet
 facet normal 0.7067555321868787 -0.70685544108314491 -0.029189092729895665
  outer loop
   vertex -30.326015472412109 42.893741607666016 -51.263309478759766
   vertex -30.339509963989258 42.865848541259766 -50.914581298828125
   vertex -30.339509963989258 42.8802490234375 -51.263309478759766
  endloop
 endfacet
 facet normal 0.52614619137498997 -0.84967000741972376 -0.035086518678248656
  outer loop
   vertex -30.339509963989258 42.8802490234375 -51.263309478759766
   vertex -30.339509963989258 42.865848541259766 -50.914581298828125
   vertex -30.688240051269531 42.664302825927734 -51.263309478759766
  endloop
 endfacet
 facet normal 0.50965405263265395 -0.82303696155285633 -0.25072476254441683
  outer loop
   vertex -30.339509963989258 42.8802490234375 -51.263309478759766
   vertex -30.688240051269531 42.664302825927734 -51.263309478759766
   vertex -30.688240051269531 42.770538330078125 -51.612041473388672
  endloop
 endfacet
 facet normal 0.56799703672202073 -0.7873091653357438 -0.23984087319165953
  outer loop
   vertex -30.688240051269531 42.770538330078125 -51.612041473388672
   vertex -30.688240051269531 42.664302825927734 -51.263309478759766
   vertex -31.000848770141602 42.545009613037109 -51.612041473388672
  endloop
 endfacet
 facet normal -1 0 0
  outer loop
   vertex -31.560064315795898 43.242469787597656 -50.914581298828125
   vertex -31.560064315795898 43.242469787597656 -51.263309478759766
   vertex -31.560064315795898 42.893741607666016 -50.914581298828125
  endloop
 endfacet
 facet normal -1 0 0
  outer loop
   vertex -31.560064315795898 42.893741607666016 -50.914581298828125
   vertex -31.560064315795898 43.242469787597656 -51.263309478759766
   vertex -31.560064315795898 42.893741607666016 -51.263309478759766
  endloop
 endfacet
 facet normal 0.75475155312356901 -0.53768075432380458 -0.37583174358660121
  outer loop
   vertex -30.252683639526367 43.242469787597656 -51.612041473388672
   vertex -30.339509963989258 42.893741607666016 -51.287502288818359
   vertex -30.339509963989258 43.120590209960938 -51.612041473388672
  endloop
 endfacet
 facet normal 0.67069784008015898 -0.6079386941483641 -0.42494111529597972
  outer loop
   vertex -30.339509963989258 43.120590209960938 -51.612041473388672
   vertex -30.339509963989258 42.893741607666016 -51.287502288818359
   vertex -30.545131683349609 42.893741607666016 -51.612041473388672
  endloop
 endfacet
 facet normal 0.62409981268185832 -0.5657009795867266 -0.53896365879814867
  outer loop
   vertex -30.339509963989258 43.120590209960938 -51.612041473388672
   vertex -30.545131683349609 42.893741607666016 -51.612041473388672
   vertex -30.339509963989258 43.242469787597656 -51.739967346191406
  endloop
 endfacet
 facet normal 0.60951770120242876 -0.563829638780871 -0.55730091544258142
  outer loop
   vertex -30.339509963989258 43.242469787597656 -51.739967346191406
   vertex -30.545131683349609 42.893741607666016 -51.612041473388672
   vertex -30.688240051269531 42.893741607666016 -51.768558502197266
  endloop
 endfacet
 facet normal 0.71280135573463244 -0.50779567004306636 -0.48379518884377426
  outer loop
   vertex -30.252683639526367 43.242469787597656 -51.612041473388672
   vertex -30.339509963989258 43.120590209960938 -51.612041473388672
   vertex -30.339509963989258 43.242469787597656 -51.739967346191406
  endloop
 endfacet
 facet normal -0.99664997263391841 -0.057830926193559402 -0.057830926193559402
  outer loop
   vertex -31.560064315795898 43.242469787597656 -51.612041473388672
   vertex -31.539829254150391 43.242469787597656 -51.960769653320312
   vertex -31.539829254150391 42.893741607666016 -51.612041473388672
  endloop
 endfacet
 facet normal -0.8883090327435903 -0.32473609465698988 -0.32473609465698988
  outer loop
   vertex -31.539829254150391 42.893741607666016 -51.612041473388672
   vertex -31.539829254150391 43.242469787597656 -51.960769653320312
   vertex -31.412345886230469 42.893741607666016 -51.960769653320312
  endloop
 endfacet
 facet normal -0.7464545495495053 -0.60691246986419445 -0.27287883644611965
  outer loop
   vertex -31.539829254150391 42.893741607666016 -51.612041473388672
   vertex -31.412345886230469 42.893741607666016 -51.960769653320312
   vertex -31.385700225830078 42.860969543457031 -51.960769653320312
  endloop
 endfacet
 facet normal -0.65623046519645067 -0.53355485966676841 -0.53355485966676841
  outer loop
   vertex -31.385700225830078 42.860969543457031 -51.960769653320312
   vertex -31.412345886230469 42.893741607666016 -51.960769653320312
   vertex -31.385700225830078 42.893741607666016 -51.993541717529297
  endloop
 endfacet
 facet normal -0.13398720310941012 -0.70073084326398738 -0.70073084326398738
  outer loop
   vertex -31.385700225830078 42.860969543457031 -51.960769653320312
   vertex -31.385700225830078 42.893741607666016 -51.993541717529297
   vertex -31.036970138549805 42.794288635253906 -51.960769653320312
  endloop
 endfacet
 facet normal -0.13398720310941012 -0.70073084326398738 -0.70073084326398738
  outer loop
   vertex -31.036970138549805 42.794288635253906 -51.960769653320312
   vertex -31.385700225830078 42.893741607666016 -51.993541717529297
   vertex -31.036970138549805 42.893741607666016 -52.060222625732422
  endloop
 endfacet
 facet normal 0.46305743880991446 -0.62672873253218675 -0.62672873253218675
  outer loop
   vertex -31.036970138549805 42.794288635253906 -51.960769653320312
   vertex -31.036970138549805 42.893741607666016 -52.060222625732422
   vertex -30.902364730834961 42.893741607666016 -51.960769653320312
  endloop
 endfacet
 facet normal 0.59336498796413595 -0.56918018502860634 -0.56916773277226673
  outer loop
   vertex -30.520984649658203 43.242469787597656 -51.960769653320312
   vertex -30.688240051269531 43.068107604980469 -51.960769653320312
   vertex -30.688240051269531 43.242469787597656 -52.135135650634766
  endloop
 endfacet
 facet normal -0.13399473066007797 -0.70073012356945696 -0.70073012356945696
  outer loop
   vertex -31.385700225830078 43.209701538085938 -52.309501647949219
   vertex -31.036970138549805 43.143016815185547 -52.309501647949219
   vertex -31.385700225830078 42.893741607666016 -51.993541717529297
  endloop
 endfacet
 facet normal -0.13398619630476952 -0.70073630115523788 -0.7007255778427498
  outer loop
   vertex -31.385700225830078 42.893741607666016 -51.993541717529297
   vertex -31.036970138549805 43.143016815185547 -52.309501647949219
   vertex -31.036970138549805 42.893741607666016 -52.060222625732422
  endloop
 endfacet
 facet normal -0.65623046519645067 -0.53355485966676852 -0.53355485966676852
  outer loop
   vertex -31.385700225830078 42.893741607666016 -51.993541717529297
   vertex -31.412345886230469 42.893741607666016 -51.960769653320312
   vertex -31.385700225830078 43.209701538085938 -52.309501647949219
  endloop
 endfacet
 facet normal -0.65618901438921651 -0.53358326723034655 -0.53357743048848794
  outer loop
   vertex -31.385700225830078 43.209701538085938 -52.309501647949219
   vertex -31.412345886230469 42.893741607666016 -51.960769653320312
   vertex -31.412345886230469 43.242469787597656 -52.309501647949219
  endloop
 endfacet
 facet normal -0.65618697078288579 -0.53358160546198574 -0.53358160546198574
  outer loop
   vertex -31.385700225830078 43.209701538085938 -52.309501647949219
   vertex -31.412345886230469 43.242469787597656 -52.309501647949219
   vertex -31.385700225830078 43.242469787597656 -52.342269897460938
  endloop
 endfacet
 facet normal -0.88831005743209823 -0.32473646924886279 -0.32473291703300544
  outer loop
   vertex -31.412345886230469 43.242469787597656 -52.309501647949219
   vertex -31.412345886230469 42.893741607666016 -51.960769653320312
   vertex -31.539829254150391 43.242469787597656 -51.960769653320312
  endloop
 endfacet
 facet normal -0.13399473066007797 -0.70073012356945708 -0.70073012356945708
  outer loop
   vertex -31.385700225830078 43.209701538085938 -52.309501647949219
   vertex -31.385700225830078 43.242469787597656 -52.342269897460938
   vertex -31.036970138549805 43.143016815185547 -52.309501647949219
  endloop
 endfacet
 facet normal -0.14932760829448219 -0.57775337020741602 0.8024352363991889
  outer loop
   vertex -31.036970138549805 42.549491882324219 -50.217121124267578
   vertex -31.385700225830078 42.639625549316406 -50.217121124267578
   vertex -31.036970138549805 42.545009613037109 -50.220348358154297
  endloop
 endfacet
 facet normal -0.1187034230499087 -0.46739121471937978 0.87604506148906347
  outer loop
   vertex -31.036970138549805 42.545009613037109 -50.220348358154297
   vertex -31.385700225830078 42.639625549316406 -50.217121124267578
   vertex -31.385700225830078 42.545009613037109 -50.267601013183594
  endloop
 endfacet
 facet normal -0.078536662247868511 -0.81110085157371559 0.57960969734758372
  outer loop
   vertex -31.036970138549805 42.545009613037109 -50.220348358154297
   vertex -31.385700225830078 42.545009613037109 -50.267601013183594
   vertex -31.385700225830078 42.331882476806641 -50.565849304199219
  endloop
 endfacet
 facet normal -0.78844893684565998 -0.50045409742060531 0.35762266477654275
  outer loop
   vertex -31.385700225830078 42.331882476806641 -50.565849304199219
   vertex -31.385700225830078 42.545009613037109 -50.267601013183594
   vertex -31.520978927612305 42.545009613037109 -50.565849304199219
  endloop
 endfacet
 facet normal -0.8442847159327439 -0.53589487629792254 0
  outer loop
   vertex -31.385700225830078 42.331882476806641 -50.565849304199219
   vertex -31.520978927612305 42.545009613037109 -50.565849304199219
   vertex -31.385700225830078 42.331882476806641 -50.914581298828125
  endloop
 endfacet
 facet normal -0.8442847159327439 -0.53589487629792254 -0
  outer loop
   vertex -31.385700225830078 42.331882476806641 -50.914581298828125
   vertex -31.520978927612305 42.545009613037109 -50.565849304199219
   vertex -31.520978927612305 42.545009613037109 -50.914581298828125
  endloop
 endfacet
 facet normal -0.83285919127053576 -0.52864272544176438 -0.16395864220495471
  outer loop
   vertex -31.385700225830078 42.331882476806641 -50.914581298828125
   vertex -31.520978927612305 42.545009613037109 -50.914581298828125
   vertex -31.385700225830078 42.440040588378906 -51.263309478759766
  endloop
 endfacet
 facet normal -0.74912471530553004 -0.65584144180208137 -0.093188862711032827
  outer loop
   vertex -31.385700225830078 42.440040588378906 -51.263309478759766
   vertex -31.520978927612305 42.545009613037109 -50.914581298828125
   vertex -31.477598190307617 42.545009613037109 -51.263309478759766
  endloop
 endfacet
 facet normal -0.73372448771940835 -0.64235889709650051 -0.22141233805246524
  outer loop
   vertex -31.385700225830078 42.440040588378906 -51.263309478759766
   vertex -31.477598190307617 42.545009613037109 -51.263309478759766
   vertex -31.385700225830078 42.545009613037109 -51.567844390869141
  endloop
 endfacet
 facet normal -0.86476225549085539 -0.23638652392645398 0.44306619458534258
  outer loop
   vertex -31.385700225830078 42.639625549316406 -50.217121124267578
   vertex -31.455163955688477 42.893741607666016 -50.217121124267578
   vertex -31.385700225830078 42.545009613037109 -50.267601013183594
  endloop
 endfacet
 facet normal -0.8853108394154191 -0.23447102370752174 0.40155704035057427
  outer loop
   vertex -31.385700225830078 42.545009613037109 -50.267601013183594
   vertex -31.455163955688477 42.893741607666016 -50.217121124267578
   vertex -31.520978927612305 42.545009613037109 -50.565849304199219
  endloop
 endfacet
 facet normal 0.6914092743951934 -0.63647098276176783 0.3418448527952142
  outer loop
   vertex -30.313833236694336 42.893741607666016 -50.914581298828125
   vertex -30.339509963989258 42.893741607666016 -50.862648010253906
   vertex -30.339509963989258 42.865848541259766 -50.914581298828125
  endloop
 endfacet
 facet normal 0.7304553035151613 -0.60167007079358881 0.32315348594408116
  outer loop
   vertex -30.339509963989258 42.865848541259766 -50.914581298828125
   vertex -30.339509963989258 42.893741607666016 -50.862648010253906
   vertex -30.688240051269531 42.629776000976562 -50.565849304199219
  endloop
 endfacet
 facet normal 0.57850078425539186 -0.81524734769026186 0.026619629972821891
  outer loop
   vertex -30.339509963989258 42.865848541259766 -50.914581298828125
   vertex -30.688240051269531 42.629776000976562 -50.565849304199219
   vertex -30.688240051269531 42.618389129638672 -50.914581298828125
  endloop
 endfacet
 facet normal 0.58967210319669106 -0.80721255237195189 0.026357276125383147
  outer loop
   vertex -30.688240051269531 42.618389129638672 -50.914581298828125
   vertex -30.688240051269531 42.629776000976562 -50.565849304199219
   vertex -30.788690567016602 42.545009613037109 -50.914581298828125
  endloop
 endfacet
 facet normal 0.58532009296923093 -0.80125500873946109 -0.12405966200347658
  outer loop
   vertex -30.688240051269531 42.618389129638672 -50.914581298828125
   vertex -30.788690567016602 42.545009613037109 -50.914581298828125
   vertex -30.862604141235352 42.545009613037109 -51.263309478759766
  endloop
 endfacet
 facet normal 0.73243793512945243 -0.67928748418681972 -0.045860495095943747
  outer loop
   vertex -30.788690567016602 42.545009613037109 -50.914581298828125
   vertex -30.688240051269531 42.629776000976562 -50.565849304199219
   vertex -30.766855239868164 42.545009613037109 -50.565849304199219
  endloop
 endfacet
 facet normal 0.57539843728392492 -0.81087539140439657 -0.10676018914363102
  outer loop
   vertex -30.339509963989258 42.865848541259766 -50.914581298828125
   vertex -30.688240051269531 42.618389129638672 -50.914581298828125
   vertex -30.688240051269531 42.664302825927734 -51.263309478759766
  endloop
 endfacet
 facet normal 0.56135202098545667 -0.82049625387611114 -0.10802687587268094
  outer loop
   vertex -30.688240051269531 42.664302825927734 -51.263309478759766
   vertex -30.688240051269531 42.618389129638672 -50.914581298828125
   vertex -30.862604141235352 42.545009613037109 -51.263309478759766
  endloop
 endfacet
 facet normal 0.5510206644343788 -0.80539549885836537 -0.21843607253606387
  outer loop
   vertex -30.688240051269531 42.664302825927734 -51.263309478759766
   vertex -30.862604141235352 42.545009613037109 -51.263309478759766
   vertex -31.000848770141602 42.545009613037109 -51.612041473388672
  endloop
 endfacet
 facet normal 0.50102272597560238 -0.67811314904587872 -0.53771626825590702
  outer loop
   vertex -31.036970138549805 42.794288635253906 -51.960769653320312
   vertex -30.902364730834961 42.893741607666016 -51.960769653320312
   vertex -31.036970138549805 42.545009613037109 -51.646404266357422
  endloop
 endfacet
 facet normal 0.48948513001277649 -0.68048729923038809 -0.54529014577792223
  outer loop
   vertex -31.036970138549805 42.545009613037109 -51.646404266357422
   vertex -30.902364730834961 42.893741607666016 -51.960769653320312
   vertex -30.688240051269531 42.893741607666016 -51.768558502197266
  endloop
 endfacet
 facet normal -0.095784569465855507 -0.77994988095717444 -0.61846867297150165
  outer loop
   vertex -31.036970138549805 42.545009613037109 -51.646404266357422
   vertex -31.258846282958984 42.545009613037109 -51.612041473388672
   vertex -31.036970138549805 42.794288635253906 -51.960769653320312
  endloop
 endfacet
 facet normal -0.14166982816477058 -0.76046625759342712 -0.63373553699442464
  outer loop
   vertex -31.036970138549805 42.794288635253906 -51.960769653320312
   vertex -31.258846282958984 42.545009613037109 -51.612041473388672
   vertex -31.385700225830078 42.568641662597656 -51.612041473388672
  endloop
 endfacet
 facet normal -0.14498743411136725 -0.7582602264231072 -0.63562573341124251
  outer loop
   vertex -31.036970138549805 42.794288635253906 -51.960769653320312
   vertex -31.385700225830078 42.568641662597656 -51.612041473388672
   vertex -31.385700225830078 42.860969543457031 -51.960769653320312
  endloop
 endfacet
 facet normal -0.85042139776090397 -0.40318254643853846 -0.33797526607390399
  outer loop
   vertex -31.385700225830078 42.860969543457031 -51.960769653320312
   vertex -31.385700225830078 42.568641662597656 -51.612041473388672
   vertex -31.539829254150391 42.893741607666016 -51.612041473388672
  endloop
 endfacet
 facet normal 0.058271484564413931 -0.87486179014079668 0.48085474130791311
  outer loop
   vertex -31.036970138549805 42.545009613037109 -50.220348358154297
   vertex -31.385700225830078 42.331882476806641 -50.565849304199219
   vertex -31.036970138549805 42.355110168457031 -50.565849304199219
  endloop
 endfacet
 facet normal 0.066459245503930425 -0.99778914039342415 0
  outer loop
   vertex -31.036970138549805 42.355110168457031 -50.565849304199219
   vertex -31.385700225830078 42.331882476806641 -50.565849304199219
   vertex -31.385700225830078 42.331882476806641 -50.914581298828125
  endloop
 endfacet
 facet normal 0.11037169762993364 -0.99290539933915156 -0.044237499086704636
  outer loop
   vertex -31.036970138549805 42.355110168457031 -50.565849304199219
   vertex -31.385700225830078 42.331882476806641 -50.914581298828125
   vertex -31.036970138549805 42.370647430419922 -50.914581298828125
  endloop
 endfacet
 facet normal 0.10557771387337106 -0.949778651645237 -0.29457403010487554
  outer loop
   vertex -31.036970138549805 42.370647430419922 -50.914581298828125
   vertex -31.385700225830078 42.331882476806641 -50.914581298828125
   vertex -31.385700225830078 42.440040588378906 -51.263309478759766
  endloop
 endfacet
 facet normal -0.040528328828711276 -0.98694685687232631 -0.15586326145756013
  outer loop
   vertex -31.036970138549805 42.370647430419922 -50.914581298828125
   vertex -31.385700225830078 42.440040588378906 -51.263309478759766
   vertex -31.036970138549805 42.42572021484375 -51.263309478759766
  endloop
 endfacet
 facet normal -0.039603441268337154 -0.96442397233569843 -0.26137706292622093
  outer loop
   vertex -31.036970138549805 42.42572021484375 -51.263309478759766
   vertex -31.385700225830078 42.440040588378906 -51.263309478759766
   vertex -31.036970138549805 42.520233154296875 -51.612041473388672
  endloop
 endfacet
 facet normal -0.1078369651279764 -0.93990103157538896 -0.32397104777357422
  outer loop
   vertex -31.385700225830078 42.545009613037109 -51.567844390869141
   vertex -31.036970138549805 42.520233154296875 -51.612041473388672
   vertex -31.385700225830078 42.440040588378906 -51.263309478759766
  endloop
 endfacet
endsolid
