solid ITK-SNAP coord sys for 3D Slicer: SPACE=RAS
 facet normal 0.53644785392654781 0.73270994472463069 0.41875987978700863
  outer loop
   vertex -23.738372802734375 28.442808151245117 -37.751216888427734
   vertex -23.78843879699707 28.479463577270508 -37.751216888427734
   vertex -23.78843879699707 28.442808151245117 -37.687080383300781
  endloop
 endfacet
 facet normal 0.23129322170591968 0.84466592616973657 0.4827451903030392
  outer loop
   vertex -23.78843879699707 28.442808151245117 -37.687080383300781
   vertex -23.78843879699707 28.479463577270508 -37.751216888427734
   vertex -24.047008514404297 28.442808151245117 -37.563194274902344
  endloop
 endfacet
 facet normal 0.278382172285841 0.76479458040680848 0.58102720756758885
  outer loop
   vertex -23.78843879699707 28.442808151245117 -37.687080383300781
   vertex -24.047008514404297 28.442808151245117 -37.563194274902344
   vertex -23.78843879699707 28.295095443725586 -37.492649078369141
  endloop
 endfacet
 facet normal 0.35636620536284475 0.82934121798417304 0.43034436423382494
  outer loop
   vertex -23.78843879699707 28.295095443725586 -37.492649078369141
   vertex -24.047008514404297 28.442808151245117 -37.563194274902344
   vertex -24.047008514404297 28.40620231628418 -37.492649078369141
  endloop
 endfacet
 facet normal 0.31919347369033885 0.74283223341397353 0.58848602307506248
  outer loop
   vertex -23.78843879699707 28.295095443725586 -37.492649078369141
   vertex -24.047008514404297 28.40620231628418 -37.492649078369141
   vertex -24.047008514404297 28.201356887817383 -37.234077453613281
  endloop
 endfacet
 facet normal -0.44783604005503802 0.70083915648952078 0.5552182975721166
  outer loop
   vertex -24.047008514404297 28.201356887817383 -37.234077453613281
   vertex -24.047008514404297 28.40620231628418 -37.492649078369141
   vertex -24.305578231811523 28.240976333618164 -37.492649078369141
  endloop
 endfacet
 facet normal -0.39202357374133301 0.76604909025855494 0.50939798678941994
  outer loop
   vertex -24.047008514404297 28.201356887817383 -37.234077453613281
   vertex -24.305578231811523 28.240976333618164 -37.492649078369141
   vertex -24.305578231811523 28.184236526489258 -37.407321929931641
  endloop
 endfacet
 facet normal -0.70711017552515054 0.58880684946663653 0.39153760188513737
  outer loop
   vertex -24.305578231811523 28.184236526489258 -37.407321929931641
   vertex -24.305578231811523 28.240976333618164 -37.492649078369141
   vertex -24.352825164794922 28.184236526489258 -37.492649078369141
  endloop
 endfacet
 facet normal -0.68463521196808397 0.62254575655316247 0.37909287454536406
  outer loop
   vertex -24.305578231811523 28.184236526489258 -37.407321929931641
   vertex -24.352825164794922 28.184236526489258 -37.492649078369141
   vertex -24.305578231811523 28.078741073608398 -37.234077453613281
  endloop
 endfacet
 facet normal -0.63031691567606529 0.67171548101272816 0.38922859399130905
  outer loop
   vertex -24.305578231811523 28.078741073608398 -37.234077453613281
   vertex -24.352825164794922 28.184236526489258 -37.492649078369141
   vertex -24.468704223632812 27.925668716430664 -37.234077453613281
  endloop
 endfacet
 facet normal -0.62721809255430105 0.66841313038236849 0.39977662701186895
  outer loop
   vertex -24.305578231811523 28.078741073608398 -37.234077453613281
   vertex -24.468704223632812 27.925668716430664 -37.234077453613281
   vertex -24.305578231811523 27.925668716430664 -36.978145599365234
  endloop
 endfacet
 facet normal -0.73650312975499244 0.48702771863716354 0.46943278660547411
  outer loop
   vertex -24.305578231811523 27.925668716430664 -36.978145599365234
   vertex -24.468704223632812 27.925668716430664 -37.234077453613281
   vertex -24.305578231811523 27.923124313354492 -36.975505828857422
  endloop
 endfacet
 facet normal -0.14909499554197705 0.71194536851753665 0.68622479884566023
  outer loop
   vertex -24.305578231811523 27.925668716430664 -36.978145599365234
   vertex -24.305578231811523 27.923124313354492 -36.975505828857422
   vertex -24.293428421020508 27.925668716430664 -36.975505828857422
  endloop
 endfacet
 facet normal -0.085049919443490316 0.4061229286769365 0.9098520088484302
  outer loop
   vertex -24.293428421020508 27.925668716430664 -36.975505828857422
   vertex -24.305578231811523 27.923124313354492 -36.975505828857422
   vertex -24.305578231811523 27.667097091674805 -36.861225128173828
  endloop
 endfacet
 facet normal -0.10651208085352998 0.40613016313037525 0.90758661692862452
  outer loop
   vertex -24.293428421020508 27.925668716430664 -36.975505828857422
   vertex -24.305578231811523 27.667097091674805 -36.861225128173828
   vertex -24.047008514404297 27.925668716430664 -36.946586608886719
  endloop
 endfacet
 facet normal -0.014237011239179993 0.32626359621824169 0.94517161049923393
  outer loop
   vertex -24.047008514404297 27.925668716430664 -36.946586608886719
   vertex -24.305578231811523 27.667097091674805 -36.861225128173828
   vertex -24.047008514404297 27.667097091674805 -36.857330322265625
  endloop
 endfacet
 facet normal 0.3407429131533326 0.30676993618350806 0.888699315511015
  outer loop
   vertex -24.047008514404297 27.925668716430664 -36.946586608886719
   vertex -24.047008514404297 27.667097091674805 -36.857330322265625
   vertex -23.78843879699707 27.667097091674805 -36.956470489501953
  endloop
 endfacet
 facet normal 0.35771688173907146 0.040081543868860932 0.9329695077332183
  outer loop
   vertex -23.78843879699707 27.667097091674805 -36.956470489501953
   vertex -24.047008514404297 27.667097091674805 -36.857330322265625
   vertex -24.047008514404297 27.408529281616211 -36.846221923828125
  endloop
 endfacet
 facet normal 0.2123697109973311 0.19583185444205981 0.95736565148155051
  outer loop
   vertex -23.78843879699707 27.667097091674805 -36.956470489501953
   vertex -24.047008514404297 27.408529281616211 -36.846221923828125
   vertex -23.78843879699707 27.408529281616211 -36.903579711914062
  endloop
 endfacet
 facet normal 0.21656291278342013 0 0.97626866425526571
  outer loop
   vertex -23.78843879699707 27.408529281616211 -36.903579711914062
   vertex -24.047008514404297 27.408529281616211 -36.846221923828125
   vertex -24.047008514404297 27.149957656860352 -36.846221923828125
  endloop
 endfacet
 facet normal 0.14511174719242226 0.073756224218693781 0.98666235370351707
  outer loop
   vertex -23.78843879699707 27.408529281616211 -36.903579711914062
   vertex -24.047008514404297 27.149957656860352 -36.846221923828125
   vertex -23.78843879699707 27.149957656860352 -36.884250640869141
  endloop
 endfacet
 facet normal 0.14550806745393283 0 0.98935706512149679
  outer loop
   vertex -23.78843879699707 27.149957656860352 -36.884250640869141
   vertex -24.047008514404297 27.149957656860352 -36.846221923828125
   vertex -24.047008514404297 26.891386032104492 -36.846221923828125
  endloop
 endfacet
 facet normal 0.042691029245157268 0.10345754500903796 0.99371726985229147
  outer loop
   vertex -23.78843879699707 27.149957656860352 -36.884250640869141
   vertex -24.047008514404297 26.891386032104492 -36.846221923828125
   vertex -23.78843879699707 26.891386032104492 -36.857330322265625
  endloop
 endfacet
 facet normal 0.042881868966305227 -0.042882185288256235 0.99815943791503581
  outer loop
   vertex -23.78843879699707 26.891386032104492 -36.857330322265625
   vertex -24.047008514404297 26.891386032104492 -36.846221923828125
   vertex -24.047008514404297 26.632818222045898 -36.857330322265625
  endloop
 endfacet
 facet normal -0.042881868966305227 0.042882185288256235 0.99815943791503581
  outer loop
   vertex -23.78843879699707 26.891386032104492 -36.857330322265625
   vertex -24.047008514404297 26.632818222045898 -36.857330322265625
   vertex -23.78843879699707 26.632818222045898 -36.846221923828125
  endloop
 endfacet
 facet normal -0.042598558202746641 -0.12241143735758922 0.99156482533573975
  outer loop
   vertex -23.78843879699707 26.632818222045898 -36.846221923828125
   vertex -24.047008514404297 26.632818222045898 -36.857330322265625
   vertex -24.047008514404297 26.374246597290039 -36.889251708984375
  endloop
 endfacet
 facet normal -0.16415708900922707 0 0.98643420973119977
  outer loop
   vertex -23.78843879699707 26.632818222045898 -36.846221923828125
   vertex -24.047008514404297 26.374246597290039 -36.889251708984375
   vertex -23.78843879699707 26.374246597290039 -36.846221923828125
  endloop
 endfacet
 facet normal -0.16245630240914785 -0.14357613699485947 0.97621403528794903
  outer loop
   vertex -23.78843879699707 26.374246597290039 -36.846221923828125
   vertex -24.047008514404297 26.374246597290039 -36.889251708984375
   vertex -23.78843879699707 26.115678787231445 -36.884250640869141
  endloop
 endfacet
 facet normal 0 -0.14550911808131411 0.98935691060162834
  outer loop
   vertex -23.78843879699707 26.374246597290039 -36.846221923828125
   vertex -23.78843879699707 26.115678787231445 -36.884250640869141
   vertex -23.529869079589844 26.374246597290039 -36.846221923828125
  endloop
 endfacet
 facet normal -0.057978070655014445 -0.088273437369536092 0.99440753395078862
  outer loop
   vertex -23.529869079589844 26.374246597290039 -36.846221923828125
   vertex -23.78843879699707 26.115678787231445 -36.884250640869141
   vertex -23.529869079589844 26.115678787231445 -36.869174957275391
  endloop
 endfacet
 facet normal 0.28702871543354513 -0.084701545881115281 0.95416988248525114
  outer loop
   vertex -23.529869079589844 26.374246597290039 -36.846221923828125
   vertex -23.529869079589844 26.115678787231445 -36.869174957275391
   vertex -23.271299362182617 26.374246597290039 -36.924003601074219
  endloop
 endfacet
 facet normal 0.31763172347760416 -0.11813422216928177 0.94082644190791409
  outer loop
   vertex -23.271299362182617 26.374246597290039 -36.924003601074219
   vertex -23.529869079589844 26.115678787231445 -36.869174957275391
   vertex -23.271299362182617 26.115678787231445 -36.956470489501953
  endloop
 endfacet
 facet normal 0.67434785428832245 -0.091996034581976957 0.73266069980443693
  outer loop
   vertex -23.271299362182617 26.374246597290039 -36.924003601074219
   vertex -23.271299362182617 26.115678787231445 -36.956470489501953
   vertex -23.250617980957031 26.115678787231445 -36.975505828857422
  endloop
 endfacet
 facet normal 0.6477016309221999 -0.29201782886026667 0.70371029900695525
  outer loop
   vertex -23.250617980957031 26.115678787231445 -36.975505828857422
   vertex -23.271299362182617 26.115678787231445 -36.956470489501953
   vertex -23.271299362182617 26.069807052612305 -36.975505828857422
  endloop
 endfacet
 facet normal 0.60107731306306855 -0.27099714368161548 0.75184214555802054
  outer loop
   vertex -23.250617980957031 26.115678787231445 -36.975505828857422
   vertex -23.271299362182617 26.069807052612305 -36.975505828857422
   vertex -23.043767929077148 25.857107162475586 -37.234077453613281
  endloop
 endfacet
 facet normal 0.58563982117625424 -0.29250841787908893 0.75595292533498226
  outer loop
   vertex -23.043767929077148 25.857107162475586 -37.234077453613281
   vertex -23.271299362182617 26.069807052612305 -36.975505828857422
   vertex -23.271299362182617 25.857107162475586 -37.057807922363281
  endloop
 endfacet
 facet normal 0.58241911084073728 -0.30917855871097744 0.75179558269578017
  outer loop
   vertex -23.043767929077148 25.857107162475586 -37.234077453613281
   vertex -23.271299362182617 25.857107162475586 -37.057807922363281
   vertex -23.1810302734375 25.598537445068359 -37.234077453613281
  endloop
 endfacet
 facet normal 0.47866947680837196 -0.37431151499720067 0.7942080468696473
  outer loop
   vertex -23.1810302734375 25.598537445068359 -37.234077453613281
   vertex -23.271299362182617 25.857107162475586 -37.057807922363281
   vertex -23.271299362182617 25.598537445068359 -37.179672241210938
  endloop
 endfacet
 facet normal 0.43188205598053153 -0.54771643880675858 0.71657839234997256
  outer loop
   vertex -23.1810302734375 25.598537445068359 -37.234077453613281
   vertex -23.271299362182617 25.598537445068359 -37.179672241210938
   vertex -23.271299362182617 25.527359008789062 -37.234077453613281
  endloop
 endfacet
 facet normal 0.021944556356644898 -0.60712526173236026 0.79430306118805993
  outer loop
   vertex -23.271299362182617 25.527359008789062 -37.234077453613281
   vertex -23.271299362182617 25.598537445068359 -37.179672241210938
   vertex -23.529869079589844 25.518013000488281 -37.234077453613281
  endloop
 endfacet
 facet normal 0.022421014754980605 -0.62030711535896854 0.7840385071744832
  outer loop
   vertex -23.271299362182617 25.527359008789062 -37.234077453613281
   vertex -23.529869079589844 25.518013000488281 -37.234077453613281
   vertex -23.271299362182617 25.339967727661133 -37.382335662841797
  endloop
 endfacet
 facet normal 0 -0.6398968990271342 0.76846077233353782
  outer loop
   vertex -23.271299362182617 25.339967727661133 -37.382335662841797
   vertex -23.529869079589844 25.518013000488281 -37.234077453613281
   vertex -23.529869079589844 25.339967727661133 -37.382335662841797
  endloop
 endfacet
 facet normal 0 -0.70710678118654757 0.70710678118654757
  outer loop
   vertex -23.271299362182617 25.339967727661133 -37.382335662841797
   vertex -23.529869079589844 25.339967727661133 -37.382335662841797
   vertex -23.529869079589844 25.229654312133789 -37.492649078369141
  endloop
 endfacet
 facet normal -0.21524593610468012 -0.69053210895309558 0.69053210895309558
  outer loop
   vertex -23.529869079589844 25.229654312133789 -37.492649078369141
   vertex -23.529869079589844 25.339967727661133 -37.382335662841797
   vertex -23.78843879699707 25.310253143310547 -37.492649078369141
  endloop
 endfacet
 facet normal -0.26959527984193715 -0.86489064798192505 0.42341770407052332
  outer loop
   vertex -23.529869079589844 25.229654312133789 -37.492649078369141
   vertex -23.78843879699707 25.310253143310547 -37.492649078369141
   vertex -23.78843879699707 25.18366813659668 -37.751216888427734
  endloop
 endfacet
 facet normal -0.45302361260841845 -0.80069550648961874 0.39199019414591285
  outer loop
   vertex -23.78843879699707 25.18366813659668 -37.751216888427734
   vertex -23.78843879699707 25.310253143310547 -37.492649078369141
   vertex -24.047008514404297 25.329963684082031 -37.751216888427734
  endloop
 endfacet
 facet normal -0.4924333516768617 -0.87035015606150845 -0
  outer loop
   vertex -23.78843879699707 25.18366813659668 -37.751216888427734
   vertex -24.047008514404297 25.329963684082031 -37.751216888427734
   vertex -24.047008514404297 25.329963684082031 -38.009788513183594
  endloop
 endfacet
 facet normal -0.70703937669902372 -0.7071741792493953 -0
  outer loop
   vertex -24.047008514404297 25.329963684082031 -38.009788513183594
   vertex -24.047008514404297 25.329963684082031 -37.751216888427734
   vertex -24.057014465332031 25.339967727661133 -37.751216888427734
  endloop
 endfacet
 facet normal -0.70703937669902372 -0.7071741792493953 -0
  outer loop
   vertex -24.047008514404297 25.329963684082031 -38.009788513183594
   vertex -24.057014465332031 25.339967727661133 -37.751216888427734
   vertex -24.057014465332031 25.339967727661133 -38.009788513183594
  endloop
 endfacet
 facet normal -0.85019550506703157 -0.52646709599348673 -0
  outer loop
   vertex -24.057014465332031 25.339967727661133 -38.009788513183594
   vertex -24.057014465332031 25.339967727661133 -37.751216888427734
   vertex -24.217128753662109 25.598537445068359 -38.009788513183594
  endloop
 endfacet
 facet normal -0.84583210228824102 -0.5237651433532895 -0.10118364169549737
  outer loop
   vertex -24.057014465332031 25.339967727661133 -38.009788513183594
   vertex -24.217128753662109 25.598537445068359 -38.009788513183594
   vertex -24.186197280883789 25.598537445068359 -38.268356323242188
  endloop
 endfacet
 facet normal -0.73186842031734767 -0.67579842184121075 -0.08755060467592006
  outer loop
   vertex -24.186197280883789 25.598537445068359 -38.268356323242188
   vertex -24.217128753662109 25.598537445068359 -38.009788513183594
   vertex -24.305578231811523 25.727823257446289 -38.268356323242188
  endloop
 endfacet
 facet normal -0.70151099671577655 -0.64776674511957943 -0.2971204560511167
  outer loop
   vertex -24.186197280883789 25.598537445068359 -38.268356323242188
   vertex -24.305578231811523 25.727823257446289 -38.268356323242188
   vertex -24.305578231811523 25.846426010131836 -38.526927947998047
  endloop
 endfacet
 facet normal -0.71367894493788464 -0.6366906523914001 -0.29204002586933336
  outer loop
   vertex -24.305578231811523 25.846426010131836 -38.526927947998047
   vertex -24.305578231811523 25.727823257446289 -38.268356323242188
   vertex -24.420915603637695 25.857107162475586 -38.268356323242188
  endloop
 endfacet
 facet normal -0.73984776897564664 -0.59954092421633653 -0.305247373340999
  outer loop
   vertex -24.305578231811523 25.846426010131836 -38.526927947998047
   vertex -24.420915603637695 25.857107162475586 -38.268356323242188
   vertex -24.314233779907227 25.857107162475586 -38.526927947998047
  endloop
 endfacet
 facet normal -0.80848800176438418 -0.48485067093107914 -0.33356705158141081
  outer loop
   vertex -24.314233779907227 25.857107162475586 -38.526927947998047
   vertex -24.420915603637695 25.857107162475586 -38.268356323242188
   vertex -24.46929931640625 26.115678787231445 -38.526927947998047
  endloop
 endfacet
 facet normal -0.64048290266929542 -0.38409792650156416 -0.66501912321790624
  outer loop
   vertex -24.314233779907227 25.857107162475586 -38.526927947998047
   vertex -24.46929931640625 26.115678787231445 -38.526927947998047
   vertex -24.305578231811523 26.115678787231445 -38.684608459472656
  endloop
 endfacet
 facet normal -0.64565322831943062 -0.36566717616062894 -0.67038751855878753
  outer loop
   vertex -24.305578231811523 26.115678787231445 -38.684608459472656
   vertex -24.46929931640625 26.115678787231445 -38.526927947998047
   vertex -24.305578231811523 26.300638198852539 -38.785495758056641
  endloop
 endfacet
 facet normal -0.50298677957723792 -0.4138701700413252 -0.75875937023570517
  outer loop
   vertex -24.305578231811523 26.115678787231445 -38.684608459472656
   vertex -24.305578231811523 26.300638198852539 -38.785495758056641
   vertex -24.153388977050781 26.115678787231445 -38.785495758056641
  endloop
 endfacet
 facet normal -0.47633988556133355 -0.39194443559815584 -0.78707043701758916
  outer loop
   vertex -24.153388977050781 26.115678787231445 -38.785495758056641
   vertex -24.305578231811523 26.300638198852539 -38.785495758056641
   vertex -24.305578231811523 26.374246597290039 -38.822151184082031
  endloop
 endfacet
 facet normal -0.45396874941519533 -0.38135873482009774 -0.80528124896263287
  outer loop
   vertex -24.153388977050781 26.115678787231445 -38.785495758056641
   vertex -24.305578231811523 26.374246597290039 -38.822151184082031
   vertex -24.047008514404297 26.115678787231445 -38.845466613769531
  endloop
 endfacet
 facet normal -0.29398488336332684 -0.20990427884631216 -0.93247685337270481
  outer loop
   vertex -24.047008514404297 26.115678787231445 -38.845466613769531
   vertex -24.305578231811523 26.374246597290039 -38.822151184082031
   vertex -24.047008514404297 26.374246597290039 -38.903671264648438
  endloop
 endfacet
 facet normal -0.041889771008689361 -0.21941601126958341 -0.97473168671352095
  outer loop
   vertex -24.047008514404297 26.115678787231445 -38.845466613769531
   vertex -24.047008514404297 26.374246597290039 -38.903671264648438
   vertex -23.78843879699707 26.374246597290039 -38.914783477783203
  endloop
 endfacet
 facet normal -0.042936063078161203 0 -0.99907782203757689
  outer loop
   vertex -23.78843879699707 26.374246597290039 -38.914783477783203
   vertex -24.047008514404297 26.374246597290039 -38.903671264648438
   vertex -23.78843879699707 26.632818222045898 -38.914783477783203
  endloop
 endfacet
 facet normal 0 0 -1
  outer loop
   vertex -23.78843879699707 26.374246597290039 -38.914783477783203
   vertex -23.78843879699707 26.632818222045898 -38.914783477783203
   vertex -23.529869079589844 26.632818222045898 -38.914783477783203
  endloop
 endfacet
 facet normal 0 0 -1
  outer loop
   vertex -23.529869079589844 26.632818222045898 -38.914783477783203
   vertex -23.78843879699707 26.632818222045898 -38.914783477783203
   vertex -23.529869079589844 26.891386032104492 -38.914783477783203
  endloop
 endfacet
 facet normal 0.19624827640068071 0 -0.9805542381784712
  outer loop
   vertex -23.529869079589844 26.632818222045898 -38.914783477783203
   vertex -23.529869079589844 26.891386032104492 -38.914783477783203
   vertex -23.271299362182617 26.891386032104492 -38.863033294677734
  endloop
 endfacet
 facet normal 0.19624827640068074 0 -0.98055423817847132
  outer loop
   vertex -23.271299362182617 26.891386032104492 -38.863033294677734
   vertex -23.529869079589844 26.891386032104492 -38.914783477783203
   vertex -23.271299362182617 27.149957656860352 -38.863033294677734
  endloop
 endfacet
 facet normal 0.58720590426746322 0 -0.80943759857905728
  outer loop
   vertex -23.271299362182617 26.891386032104492 -38.863033294677734
   vertex -23.271299362182617 27.149957656860352 -38.863033294677734
   vertex -23.164417266845703 27.149957656860352 -38.785495758056641
  endloop
 endfacet
 facet normal 0.58200195341579863 0.13283791247504273 -0.80226418044772974
  outer loop
   vertex -23.164417266845703 27.149957656860352 -38.785495758056641
   vertex -23.271299362182617 27.149957656860352 -38.863033294677734
   vertex -23.223434448242188 27.408529281616211 -38.785495758056641
  endloop
 endfacet
 facet normal 0.6980737054208932 0.15933048546931589 -0.6980737054208932
  outer loop
   vertex -23.164417266845703 27.149957656860352 -38.785495758056641
   vertex -23.223434448242188 27.408529281616211 -38.785495758056641
   vertex -23.012729644775391 27.149957656860352 -38.633808135986328
  endloop
 endfacet
 facet normal 0.6980737054208932 0.15933048546931589 -0.6980737054208932
  outer loop
   vertex -23.012729644775391 27.149957656860352 -38.633808135986328
   vertex -23.223434448242188 27.408529281616211 -38.785495758056641
   vertex -23.012729644775391 27.408529281616211 -38.574790954589844
  endloop
 endfacet
 facet normal 0.78638667951886365 0.13745864028681412 -0.60224672061024642
  outer loop
   vertex -23.012729644775391 27.149957656860352 -38.633808135986328
   vertex -23.012729644775391 27.408529281616211 -38.574790954589844
   vertex -22.97607421875 27.408529281616211 -38.526927947998047
  endloop
 endfacet
 facet normal 0.73831516782982742 0.3676653424376457 -0.56543161294945499
  outer loop
   vertex -22.97607421875 27.408529281616211 -38.526927947998047
   vertex -23.012729644775391 27.408529281616211 -38.574790954589844
   vertex -23.012729644775391 27.482137680053711 -38.526927947998047
  endloop
 endfacet
 facet normal 0.8098869091745835 0.40330655629449486 -0.42594250315918869
  outer loop
   vertex -22.97607421875 27.408529281616211 -38.526927947998047
   vertex -23.012729644775391 27.482137680053711 -38.526927947998047
   vertex -22.968845367431641 27.667097091674805 -38.268356323242188
  endloop
 endfacet
 facet normal 0.8174301654600451 0.39378152877397343 -0.420409362636461
  outer loop
   vertex -22.968845367431641 27.667097091674805 -38.268356323242188
   vertex -23.012729644775391 27.482137680053711 -38.526927947998047
   vertex -23.012729644775391 27.667097091674805 -38.353683471679688
  endloop
 endfacet
 facet normal 0.78499560833901727 0.46987821834289273 -0.4037280703832285
  outer loop
   vertex -22.968845367431641 27.667097091674805 -38.268356323242188
   vertex -23.012729644775391 27.667097091674805 -38.353683471679688
   vertex -23.012729644775391 27.740411758422852 -38.268356323242188
  endloop
 endfacet
 facet normal 0.80852090771742557 0.44633970174306731 -0.38350334083512205
  outer loop
   vertex -23.012729644775391 27.740411758422852 -38.268356323242188
   vertex -23.012729644775391 27.667097091674805 -38.353683471679688
   vertex -23.114999771118164 27.925668716430664 -38.268356323242188
  endloop
 endfacet
 facet normal 0.87545894618474152 0.48329249274647529 -0
  outer loop
   vertex -23.012729644775391 27.740411758422852 -38.268356323242188
   vertex -23.114999771118164 27.925668716430664 -38.268356323242188
   vertex -23.114999771118164 27.925668716430664 -38.009788513183594
  endloop
 endfacet
 facet normal 0.87035135085532023 0.49243123993540366 -0
  outer loop
   vertex -23.114999771118164 27.925668716430664 -38.009788513183594
   vertex -23.114999771118164 27.925668716430664 -38.268356323242188
   vertex -23.261293411254883 28.184236526489258 -38.268356323242188
  endloop
 endfacet
 facet normal 0.87035135085532023 0.49243123993540366 -0
  outer loop
   vertex -23.114999771118164 27.925668716430664 -38.009788513183594
   vertex -23.261293411254883 28.184236526489258 -38.268356323242188
   vertex -23.261293411254883 28.184236526489258 -38.009788513183594
  endloop
 endfacet
 facet normal 0.70710678118654757 0.70710678118654757 -0
  outer loop
   vertex -23.261293411254883 28.184236526489258 -38.009788513183594
   vertex -23.261293411254883 28.184236526489258 -38.268356323242188
   vertex -23.271299362182617 28.194242477416992 -38.268356323242188
  endloop
 endfacet
 facet normal 0.70710678118654757 0.70710678118654757 -0
  outer loop
   vertex -23.261293411254883 28.184236526489258 -38.009788513183594
   vertex -23.271299362182617 28.194242477416992 -38.268356323242188
   vertex -23.271299362182617 28.194242477416992 -38.009788513183594
  endloop
 endfacet
 facet normal 0.41888996459533112 0.90803700230845352 -0
  outer loop
   vertex -23.271299362182617 28.194242477416992 -38.009788513183594
   vertex -23.271299362182617 28.194242477416992 -38.268356323242188
   vertex -23.529869079589844 28.31352424621582 -38.268356323242188
  endloop
 endfacet
 facet normal 0.49040555405795599 0.86677743071534297 -0.090549865552732936
  outer loop
   vertex -23.271299362182617 28.194242477416992 -38.009788513183594
   vertex -23.529869079589844 28.31352424621582 -38.268356323242188
   vertex -23.529869079589844 28.340536117553711 -38.009788513183594
  endloop
 endfacet
 facet normal 0.2576269452994045 0.96101471684315043 -0.10039457687832092
  outer loop
   vertex -23.529869079589844 28.340536117553711 -38.009788513183594
   vertex -23.529869079589844 28.31352424621582 -38.268356323242188
   vertex -23.78843879699707 28.382841110229492 -38.268356323242188
  endloop
 endfacet
 facet normal 0.45756833992035589 0.828837003943387 -0.32196340661118533
  outer loop
   vertex -23.529869079589844 28.340536117553711 -38.009788513183594
   vertex -23.78843879699707 28.382841110229492 -38.268356323242188
   vertex -23.715124130249023 28.442808151245117 -38.009788513183594
  endloop
 endfacet
 facet normal 0.4723926200978612 0.81966102257085882 -0.32403860966738507
  outer loop
   vertex -23.715124130249023 28.442808151245117 -38.009788513183594
   vertex -23.78843879699707 28.382841110229492 -38.268356323242188
   vertex -23.78843879699707 28.442808151245117 -38.116668701171875
  endloop
 endfacet
 facet normal 0.48441314365449262 0.80927818218842951 -0.33228411049666978
  outer loop
   vertex -23.715124130249023 28.442808151245117 -38.009788513183594
   vertex -23.78843879699707 28.442808151245117 -38.116668701171875
   vertex -23.78843879699707 28.486692428588867 -38.009788513183594
  endloop
 endfacet
 facet normal 0.17539235236739167 0.9107194824837388 -0.37393521759200982
  outer loop
   vertex -23.78843879699707 28.486692428588867 -38.009788513183594
   vertex -23.78843879699707 28.442808151245117 -38.116668701171875
   vertex -24.047008514404297 28.536489486694336 -38.009788513183594
  endloop
 endfacet
 facet normal 0.18904025735302496 0.9815858161507135 0.02744205953713471
  outer loop
   vertex -23.78843879699707 28.486692428588867 -38.009788513183594
   vertex -24.047008514404297 28.536489486694336 -38.009788513183594
   vertex -23.78843879699707 28.479463577270508 -37.751216888427734
  endloop
 endfacet
 facet normal 0.15585828395138224 0.98585891488751087 0.061566186015945497
  outer loop
   vertex -23.78843879699707 28.479463577270508 -37.751216888427734
   vertex -24.047008514404297 28.536489486694336 -38.009788513183594
   vertex -24.047008514404297 28.520341873168945 -37.751216888427734
  endloop
 endfacet
 facet normal 0.14461866155169334 0.91476431752777654 0.37721570236263785
  outer loop
   vertex -23.78843879699707 28.479463577270508 -37.751216888427734
   vertex -24.047008514404297 28.520341873168945 -37.751216888427734
   vertex -24.047008514404297 28.442808151245117 -37.563194274902344
  endloop
 endfacet
 facet normal -0.45457932639141968 0.82344277241899599 0.33955800177354167
  outer loop
   vertex -24.047008514404297 28.442808151245117 -37.563194274902344
   vertex -24.047008514404297 28.520341873168945 -37.751216888427734
   vertex -24.187456130981445 28.442808151245117 -37.751216888427734
  endloop
 endfacet
 facet normal -0.52484795011821794 0.755535585214136 0.39204669203021947
  outer loop
   vertex -24.047008514404297 28.442808151245117 -37.563194274902344
   vertex -24.187456130981445 28.442808151245117 -37.751216888427734
   vertex -24.047008514404297 28.40620231628418 -37.492649078369141
  endloop
 endfacet
 facet normal -0.53127242989056445 0.74964004518392924 0.39470166948571656
  outer loop
   vertex -24.047008514404297 28.40620231628418 -37.492649078369141
   vertex -24.187456130981445 28.442808151245117 -37.751216888427734
   vertex -24.305578231811523 28.359094619750977 -37.751216888427734
  endloop
 endfacet
 facet normal -0.50251067304960539 0.78640199699824254 0.35924215035044083
  outer loop
   vertex -24.047008514404297 28.40620231628418 -37.492649078369141
   vertex -24.305578231811523 28.359094619750977 -37.751216888427734
   vertex -24.305578231811523 28.240976333618164 -37.492649078369141
  endloop
 endfacet
 facet normal -0.70218567833272605 0.64761991660182217 0.29584407508864924
  outer loop
   vertex -24.305578231811523 28.240976333618164 -37.492649078369141
   vertex -24.305578231811523 28.359094619750977 -37.751216888427734
   vertex -24.466848373413086 28.184236526489258 -37.751216888427734
  endloop
 endfacet
 facet normal -0.7278082769459735 0.60604204747306401 0.32094882567722433
  outer loop
   vertex -24.305578231811523 28.240976333618164 -37.492649078369141
   vertex -24.466848373413086 28.184236526489258 -37.751216888427734
   vertex -24.352825164794922 28.184236526489258 -37.492649078369141
  endloop
 endfacet
 facet normal -0.75851626322043642 0.5592577494128903 0.33449043058319988
  outer loop
   vertex -24.352825164794922 28.184236526489258 -37.492649078369141
   vertex -24.466848373413086 28.184236526489258 -37.751216888427734
   vertex -24.543468475341797 27.925668716430664 -37.492649078369141
  endloop
 endfacet
 facet normal -0.78392867448420267 0.57799444448411841 0.2266677203903027
  outer loop
   vertex -24.352825164794922 28.184236526489258 -37.492649078369141
   vertex -24.543468475341797 27.925668716430664 -37.492649078369141
   vertex -24.468704223632812 27.925668716430664 -37.234077453613281
  endloop
 endfacet
 facet normal -0.59294589620379634 0.7867790794982491 0.17144633049139466
  outer loop
   vertex -24.468704223632812 27.925668716430664 -37.234077453613281
   vertex -24.543468475341797 27.925668716430664 -37.492649078369141
   vertex -24.56414794921875 27.853738784790039 -37.234077453613281
  endloop
 endfacet
 facet normal -0.56118645656737132 0.7446375235105871 0.36136507792726458
  outer loop
   vertex -24.468704223632812 27.925668716430664 -37.234077453613281
   vertex -24.56414794921875 27.853738784790039 -37.234077453613281
   vertex -24.305578231811523 27.923124313354492 -36.975505828857422
  endloop
 endfacet
 facet normal -0.51237340243198648 0.80611726551879215 0.29605481031858744
  outer loop
   vertex -24.305578231811523 27.923124313354492 -36.975505828857422
   vertex -24.56414794921875 27.853738784790039 -37.234077453613281
   vertex -24.56414794921875 27.75877571105957 -36.975505828857422
  endloop
 endfacet
 facet normal -0.37135562534290345 0.58425394412657783 0.72162478359513027
  outer loop
   vertex -24.305578231811523 27.923124313354492 -36.975505828857422
   vertex -24.56414794921875 27.75877571105957 -36.975505828857422
   vertex -24.56414794921875 27.667097091674805 -36.901279449462891
  endloop
 endfacet
 facet normal -0.12162772344743034 0.62457956012905158 0.77143183105054458
  outer loop
   vertex -24.56414794921875 27.667097091674805 -36.901279449462891
   vertex -24.56414794921875 27.75877571105957 -36.975505828857422
   vertex -24.822719573974609 27.667097091674805 -36.942047119140625
  endloop
 endfacet
 facet normal -0.15266678149874416 0.19771118443501309 0.9682990970645996
  outer loop
   vertex -24.56414794921875 27.667097091674805 -36.901279449462891
   vertex -24.822719573974609 27.667097091674805 -36.942047119140625
   vertex -24.822719573974609 27.408529281616211 -36.889251708984375
  endloop
 endfacet
 facet normal -0.40779856602861553 0.18266578996354643 0.89461362538360578
  outer loop
   vertex -24.822719573974609 27.408529281616211 -36.889251708984375
   vertex -24.822719573974609 27.667097091674805 -36.942047119140625
   vertex -24.896120071411133 27.667097091674805 -36.975505828857422
  endloop
 endfacet
 facet normal -0.55827110840808469 0.11558374789538307 0.82156787104856122
  outer loop
   vertex -24.822719573974609 27.408529281616211 -36.889251708984375
   vertex -24.896120071411133 27.667097091674805 -36.975505828857422
   vertex -24.949653625488281 27.408529281616211 -36.975505828857422
  endloop
 endfacet
 facet normal -0.75836962625509852 0.15701189327625217 0.63263162689159724
  outer loop
   vertex -24.949653625488281 27.408529281616211 -36.975505828857422
   vertex -24.896120071411133 27.667097091674805 -36.975505828857422
   vertex -25.081289291381836 27.408529281616211 -37.133304595947266
  endloop
 endfacet
 facet normal -0.71726452975390176 -0.35709763043211862 0.59834177248181508
  outer loop
   vertex -24.949653625488281 27.408529281616211 -36.975505828857422
   vertex -25.081289291381836 27.408529281616211 -37.133304595947266
   vertex -24.822719573974609 27.153570175170898 -36.975505828857422
  endloop
 endfacet
 facet normal -0.70712570990345935 -0.33013976211415774 0.62528470944421477
  outer loop
   vertex -24.822719573974609 27.153570175170898 -36.975505828857422
   vertex -25.081289291381836 27.408529281616211 -37.133304595947266
   vertex -24.822719573974609 27.149957656860352 -36.977413177490234
  endloop
 endfacet
 facet normal -0.45265564584794488 -0.41632847680418161 0.78852613506711999
  outer loop
   vertex -24.822719573974609 27.153570175170898 -36.975505828857422
   vertex -24.822719573974609 27.149957656860352 -36.977413177490234
   vertex -24.81939697265625 27.149957656860352 -36.975505828857422
  endloop
 endfacet
 facet normal -0.42412936157831793 -0.52367887939386903 0.73883334786942989
  outer loop
   vertex -24.81939697265625 27.149957656860352 -36.975505828857422
   vertex -24.822719573974609 27.149957656860352 -36.977413177490234
   vertex -24.56414794921875 26.891386032104492 -37.012252807617188
  endloop
 endfacet
 facet normal -0.35331008613051013 -0.46419817159842708 0.81221428239297089
  outer loop
   vertex -24.81939697265625 27.149957656860352 -36.975505828857422
   vertex -24.56414794921875 26.891386032104492 -37.012252807617188
   vertex -24.56414794921875 26.955682754516602 -36.975505828857422
  endloop
 endfacet
 facet normal -0.44450946866415736 -0.44448309610594527 0.77771852848185485
  outer loop
   vertex -24.56414794921875 26.955682754516602 -36.975505828857422
   vertex -24.56414794921875 26.891386032104492 -37.012252807617188
   vertex -24.499855041503906 26.891386032104492 -36.975505828857422
  endloop
 endfacet
 facet normal -0.39126234756168471 -0.39123913413257994 0.83297401838455232
  outer loop
   vertex -24.56414794921875 26.955682754516602 -36.975505828857422
   vertex -24.499855041503906 26.891386032104492 -36.975505828857422
   vertex -24.305578231811523 26.891386032104492 -36.884250640869141
  endloop
 endfacet
 facet normal -0.41759271129253489 -0.18772953352042257 0.88902977999589761
  outer loop
   vertex -24.305578231811523 26.891386032104492 -36.884250640869141
   vertex -24.499855041503906 26.891386032104492 -36.975505828857422
   vertex -24.305578231811523 26.632818222045898 -36.938850402832031
  endloop
 endfacet
 facet normal -0.14243298841354082 -0.20449978948726583 0.96844859435658859
  outer loop
   vertex -24.305578231811523 26.891386032104492 -36.884250640869141
   vertex -24.305578231811523 26.632818222045898 -36.938850402832031
   vertex -24.047008514404297 26.891386032104492 -36.846221923828125
  endloop
 endfacet
 facet normal -0.30043145213454103 -0.040938832104462773 0.95292442228870045
  outer loop
   vertex -24.047008514404297 26.891386032104492 -36.846221923828125
   vertex -24.305578231811523 26.632818222045898 -36.938850402832031
   vertex -24.047008514404297 26.632818222045898 -36.857330322265625
  endloop
 endfacet
 facet normal 0.59058825638599766 0.80665788021001406 0.022551623312600161
  outer loop
   vertex -23.78843879699707 28.479463577270508 -37.751216888427734
   vertex -23.738372802734375 28.442808151245117 -37.751216888427734
   vertex -23.78843879699707 28.486692428588867 -38.009788513183594
  endloop
 endfacet
 facet normal 0.51304927366541275 0.85711874048814052 0.046129247722199639
  outer loop
   vertex -23.78843879699707 28.486692428588867 -38.009788513183594
   vertex -23.738372802734375 28.442808151245117 -37.751216888427734
   vertex -23.715124130249023 28.442808151245117 -38.009788513183594
  endloop
 endfacet
 facet normal -0.47666203440374266 0.86344425346419651 0.16509792887175057
  outer loop
   vertex -24.047008514404297 28.520341873168945 -37.751216888427734
   vertex -24.277015686035156 28.442808151245117 -38.009788513183594
   vertex -24.187456130981445 28.442808151245117 -37.751216888427734
  endloop
 endfacet
 facet normal -0.56695994194940214 0.79999610856519643 0.19637375207820673
  outer loop
   vertex -24.187456130981445 28.442808151245117 -37.751216888427734
   vertex -24.277015686035156 28.442808151245117 -38.009788513183594
   vertex -24.305578231811523 28.359094619750977 -37.751216888427734
  endloop
 endfacet
 facet normal -0.37658024497211057 0.9245828597847302 0.057739540083335983
  outer loop
   vertex -24.047008514404297 28.520341873168945 -37.751216888427734
   vertex -24.047008514404297 28.536489486694336 -38.009788513183594
   vertex -24.277015686035156 28.442808151245117 -38.009788513183594
  endloop
 endfacet
 facet normal -0.35597581626408398 0.87399469996102874 -0.33077860069108223
  outer loop
   vertex -24.277015686035156 28.442808151245117 -38.009788513183594
   vertex -24.047008514404297 28.536489486694336 -38.009788513183594
   vertex -24.047008514404297 28.442808151245117 -38.257316589355469
  endloop
 endfacet
 facet normal -0.45577257897665074 0.78288533725342335 -0.42351139886261185
  outer loop
   vertex -24.277015686035156 28.442808151245117 -38.009788513183594
   vertex -24.047008514404297 28.442808151245117 -38.257316589355469
   vertex -24.305578231811523 28.426179885864258 -38.009788513183594
  endloop
 endfacet
 facet normal -0.435175931803439 0.80640494473080659 -0.4004160005453245
  outer loop
   vertex -24.305578231811523 28.426179885864258 -38.009788513183594
   vertex -24.047008514404297 28.442808151245117 -38.257316589355469
   vertex -24.047008514404297 28.437326431274414 -38.268356323242188
  endloop
 endfacet
 facet normal -0.44046535477068438 0.80074675901150372 -0.40594938007011155
  outer loop
   vertex -24.305578231811523 28.426179885864258 -38.009788513183594
   vertex -24.047008514404297 28.437326431274414 -38.268356323242188
   vertex -24.305578231811523 28.295095443725586 -38.268356323242188
  endloop
 endfacet
 facet normal -0.38741176992546011 0.70429766112303882 -0.59487555426310756
  outer loop
   vertex -24.305578231811523 28.295095443725586 -38.268356323242188
   vertex -24.047008514404297 28.437326431274414 -38.268356323242188
   vertex -24.047008514404297 28.218927383422852 -38.526927947998047
  endloop
 endfacet
 facet normal -0.44764955082711239 0.63106083589219053 -0.63353934451408334
  outer loop
   vertex -24.305578231811523 28.295095443725586 -38.268356323242188
   vertex -24.047008514404297 28.218927383422852 -38.526927947998047
   vertex -24.095912933349609 28.184236526489258 -38.526927947998047
  endloop
 endfacet
 facet normal -0.4135808054144528 0.58303342043251427 -0.69930175750636836
  outer loop
   vertex -24.095912933349609 28.184236526489258 -38.526927947998047
   vertex -24.047008514404297 28.218927383422852 -38.526927947998047
   vertex -24.047008514404297 28.184236526489258 -38.555850982666016
  endloop
 endfacet
 facet normal -0.46007846100766892 0.42797770014612851 -0.77792216699001793
  outer loop
   vertex -24.095912933349609 28.184236526489258 -38.526927947998047
   vertex -24.047008514404297 28.184236526489258 -38.555850982666016
   vertex -24.305578231811523 27.958845138549805 -38.526927947998047
  endloop
 endfacet
 facet normal -0.48595590111714099 0.46231300267233022 -0.7416963999707169
  outer loop
   vertex -24.305578231811523 27.958845138549805 -38.526927947998047
   vertex -24.047008514404297 28.184236526489258 -38.555850982666016
   vertex -24.305578231811523 27.925668716430664 -38.547607421875
  endloop
 endfacet
 facet normal -0.67775457261208238 0.38894711646624164 -0.62399429476238766
  outer loop
   vertex -24.305578231811523 27.958845138549805 -38.526927947998047
   vertex -24.305578231811523 27.925668716430664 -38.547607421875
   vertex -24.324617385864258 27.925668716430664 -38.526927947998047
  endloop
 endfacet
 facet normal -0.70195937788646634 0.29929299382747621 -0.64627914684216081
  outer loop
   vertex -24.324617385864258 27.925668716430664 -38.526927947998047
   vertex -24.305578231811523 27.925668716430664 -38.547607421875
   vertex -24.434864044189453 27.667097091674805 -38.526927947998047
  endloop
 endfacet
 facet normal -0.80364577246154456 0.34264881529328695 -0.4865647560014949
  outer loop
   vertex -24.324617385864258 27.925668716430664 -38.526927947998047
   vertex -24.434864044189453 27.667097091674805 -38.526927947998047
   vertex -24.481168746948242 27.925668716430664 -38.268356323242188
  endloop
 endfacet
 facet normal -0.81978564083608563 0.32482762855271508 -0.47163387792628697
  outer loop
   vertex -24.481168746948242 27.925668716430664 -38.268356323242188
   vertex -24.434864044189453 27.667097091674805 -38.526927947998047
   vertex -24.56414794921875 27.716249465942383 -38.268356323242188
  endloop
 endfacet
 facet normal -0.78779958181701537 0.3121536377185804 -0.53097262203242934
  outer loop
   vertex -24.481168746948242 27.925668716430664 -38.268356323242188
   vertex -24.56414794921875 27.716249465942383 -38.268356323242188
   vertex -24.56414794921875 27.925668716430664 -38.145240783691406
  endloop
 endfacet
 facet normal -0.63289296033456022 0.39238381169054204 -0.66744396400159189
  outer loop
   vertex -24.56414794921875 27.925668716430664 -38.145240783691406
   vertex -24.56414794921875 27.716249465942383 -38.268356323242188
   vertex -24.594621658325195 27.667097091674805 -38.268356323242188
  endloop
 endfacet
 facet normal -0.74091968004868036 0.35790077308049595 -0.56828255678398631
  outer loop
   vertex -24.56414794921875 27.925668716430664 -38.145240783691406
   vertex -24.594621658325195 27.667097091674805 -38.268356323242188
   vertex -24.668039321899414 27.925668716430664 -38.009788513183594
  endloop
 endfacet
 facet normal -0.57264041736730698 0.4926599949104829 -0.65526260522953661
  outer loop
   vertex -24.668039321899414 27.925668716430664 -38.009788513183594
   vertex -24.594621658325195 27.667097091674805 -38.268356323242188
   vertex -24.822719573974609 27.667097091674805 -38.069019317626953
  endloop
 endfacet
 facet normal -0.65725416731758979 0.51847536289399809 -0.54699200873102227
  outer loop
   vertex -24.668039321899414 27.925668716430664 -38.009788513183594
   vertex -24.822719573974609 27.667097091674805 -38.069019317626953
   vertex -24.822719573974609 27.729585647583008 -38.009788513183594
  endloop
 endfacet
 facet normal -0.60390065429613538 0.54832527816821741 -0.57848369818210654
  outer loop
   vertex -24.822719573974609 27.729585647583008 -38.009788513183594
   vertex -24.822719573974609 27.667097091674805 -38.069019317626953
   vertex -24.879457473754883 27.667097091674805 -38.009788513183594
  endloop
 endfacet
 facet normal -0.71852051467933342 0.65239697668537122 -0.24105280499660861
  outer loop
   vertex -24.822719573974609 27.729585647583008 -38.009788513183594
   vertex -24.879457473754883 27.667097091674805 -38.009788513183594
   vertex -24.822719573974609 27.825124740600586 -37.751216888427734
  endloop
 endfacet
 facet normal -0.50614362253751355 0.78085965307255734 -0.36616503870250727
  outer loop
   vertex -24.822719573974609 27.825124740600586 -37.751216888427734
   vertex -24.879457473754883 27.667097091674805 -38.009788513183594
   vertex -25.066518783569336 27.667097091674805 -37.751216888427734
  endloop
 endfacet
 facet normal -0.53353762415833894 0.8231221051699783 -0.19444177428736442
  outer loop
   vertex -24.822719573974609 27.825124740600586 -37.751216888427734
   vertex -25.066518783569336 27.667097091674805 -37.751216888427734
   vertex -25.081289291381836 27.718603134155273 -37.492649078369141
  endloop
 endfacet
 facet normal -0.56098764702099602 0.80514827723289795 -0.1924294976315819
  outer loop
   vertex -25.081289291381836 27.718603134155273 -37.492649078369141
   vertex -25.066518783569336 27.667097091674805 -37.751216888427734
   vertex -25.081289291381836 27.667097091674805 -37.708156585693359
  endloop
 endfacet
 facet normal -0.69723375557958411 0.69720793593228814 -0.16663188216372987
  outer loop
   vertex -25.081289291381836 27.718603134155273 -37.492649078369141
   vertex -25.081289291381836 27.667097091674805 -37.708156585693359
   vertex -25.132793426513672 27.667097091674805 -37.492649078369141
  endloop
 endfacet
 facet normal -0.90858437607907805 0.3568242408841541 -0.2171425629913207
  outer loop
   vertex -25.132793426513672 27.667097091674805 -37.492649078369141
   vertex -25.081289291381836 27.667097091674805 -37.708156585693359
   vertex -25.172544479370117 27.408529281616211 -37.751216888427734
  endloop
 endfacet
 facet normal -0.9634441178156784 0.24842280500905137 -0.1003072370160993
  outer loop
   vertex -25.132793426513672 27.667097091674805 -37.492649078369141
   vertex -25.172544479370117 27.408529281616211 -37.751216888427734
   vertex -25.199464797973633 27.408529281616211 -37.492649078369141
  endloop
 endfacet
 facet normal -0.97059180875124518 -0.21849520395578906 -0.101051405894744
  outer loop
   vertex -25.199464797973633 27.408529281616211 -37.492649078369141
   vertex -25.172544479370117 27.408529281616211 -37.751216888427734
   vertex -25.141256332397461 27.149957656860352 -37.492649078369141
  endloop
 endfacet
 facet normal -0.95287635025104933 -0.21450718068661406 0.21450718068661406
  outer loop
   vertex -25.199464797973633 27.408529281616211 -37.492649078369141
   vertex -25.141256332397461 27.149957656860352 -37.492649078369141
   vertex -25.141256332397461 27.408529281616211 -37.234077453613281
  endloop
 endfacet
 facet normal -0.81911144227119281 -0.40562078665941564 0.40562078665941564
  outer loop
   vertex -25.141256332397461 27.408529281616211 -37.234077453613281
   vertex -25.141256332397461 27.149957656860352 -37.492649078369141
   vertex -25.081289291381836 27.149957656860352 -37.371551513671875
  endloop
 endfacet
 facet normal -0.81911144227119281 -0.4056207866594157 0.4056207866594157
  outer loop
   vertex -25.141256332397461 27.408529281616211 -37.234077453613281
   vertex -25.081289291381836 27.149957656860352 -37.371551513671875
   vertex -25.081289291381836 27.287431716918945 -37.234077453613281
  endloop
 endfacet
 facet normal -0.79929236266625636 -0.42493041723521852 0.42493041723521852
  outer loop
   vertex -25.081289291381836 27.287431716918945 -37.234077453613281
   vertex -25.081289291381836 27.149957656860352 -37.371551513671875
   vertex -25.008203506469727 27.149957656860352 -37.234077453613281
  endloop
 endfacet
 facet normal -0.74434604251225134 -0.39571912504834406 0.53791759877078094
  outer loop
   vertex -25.081289291381836 27.287431716918945 -37.234077453613281
   vertex -25.008203506469727 27.149957656860352 -37.234077453613281
   vertex -24.822719573974609 27.149957656860352 -36.977413177490234
  endloop
 endfacet
 facet normal -0.73832058000237588 -0.41254462241556256 0.53356316932576608
  outer loop
   vertex -24.822719573974609 27.149957656860352 -36.977413177490234
   vertex -25.008203506469727 27.149957656860352 -37.234077453613281
   vertex -24.822719573974609 26.891386032104492 -37.177337646484375
  endloop
 endfacet
 facet normal -0.45083935205408593 -0.54598483228123185 0.70614760606992566
  outer loop
   vertex -24.822719573974609 27.149957656860352 -36.977413177490234
   vertex -24.822719573974609 26.891386032104492 -37.177337646484375
   vertex -24.56414794921875 26.891386032104492 -37.012252807617188
  endloop
 endfacet
 facet normal -0.49861430977452925 -0.37610932250333301 0.78097730288027811
  outer loop
   vertex -24.56414794921875 26.891386032104492 -37.012252807617188
   vertex -24.822719573974609 26.891386032104492 -37.177337646484375
   vertex -24.56414794921875 26.632818222045898 -37.136775970458984
  endloop
 endfacet
 facet normal -0.45781584699710104 -0.38575177810376199 0.80099951056671248
  outer loop
   vertex -24.56414794921875 26.891386032104492 -37.012252807617188
   vertex -24.56414794921875 26.632818222045898 -37.136775970458984
   vertex -24.499855041503906 26.891386032104492 -36.975505828857422
  endloop
 endfacet
 facet normal -0.57903063296413593 -0.32294228627919208 0.74861993416013206
  outer loop
   vertex -24.499855041503906 26.891386032104492 -36.975505828857422
   vertex -24.56414794921875 26.632818222045898 -37.136775970458984
   vertex -24.355644226074219 26.632818222045898 -36.975505828857422
  endloop
 endfacet
 facet normal -0.56107027686652733 -0.31292527140925613 0.76634060242842528
  outer loop
   vertex -24.499855041503906 26.891386032104492 -36.975505828857422
   vertex -24.355644226074219 26.632818222045898 -36.975505828857422
   vertex -24.305578231811523 26.632818222045898 -36.938850402832031
  endloop
 endfacet
 facet normal -0.54814983857750343 -0.37281404137484808 0.74869315812368031
  outer loop
   vertex -24.305578231811523 26.632818222045898 -36.938850402832031
   vertex -24.355644226074219 26.632818222045898 -36.975505828857422
   vertex -24.305578231811523 26.559206008911133 -36.975505828857422
  endloop
 endfacet
 facet normal -0.5253772182205072 -0.37927259422266141 0.7616633625470598
  outer loop
   vertex -24.305578231811523 26.632818222045898 -36.938850402832031
   vertex -24.305578231811523 26.559206008911133 -36.975505828857422
   vertex -24.047008514404297 26.374246597290039 -36.889251708984375
  endloop
 endfacet
 facet normal -0.51083742427959677 -0.34743814174129156 0.78634080627851521
  outer loop
   vertex -24.047008514404297 26.374246597290039 -36.889251708984375
   vertex -24.305578231811523 26.559206008911133 -36.975505828857422
   vertex -24.179780960083008 26.374246597290039 -36.975505828857422
  endloop
 endfacet
 facet normal -0.52409230579001276 -0.27293027230005668 0.80674427266261062
  outer loop
   vertex -24.047008514404297 26.374246597290039 -36.889251708984375
   vertex -24.179780960083008 26.374246597290039 -36.975505828857422
   vertex -24.047008514404297 26.119291305541992 -36.975505828857422
  endloop
 endfacet
 facet normal -0.64235512006070417 -0.33451770975196887 0.68954898418755994
  outer loop
   vertex -24.047008514404297 26.119291305541992 -36.975505828857422
   vertex -24.179780960083008 26.374246597290039 -36.975505828857422
   vertex -24.305578231811523 26.374246597290039 -37.092693328857422
  endloop
 endfacet
 facet normal -0.64716167936028457 -0.34351924781712401 0.68057056000589211
  outer loop
   vertex -24.047008514404297 26.119291305541992 -36.975505828857422
   vertex -24.305578231811523 26.374246597290039 -37.092693328857422
   vertex -24.047008514404297 26.115678787231445 -36.977329254150391
  endloop
 endfacet
 facet normal -0.69387989986956666 -0.43932714674714168 0.57054565346518549
  outer loop
   vertex -24.047008514404297 26.115678787231445 -36.977329254150391
   vertex -24.305578231811523 26.374246597290039 -37.092693328857422
   vertex -24.305578231811523 26.190633773803711 -37.234077453613281
  endloop
 endfacet
 facet normal -0.69118717376497174 -0.45149307218043733 0.56428210727955996
  outer loop
   vertex -24.047008514404297 26.115678787231445 -36.977329254150391
   vertex -24.305578231811523 26.190633773803711 -37.234077453613281
   vertex -24.256616592407227 26.115678787231445 -37.234077453613281
  endloop
 endfacet
 facet normal -0.68844330030605749 -0.44970073588621551 0.56904751155514222
  outer loop
   vertex -24.256616592407227 26.115678787231445 -37.234077453613281
   vertex -24.305578231811523 26.190633773803711 -37.234077453613281
   vertex -24.305578231811523 26.115678787231445 -37.293312072753906
  endloop
 endfacet
 facet normal -0.7162956359666417 -0.36928894254208178 0.59206945438123681
  outer loop
   vertex -24.256616592407227 26.115678787231445 -37.234077453613281
   vertex -24.305578231811523 26.115678787231445 -37.293312072753906
   vertex -24.305578231811523 25.857107162475586 -37.45458984375
  endloop
 endfacet
 facet normal -0.68099930317033996 -0.38754026265842129 0.62133122720506584
  outer loop
   vertex -24.305578231811523 25.857107162475586 -37.45458984375
   vertex -24.305578231811523 26.115678787231445 -37.293312072753906
   vertex -24.487449645996094 26.115678787231445 -37.492649078369141
  endloop
 endfacet
 facet normal -0.72223677020533361 -0.42803261015746663 0.54328825903488309
  outer loop
   vertex -24.305578231811523 25.857107162475586 -37.45458984375
   vertex -24.487449645996094 26.115678787231445 -37.492649078369141
   vertex -24.334207534790039 25.857107162475586 -37.492649078369141
  endloop
 endfacet
 facet normal -0.82656340018197205 -0.48986164127303439 0.2771795769693462
  outer loop
   vertex -24.334207534790039 25.857107162475586 -37.492649078369141
   vertex -24.487449645996094 26.115678787231445 -37.492649078369141
   vertex -24.420915603637695 25.857107162475586 -37.751216888427734
  endloop
 endfacet
 facet normal -0.74916108387992431 -0.61289837841571315 0.25122350235446989
  outer loop
   vertex -24.334207534790039 25.857107162475586 -37.492649078369141
   vertex -24.420915603637695 25.857107162475586 -37.751216888427734
   vertex -24.305578231811523 25.716127395629883 -37.751216888427734
  endloop
 endfacet
 facet normal -0.77393266912844039 -0.63316433290306018 0.011452126228392839
  outer loop
   vertex -24.305578231811523 25.716127395629883 -37.751216888427734
   vertex -24.420915603637695 25.857107162475586 -37.751216888427734
   vertex -24.305578231811523 25.711450576782227 -38.009788513183594
  endloop
 endfacet
 facet normal -0.79911356364819541 -0.60108178759562314 0.010871845028874998
  outer loop
   vertex -24.305578231811523 25.716127395629883 -37.751216888427734
   vertex -24.305578231811523 25.711450576782227 -38.009788513183594
   vertex -24.217128753662109 25.598537445068359 -37.751216888427734
  endloop
 endfacet
 facet normal -0.78722514852896386 -0.61666568375705066 0
  outer loop
   vertex -24.217128753662109 25.598537445068359 -37.751216888427734
   vertex -24.305578231811523 25.711450576782227 -38.009788513183594
   vertex -24.217128753662109 25.598537445068359 -38.009788513183594
  endloop
 endfacet
 facet normal -0.85019550506703157 -0.52646709599348673 0
  outer loop
   vertex -24.217128753662109 25.598537445068359 -37.751216888427734
   vertex -24.217128753662109 25.598537445068359 -38.009788513183594
   vertex -24.057014465332031 25.339967727661133 -37.751216888427734
  endloop
 endfacet
 facet normal 0.18906524431443114 0.91839083005651467 -0.34758109364640438
  outer loop
   vertex -24.047008514404297 28.536489486694336 -38.009788513183594
   vertex -23.78843879699707 28.442808151245117 -38.116668701171875
   vertex -24.047008514404297 28.442808151245117 -38.257316589355469
  endloop
 endfacet
 facet normal 0.23512995639631687 0.87055089651333994 -0.43226732491004471
  outer loop
   vertex -24.047008514404297 28.442808151245117 -38.257316589355469
   vertex -23.78843879699707 28.442808151245117 -38.116668701171875
   vertex -24.047008514404297 28.437326431274414 -38.268356323242188
  endloop
 endfacet
 facet normal 0.39788757290838395 0.67817312588295076 0.61787271395913168
  outer loop
   vertex -24.017827987670898 28.184236526489258 -37.234077453613281
   vertex -24.047008514404297 28.201356887817383 -37.234077453613281
   vertex -24.047008514404297 28.184236526489258 -37.215286254882812
  endloop
 endfacet
 facet normal -0.34522597395031035 0.69375959426422662 0.63207329660126854
  outer loop
   vertex -24.047008514404297 28.184236526489258 -37.215286254882812
   vertex -24.047008514404297 28.201356887817383 -37.234077453613281
   vertex -24.081413269042969 28.184236526489258 -37.234077453613281
  endloop
 endfacet
 facet normal -0.29449755033732172 0.78901216691063913 0.53919476380274156
  outer loop
   vertex -24.047008514404297 28.184236526489258 -37.215286254882812
   vertex -24.081413269042969 28.184236526489258 -37.234077453613281
   vertex -24.305578231811523 27.925668716430664 -36.978145599365234
  endloop
 endfacet
 facet normal -0.37449621335577016 0.7957587500825094 0.47594180090564836
  outer loop
   vertex -24.305578231811523 27.925668716430664 -36.978145599365234
   vertex -24.081413269042969 28.184236526489258 -37.234077453613281
   vertex -24.305578231811523 28.078741073608398 -37.234077453613281
  endloop
 endfacet
 facet normal 0.63704710518979868 0.54505549523387875 0.54505549523387875
  outer loop
   vertex -23.693588256835938 28.184236526489258 -37.492649078369141
   vertex -23.78843879699707 28.295095443725586 -37.492649078369141
   vertex -23.78843879699707 28.184236526489258 -37.381790161132812
  endloop
 endfacet
 facet normal 0.41439748899123097 0.64353504998475519 0.64353504998475519
  outer loop
   vertex -23.78843879699707 28.184236526489258 -37.381790161132812
   vertex -23.78843879699707 28.295095443725586 -37.492649078369141
   vertex -24.017827987670898 28.184236526489258 -37.234077453613281
  endloop
 endfacet
 facet normal 0.43133757406986611 0.60436708860226152 0.66984201078310157
  outer loop
   vertex -23.78843879699707 28.184236526489258 -37.381790161132812
   vertex -24.017827987670898 28.184236526489258 -37.234077453613281
   vertex -23.78843879699707 28.02052116394043 -37.234077453613281
  endloop
 endfacet
 facet normal 0.46021266847576658 0.6448253231459159 0.61024962302665908
  outer loop
   vertex -23.78843879699707 28.02052116394043 -37.234077453613281
   vertex -24.017827987670898 28.184236526489258 -37.234077453613281
   vertex -24.047008514404297 27.960355758666992 -36.975505828857422
  endloop
 endfacet
 facet normal 0.45876095093175107 0.64679592994006918 0.60925644429349823
  outer loop
   vertex -23.78843879699707 28.02052116394043 -37.234077453613281
   vertex -24.047008514404297 27.960355758666992 -36.975505828857422
   vertex -23.998104095458984 27.925668716430664 -36.975505828857422
  endloop
 endfacet
 facet normal 0.4135386695506883 0.5830381330297838 0.69932274681965756
  outer loop
   vertex -23.998104095458984 27.925668716430664 -36.975505828857422
   vertex -24.047008514404297 27.960355758666992 -36.975505828857422
   vertex -24.047008514404297 27.925668716430664 -36.946586608886719
  endloop
 endfacet
 facet normal 0.46004173663887843 0.42794353812328606 0.77796267823643606
  outer loop
   vertex -23.998104095458984 27.925668716430664 -36.975505828857422
   vertex -24.047008514404297 27.925668716430664 -36.946586608886719
   vertex -23.78843879699707 27.700277328491211 -36.975505828857422
  endloop
 endfacet
 facet normal 0.4688316204095101 0.43954178487355217 0.76615920738079291
  outer loop
   vertex -23.78843879699707 27.700277328491211 -36.975505828857422
   vertex -24.047008514404297 27.925668716430664 -36.946586608886719
   vertex -23.78843879699707 27.667097091674805 -36.956470489501953
  endloop
 endfacet
 facet normal 0.62391256172921605 0.38888732506495116 0.67786411892083065
  outer loop
   vertex -23.78843879699707 27.700277328491211 -36.975505828857422
   vertex -23.78843879699707 27.667097091674805 -36.956470489501953
   vertex -23.767757415771484 27.667097091674805 -36.975505828857422
  endloop
 endfacet
 facet normal 0.66459785156755424 0.19216684802561881 0.72206758562595097
  outer loop
   vertex -23.767757415771484 27.667097091674805 -36.975505828857422
   vertex -23.78843879699707 27.667097091674805 -36.956470489501953
   vertex -23.6929931640625 27.408529281616211 -36.975505828857422
  endloop
 endfacet
 facet normal 0.78629005352929338 0.22735385145201706 0.57450689982874437
  outer loop
   vertex -23.767757415771484 27.667097091674805 -36.975505828857422
   vertex -23.6929931640625 27.408529281616211 -36.975505828857422
   vertex -23.578830718994141 27.667097091674805 -37.234077453613281
  endloop
 endfacet
 facet normal 0.63521390553404011 0.38759070489799879 0.66803947465165858
  outer loop
   vertex -23.578830718994141 27.667097091674805 -37.234077453613281
   vertex -23.6929931640625 27.408529281616211 -36.975505828857422
   vertex -23.529869079589844 27.586854934692383 -37.234077453613281
  endloop
 endfacet
 facet normal 0.68729994854396681 0.41937222912107508 0.59308154091446919
  outer loop
   vertex -23.578830718994141 27.667097091674805 -37.234077453613281
   vertex -23.529869079589844 27.586854934692383 -37.234077453613281
   vertex -23.529869079589844 27.667097091674805 -37.290817260742188
  endloop
 endfacet
 facet normal 0.60607127841932529 0.4592305549637607 0.64944969232638883
  outer loop
   vertex -23.529869079589844 27.667097091674805 -37.290817260742188
   vertex -23.529869079589844 27.586854934692383 -37.234077453613281
   vertex -23.394748687744141 27.408529281616211 -37.234077453613281
  endloop
 endfacet
 facet normal 0.56585735424143369 0.44764157953462719 0.69240340187106886
  outer loop
   vertex -23.529869079589844 27.667097091674805 -37.290817260742188
   vertex -23.394748687744141 27.408529281616211 -37.234077453613281
   vertex -23.271299362182617 27.408529281616211 -37.334964752197266
  endloop
 endfacet
 facet normal 0.57686541244247003 0.41105868203802698 0.70587325763818187
  outer loop
   vertex -23.271299362182617 27.408529281616211 -37.334964752197266
   vertex -23.394748687744141 27.408529281616211 -37.234077453613281
   vertex -23.271299362182617 27.235284805297852 -37.234077453613281
  endloop
 endfacet
 facet normal 0.65384784850586541 0.38075756648047943 0.65383993956633923
  outer loop
   vertex -23.271299362182617 27.408529281616211 -37.334964752197266
   vertex -23.271299362182617 27.235284805297852 -37.234077453613281
   vertex -23.113616943359375 27.408529281616211 -37.492649078369141
  endloop
 endfacet
 facet normal 0.66686026817284305 0.36374321479122179 0.65037547341961688
  outer loop
   vertex -23.113616943359375 27.408529281616211 -37.492649078369141
   vertex -23.271299362182617 27.235284805297852 -37.234077453613281
   vertex -23.012729644775391 27.223569869995117 -37.492649078369141
  endloop
 endfacet
 facet normal 0.75875696438098339 0.41386885775242066 0.50299148858212472
  outer loop
   vertex -23.113616943359375 27.408529281616211 -37.492649078369141
   vertex -23.012729644775391 27.223569869995117 -37.492649078369141
   vertex -23.012729644775391 27.408529281616211 -37.64483642578125
  endloop
 endfacet
 facet normal 0.78708371931623022 0.39193073840025167 0.47632920872476753
  outer loop
   vertex -23.012729644775391 27.408529281616211 -37.64483642578125
   vertex -23.012729644775391 27.223569869995117 -37.492649078369141
   vertex -22.97607421875 27.149957656860352 -37.492649078369141
  endloop
 endfacet
 facet normal 0.8052918931240105 0.38134630256804697 0.45396031146613142
  outer loop
   vertex -23.012729644775391 27.408529281616211 -37.64483642578125
   vertex -22.97607421875 27.149957656860352 -37.492649078369141
   vertex -22.952760696411133 27.408529281616211 -37.751216888427734
  endloop
 endfacet
 facet normal 0.93247228668721338 0.20991391090037603 0.29399249067081368
  outer loop
   vertex -22.952760696411133 27.408529281616211 -37.751216888427734
   vertex -22.97607421875 27.149957656860352 -37.492649078369141
   vertex -22.894552230834961 27.149957656860352 -37.751216888427734
  endloop
 endfacet
 facet normal 0.95287635025104933 0.21450718068661406 0.21450718068661406
  outer loop
   vertex -22.952760696411133 27.408529281616211 -37.751216888427734
   vertex -22.894552230834961 27.149957656860352 -37.751216888427734
   vertex -22.894552230834961 27.408529281616211 -38.009788513183594
  endloop
 endfacet
 facet normal 0.99815947853311948 0.042881554393999141 0.042881554393999141
  outer loop
   vertex -22.894552230834961 27.408529281616211 -38.009788513183594
   vertex -22.894552230834961 27.149957656860352 -37.751216888427734
   vertex -22.883443832397461 27.149957656860352 -38.009788513183594
  endloop
 endfacet
 facet normal 0.99907846777736053 0.042921034745698389 0
  outer loop
   vertex -22.894552230834961 27.408529281616211 -38.009788513183594
   vertex -22.883443832397461 27.149957656860352 -38.009788513183594
   vertex -22.894552230834961 27.408529281616211 -38.268356323242188
  endloop
 endfacet
 facet normal 0.99907846777736053 0.042921034745698389 0
  outer loop
   vertex -22.894552230834961 27.408529281616211 -38.268356323242188
   vertex -22.883443832397461 27.149957656860352 -38.009788513183594
   vertex -22.883443832397461 27.149957656860352 -38.268356323242188
  endloop
 endfacet
 facet normal 0.95292306790661729 0.040938169950342558 -0.3004358382293254
  outer loop
   vertex -22.894552230834961 27.408529281616211 -38.268356323242188
   vertex -22.883443832397461 27.149957656860352 -38.268356323242188
   vertex -22.97607421875 27.408529281616211 -38.526927947998047
  endloop
 endfacet
 facet normal 0.96897990357528008 0.15319583282924168 -0.19393035675467668
  outer loop
   vertex -22.97607421875 27.408529281616211 -38.526927947998047
   vertex -22.883443832397461 27.149957656860352 -38.268356323242188
   vertex -22.93519401550293 27.149957656860352 -38.526927947998047
  endloop
 endfacet
 facet normal 0.80289172233828476 0.12693727250841993 -0.58245326941204967
  outer loop
   vertex -22.97607421875 27.408529281616211 -38.526927947998047
   vertex -22.93519401550293 27.149957656860352 -38.526927947998047
   vertex -23.012729644775391 27.149957656860352 -38.633808135986328
  endloop
 endfacet
 facet normal 0.80943948358493423 0 -0.58720330586071745
  outer loop
   vertex -23.012729644775391 27.149957656860352 -38.633808135986328
   vertex -22.93519401550293 27.149957656860352 -38.526927947998047
   vertex -23.012729644775391 26.891386032104492 -38.633808135986328
  endloop
 endfacet
 facet normal 0.70710678118654757 0 -0.70710678118654757
  outer loop
   vertex -23.012729644775391 27.149957656860352 -38.633808135986328
   vertex -23.012729644775391 26.891386032104492 -38.633808135986328
   vertex -23.164417266845703 27.149957656860352 -38.785495758056641
  endloop
 endfacet
 facet normal 0.70710678118654757 0 -0.70710678118654757
  outer loop
   vertex -23.164417266845703 27.149957656860352 -38.785495758056641
   vertex -23.012729644775391 26.891386032104492 -38.633808135986328
   vertex -23.164417266845703 26.891386032104492 -38.785495758056641
  endloop
 endfacet
 facet normal 0.58720590426746322 0 -0.80943759857905728
  outer loop
   vertex -23.164417266845703 27.149957656860352 -38.785495758056641
   vertex -23.164417266845703 26.891386032104492 -38.785495758056641
   vertex -23.271299362182617 26.891386032104492 -38.863033294677734
  endloop
 endfacet
 facet normal 0.58720590426746311 0 -0.80943759857905717
  outer loop
   vertex -23.271299362182617 26.891386032104492 -38.863033294677734
   vertex -23.164417266845703 26.891386032104492 -38.785495758056641
   vertex -23.271299362182617 26.632818222045898 -38.863033294677734
  endloop
 endfacet
 facet normal 0.19624827640068071 0 -0.9805542381784712
  outer loop
   vertex -23.271299362182617 26.891386032104492 -38.863033294677734
   vertex -23.271299362182617 26.632818222045898 -38.863033294677734
   vertex -23.529869079589844 26.632818222045898 -38.914783477783203
  endloop
 endfacet
 facet normal 0.19624827640068074 0 -0.98055423817847132
  outer loop
   vertex -23.529869079589844 26.632818222045898 -38.914783477783203
   vertex -23.271299362182617 26.632818222045898 -38.863033294677734
   vertex -23.529869079589844 26.374246597290039 -38.914783477783203
  endloop
 endfacet
 facet normal 0 0 -1
  outer loop
   vertex -23.529869079589844 26.632818222045898 -38.914783477783203
   vertex -23.529869079589844 26.374246597290039 -38.914783477783203
   vertex -23.78843879699707 26.374246597290039 -38.914783477783203
  endloop
 endfacet
 facet normal -0 -0.042936379215995246 -0.99907780845128391
  outer loop
   vertex -23.78843879699707 26.374246597290039 -38.914783477783203
   vertex -23.529869079589844 26.374246597290039 -38.914783477783203
   vertex -23.78843879699707 26.115678787231445 -38.903671264648438
  endloop
 endfacet
 facet normal -0.21941446782020116 -0.041890094346544338 -0.97473202025316452
  outer loop
   vertex -23.78843879699707 26.374246597290039 -38.914783477783203
   vertex -23.78843879699707 26.115678787231445 -38.903671264648438
   vertex -24.047008514404297 26.115678787231445 -38.845466613769531
  endloop
 endfacet
 facet normal -0.21145737823171537 -0.26989789380899565 -0.93938325730706818
  outer loop
   vertex -24.047008514404297 26.115678787231445 -38.845466613769531
   vertex -23.78843879699707 26.115678787231445 -38.903671264648438
   vertex -23.78843879699707 25.857107162475586 -38.829380035400391
  endloop
 endfacet
 facet normal -0.36779766752985693 -0.41942837196023341 -0.82994259834905737
  outer loop
   vertex -24.047008514404297 26.115678787231445 -38.845466613769531
   vertex -23.78843879699707 25.857107162475586 -38.829380035400391
   vertex -23.88746452331543 25.857107162475586 -38.785495758056641
  endloop
 endfacet
 facet normal -0.34553082190743395 -0.52218865959684913 -0.77969702763343862
  outer loop
   vertex -23.88746452331543 25.857107162475586 -38.785495758056641
   vertex -23.78843879699707 25.857107162475586 -38.829380035400391
   vertex -23.78843879699707 25.791582107543945 -38.785495758056641
  endloop
 endfacet
 facet normal -0.35245866797443526 -0.53265847132493249 -0.7694464505704558
  outer loop
   vertex -23.88746452331543 25.857107162475586 -38.785495758056641
   vertex -23.78843879699707 25.791582107543945 -38.785495758056641
   vertex -24.047008514404297 25.857107162475586 -38.712413787841797
  endloop
 endfacet
 facet normal -0.35245853269366234 -0.53265582569240477 -0.76944834400196938
  outer loop
   vertex -24.047008514404297 25.857107162475586 -38.712413787841797
   vertex -23.78843879699707 25.791582107543945 -38.785495758056641
   vertex -23.78843879699707 25.598537445068359 -38.651859283447266
  endloop
 endfacet
 facet normal -0.34724219497973335 -0.52863958870429606 -0.77457281341408413
  outer loop
   vertex -24.047008514404297 25.857107162475586 -38.712413787841797
   vertex -23.78843879699707 25.598537445068359 -38.651859283447266
   vertex -24.047008514404297 25.598537445068359 -38.535942077636719
  endloop
 endfacet
 facet normal -0.31995782999855593 -0.62309175829892438 -0.71371117951351293
  outer loop
   vertex -24.047008514404297 25.598537445068359 -38.535942077636719
   vertex -23.78843879699707 25.598537445068359 -38.651859283447266
   vertex -23.78843879699707 25.455436706542969 -38.526927947998047
  endloop
 endfacet
 facet normal -0.35116391755471371 -0.67537079337340777 -0.64850458322651805
  outer loop
   vertex -24.047008514404297 25.598537445068359 -38.535942077636719
   vertex -23.78843879699707 25.455436706542969 -38.526927947998047
   vertex -24.047008514404297 25.589881896972656 -38.526927947998047
  endloop
 endfacet
 facet normal -0.41653584082240841 -0.8010963747175377 -0.42981681182195253
  outer loop
   vertex -24.047008514404297 25.589881896972656 -38.526927947998047
   vertex -23.78843879699707 25.455436706542969 -38.526927947998047
   vertex -24.047008514404297 25.451148986816406 -38.268356323242188
  endloop
 endfacet
 facet normal -0.68222286366447205 -0.64426862173454003 -0.34567312209907725
  outer loop
   vertex -24.047008514404297 25.589881896972656 -38.526927947998047
   vertex -24.047008514404297 25.451148986816406 -38.268356323242188
   vertex -24.186197280883789 25.598537445068359 -38.268356323242188
  endloop
 endfacet
 facet normal -0.69177333160711352 -0.65328776657128029 -0.30767637498758826
  outer loop
   vertex -24.186197280883789 25.598537445068359 -38.268356323242188
   vertex -24.047008514404297 25.451148986816406 -38.268356323242188
   vertex -24.057014465332031 25.339967727661133 -38.009788513183594
  endloop
 endfacet
 facet normal 0.39155008563763222 0.66737129681039831 0.63348566095119307
  outer loop
   vertex -24.017827987670898 28.184236526489258 -37.234077453613281
   vertex -23.78843879699707 28.295095443725586 -37.492649078369141
   vertex -24.047008514404297 28.201356887817383 -37.234077453613281
  endloop
 endfacet
 facet normal -0.38596944634070318 0.77563690653894879 0.49941463305167705
  outer loop
   vertex -24.047008514404297 28.201356887817383 -37.234077453613281
   vertex -24.305578231811523 28.184236526489258 -37.407321929931641
   vertex -24.081413269042969 28.184236526489258 -37.234077453613281
  endloop
 endfacet
 facet normal -0.37295412767613567 0.79248200620851916 0.48257381661778259
  outer loop
   vertex -24.081413269042969 28.184236526489258 -37.234077453613281
   vertex -24.305578231811523 28.184236526489258 -37.407321929931641
   vertex -24.305578231811523 28.078741073608398 -37.234077453613281
  endloop
 endfacet
 facet normal 0.53979839957362963 0.60727655530687263 0.58295186181396397
  outer loop
   vertex -23.443578720092773 28.184236526489258 -37.751216888427734
   vertex -23.529869079589844 28.26093864440918 -37.751216888427734
   vertex -23.529869079589844 28.184236526489258 -37.671314239501953
  endloop
 endfacet
 facet normal 0.60292199811564251 0.57553882938238443 0.55248540257765699
  outer loop
   vertex -23.529869079589844 28.184236526489258 -37.671314239501953
   vertex -23.529869079589844 28.26093864440918 -37.751216888427734
   vertex -23.693588256835938 28.184236526489258 -37.492649078369141
  endloop
 endfacet
 facet normal 0.67455689135658148 0.40359763254206371 0.61812777912805883
  outer loop
   vertex -23.529869079589844 28.184236526489258 -37.671314239501953
   vertex -23.693588256835938 28.184236526489258 -37.492649078369141
   vertex -23.538883209228516 27.925668716430664 -37.492649078369141
  endloop
 endfacet
 facet normal 0.73353011615995289 0.43888220856373211 0.51895662216854588
  outer loop
   vertex -23.538883209228516 27.925668716430664 -37.492649078369141
   vertex -23.693588256835938 28.184236526489258 -37.492649078369141
   vertex -23.721817016601562 27.925668716430664 -37.234077453613281
  endloop
 endfacet
 facet normal 0.74405128277735855 0.41144939339279363 0.52640011899131389
  outer loop
   vertex -23.538883209228516 27.925668716430664 -37.492649078369141
   vertex -23.721817016601562 27.925668716430664 -37.234077453613281
   vertex -23.578830718994141 27.667097091674805 -37.234077453613281
  endloop
 endfacet
 facet normal 0.73727996787952921 0.40770495605134616 0.5386974269241781
  outer loop
   vertex -23.578830718994141 27.667097091674805 -37.234077453613281
   vertex -23.721817016601562 27.925668716430664 -37.234077453613281
   vertex -23.767757415771484 27.667097091674805 -36.975505828857422
  endloop
 endfacet
 facet normal 0.63009271447215276 0.53910534045603531 0.55888156443104886
  outer loop
   vertex -23.693588256835938 28.184236526489258 -37.492649078369141
   vertex -23.529869079589844 28.26093864440918 -37.751216888427734
   vertex -23.78843879699707 28.295095443725586 -37.492649078369141
  endloop
 endfacet
 facet normal 0.57406856375016579 0.65813909634735634 0.48713264515212573
  outer loop
   vertex -23.78843879699707 28.295095443725586 -37.492649078369141
   vertex -23.529869079589844 28.26093864440918 -37.751216888427734
   vertex -23.738372802734375 28.442808151245117 -37.751216888427734
  endloop
 endfacet
 facet normal 0.61254807772677189 0.62939902794379454 0.478164946536907
  outer loop
   vertex -23.78843879699707 28.295095443725586 -37.492649078369141
   vertex -23.738372802734375 28.442808151245117 -37.751216888427734
   vertex -23.78843879699707 28.442808151245117 -37.687080383300781
  endloop
 endfacet
 facet normal 0.65169439893342362 0.65169439893342362 0.38805775446137802
  outer loop
   vertex -23.261293411254883 28.184236526489258 -38.009788513183594
   vertex -23.271299362182617 28.194242477416992 -38.009788513183594
   vertex -23.271299362182617 28.184236526489258 -37.992984771728516
  endloop
 endfacet
 facet normal 0.5832273665012141 0.69794331581878055 0.4155971208609901
  outer loop
   vertex -23.271299362182617 28.184236526489258 -37.992984771728516
   vertex -23.271299362182617 28.194242477416992 -38.009788513183594
   vertex -23.443578720092773 28.184236526489258 -37.751216888427734
  endloop
 endfacet
 facet normal 0.65648560837538472 0.59176868815890149 0.46779959994712872
  outer loop
   vertex -23.271299362182617 28.184236526489258 -37.992984771728516
   vertex -23.443578720092773 28.184236526489258 -37.751216888427734
   vertex -23.271299362182617 27.99311637878418 -37.751216888427734
  endloop
 endfacet
 facet normal 0.57939773428321184 0.52228020350289239 0.6257169124583879
  outer loop
   vertex -23.271299362182617 27.99311637878418 -37.751216888427734
   vertex -23.443578720092773 28.184236526489258 -37.751216888427734
   vertex -23.529869079589844 28.184236526489258 -37.671314239501953
  endloop
 endfacet
 facet normal 0.58016392349975698 0.52433352029527336 0.6232849920896012
  outer loop
   vertex -23.271299362182617 27.99311637878418 -37.751216888427734
   vertex -23.529869079589844 28.184236526489258 -37.671314239501953
   vertex -23.271299362182617 27.925668716430664 -37.694477081298828
  endloop
 endfacet
 facet normal 0.52953263841299902 0.46604109838890112 0.70880242625701739
  outer loop
   vertex -23.271299362182617 27.925668716430664 -37.694477081298828
   vertex -23.529869079589844 28.184236526489258 -37.671314239501953
   vertex -23.529869079589844 27.925668716430664 -37.501304626464844
  endloop
 endfacet
 facet normal 0.50095772518161874 0.54717377574027948 0.67055366431254715
  outer loop
   vertex -23.271299362182617 27.925668716430664 -37.694477081298828
   vertex -23.529869079589844 27.925668716430664 -37.501304626464844
   vertex -23.271299362182617 27.67833137512207 -37.492649078369141
  endloop
 endfacet
 facet normal 0.48680143637480666 0.53312359008410204 0.69195635645556663
  outer loop
   vertex -23.271299362182617 27.67833137512207 -37.492649078369141
   vertex -23.529869079589844 27.925668716430664 -37.501304626464844
   vertex -23.529869079589844 27.914434432983398 -37.492649078369141
  endloop
 endfacet
 facet normal 0.49996708657168981 0.54754203295276627 0.67099227603227163
  outer loop
   vertex -23.271299362182617 27.67833137512207 -37.492649078369141
   vertex -23.529869079589844 27.914434432983398 -37.492649078369141
   vertex -23.529869079589844 27.667097091674805 -37.290817260742188
  endloop
 endfacet
 facet normal 0.66808506117744859 0.47043518886539626 0.57650072342426739
  outer loop
   vertex -23.529869079589844 27.667097091674805 -37.290817260742188
   vertex -23.529869079589844 27.914434432983398 -37.492649078369141
   vertex -23.578830718994141 27.667097091674805 -37.234077453613281
  endloop
 endfacet
 facet normal 0.60089970519598535 0.67601590398298039 0.42652320201537919
  outer loop
   vertex -23.443578720092773 28.184236526489258 -37.751216888427734
   vertex -23.271299362182617 28.194242477416992 -38.009788513183594
   vertex -23.529869079589844 28.26093864440918 -37.751216888427734
  endloop
 endfacet
 facet normal 0.47565222992253253 0.84070136309580346 0.25879755458384895
  outer loop
   vertex -23.529869079589844 28.26093864440918 -37.751216888427734
   vertex -23.271299362182617 28.194242477416992 -38.009788513183594
   vertex -23.529869079589844 28.340536117553711 -38.009788513183594
  endloop
 endfacet
 facet normal 0.64032997950105119 0.73410428768286884 0.22598321211499553
  outer loop
   vertex -23.529869079589844 28.26093864440918 -37.751216888427734
   vertex -23.529869079589844 28.340536117553711 -38.009788513183594
   vertex -23.738372802734375 28.442808151245117 -37.751216888427734
  endloop
 endfacet
 facet normal 0.48284754592179535 0.87462763134550947 0.043413752247914404
  outer loop
   vertex -23.738372802734375 28.442808151245117 -37.751216888427734
   vertex -23.529869079589844 28.340536117553711 -38.009788513183594
   vertex -23.715124130249023 28.442808151245117 -38.009788513183594
  endloop
 endfacet
 facet normal -0.49093183795442985 0.8432787650111937 0.21878495141092683
  outer loop
   vertex -24.277015686035156 28.442808151245117 -38.009788513183594
   vertex -24.305578231811523 28.426179885864258 -38.009788513183594
   vertex -24.305578231811523 28.359094619750977 -37.751216888427734
  endloop
 endfacet
 facet normal -0.72579817253959833 0.66586237648958346 0.17275505293282703
  outer loop
   vertex -24.305578231811523 28.359094619750977 -37.751216888427734
   vertex -24.305578231811523 28.426179885864258 -38.009788513183594
   vertex -24.527542114257812 28.184236526489258 -38.009788513183594
  endloop
 endfacet
 facet normal -0.72438696902524213 0.66809597937325227 0.1700331775028564
  outer loop
   vertex -24.305578231811523 28.359094619750977 -37.751216888427734
   vertex -24.527542114257812 28.184236526489258 -38.009788513183594
   vertex -24.466848373413086 28.184236526489258 -37.751216888427734
  endloop
 endfacet
 facet normal -0.77235978094954294 0.60876347309383261 0.18129369155684616
  outer loop
   vertex -24.466848373413086 28.184236526489258 -37.751216888427734
   vertex -24.527542114257812 28.184236526489258 -38.009788513183594
   vertex -24.56414794921875 28.060789108276367 -37.751216888427734
  endloop
 endfacet
 facet normal -0.73413576838989836 0.57863582634766986 0.35528193598538393
  outer loop
   vertex -24.466848373413086 28.184236526489258 -37.751216888427734
   vertex -24.56414794921875 28.060789108276367 -37.751216888427734
   vertex -24.56414794921875 27.925668716430664 -37.531150817871094
  endloop
 endfacet
 facet normal -0.67433081794085348 0.62927833831980862 0.38637639795499912
  outer loop
   vertex -24.56414794921875 27.925668716430664 -37.531150817871094
   vertex -24.56414794921875 28.060789108276367 -37.751216888427734
   vertex -24.690240859985352 27.925668716430664 -37.751216888427734
  endloop
 endfacet
 facet normal -0.6118887231000868 0.7089942844139 0.35059848147327605
  outer loop
   vertex -24.56414794921875 27.925668716430664 -37.531150817871094
   vertex -24.690240859985352 27.925668716430664 -37.751216888427734
   vertex -24.56414794921875 27.90662956237793 -37.492649078369141
  endloop
 endfacet
 facet normal -0.56999061799427664 0.75103081447107933 0.33326177565602927
  outer loop
   vertex -24.56414794921875 27.90662956237793 -37.492649078369141
   vertex -24.690240859985352 27.925668716430664 -37.751216888427734
   vertex -24.822719573974609 27.825124740600586 -37.751216888427734
  endloop
 endfacet
 facet normal -0.35726683428896766 0.93183845731141657 0.063541314061157345
  outer loop
   vertex -24.56414794921875 27.90662956237793 -37.492649078369141
   vertex -24.822719573974609 27.825124740600586 -37.751216888427734
   vertex -24.822719573974609 27.807493209838867 -37.492649078369141
  endloop
 endfacet
 facet normal -0.32442795966877463 0.94371891581189238 0.064351432959820695
  outer loop
   vertex -24.822719573974609 27.807493209838867 -37.492649078369141
   vertex -24.822719573974609 27.825124740600586 -37.751216888427734
   vertex -25.081289291381836 27.718603134155273 -37.492649078369141
  endloop
 endfacet
 facet normal -0.32464035518810397 0.94433674686883773 0.053261133075838588
  outer loop
   vertex -24.822719573974609 27.807493209838867 -37.492649078369141
   vertex -25.081289291381836 27.718603134155273 -37.492649078369141
   vertex -24.822719573974609 27.792909622192383 -37.234077453613281
  endloop
 endfacet
 facet normal -0.33171209629605064 0.94139487385643328 0.061178236716250223
  outer loop
   vertex -24.822719573974609 27.792909622192383 -37.234077453613281
   vertex -25.081289291381836 27.718603134155273 -37.492649078369141
   vertex -25.081289291381836 27.701799392700195 -37.234077453613281
  endloop
 endfacet
 facet normal -0.31537488636586791 0.89503007180934691 0.31537256000906483
  outer loop
   vertex -24.822719573974609 27.792909622192383 -37.234077453613281
   vertex -25.081289291381836 27.701799392700195 -37.234077453613281
   vertex -24.822719573974609 27.701799392700195 -36.975505828857422
  endloop
 endfacet
 facet normal -0.39301902972359998 0.83130882549307827 0.39301613062626195
  outer loop
   vertex -24.822719573974609 27.701799392700195 -36.975505828857422
   vertex -25.081289291381836 27.701799392700195 -37.234077453613281
   vertex -25.081289291381836 27.667097091674805 -37.160675048828125
  endloop
 endfacet
 facet normal -0.39302363611671587 0.83130309930084512 0.39302363611671587
  outer loop
   vertex -24.822719573974609 27.701799392700195 -36.975505828857422
   vertex -25.081289291381836 27.667097091674805 -37.160675048828125
   vertex -24.896120071411133 27.667097091674805 -36.975505828857422
  endloop
 endfacet
 facet normal -0.70513426821379921 0.074641326228703925 0.70513426821379921
  outer loop
   vertex -24.896120071411133 27.667097091674805 -36.975505828857422
   vertex -25.081289291381836 27.667097091674805 -37.160675048828125
   vertex -25.081289291381836 27.408529281616211 -37.133304595947266
  endloop
 endfacet
 facet normal 0.1923031637317415 0.91260863933674774 -0.3607838197961391
  outer loop
   vertex -23.78843879699707 28.442808151245117 -38.116668701171875
   vertex -23.78843879699707 28.382841110229492 -38.268356323242188
   vertex -24.047008514404297 28.437326431274414 -38.268356323242188
  endloop
 endfacet
 facet normal 0.15893352382011533 0.75424711743590056 -0.63706469125651233
  outer loop
   vertex -24.047008514404297 28.437326431274414 -38.268356323242188
   vertex -23.78843879699707 28.382841110229492 -38.268356323242188
   vertex -24.047008514404297 28.218927383422852 -38.526927947998047
  endloop
 endfacet
 facet normal -0.69058838768143205 0.63356018573135797 -0.34883974810162804
  outer loop
   vertex -24.305578231811523 28.426179885864258 -38.009788513183594
   vertex -24.396930694580078 28.184236526489258 -38.268356323242188
   vertex -24.527542114257812 28.184236526489258 -38.009788513183594
  endloop
 endfacet
 facet normal -0.85708411583840949 0.27922693322713521 -0.43294241896360836
  outer loop
   vertex -24.527542114257812 28.184236526489258 -38.009788513183594
   vertex -24.396930694580078 28.184236526489258 -38.268356323242188
   vertex -24.481168746948242 27.925668716430664 -38.268356323242188
  endloop
 endfacet
 facet normal -0.73487617502803815 0.4091124775523034 -0.54091033276059386
  outer loop
   vertex -24.527542114257812 28.184236526489258 -38.009788513183594
   vertex -24.481168746948242 27.925668716430664 -38.268356323242188
   vertex -24.56414794921875 28.11848258972168 -38.009788513183594
  endloop
 endfacet
 facet normal -0.77187179999254085 0.36546817744594984 -0.52023738394180286
  outer loop
   vertex -24.56414794921875 28.11848258972168 -38.009788513183594
   vertex -24.481168746948242 27.925668716430664 -38.268356323242188
   vertex -24.56414794921875 27.925668716430664 -38.145240783691406
  endloop
 endfacet
 facet normal -0.7295953514206468 0.39311830246840651 -0.55959684009985378
  outer loop
   vertex -24.56414794921875 28.11848258972168 -38.009788513183594
   vertex -24.56414794921875 27.925668716430664 -38.145240783691406
   vertex -24.668039321899414 27.925668716430664 -38.009788513183594
  endloop
 endfacet
 facet normal -0.7345064463282226 0.60526455123516432 -0.30684703570408006
  outer loop
   vertex -24.305578231811523 28.426179885864258 -38.009788513183594
   vertex -24.305578231811523 28.295095443725586 -38.268356323242188
   vertex -24.396930694580078 28.184236526489258 -38.268356323242188
  endloop
 endfacet
 facet normal -0.64279266184707606 0.5296884921228745 -0.55339650810982366
  outer loop
   vertex -24.396930694580078 28.184236526489258 -38.268356323242188
   vertex -24.305578231811523 28.295095443725586 -38.268356323242188
   vertex -24.305578231811523 28.184236526489258 -38.374465942382812
  endloop
 endfacet
 facet normal -0.69353086858483459 0.40312828884769109 -0.59707831735099681
  outer loop
   vertex -24.396930694580078 28.184236526489258 -38.268356323242188
   vertex -24.305578231811523 28.184236526489258 -38.374465942382812
   vertex -24.324617385864258 27.925668716430664 -38.526927947998047
  endloop
 endfacet
 facet normal -0.69858476724905039 0.40090106626882954 -0.59266994021302066
  outer loop
   vertex -24.324617385864258 27.925668716430664 -38.526927947998047
   vertex -24.305578231811523 28.184236526489258 -38.374465942382812
   vertex -24.305578231811523 27.958845138549805 -38.526927947998047
  endloop
 endfacet
 facet normal 0.65169439893342362 0.65169439893342362 -0.38805775446137802
  outer loop
   vertex -23.271299362182617 28.194242477416992 -38.268356323242188
   vertex -23.261293411254883 28.184236526489258 -38.268356323242188
   vertex -23.271299362182617 28.184236526489258 -38.285160064697266
  endloop
 endfacet
 facet normal 0.74439118104754654 0.49940646395011795 -0.44325495298245504
  outer loop
   vertex -23.271299362182617 28.184236526489258 -38.285160064697266
   vertex -23.261293411254883 28.184236526489258 -38.268356323242188
   vertex -23.271299362182617 27.96965217590332 -38.526927947998047
  endloop
 endfacet
 facet normal 0.55305135441935549 0.6231118669627731 -0.55305135441935549
  outer loop
   vertex -23.271299362182617 28.184236526489258 -38.285160064697266
   vertex -23.271299362182617 27.96965217590332 -38.526927947998047
   vertex -23.513067245483398 28.184236526489258 -38.526927947998047
  endloop
 endfacet
 facet normal 0.44498075852690389 0.50135089443785308 -0.74205081038105858
  outer loop
   vertex -23.513067245483398 28.184236526489258 -38.526927947998047
   vertex -23.271299362182617 27.96965217590332 -38.526927947998047
   vertex -23.271299362182617 27.925668716430664 -38.556644439697266
  endloop
 endfacet
 facet normal 0.44315218033497844 0.49988055273085658 -0.74413411295669563
  outer loop
   vertex -23.513067245483398 28.184236526489258 -38.526927947998047
   vertex -23.271299362182617 27.925668716430664 -38.556644439697266
   vertex -23.529869079589844 28.184236526489258 -38.536933898925781
  endloop
 endfacet
 facet normal 0.39198320349392513 0.45302313663586868 -0.80069919810827772
  outer loop
   vertex -23.529869079589844 28.184236526489258 -38.536933898925781
   vertex -23.271299362182617 27.925668716430664 -38.556644439697266
   vertex -23.529869079589844 27.925668716430664 -38.6832275390625
  endloop
 endfacet
 facet normal 0.082969796211626923 0.49073336770900333 -0.86735043363889608
  outer loop
   vertex -23.529869079589844 28.184236526489258 -38.536933898925781
   vertex -23.529869079589844 27.925668716430664 -38.6832275390625
   vertex -23.78843879699707 27.925668716430664 -38.707962036132812
  endloop
 endfacet
 facet normal 0.081763049286887421 0.51258396108547699 -0.85473533132147539
  outer loop
   vertex -23.78843879699707 27.925668716430664 -38.707962036132812
   vertex -23.529869079589844 27.925668716430664 -38.6832275390625
   vertex -23.78843879699707 27.796380996704102 -38.785495758056641
  endloop
 endfacet
 facet normal -0.11064165554646514 0.51114831086956614 -0.8523413801717753
  outer loop
   vertex -23.78843879699707 27.925668716430664 -38.707962036132812
   vertex -23.78843879699707 27.796380996704102 -38.785495758056641
   vertex -24.047008514404297 27.740411758422852 -38.785495758056641
  endloop
 endfacet
 facet normal -0.11064798188362091 0.51117753762449114 -0.85232303097666196
  outer loop
   vertex -24.047008514404297 27.740411758422852 -38.785495758056641
   vertex -23.78843879699707 27.796380996704102 -38.785495758056641
   vertex -23.78843879699707 27.667097091674805 -38.863033294677734
  endloop
 endfacet
 facet normal -0.11098433838822282 0.51042309076525072 -0.85273134400359474
  outer loop
   vertex -24.047008514404297 27.740411758422852 -38.785495758056641
   vertex -23.78843879699707 27.667097091674805 -38.863033294677734
   vertex -24.047008514404297 27.667097091674805 -38.829380035400391
  endloop
 endfacet
 facet normal -0.12412338154966641 0.27401050636261526 -0.95368319087398146
  outer loop
   vertex -24.047008514404297 27.667097091674805 -38.829380035400391
   vertex -23.78843879699707 27.667097091674805 -38.863033294677734
   vertex -24.047008514404297 27.408529281616211 -38.903671264648438
  endloop
 endfacet
 facet normal -0.28999305361617156 0.26427966211096182 -0.91981535595405461
  outer loop
   vertex -24.047008514404297 27.667097091674805 -38.829380035400391
   vertex -24.047008514404297 27.408529281616211 -38.903671264648438
   vertex -24.305578231811523 27.408529281616211 -38.822151184082031
  endloop
 endfacet
 facet normal -0.29732228658507176 0.14910526162339616 -0.94306260601088565
  outer loop
   vertex -24.305578231811523 27.408529281616211 -38.822151184082031
   vertex -24.047008514404297 27.408529281616211 -38.903671264648438
   vertex -24.305578231811523 27.149957656860352 -38.863033294677734
  endloop
 endfacet
 facet normal -0.5282013706409161 0.13260489923004448 -0.83870093165159143
  outer loop
   vertex -24.305578231811523 27.408529281616211 -38.822151184082031
   vertex -24.305578231811523 27.149957656860352 -38.863033294677734
   vertex -24.428695678710938 27.149957656860352 -38.785495758056641
  endloop
 endfacet
 facet normal -0.53286443125770011 0.012711768221290016 -0.84610514054052166
  outer loop
   vertex -24.428695678710938 27.149957656860352 -38.785495758056641
   vertex -24.305578231811523 27.149957656860352 -38.863033294677734
   vertex -24.434864044189453 26.891386032104492 -38.785495758056641
  endloop
 endfacet
 facet normal -0.54669449677766513 0.013041691888666548 -0.83723057843445758
  outer loop
   vertex -24.428695678710938 27.149957656860352 -38.785495758056641
   vertex -24.434864044189453 26.891386032104492 -38.785495758056641
   vertex -24.56414794921875 27.149957656860352 -38.697048187255859
  endloop
 endfacet
 facet normal -0.51398050447615684 0.036174084356762101 -0.85703878362614661
  outer loop
   vertex -24.56414794921875 27.149957656860352 -38.697048187255859
   vertex -24.434864044189453 26.891386032104492 -38.785495758056641
   vertex -24.56414794921875 26.891386032104492 -38.707962036132812
  endloop
 endfacet
 facet normal -0.44756495914671829 0.037711186809564451 -0.89345591594292462
  outer loop
   vertex -24.56414794921875 27.149957656860352 -38.697048187255859
   vertex -24.56414794921875 26.891386032104492 -38.707962036132812
   vertex -24.822719573974609 26.891386032104492 -38.578433990478516
  endloop
 endfacet
 facet normal -0.44334200233001125 -0.14204649682425619 -0.88502579720026953
  outer loop
   vertex -24.822719573974609 26.891386032104492 -38.578433990478516
   vertex -24.56414794921875 26.891386032104492 -38.707962036132812
   vertex -24.822719573974609 26.632818222045898 -38.536933898925781
  endloop
 endfacet
 facet normal -0.70266432157445224 -0.11275601177115963 -0.70253037869958102
  outer loop
   vertex -24.822719573974609 26.891386032104492 -38.578433990478516
   vertex -24.822719573974609 26.632818222045898 -38.536933898925781
   vertex -24.832723617553711 26.632818222045898 -38.526927947998047
  endloop
 endfacet
 facet normal -0.65785284677333478 -0.36691175896705031 -0.65772744592568455
  outer loop
   vertex -24.832723617553711 26.632818222045898 -38.526927947998047
   vertex -24.822719573974609 26.632818222045898 -38.536933898925781
   vertex -24.822719573974609 26.61488151550293 -38.526927947998047
  endloop
 endfacet
 facet normal -0.75641764926340516 -0.42188542858215228 -0.49984500100819051
  outer loop
   vertex -24.832723617553711 26.632818222045898 -38.526927947998047
   vertex -24.822719573974609 26.61488151550293 -38.526927947998047
   vertex -24.859373092651367 26.374246597290039 -38.268356323242188
  endloop
 endfacet
 facet normal -0.7870996142179072 -0.39192243287650885 -0.47630977725234674
  outer loop
   vertex -24.859373092651367 26.374246597290039 -38.268356323242188
   vertex -24.822719573974609 26.61488151550293 -38.526927947998047
   vertex -24.822719573974609 26.374246597290039 -38.328926086425781
  endloop
 endfacet
 facet normal -0.71562848526632705 -0.54802871608205173 -0.43305934630819393
  outer loop
   vertex -24.859373092651367 26.374246597290039 -38.268356323242188
   vertex -24.822719573974609 26.374246597290039 -38.328926086425781
   vertex -24.822719573974609 26.326383590698242 -38.268356323242188
  endloop
 endfacet
 facet normal -0.62715861493058911 -0.61111880396138207 -0.48291394591909942
  outer loop
   vertex -24.822719573974609 26.326383590698242 -38.268356323242188
   vertex -24.822719573974609 26.374246597290039 -38.328926086425781
   vertex -24.670257568359375 26.374246597290039 -38.526927947998047
  endloop
 endfacet
 facet normal -0.67062233563721974 -0.55041252509766325 -0.49730446927420063
  outer loop
   vertex -24.822719573974609 26.326383590698242 -38.268356323242188
   vertex -24.670257568359375 26.374246597290039 -38.526927947998047
   vertex -24.56414794921875 26.244962692260742 -38.526927947998047
  endloop
 endfacet
 facet normal -0.57516284311616239 -0.47206425434832772 -0.66808909859770216
  outer loop
   vertex -24.56414794921875 26.244962692260742 -38.526927947998047
   vertex -24.670257568359375 26.374246597290039 -38.526927947998047
   vertex -24.56414794921875 26.374246597290039 -38.618278503417969
  endloop
 endfacet
 facet normal -0.54791331973771507 -0.48273780833504437 -0.68319484955455745
  outer loop
   vertex -24.56414794921875 26.244962692260742 -38.526927947998047
   vertex -24.56414794921875 26.374246597290039 -38.618278503417969
   vertex -24.355644226074219 26.374246597290039 -38.785495758056641
  endloop
 endfacet
 facet normal -0.60868740428916102 -0.23120928903611893 -0.7589742476020751
  outer loop
   vertex -24.355644226074219 26.374246597290039 -38.785495758056641
   vertex -24.56414794921875 26.374246597290039 -38.618278503417969
   vertex -24.56414794921875 26.632818222045898 -38.697048187255859
  endloop
 endfacet
 facet normal -0.5403329860328322 -0.15265445144842713 -0.82748829759569587
  outer loop
   vertex -24.355644226074219 26.374246597290039 -38.785495758056641
   vertex -24.56414794921875 26.632818222045898 -38.697048187255859
   vertex -24.428695678710938 26.632818222045898 -38.785495758056641
  endloop
 endfacet
 facet normal -0.54639986822018627 -0.035319491656867215 -0.83677937206772934
  outer loop
   vertex -24.428695678710938 26.632818222045898 -38.785495758056641
   vertex -24.56414794921875 26.632818222045898 -38.697048187255859
   vertex -24.56414794921875 26.891386032104492 -38.707962036132812
  endloop
 endfacet
 facet normal -0.51427841476876801 -0.012268569777833317 -0.85753553529782622
  outer loop
   vertex -24.428695678710938 26.632818222045898 -38.785495758056641
   vertex -24.56414794921875 26.891386032104492 -38.707962036132812
   vertex -24.434864044189453 26.891386032104492 -38.785495758056641
  endloop
 endfacet
 facet normal 0.45550361387518712 0.76487444426735096 -0.45550361387518712
  outer loop
   vertex -23.271299362182617 28.184236526489258 -38.285160064697266
   vertex -23.513067245483398 28.184236526489258 -38.526927947998047
   vertex -23.529869079589844 28.194242477416992 -38.526927947998047
  endloop
 endfacet
 facet normal 0.38809517211860345 0.65168325794753679 -0.65168325794753679
  outer loop
   vertex -23.529869079589844 28.194242477416992 -38.526927947998047
   vertex -23.513067245483398 28.184236526489258 -38.526927947998047
   vertex -23.529869079589844 28.184236526489258 -38.536933898925781
  endloop
 endfacet
 facet normal 0.14330167421826287 0.6998087703673922 -0.6998087703673922
  outer loop
   vertex -23.529869079589844 28.194242477416992 -38.526927947998047
   vertex -23.529869079589844 28.184236526489258 -38.536933898925781
   vertex -23.78843879699707 28.247190475463867 -38.526927947998047
  endloop
 endfacet
 facet normal 0.1359112059705028 0.67368291609874342 -0.72641549587569831
  outer loop
   vertex -23.78843879699707 28.247190475463867 -38.526927947998047
   vertex -23.529869079589844 28.184236526489258 -38.536933898925781
   vertex -23.78843879699707 28.184236526489258 -38.585311889648438
  endloop
 endfacet
 facet normal -0.074122462860315083 0.67812199201367351 -0.73120204078416562
  outer loop
   vertex -23.78843879699707 28.247190475463867 -38.526927947998047
   vertex -23.78843879699707 28.184236526489258 -38.585311889648438
   vertex -24.047008514404297 28.218927383422852 -38.526927947998047
  endloop
 endfacet
 facet normal -0.087179023773792816 0.63792905019123347 -0.76514465608534388
  outer loop
   vertex -24.047008514404297 28.218927383422852 -38.526927947998047
   vertex -23.78843879699707 28.184236526489258 -38.585311889648438
   vertex -24.047008514404297 28.184236526489258 -38.555850982666016
  endloop
 endfacet
 facet normal 0.45547602656436836 0.76490930120175737 -0.45547266675419057
  outer loop
   vertex -23.271299362182617 28.184236526489258 -38.285160064697266
   vertex -23.529869079589844 28.194242477416992 -38.526927947998047
   vertex -23.271299362182617 28.194242477416992 -38.268356323242188
  endloop
 endfacet
 facet normal 0.38636242267988746 0.83752633327894943 -0.38635957268488369
  outer loop
   vertex -23.271299362182617 28.194242477416992 -38.268356323242188
   vertex -23.529869079589844 28.194242477416992 -38.526927947998047
   vertex -23.529869079589844 28.31352424621582 -38.268356323242188
  endloop
 endfacet
 facet normal 0.23097416842402615 0.8615930092565931 -0.45200488926669591
  outer loop
   vertex -23.78843879699707 28.382841110229492 -38.268356323242188
   vertex -23.529869079589844 28.31352424621582 -38.268356323242188
   vertex -23.78843879699707 28.247190475463867 -38.526927947998047
  endloop
 endfacet
 facet normal 0.18280798954695474 0.89273649506242503 -0.41182859218545903
  outer loop
   vertex -23.78843879699707 28.247190475463867 -38.526927947998047
   vertex -23.529869079589844 28.31352424621582 -38.268356323242188
   vertex -23.529869079589844 28.194242477416992 -38.526927947998047
  endloop
 endfacet
 facet normal -0.096343903701322259 0.88141863309959179 -0.46240571519439216
  outer loop
   vertex -24.047008514404297 28.218927383422852 -38.526927947998047
   vertex -23.78843879699707 28.382841110229492 -38.268356323242188
   vertex -23.78843879699707 28.247190475463867 -38.526927947998047
  endloop
 endfacet
 facet normal -0.46505259638678953 0.61214051521700075 -0.63953895285883156
  outer loop
   vertex -24.305578231811523 28.295095443725586 -38.268356323242188
   vertex -24.095912933349609 28.184236526489258 -38.526927947998047
   vertex -24.305578231811523 28.184236526489258 -38.374465942382812
  endloop
 endfacet
 facet normal -0.51595147837014721 0.47995232512345293 -0.70953494457725663
  outer loop
   vertex -24.305578231811523 28.184236526489258 -38.374465942382812
   vertex -24.095912933349609 28.184236526489258 -38.526927947998047
   vertex -24.305578231811523 27.958845138549805 -38.526927947998047
  endloop
 endfacet
 facet normal -0.089775469476144495 0.63777311002807036 0.76497439513062182
  outer loop
   vertex -24.047008514404297 27.925668716430664 -36.946586608886719
   vertex -24.047008514404297 27.960355758666992 -36.975505828857422
   vertex -24.293428421020508 27.925668716430664 -36.975505828857422
  endloop
 endfacet
 facet normal -0.10234759454238371 0.72708663130447937 0.67887406819651896
  outer loop
   vertex -24.293428421020508 27.925668716430664 -36.975505828857422
   vertex -24.047008514404297 27.960355758666992 -36.975505828857422
   vertex -24.047008514404297 28.184236526489258 -37.215286254882812
  endloop
 endfacet
 facet normal -0.1422130708222952 0.74252251289638893 0.65455004417487028
  outer loop
   vertex -24.293428421020508 27.925668716430664 -36.975505828857422
   vertex -24.047008514404297 28.184236526489258 -37.215286254882812
   vertex -24.305578231811523 27.925668716430664 -36.978145599365234
  endloop
 endfacet
 facet normal 0.70068881246811876 0.49214477238485665 0.51655465451031912
  outer loop
   vertex -23.721817016601562 27.925668716430664 -37.234077453613281
   vertex -23.78843879699707 28.02052116394043 -37.234077453613281
   vertex -23.78843879699707 27.925668716430664 -37.143707275390625
  endloop
 endfacet
 facet normal 0.50225202503989941 0.59647895280968333 0.62606370458475202
  outer loop
   vertex -23.78843879699707 27.925668716430664 -37.143707275390625
   vertex -23.78843879699707 28.02052116394043 -37.234077453613281
   vertex -23.998104095458984 27.925668716430664 -36.975505828857422
  endloop
 endfacet
 facet normal 0.54080779110459243 0.5030743542114946 0.67412397021264514
  outer loop
   vertex -23.78843879699707 27.925668716430664 -37.143707275390625
   vertex -23.998104095458984 27.925668716430664 -36.975505828857422
   vertex -23.78843879699707 27.700277328491211 -36.975505828857422
  endloop
 endfacet
 facet normal 0.40233824830102538 0.66915526902664035 0.62478409061686835
  outer loop
   vertex -24.047008514404297 27.960355758666992 -36.975505828857422
   vertex -24.017827987670898 28.184236526489258 -37.234077453613281
   vertex -24.047008514404297 28.184236526489258 -37.215286254882812
  endloop
 endfacet
 facet normal 0.69017471101260841 0.48475995336737182 0.5372770755298667
  outer loop
   vertex -23.78843879699707 28.02052116394043 -37.234077453613281
   vertex -23.721817016601562 27.925668716430664 -37.234077453613281
   vertex -23.78843879699707 28.184236526489258 -37.381790161132812
  endloop
 endfacet
 facet normal 0.66093224083405144 0.49334358103299569 0.56549154200537732
  outer loop
   vertex -23.78843879699707 28.184236526489258 -37.381790161132812
   vertex -23.721817016601562 27.925668716430664 -37.234077453613281
   vertex -23.693588256835938 28.184236526489258 -37.492649078369141
  endloop
 endfacet
 facet normal 0.66347752275882843 0.4816506839755072 0.57254711196523744
  outer loop
   vertex -23.271299362182617 27.99311637878418 -37.751216888427734
   vertex -23.271299362182617 27.925668716430664 -37.694477081298828
   vertex -23.222335815429688 27.925668716430664 -37.751216888427734
  endloop
 endfacet
 facet normal 0.66717663701337959 0.472651712947257 0.57573925806005333
  outer loop
   vertex -23.222335815429688 27.925668716430664 -37.751216888427734
   vertex -23.271299362182617 27.925668716430664 -37.694477081298828
   vertex -23.262285232543945 27.667097091674805 -37.492649078369141
  endloop
 endfacet
 facet normal 0.75710412106921543 0.39974065528061042 0.51672116114577582
  outer loop
   vertex -23.222335815429688 27.925668716430664 -37.751216888427734
   vertex -23.262285232543945 27.667097091674805 -37.492649078369141
   vertex -23.085813522338867 27.667097091674805 -37.751216888427734
  endloop
 endfacet
 facet normal 0.74610445283855265 0.42898639444469761 0.50921392246856523
  outer loop
   vertex -23.085813522338867 27.667097091674805 -37.751216888427734
   vertex -23.262285232543945 27.667097091674805 -37.492649078369141
   vertex -23.113616943359375 27.408529281616211 -37.492649078369141
  endloop
 endfacet
 facet normal 0.76897389086005441 0.4088014398147054 0.49148808528892429
  outer loop
   vertex -23.085813522338867 27.667097091674805 -37.751216888427734
   vertex -23.113616943359375 27.408529281616211 -37.492649078369141
   vertex -23.012729644775391 27.529623031616211 -37.751216888427734
  endloop
 endfacet
 facet normal 0.74982453454628029 0.43667440646436045 0.49707004549806932
  outer loop
   vertex -23.012729644775391 27.529623031616211 -37.751216888427734
   vertex -23.113616943359375 27.408529281616211 -37.492649078369141
   vertex -23.012729644775391 27.408529281616211 -37.64483642578125
  endloop
 endfacet
 facet normal 0.79986381924008543 0.39611451519543101 0.45090038980040026
  outer loop
   vertex -23.012729644775391 27.529623031616211 -37.751216888427734
   vertex -23.012729644775391 27.408529281616211 -37.64483642578125
   vertex -22.952760696411133 27.408529281616211 -37.751216888427734
  endloop
 endfacet
 facet normal 0.62580152343776474 0.42851385013912391 0.65172719254448574
  outer loop
   vertex -23.529869079589844 28.184236526489258 -37.671314239501953
   vertex -23.538883209228516 27.925668716430664 -37.492649078369141
   vertex -23.529869079589844 27.925668716430664 -37.501304626464844
  endloop
 endfacet
 facet normal 0.6054070898035292 0.48576467001892676 0.63048785950010555
  outer loop
   vertex -23.529869079589844 27.925668716430664 -37.501304626464844
   vertex -23.538883209228516 27.925668716430664 -37.492649078369141
   vertex -23.529869079589844 27.914434432983398 -37.492649078369141
  endloop
 endfacet
 facet normal -0.71011568297380689 0.59183164778963315 0.38140663008035341
  outer loop
   vertex -24.466848373413086 28.184236526489258 -37.751216888427734
   vertex -24.56414794921875 27.925668716430664 -37.531150817871094
   vertex -24.543468475341797 27.925668716430664 -37.492649078369141
  endloop
 endfacet
 facet normal -0.63651485758431703 0.69135384551484313 0.34187526433811377
  outer loop
   vertex -24.543468475341797 27.925668716430664 -37.492649078369141
   vertex -24.56414794921875 27.925668716430664 -37.531150817871094
   vertex -24.56414794921875 27.90662956237793 -37.492649078369141
  endloop
 endfacet
 facet normal -0.66978566108250892 0.72749109772155496 0.14880816827094345
  outer loop
   vertex -24.543468475341797 27.925668716430664 -37.492649078369141
   vertex -24.56414794921875 27.90662956237793 -37.492649078369141
   vertex -24.56414794921875 27.853738784790039 -37.234077453613281
  endloop
 endfacet
 facet normal -0.35163416794752889 0.91714709889130952 0.18760226791567217
  outer loop
   vertex -24.56414794921875 27.853738784790039 -37.234077453613281
   vertex -24.56414794921875 27.90662956237793 -37.492649078369141
   vertex -24.822719573974609 27.807493209838867 -37.492649078369141
  endloop
 endfacet
 facet normal -0.22865496359303589 0.97196283690121366 0.054819260367250489
  outer loop
   vertex -24.56414794921875 27.853738784790039 -37.234077453613281
   vertex -24.822719573974609 27.807493209838867 -37.492649078369141
   vertex -24.822719573974609 27.792909622192383 -37.234077453613281
  endloop
 endfacet
 facet normal 0.73396025578116375 0.53281753651259134 0.42119807183592628
  outer loop
   vertex -23.271299362182617 27.99311637878418 -37.751216888427734
   vertex -23.222335815429688 27.925668716430664 -37.751216888427734
   vertex -23.271299362182617 28.184236526489258 -37.992984771728516
  endloop
 endfacet
 facet normal 0.72333034340650781 0.5397023270151079 0.43071407281617935
  outer loop
   vertex -23.271299362182617 28.184236526489258 -37.992984771728516
   vertex -23.222335815429688 27.925668716430664 -37.751216888427734
   vertex -23.261293411254883 28.184236526489258 -38.009788513183594
  endloop
 endfacet
 facet normal 0.81856483115713663 0.46313123358526143 0.339795641041027
  outer loop
   vertex -23.261293411254883 28.184236526489258 -38.009788513183594
   vertex -23.222335815429688 27.925668716430664 -37.751216888427734
   vertex -23.114999771118164 27.925668716430664 -38.009788513183594
  endloop
 endfacet
 facet normal 0.83014365941612656 0.4383045358720335 0.34460214532878836
  outer loop
   vertex -23.114999771118164 27.925668716430664 -38.009788513183594
   vertex -23.222335815429688 27.925668716430664 -37.751216888427734
   vertex -23.085813522338867 27.667097091674805 -37.751216888427734
  endloop
 endfacet
 facet normal 0.8171441507594831 0.45110011757240676 0.35886504539412012
  outer loop
   vertex -23.114999771118164 27.925668716430664 -38.009788513183594
   vertex -23.085813522338867 27.667097091674805 -37.751216888427734
   vertex -23.012729644775391 27.740411758422852 -38.009788513183594
  endloop
 endfacet
 facet normal 0.79239286032649758 0.49026813012102388 0.362974813852458
  outer loop
   vertex -23.012729644775391 27.740411758422852 -38.009788513183594
   vertex -23.085813522338867 27.667097091674805 -37.751216888427734
   vertex -23.012729644775391 27.667097091674805 -37.910762786865234
  endloop
 endfacet
 facet normal 0.80200886295564999 0.48006191578343294 0.35541854306567267
  outer loop
   vertex -23.012729644775391 27.740411758422852 -38.009788513183594
   vertex -23.012729644775391 27.667097091674805 -37.910762786865234
   vertex -22.968845367431641 27.667097091674805 -38.009788513183594
  endloop
 endfacet
 facet normal 0.82994163102630125 0.41943066194922923 0.36779723885074811
  outer loop
   vertex -22.968845367431641 27.667097091674805 -38.009788513183594
   vertex -23.012729644775391 27.667097091674805 -37.910762786865234
   vertex -22.952760696411133 27.408529281616211 -37.751216888427734
  endloop
 endfacet
 facet normal 0.93937804775741862 0.26990730826915121 0.21146850435552353
  outer loop
   vertex -22.968845367431641 27.667097091674805 -38.009788513183594
   vertex -22.952760696411133 27.408529281616211 -37.751216888427734
   vertex -22.894552230834961 27.408529281616211 -38.009788513183594
  endloop
 endfacet
 facet normal -0.86862821018131742 0.48357349335150679 0.10789675159624372
  outer loop
   vertex -24.527542114257812 28.184236526489258 -38.009788513183594
   vertex -24.56414794921875 28.11848258972168 -38.009788513183594
   vertex -24.56414794921875 28.060789108276367 -37.751216888427734
  endloop
 endfacet
 facet normal -0.87545095910793458 0.47170776824265592 0.10524922601392574
  outer loop
   vertex -24.56414794921875 28.060789108276367 -37.751216888427734
   vertex -24.56414794921875 28.11848258972168 -38.009788513183594
   vertex -24.668039321899414 27.925668716430664 -38.009788513183594
  endloop
 endfacet
 facet normal -0.72967150014353499 0.68092167362565925 -0.062651227163674869
  outer loop
   vertex -24.56414794921875 28.060789108276367 -37.751216888427734
   vertex -24.668039321899414 27.925668716430664 -38.009788513183594
   vertex -24.690240859985352 27.925668716430664 -37.751216888427734
  endloop
 endfacet
 facet normal -0.60373730540287884 0.79549611149538568 -0.051838235508088387
  outer loop
   vertex -24.690240859985352 27.925668716430664 -37.751216888427734
   vertex -24.668039321899414 27.925668716430664 -38.009788513183594
   vertex -24.822719573974609 27.825124740600586 -37.751216888427734
  endloop
 endfacet
 facet normal 0.74211774197428848 0.50139611534949757 -0.444818156733082
  outer loop
   vertex -23.271299362182617 27.96965217590332 -38.526927947998047
   vertex -23.261293411254883 28.184236526489258 -38.268356323242188
   vertex -23.241582870483398 27.925668716430664 -38.526927947998047
  endloop
 endfacet
 facet normal 0.80070010562087857 0.45302365009236512 -0.39198075630788859
  outer loop
   vertex -23.241582870483398 27.925668716430664 -38.526927947998047
   vertex -23.261293411254883 28.184236526489258 -38.268356323242188
   vertex -23.114999771118164 27.925668716430664 -38.268356323242188
  endloop
 endfacet
 facet normal 0.82072647684193534 0.40617381982062084 -0.40178461680725169
  outer loop
   vertex -23.241582870483398 27.925668716430664 -38.526927947998047
   vertex -23.114999771118164 27.925668716430664 -38.268356323242188
   vertex -23.113616943359375 27.667097091674805 -38.526927947998047
  endloop
 endfacet
 facet normal 0.77048588503365567 0.45280575950269769 -0.44868524059198706
  outer loop
   vertex -23.113616943359375 27.667097091674805 -38.526927947998047
   vertex -23.114999771118164 27.925668716430664 -38.268356323242188
   vertex -23.012729644775391 27.667097091674805 -38.353683471679688
  endloop
 endfacet
 facet normal 0.7816691614549035 0.42636646275208995 -0.45519771689965505
  outer loop
   vertex -23.113616943359375 27.667097091674805 -38.526927947998047
   vertex -23.012729644775391 27.667097091674805 -38.353683471679688
   vertex -23.012729644775391 27.482137680053711 -38.526927947998047
  endloop
 endfacet
 facet normal -0.82402883284944939 0.26845794903363673 -0.49890561455392285
  outer loop
   vertex -24.396930694580078 28.184236526489258 -38.268356323242188
   vertex -24.324617385864258 27.925668716430664 -38.526927947998047
   vertex -24.481168746948242 27.925668716430664 -38.268356323242188
  endloop
 endfacet
 facet normal 0.63803410003803862 0.43107420982622036 -0.63803410003803862
  outer loop
   vertex -23.271299362182617 27.96965217590332 -38.526927947998047
   vertex -23.241582870483398 27.925668716430664 -38.526927947998047
   vertex -23.271299362182617 27.925668716430664 -38.556644439697266
  endloop
 endfacet
 facet normal 0.66742139372395659 0.3302989046290386 -0.66742139372395659
  outer loop
   vertex -23.271299362182617 27.925668716430664 -38.556644439697266
   vertex -23.241582870483398 27.925668716430664 -38.526927947998047
   vertex -23.271299362182617 27.667097091674805 -38.684608459472656
  endloop
 endfacet
 facet normal 0.40178809012667493 0.4061682808434226 -0.82072751767505481
  outer loop
   vertex -23.271299362182617 27.925668716430664 -38.556644439697266
   vertex -23.271299362182617 27.667097091674805 -38.684608459472656
   vertex -23.529869079589844 27.925668716430664 -38.6832275390625
  endloop
 endfacet
 facet normal 0.43171444967943023 0.43592858919007321 -0.78967645214020354
  outer loop
   vertex -23.529869079589844 27.925668716430664 -38.6832275390625
   vertex -23.271299362182617 27.667097091674805 -38.684608459472656
   vertex -23.529869079589844 27.740411758422852 -38.785495758056641
  endloop
 endfacet
 facet normal 0.10404283132644181 0.48066270545150913 -0.87071146359607188
  outer loop
   vertex -23.529869079589844 27.925668716430664 -38.6832275390625
   vertex -23.529869079589844 27.740411758422852 -38.785495758056641
   vertex -23.78843879699707 27.796380996704102 -38.785495758056641
  endloop
 endfacet
 facet normal 0.11049079014538493 0.51045133472120729 -0.85277852938168319
  outer loop
   vertex -23.78843879699707 27.796380996704102 -38.785495758056641
   vertex -23.529869079589844 27.740411758422852 -38.785495758056641
   vertex -23.529869079589844 27.667097091674805 -38.829380035400391
  endloop
 endfacet
 facet normal 0.11092771525812667 0.51116149908339703 -0.8522962887649026
  outer loop
   vertex -23.78843879699707 27.796380996704102 -38.785495758056641
   vertex -23.529869079589844 27.667097091674805 -38.829380035400391
   vertex -23.78843879699707 27.667097091674805 -38.863033294677734
  endloop
 endfacet
 facet normal 0.1265938991668161 0.19467076677076897 -0.97266503857115305
  outer loop
   vertex -23.78843879699707 27.667097091674805 -38.863033294677734
   vertex -23.529869079589844 27.667097091674805 -38.829380035400391
   vertex -23.78843879699707 27.408529281616211 -38.914783477783203
  endloop
 endfacet
 facet normal -0.042102621344323285 0.19607565204281918 -0.97968449408568248
  outer loop
   vertex -23.78843879699707 27.667097091674805 -38.863033294677734
   vertex -23.78843879699707 27.408529281616211 -38.914783477783203
   vertex -24.047008514404297 27.408529281616211 -38.903671264648438
  endloop
 endfacet
 facet normal -0.042896541861533369 0.04289622543601472 -0.99815820416388112
  outer loop
   vertex -24.047008514404297 27.408529281616211 -38.903671264648438
   vertex -23.78843879699707 27.408529281616211 -38.914783477783203
   vertex -24.047008514404297 27.149957656860352 -38.914783477783203
  endloop
 endfacet
 facet normal -0.1960742638533122 0.04210232326566149 -0.97968478472925946
  outer loop
   vertex -24.047008514404297 27.408529281616211 -38.903671264648438
   vertex -24.047008514404297 27.149957656860352 -38.914783477783203
   vertex -24.305578231811523 27.149957656860352 -38.863033294677734
  endloop
 endfacet
 facet normal -0.19624827640068074 0 -0.98055423817847132
  outer loop
   vertex -24.305578231811523 27.149957656860352 -38.863033294677734
   vertex -24.047008514404297 27.149957656860352 -38.914783477783203
   vertex -24.305578231811523 26.891386032104492 -38.863033294677734
  endloop
 endfacet
 facet normal -0.51433015314339459 0 -0.85759226533795907
  outer loop
   vertex -24.305578231811523 27.149957656860352 -38.863033294677734
   vertex -24.305578231811523 26.891386032104492 -38.863033294677734
   vertex -24.434864044189453 26.891386032104492 -38.785495758056641
  endloop
 endfacet
 facet normal -0.51429144180286446 -0.012268880549338052 -0.85752771818664675
  outer loop
   vertex -24.434864044189453 26.891386032104492 -38.785495758056641
   vertex -24.305578231811523 26.891386032104492 -38.863033294677734
   vertex -24.428695678710938 26.632818222045898 -38.785495758056641
  endloop
 endfacet
 facet normal 0.16667999123191099 0.42257803263946664 -0.89086788406221473
  outer loop
   vertex -23.529869079589844 28.184236526489258 -38.536933898925781
   vertex -23.78843879699707 27.925668716430664 -38.707962036132812
   vertex -23.78843879699707 28.184236526489258 -38.585311889648438
  endloop
 endfacet
 facet normal -0.086107486058372484 0.42698154133914223 -0.900151245180696
  outer loop
   vertex -23.78843879699707 28.184236526489258 -38.585311889648438
   vertex -23.78843879699707 27.925668716430664 -38.707962036132812
   vertex -24.047008514404297 27.925668716430664 -38.6832275390625
  endloop
 endfacet
 facet normal -0.10167928342670583 0.43962164932005909 -0.89240917116026008
  outer loop
   vertex -23.78843879699707 28.184236526489258 -38.585311889648438
   vertex -24.047008514404297 27.925668716430664 -38.6832275390625
   vertex -24.047008514404297 28.184236526489258 -38.555850982666016
  endloop
 endfacet
 facet normal -0.42573773250957531 0.39986255317321329 -0.81170026591556843
  outer loop
   vertex -24.047008514404297 28.184236526489258 -38.555850982666016
   vertex -24.047008514404297 27.925668716430664 -38.6832275390625
   vertex -24.305578231811523 27.925668716430664 -38.547607421875
  endloop
 endfacet
 facet normal -0.14006086084261243 0.40358203513934454 0.90415955238708356
  outer loop
   vertex -24.305578231811523 27.923124313354492 -36.975505828857422
   vertex -24.56414794921875 27.667097091674805 -36.901279449462891
   vertex -24.305578231811523 27.667097091674805 -36.861225128173828
  endloop
 endfacet
 facet normal -0.14980092961730224 0.2059135967542863 0.96703633445569415
  outer loop
   vertex -24.305578231811523 27.667097091674805 -36.861225128173828
   vertex -24.56414794921875 27.667097091674805 -36.901279449462891
   vertex -24.56414794921875 27.408529281616211 -36.846221923828125
  endloop
 endfacet
 facet normal -0 0.057926821747641445 0.99832083185828446
  outer loop
   vertex -24.305578231811523 27.667097091674805 -36.861225128173828
   vertex -24.56414794921875 27.408529281616211 -36.846221923828125
   vertex -24.305578231811523 27.408529281616211 -36.846221923828125
  endloop
 endfacet
 facet normal 0 -0.14550701684155917 0.98935721963801837
  outer loop
   vertex -24.305578231811523 27.408529281616211 -36.846221923828125
   vertex -24.56414794921875 27.408529281616211 -36.846221923828125
   vertex -24.56414794921875 27.149957656860352 -36.884250640869141
  endloop
 endfacet
 facet normal -0.10345830138960772 -0.042690711538887205 0.99371720475288161
  outer loop
   vertex -24.305578231811523 27.408529281616211 -36.846221923828125
   vertex -24.56414794921875 27.149957656860352 -36.884250640869141
   vertex -24.305578231811523 27.149957656860352 -36.857330322265625
  endloop
 endfacet
 facet normal -0.10300193409083083 -0.10300117429903871 0.98933379587809855
  outer loop
   vertex -24.305578231811523 27.149957656860352 -36.857330322265625
   vertex -24.56414794921875 27.149957656860352 -36.884250640869141
   vertex -24.305578231811523 26.891386032104492 -36.884250640869141
  endloop
 endfacet
 facet normal -0.042691029245157268 -0.10345754500903796 0.99371726985229147
  outer loop
   vertex -24.305578231811523 27.149957656860352 -36.857330322265625
   vertex -24.305578231811523 26.891386032104492 -36.884250640869141
   vertex -24.047008514404297 27.149957656860352 -36.846221923828125
  endloop
 endfacet
 facet normal -0.14550806745393283 0 0.98935706512149679
  outer loop
   vertex -24.047008514404297 27.149957656860352 -36.846221923828125
   vertex -24.305578231811523 26.891386032104492 -36.884250640869141
   vertex -24.047008514404297 26.891386032104492 -36.846221923828125
  endloop
 endfacet
 facet normal -0.15118492927270821 0.68611194837252143 0.71161331596680277
  outer loop
   vertex -24.822719573974609 27.667097091674805 -36.942047119140625
   vertex -24.56414794921875 27.75877571105957 -36.975505828857422
   vertex -24.822719573974609 27.701799392700195 -36.975505828857422
  endloop
 endfacet
 facet normal -0.20347820896264465 0.92343086757598714 0.32537985691375237
  outer loop
   vertex -24.822719573974609 27.701799392700195 -36.975505828857422
   vertex -24.56414794921875 27.75877571105957 -36.975505828857422
   vertex -24.822719573974609 27.792909622192383 -37.234077453613281
  endloop
 endfacet
 facet normal -0.31179364820802646 0.65948966494390915 0.68400153711033418
  outer loop
   vertex -24.822719573974609 27.667097091674805 -36.942047119140625
   vertex -24.822719573974609 27.701799392700195 -36.975505828857422
   vertex -24.896120071411133 27.667097091674805 -36.975505828857422
  endloop
 endfacet
 facet normal 0.69235704463109926 0.4315490592627621 0.57827945856576557
  outer loop
   vertex -23.78843879699707 27.700277328491211 -36.975505828857422
   vertex -23.767757415771484 27.667097091674805 -36.975505828857422
   vertex -23.78843879699707 27.925668716430664 -37.143707275390625
  endloop
 endfacet
 facet normal 0.73391393989133591 0.41065411486700321 0.54104854382575929
  outer loop
   vertex -23.78843879699707 27.925668716430664 -37.143707275390625
   vertex -23.767757415771484 27.667097091674805 -36.975505828857422
   vertex -23.721817016601562 27.925668716430664 -37.234077453613281
  endloop
 endfacet
 facet normal -0.21563378598562494 0.91661262482526129 0.33663536111414444
  outer loop
   vertex -24.822719573974609 27.792909622192383 -37.234077453613281
   vertex -24.56414794921875 27.75877571105957 -36.975505828857422
   vertex -24.56414794921875 27.853738784790039 -37.234077453613281
  endloop
 endfacet
 facet normal -0.68400326496576325 0.65949133087992851 0.31178633390576393
  outer loop
   vertex -25.081289291381836 27.667097091674805 -37.160675048828125
   vertex -25.081289291381836 27.701799392700195 -37.234077453613281
   vertex -25.114748001098633 27.667097091674805 -37.234077453613281
  endloop
 endfacet
 facet normal -0.71898126180491595 0.69321585657809359 0.050176900682592313
  outer loop
   vertex -25.114748001098633 27.667097091674805 -37.234077453613281
   vertex -25.081289291381836 27.701799392700195 -37.234077453613281
   vertex -25.132793426513672 27.667097091674805 -37.492649078369141
  endloop
 endfacet
 facet normal -0.99239718812903299 0.10174040394660308 0.069258293354445666
  outer loop
   vertex -25.114748001098633 27.667097091674805 -37.234077453613281
   vertex -25.132793426513672 27.667097091674805 -37.492649078369141
   vertex -25.141256332397461 27.408529281616211 -37.234077453613281
  endloop
 endfacet
 facet normal -0.94611024594595616 0.24395328883066961 0.21298402612586259
  outer loop
   vertex -25.141256332397461 27.408529281616211 -37.234077453613281
   vertex -25.132793426513672 27.667097091674805 -37.492649078369141
   vertex -25.199464797973633 27.408529281616211 -37.492649078369141
  endloop
 endfacet
 facet normal 0.6054070898035292 0.48576467001892676 0.63048785950010555
  outer loop
   vertex -23.262285232543945 27.667097091674805 -37.492649078369141
   vertex -23.271299362182617 27.67833137512207 -37.492649078369141
   vertex -23.271299362182617 27.667097091674805 -37.483993530273438
  endloop
 endfacet
 facet normal 0.50930673473405441 0.52523360089124038 0.68171571380551033
  outer loop
   vertex -23.271299362182617 27.667097091674805 -37.483993530273438
   vertex -23.271299362182617 27.67833137512207 -37.492649078369141
   vertex -23.529869079589844 27.667097091674805 -37.290817260742188
  endloop
 endfacet
 facet normal 0.54338236230330139 0.41920369946089153 0.7273265200004646
  outer loop
   vertex -23.271299362182617 27.667097091674805 -37.483993530273438
   vertex -23.529869079589844 27.667097091674805 -37.290817260742188
   vertex -23.271299362182617 27.408529281616211 -37.334964752197266
  endloop
 endfacet
 facet normal 0.6250721855848046 0.50154348880709454 0.59811277502110205
  outer loop
   vertex -23.529869079589844 27.914434432983398 -37.492649078369141
   vertex -23.538883209228516 27.925668716430664 -37.492649078369141
   vertex -23.578830718994141 27.667097091674805 -37.234077453613281
  endloop
 endfacet
 facet normal -0.70637448986942364 0.70634833172656075 0.045903315009006684
  outer loop
   vertex -25.081289291381836 27.718603134155273 -37.492649078369141
   vertex -25.132793426513672 27.667097091674805 -37.492649078369141
   vertex -25.081289291381836 27.701799392700195 -37.234077453613281
  endloop
 endfacet
 facet normal 0.61890259970879191 0.49659315555581501 0.60856783510864021
  outer loop
   vertex -23.271299362182617 27.925668716430664 -37.694477081298828
   vertex -23.271299362182617 27.67833137512207 -37.492649078369141
   vertex -23.262285232543945 27.667097091674805 -37.492649078369141
  endloop
 endfacet
 facet normal -0.76533688382614617 0.60373648172881378 -0.22307333970019241
  outer loop
   vertex -24.822719573974609 27.825124740600586 -37.751216888427734
   vertex -24.668039321899414 27.925668716430664 -38.009788513183594
   vertex -24.822719573974609 27.729585647583008 -38.009788513183594
  endloop
 endfacet
 facet normal 0.85803213315440419 0.51359600706635444 -0
  outer loop
   vertex -22.968845367431641 27.667097091674805 -38.009788513183594
   vertex -23.012729644775391 27.740411758422852 -38.268356323242188
   vertex -23.012729644775391 27.740411758422852 -38.009788513183594
  endloop
 endfacet
 facet normal 0.87545894618474152 0.48329249274647529 -0
  outer loop
   vertex -23.012729644775391 27.740411758422852 -38.009788513183594
   vertex -23.012729644775391 27.740411758422852 -38.268356323242188
   vertex -23.114999771118164 27.925668716430664 -38.009788513183594
  endloop
 endfacet
 facet normal 0.85803213315440419 0.51359600706635444 0
  outer loop
   vertex -23.012729644775391 27.740411758422852 -38.268356323242188
   vertex -22.968845367431641 27.667097091674805 -38.009788513183594
   vertex -22.968845367431641 27.667097091674805 -38.268356323242188
  endloop
 endfacet
 facet normal 0.96111381695640663 0.27615254997100258 0
  outer loop
   vertex -22.968845367431641 27.667097091674805 -38.268356323242188
   vertex -22.968845367431641 27.667097091674805 -38.009788513183594
   vertex -22.894552230834961 27.408529281616211 -38.009788513183594
  endloop
 endfacet
 facet normal 0.96111381695640663 0.27615254997100258 0
  outer loop
   vertex -22.968845367431641 27.667097091674805 -38.268356323242188
   vertex -22.894552230834961 27.408529281616211 -38.009788513183594
   vertex -22.894552230834961 27.408529281616211 -38.268356323242188
  endloop
 endfacet
 facet normal -0.81039430768848097 0.34799164825223811 -0.47134157339746541
  outer loop
   vertex -24.56414794921875 27.716249465942383 -38.268356323242188
   vertex -24.434864044189453 27.667097091674805 -38.526927947998047
   vertex -24.56414794921875 27.667097091674805 -38.304645538330078
  endloop
 endfacet
 facet normal -0.72313770642907027 0.54788205330831663 -0.42059138507958849
  outer loop
   vertex -24.56414794921875 27.667097091674805 -38.304645538330078
   vertex -24.434864044189453 27.667097091674805 -38.526927947998047
   vertex -24.56414794921875 27.496458053588867 -38.526927947998047
  endloop
 endfacet
 facet normal -0.62860708594193038 0.616907630849996 -0.47358009512926069
  outer loop
   vertex -24.56414794921875 27.667097091674805 -38.304645538330078
   vertex -24.56414794921875 27.496458053588867 -38.526927947998047
   vertex -24.650440216064453 27.408529281616211 -38.526927947998047
  endloop
 endfacet
 facet normal -0.55650587822697073 0.5461483501679959 -0.62611755055069662
  outer loop
   vertex -24.650440216064453 27.408529281616211 -38.526927947998047
   vertex -24.56414794921875 27.496458053588867 -38.526927947998047
   vertex -24.56414794921875 27.408529281616211 -38.603626251220703
  endloop
 endfacet
 facet normal -0.6004541522977852 0.42786586134323001 -0.67556318408078175
  outer loop
   vertex -24.650440216064453 27.408529281616211 -38.526927947998047
   vertex -24.56414794921875 27.408529281616211 -38.603626251220703
   vertex -24.822719573974609 27.166757583618164 -38.526927947998047
  endloop
 endfacet
 facet normal -0.59135113614167867 0.4126503655897576 -0.69283728938516675
  outer loop
   vertex -24.822719573974609 27.166757583618164 -38.526927947998047
   vertex -24.56414794921875 27.408529281616211 -38.603626251220703
   vertex -24.822719573974609 27.149957656860352 -38.536933898925781
  endloop
 endfacet
 facet normal -0.65174358689786793 0.38810117089910506 -0.65161935060604603
  outer loop
   vertex -24.822719573974609 27.166757583618164 -38.526927947998047
   vertex -24.822719573974609 27.149957656860352 -38.536933898925781
   vertex -24.832723617553711 27.149957656860352 -38.526927947998047
  endloop
 endfacet
 facet normal -0.70266275000051603 0.11277559354492445 -0.70252880742522039
  outer loop
   vertex -24.832723617553711 27.149957656860352 -38.526927947998047
   vertex -24.822719573974609 27.149957656860352 -38.536933898925781
   vertex -24.874223709106445 26.891386032104492 -38.526927947998047
  endloop
 endfacet
 facet normal -0.9349716454080228 0.15006058348544443 -0.32141848666033884
  outer loop
   vertex -24.832723617553711 27.149957656860352 -38.526927947998047
   vertex -24.874223709106445 26.891386032104492 -38.526927947998047
   vertex -24.963113784790039 26.891386032104492 -38.268356323242188
  endloop
 endfacet
 facet normal -0.94257272657753965 -0.080995173437651294 -0.32403153703302934
  outer loop
   vertex -24.963113784790039 26.891386032104492 -38.268356323242188
   vertex -24.874223709106445 26.891386032104492 -38.526927947998047
   vertex -24.940895080566406 26.632818222045898 -38.268356323242188
  endloop
 endfacet
 facet normal -0.99269684386027401 -0.085302333467058608 -0.085302333467058608
  outer loop
   vertex -24.963113784790039 26.891386032104492 -38.268356323242188
   vertex -24.940895080566406 26.632818222045898 -38.268356323242188
   vertex -24.963113784790039 26.632818222045898 -38.009788513183594
  endloop
 endfacet
 facet normal -0.96832838838441548 -0.23540709835788606 -0.083208354698076609
  outer loop
   vertex -24.963113784790039 26.632818222045898 -38.009788513183594
   vertex -24.940895080566406 26.632818222045898 -38.268356323242188
   vertex -24.900253295898438 26.374246597290039 -38.009788513183594
  endloop
 endfacet
 facet normal -0.9714823889124552 -0.23617385695076779 0.021068396378167226
  outer loop
   vertex -24.963113784790039 26.632818222045898 -38.009788513183594
   vertex -24.900253295898438 26.374246597290039 -38.009788513183594
   vertex -24.894645690917969 26.374246597290039 -37.751216888427734
  endloop
 endfacet
 facet normal -0.80932166071431488 -0.58710338903627846 0.01755164040024848
  outer loop
   vertex -24.894645690917969 26.374246597290039 -37.751216888427734
   vertex -24.900253295898438 26.374246597290039 -38.009788513183594
   vertex -24.822719573974609 26.267366409301758 -38.009788513183594
  endloop
 endfacet
 facet normal -0.78623430108263526 -0.61686283900270833 0.036274807492509858
  outer loop
   vertex -24.894645690917969 26.374246597290039 -37.751216888427734
   vertex -24.822719573974609 26.267366409301758 -38.009788513183594
   vertex -24.822719573974609 26.282571792602539 -37.751216888427734
  endloop
 endfacet
 facet normal -0.71220095419539775 -0.70076504173088872 0.041208702127957193
  outer loop
   vertex -24.822719573974609 26.282571792602539 -37.751216888427734
   vertex -24.822719573974609 26.267366409301758 -38.009788513183594
   vertex -24.658506393432617 26.115678787231445 -37.751216888427734
  endloop
 endfacet
 facet normal -0.64638031198927692 -0.63600129097962055 0.42153866980966431
  outer loop
   vertex -24.822719573974609 26.282571792602539 -37.751216888427734
   vertex -24.658506393432617 26.115678787231445 -37.751216888427734
   vertex -24.56414794921875 26.115678787231445 -37.606529235839844
  endloop
 endfacet
 facet normal -0.64212116411799136 -0.64212116411799136 0.41876105499856509
  outer loop
   vertex -24.56414794921875 26.115678787231445 -37.606529235839844
   vertex -24.658506393432617 26.115678787231445 -37.751216888427734
   vertex -24.56414794921875 26.021320343017578 -37.751216888427734
  endloop
 endfacet
 facet normal -0.62992309320999129 -0.65054287758852447 0.42425329823066643
  outer loop
   vertex -24.56414794921875 26.115678787231445 -37.606529235839844
   vertex -24.56414794921875 26.021320343017578 -37.751216888427734
   vertex -24.487449645996094 26.115678787231445 -37.492649078369141
  endloop
 endfacet
 facet normal -0.68375678216676405 -0.59639602249623258 0.42046218283173292
  outer loop
   vertex -24.487449645996094 26.115678787231445 -37.492649078369141
   vertex -24.56414794921875 26.021320343017578 -37.751216888427734
   vertex -24.420915603637695 25.857107162475586 -37.751216888427734
  endloop
 endfacet
 facet normal -0.69178837254254344 0.42889805308933709 -0.58092624976937957
  outer loop
   vertex -24.56414794921875 27.716249465942383 -38.268356323242188
   vertex -24.56414794921875 27.667097091674805 -38.304645538330078
   vertex -24.594621658325195 27.667097091674805 -38.268356323242188
  endloop
 endfacet
 facet normal -0.59554037166201146 0.62867260302609262 -0.50010241343655826
  outer loop
   vertex -24.594621658325195 27.667097091674805 -38.268356323242188
   vertex -24.56414794921875 27.667097091674805 -38.304645538330078
   vertex -24.650440216064453 27.408529281616211 -38.526927947998047
  endloop
 endfacet
 facet normal -0.57157469349209689 0.63862516534390223 -0.51522836485279899
  outer loop
   vertex -24.594621658325195 27.667097091674805 -38.268356323242188
   vertex -24.650440216064453 27.408529281616211 -38.526927947998047
   vertex -24.822719573974609 27.408529281616211 -38.335807800292969
  endloop
 endfacet
 facet normal -0.65648787509781681 0.4677938341590685 -0.59177073142587178
  outer loop
   vertex -24.822719573974609 27.408529281616211 -38.335807800292969
   vertex -24.650440216064453 27.408529281616211 -38.526927947998047
   vertex -24.822719573974609 27.166757583618164 -38.526927947998047
  endloop
 endfacet
 facet normal -0.72130157523696103 0.42952165782446194 -0.54335548494554142
  outer loop
   vertex -24.822719573974609 27.408529281616211 -38.335807800292969
   vertex -24.822719573974609 27.166757583618164 -38.526927947998047
   vertex -24.832723617553711 27.149957656860352 -38.526927947998047
  endloop
 endfacet
 facet normal 0.66741671215521026 0.33030151096296423 -0.66742478541893535
  outer loop
   vertex -23.241582870483398 27.925668716430664 -38.526927947998047
   vertex -23.113616943359375 27.667097091674805 -38.526927947998047
   vertex -23.271299362182617 27.667097091674805 -38.684608459472656
  endloop
 endfacet
 facet normal 0.65973239116971039 0.35985526851597022 -0.65974037148168785
  outer loop
   vertex -23.271299362182617 27.667097091674805 -38.684608459472656
   vertex -23.113616943359375 27.667097091674805 -38.526927947998047
   vertex -23.012729644775391 27.482137680053711 -38.526927947998047
  endloop
 endfacet
 facet normal 0.66944994298699523 0.4049528663542965 -0.62277600296266078
  outer loop
   vertex -23.271299362182617 27.667097091674805 -38.684608459472656
   vertex -23.012729644775391 27.482137680053711 -38.526927947998047
   vertex -23.012729644775391 27.408529281616211 -38.574790954589844
  endloop
 endfacet
 facet normal 0.43423784662279136 0.50538696879434919 -0.74566849493140086
  outer loop
   vertex -23.529869079589844 27.740411758422852 -38.785495758056641
   vertex -23.271299362182617 27.667097091674805 -38.684608459472656
   vertex -23.444541931152344 27.667097091674805 -38.785495758056641
  endloop
 endfacet
 facet normal 0.45520169004982325 0.426365490095444 -0.78166737825718224
  outer loop
   vertex -23.444541931152344 27.667097091674805 -38.785495758056641
   vertex -23.271299362182617 27.667097091674805 -38.684608459472656
   vertex -23.271299362182617 27.482137680053711 -38.785495758056641
  endloop
 endfacet
 facet normal 0.42973000234475101 0.40250738752393878 -0.80828208446892735
  outer loop
   vertex -23.444541931152344 27.667097091674805 -38.785495758056641
   vertex -23.271299362182617 27.482137680053711 -38.785495758056641
   vertex -23.271299362182617 27.408529281616211 -38.822151184082031
  endloop
 endfacet
 facet normal 0.5654162846697951 0.36767002652851649 -0.73832457403416107
  outer loop
   vertex -23.271299362182617 27.408529281616211 -38.822151184082031
   vertex -23.271299362182617 27.482137680053711 -38.785495758056641
   vertex -23.223434448242188 27.408529281616211 -38.785495758056641
  endloop
 endfacet
 facet normal 0.60326877189527972 0.12454958938284098 -0.7877526189359999
  outer loop
   vertex -23.271299362182617 27.408529281616211 -38.822151184082031
   vertex -23.223434448242188 27.408529281616211 -38.785495758056641
   vertex -23.271299362182617 27.149957656860352 -38.863033294677734
  endloop
 endfacet
 facet normal -0.083453678405236043 0.48159971889548325 -0.87240884585177547
  outer loop
   vertex -23.78843879699707 27.925668716430664 -38.707962036132812
   vertex -24.047008514404297 27.740411758422852 -38.785495758056641
   vertex -24.047008514404297 27.925668716430664 -38.6832275390625
  endloop
 endfacet
 facet normal -0.3835059770832363 0.44633279267439968 -0.80852347135064895
  outer loop
   vertex -24.047008514404297 27.925668716430664 -38.6832275390625
   vertex -24.047008514404297 27.740411758422852 -38.785495758056641
   vertex -24.132333755493164 27.667097091674805 -38.785495758056641
  endloop
 endfacet
 facet normal -0.47652254905831082 0.45481904717511906 -0.75237350735235664
  outer loop
   vertex -24.047008514404297 27.925668716430664 -38.6832275390625
   vertex -24.132333755493164 27.667097091674805 -38.785495758056641
   vertex -24.305578231811523 27.667097091674805 -38.675769805908203
  endloop
 endfacet
 facet normal -0.47835346169981535 0.44805557198154344 -0.7552643047940869
  outer loop
   vertex -24.305578231811523 27.667097091674805 -38.675769805908203
   vertex -24.132333755493164 27.667097091674805 -38.785495758056641
   vertex -24.305578231811523 27.482137680053711 -38.785495758056641
  endloop
 endfacet
 facet normal -0.60006882175552045 0.40814693465642249 -0.68799236106769923
  outer loop
   vertex -24.305578231811523 27.667097091674805 -38.675769805908203
   vertex -24.305578231811523 27.482137680053711 -38.785495758056641
   vertex -24.355644226074219 27.408529281616211 -38.785495758056641
  endloop
 endfacet
 facet normal -0.54814589015986981 0.37283067658598734 -0.74868776515799895
  outer loop
   vertex -24.355644226074219 27.408529281616211 -38.785495758056641
   vertex -24.305578231811523 27.482137680053711 -38.785495758056641
   vertex -24.305578231811523 27.408529281616211 -38.822151184082031
  endloop
 endfacet
 facet normal -0.58267927321468671 0.16461809129223035 -0.79585535657260442
  outer loop
   vertex -24.355644226074219 27.408529281616211 -38.785495758056641
   vertex -24.305578231811523 27.408529281616211 -38.822151184082031
   vertex -24.428695678710938 27.149957656860352 -38.785495758056641
  endloop
 endfacet
 facet normal -0.42531812124839657 0.40192696652795701 -0.81090024621735601
  outer loop
   vertex -24.047008514404297 27.925668716430664 -38.6832275390625
   vertex -24.305578231811523 27.667097091674805 -38.675769805908203
   vertex -24.305578231811523 27.925668716430664 -38.547607421875
  endloop
 endfacet
 facet normal -0.71798692886037463 0.309116393061177 -0.62365200675256005
  outer loop
   vertex -24.305578231811523 27.925668716430664 -38.547607421875
   vertex -24.305578231811523 27.667097091674805 -38.675769805908203
   vertex -24.434864044189453 27.667097091674805 -38.526927947998047
  endloop
 endfacet
 facet normal 0.4037280703832285 0.46987821834289273 -0.78499560833901727
  outer loop
   vertex -23.529869079589844 27.740411758422852 -38.785495758056641
   vertex -23.444541931152344 27.667097091674805 -38.785495758056641
   vertex -23.529869079589844 27.667097091674805 -38.829380035400391
  endloop
 endfacet
 facet normal 0.4197823529103285 0.39696641346464628 -0.81621102832912273
  outer loop
   vertex -23.529869079589844 27.667097091674805 -38.829380035400391
   vertex -23.444541931152344 27.667097091674805 -38.785495758056641
   vertex -23.271299362182617 27.408529281616211 -38.822151184082031
  endloop
 endfacet
 facet normal 0.28999305361617156 0.26427966211096182 -0.91981535595405461
  outer loop
   vertex -23.529869079589844 27.667097091674805 -38.829380035400391
   vertex -23.271299362182617 27.408529281616211 -38.822151184082031
   vertex -23.529869079589844 27.408529281616211 -38.903671264648438
  endloop
 endfacet
 facet normal 0.30043128662652363 0.040952264032246818 -0.95292389732158811
  outer loop
   vertex -23.529869079589844 27.408529281616211 -38.903671264648438
   vertex -23.271299362182617 27.408529281616211 -38.822151184082031
   vertex -23.529869079589844 27.149957656860352 -38.914783477783203
  endloop
 endfacet
 facet normal 0 0.042935746944978218 -0.99907783562356978
  outer loop
   vertex -23.529869079589844 27.408529281616211 -38.903671264648438
   vertex -23.529869079589844 27.149957656860352 -38.914783477783203
   vertex -23.78843879699707 27.149957656860352 -38.914783477783203
  endloop
 endfacet
 facet normal -0 0 -1
  outer loop
   vertex -23.78843879699707 27.149957656860352 -38.914783477783203
   vertex -23.529869079589844 27.149957656860352 -38.914783477783203
   vertex -23.78843879699707 26.891386032104492 -38.914783477783203
  endloop
 endfacet
 facet normal 0 0 -1
  outer loop
   vertex -23.78843879699707 27.149957656860352 -38.914783477783203
   vertex -23.78843879699707 26.891386032104492 -38.914783477783203
   vertex -24.047008514404297 26.891386032104492 -38.914783477783203
  endloop
 endfacet
 facet normal -0 0 -1
  outer loop
   vertex -24.047008514404297 26.891386032104492 -38.914783477783203
   vertex -23.78843879699707 26.891386032104492 -38.914783477783203
   vertex -24.047008514404297 26.632818222045898 -38.914783477783203
  endloop
 endfacet
 facet normal -0.19624827640068071 0 -0.9805542381784712
  outer loop
   vertex -24.047008514404297 26.891386032104492 -38.914783477783203
   vertex -24.047008514404297 26.632818222045898 -38.914783477783203
   vertex -24.305578231811523 26.632818222045898 -38.863033294677734
  endloop
 endfacet
 facet normal -0.19393152112910036 -0.15320277022906842 -0.96897857370877527
  outer loop
   vertex -24.305578231811523 26.632818222045898 -38.863033294677734
   vertex -24.047008514404297 26.632818222045898 -38.914783477783203
   vertex -24.305578231811523 26.374246597290039 -38.822151184082031
  endloop
 endfacet
 facet normal -0.58598942846337609 -0.12654552719012802 -0.80037654843038608
  outer loop
   vertex -24.305578231811523 26.632818222045898 -38.863033294677734
   vertex -24.305578231811523 26.374246597290039 -38.822151184082031
   vertex -24.355644226074219 26.374246597290039 -38.785495758056641
  endloop
 endfacet
 facet normal -0.54814589015986981 -0.37283067658598734 -0.74868776515799895
  outer loop
   vertex -24.355644226074219 26.374246597290039 -38.785495758056641
   vertex -24.305578231811523 26.374246597290039 -38.822151184082031
   vertex -24.305578231811523 26.300638198852539 -38.785495758056641
  endloop
 endfacet
 facet normal -0.60008361509000341 -0.40815699659249327 -0.6879734886121035
  outer loop
   vertex -24.355644226074219 26.374246597290039 -38.785495758056641
   vertex -24.305578231811523 26.300638198852539 -38.785495758056641
   vertex -24.56414794921875 26.244962692260742 -38.526927947998047
  endloop
 endfacet
 facet normal -0.58934266207755548 -0.43236894602981146 -0.68244583753174892
  outer loop
   vertex -24.56414794921875 26.244962692260742 -38.526927947998047
   vertex -24.305578231811523 26.300638198852539 -38.785495758056641
   vertex -24.46929931640625 26.115678787231445 -38.526927947998047
  endloop
 endfacet
 facet normal -0.70499709576350278 -0.51721837033618756 -0.48524658922222713
  outer loop
   vertex -24.56414794921875 26.244962692260742 -38.526927947998047
   vertex -24.46929931640625 26.115678787231445 -38.526927947998047
   vertex -24.56414794921875 26.115678787231445 -38.389125823974609
  endloop
 endfacet
 facet normal -0.66813778404860191 -0.58489787761570244 -0.45987647720585867
  outer loop
   vertex -24.56414794921875 26.115678787231445 -38.389125823974609
   vertex -24.46929931640625 26.115678787231445 -38.526927947998047
   vertex -24.420915603637695 25.857107162475586 -38.268356323242188
  endloop
 endfacet
 facet normal -0.69443992904507645 -0.58218215430242826 -0.42286773837649611
  outer loop
   vertex -24.56414794921875 26.115678787231445 -38.389125823974609
   vertex -24.420915603637695 25.857107162475586 -38.268356323242188
   vertex -24.56414794921875 26.027957916259766 -38.268356323242188
  endloop
 endfacet
 facet normal -0.76567411039590239 -0.64190117019458881 -0.041304289998268226
  outer loop
   vertex -24.56414794921875 26.027957916259766 -38.268356323242188
   vertex -24.420915603637695 25.857107162475586 -38.268356323242188
   vertex -24.434864044189453 25.857107162475586 -38.009788513183594
  endloop
 endfacet
 facet normal -0.70258777858117971 -0.70257741333062163 -0.1129397700812967
  outer loop
   vertex -24.56414794921875 26.027957916259766 -38.268356323242188
   vertex -24.434864044189453 25.857107162475586 -38.009788513183594
   vertex -24.56414794921875 25.986392974853516 -38.009788513183594
  endloop
 endfacet
 facet normal -0.70659813032583307 -0.70658770591070941 0.038116873899597371
  outer loop
   vertex -24.56414794921875 25.986392974853516 -38.009788513183594
   vertex -24.434864044189453 25.857107162475586 -38.009788513183594
   vertex -24.420915603637695 25.857107162475586 -37.751216888427734
  endloop
 endfacet
 facet normal -0.75065557798449944 -0.65474743746728603 0.088442050919116458
  outer loop
   vertex -24.56414794921875 25.986392974853516 -38.009788513183594
   vertex -24.420915603637695 25.857107162475586 -37.751216888427734
   vertex -24.56414794921875 26.021320343017578 -37.751216888427734
  endloop
 endfacet
 facet normal -0.40373562420059056 0.4698765062857958 -0.78499274811428288
  outer loop
   vertex -24.047008514404297 27.740411758422852 -38.785495758056641
   vertex -24.047008514404297 27.667097091674805 -38.829380035400391
   vertex -24.132333755493164 27.667097091674805 -38.785495758056641
  endloop
 endfacet
 facet normal -0.42041564208385485 0.39378741049454002 -0.81742410242616681
  outer loop
   vertex -24.132333755493164 27.667097091674805 -38.785495758056641
   vertex -24.047008514404297 27.667097091674805 -38.829380035400391
   vertex -24.305578231811523 27.482137680053711 -38.785495758056641
  endloop
 endfacet
 facet normal 0.59395607986706056 0.16122384504486612 0.78817704037728931
  outer loop
   vertex -23.78843879699707 27.667097091674805 -36.956470489501953
   vertex -23.78843879699707 27.408529281616211 -36.903579711914062
   vertex -23.6929931640625 27.408529281616211 -36.975505828857422
  endloop
 endfacet
 facet normal 0.59269101633838817 0.17360234038597228 0.78649830677775867
  outer loop
   vertex -23.6929931640625 27.408529281616211 -36.975505828857422
   vertex -23.78843879699707 27.408529281616211 -36.903579711914062
   vertex -23.617256164550781 27.149957656860352 -36.975505828857422
  endloop
 endfacet
 facet normal 0.65785852875766937 0.19269025020956237 0.72807460030890458
  outer loop
   vertex -23.6929931640625 27.408529281616211 -36.975505828857422
   vertex -23.617256164550781 27.149957656860352 -36.975505828857422
   vertex -23.529869079589844 27.408529281616211 -37.122898101806641
  endloop
 endfacet
 facet normal 0.50551611557065035 0.29196791971397168 0.81191636931167765
  outer loop
   vertex -23.529869079589844 27.408529281616211 -37.122898101806641
   vertex -23.617256164550781 27.149957656860352 -36.975505828857422
   vertex -23.529869079589844 27.149957656860352 -37.029914855957031
  endloop
 endfacet
 facet normal 0.49590168973359172 0.29384987293738751 0.81714978204368982
  outer loop
   vertex -23.529869079589844 27.408529281616211 -37.122898101806641
   vertex -23.529869079589844 27.149957656860352 -37.029914855957031
   vertex -23.271299362182617 27.149957656860352 -37.186832427978516
  endloop
 endfacet
 facet normal 0.49251243903588998 0.31431484565040357 0.81156495439285792
  outer loop
   vertex -23.271299362182617 27.149957656860352 -37.186832427978516
   vertex -23.529869079589844 27.149957656860352 -37.029914855957031
   vertex -23.271299362182617 26.891386032104492 -37.086688995361328
  endloop
 endfacet
 facet normal 0.70262420240679646 0.25698360943125453 0.66353496869109885
  outer loop
   vertex -23.271299362182617 27.149957656860352 -37.186832427978516
   vertex -23.271299362182617 26.891386032104492 -37.086688995361328
   vertex -23.132110595703125 26.891386032104492 -37.234077453613281
  endloop
 endfacet
 facet normal 0.69177230590664984 0.30768073782083993 0.65328679793381705
  outer loop
   vertex -23.132110595703125 26.891386032104492 -37.234077453613281
   vertex -23.271299362182617 26.891386032104492 -37.086688995361328
   vertex -23.261293411254883 26.632818222045898 -36.975505828857422
  endloop
 endfacet
 facet normal 0.84583381390402979 0.10118384644951205 0.52376233968685126
  outer loop
   vertex -23.132110595703125 26.891386032104492 -37.234077453613281
   vertex -23.261293411254883 26.632818222045898 -36.975505828857422
   vertex -23.101179122924805 26.632818222045898 -37.234077453613281
  endloop
 endfacet
 facet normal 0.84239082628544704 0.13520159625804964 0.52163035203043639
  outer loop
   vertex -23.101179122924805 26.632818222045898 -37.234077453613281
   vertex -23.261293411254883 26.632818222045898 -36.975505828857422
   vertex -23.219793319702148 26.374246597290039 -36.975505828857422
  endloop
 endfacet
 facet normal 0.89345305842979783 0.037717656738369007 0.44757011825255594
  outer loop
   vertex -23.101179122924805 26.632818222045898 -37.234077453613281
   vertex -23.219793319702148 26.374246597290039 -36.975505828857422
   vertex -23.090263366699219 26.374246597290039 -37.234077453613281
  endloop
 endfacet
 facet normal 0.88905333778165629 -0.1059867737149195 0.4453661037582437
  outer loop
   vertex -23.090263366699219 26.374246597290039 -37.234077453613281
   vertex -23.219793319702148 26.374246597290039 -36.975505828857422
   vertex -23.250617980957031 26.115678787231445 -36.975505828857422
  endloop
 endfacet
 facet normal 0.81337459556166924 0.072755158786851973 0.57717281135270981
  outer loop
   vertex -23.090263366699219 26.374246597290039 -37.234077453613281
   vertex -23.250617980957031 26.115678787231445 -36.975505828857422
   vertex -23.067134857177734 26.115678787231445 -37.234077453613281
  endloop
 endfacet
 facet normal 0.8133300529132107 0.073500040410130446 0.57714120376897637
  outer loop
   vertex -23.067134857177734 26.115678787231445 -37.234077453613281
   vertex -23.250617980957031 26.115678787231445 -36.975505828857422
   vertex -23.043767929077148 25.857107162475586 -37.234077453613281
  endloop
 endfacet
 facet normal 0.80537304970483037 0.072780971865614358 0.58828324890603279
  outer loop
   vertex -23.067134857177734 26.115678787231445 -37.234077453613281
   vertex -23.043767929077148 25.857107162475586 -37.234077453613281
   vertex -23.012729644775391 26.115678787231445 -37.308559417724609
  endloop
 endfacet
 facet normal 0.72121474234794813 0.11041285007372516 0.68385546569328515
  outer loop
   vertex -23.012729644775391 26.115678787231445 -37.308559417724609
   vertex -23.043767929077148 25.857107162475586 -37.234077453613281
   vertex -23.012729644775391 25.857107162475586 -37.266811370849609
  endloop
 endfacet
 facet normal 0.81525480728787303 0.092304433373490008 0.57169877625687804
  outer loop
   vertex -23.012729644775391 26.115678787231445 -37.308559417724609
   vertex -23.012729644775391 25.857107162475586 -37.266811370849609
   vertex -22.854360580444336 25.857107162475586 -37.492649078369141
  endloop
 endfacet
 facet normal 0.81419967419266148 -0.10528469950649029 0.57095886243615823
  outer loop
   vertex -22.854360580444336 25.857107162475586 -37.492649078369141
   vertex -23.012729644775391 25.857107162475586 -37.266811370849609
   vertex -22.887796401977539 25.598537445068359 -37.492649078369141
  endloop
 endfacet
 facet normal 0.90353549106324815 -0.11683677319616967 0.41227755798515348
  outer loop
   vertex -22.854360580444336 25.857107162475586 -37.492649078369141
   vertex -22.887796401977539 25.598537445068359 -37.492649078369141
   vertex -22.769813537597656 25.598537445068359 -37.751216888427734
  endloop
 endfacet
 facet normal 0.80957846465828653 -0.45620416827481891 0.36940555817449788
  outer loop
   vertex -22.769813537597656 25.598537445068359 -37.751216888427734
   vertex -22.887796401977539 25.598537445068359 -37.492649078369141
   vertex -22.915519714355469 25.339967727661133 -37.751216888427734
  endloop
 endfacet
 facet normal 0.86164902516421427 -0.48554636027252351 -0.14766749628697601
  outer loop
   vertex -22.769813537597656 25.598537445068359 -37.751216888427734
   vertex -22.915519714355469 25.339967727661133 -37.751216888427734
   vertex -22.814126968383789 25.598537445068359 -38.009788513183594
  endloop
 endfacet
 facet normal 0.91174008971859277 -0.4076920480850616 -0.05017173236136422
  outer loop
   vertex -22.814126968383789 25.598537445068359 -38.009788513183594
   vertex -22.915519714355469 25.339967727661133 -37.751216888427734
   vertex -22.92974853515625 25.339967727661133 -38.009788513183594
  endloop
 endfacet
 facet normal 0.88672229532378533 -0.39650513643073465 -0.23771253176844151
  outer loop
   vertex -22.814126968383789 25.598537445068359 -38.009788513183594
   vertex -22.92974853515625 25.339967727661133 -38.009788513183594
   vertex -22.883443832397461 25.598537445068359 -38.268356323242188
  endloop
 endfacet
 facet normal 0.89696162014550784 -0.38243852473743589 -0.22181214300078195
  outer loop
   vertex -22.883443832397461 25.598537445068359 -38.268356323242188
   vertex -22.92974853515625 25.339967727661133 -38.009788513183594
   vertex -22.993690490722656 25.339967727661133 -38.268356323242188
  endloop
 endfacet
 facet normal 0.85636591812256213 -0.36512969006308571 -0.36512699669092702
  outer loop
   vertex -22.883443832397461 25.598537445068359 -38.268356323242188
   vertex -22.993690490722656 25.339967727661133 -38.268356323242188
   vertex -22.993690490722656 25.598537445068359 -38.526927947998047
  endloop
 endfacet
 facet normal 0.75710586650141176 -0.46194905299947575 -0.46194564544114258
  outer loop
   vertex -22.993690490722656 25.598537445068359 -38.526927947998047
   vertex -22.993690490722656 25.339967727661133 -38.268356323242188
   vertex -23.012729644775391 25.339967727661133 -38.299560546875
  endloop
 endfacet
 facet normal 0.75708730632582788 -0.46196255833146366 -0.46196255833146366
  outer loop
   vertex -22.993690490722656 25.598537445068359 -38.526927947998047
   vertex -23.012729644775391 25.339967727661133 -38.299560546875
   vertex -23.012729644775391 25.56733512878418 -38.526927947998047
  endloop
 endfacet
 facet normal 0.55373279399780306 -0.58880386923464867 -0.58880386923464867
  outer loop
   vertex -23.012729644775391 25.56733512878418 -38.526927947998047
   vertex -23.012729644775391 25.339967727661133 -38.299560546875
   vertex -23.254497528076172 25.339967727661133 -38.526927947998047
  endloop
 endfacet
 facet normal 0.44945103654051255 -0.47791734969489125 -0.75471105239904213
  outer loop
   vertex -23.012729644775391 25.56733512878418 -38.526927947998047
   vertex -23.254497528076172 25.339967727661133 -38.526927947998047
   vertex -23.271299362182617 25.339967727661133 -38.536933898925781
  endloop
 endfacet
 facet normal 0.38806374862079546 -0.65175473052442079 -0.65163049210838486
  outer loop
   vertex -23.271299362182617 25.339967727661133 -38.536933898925781
   vertex -23.254497528076172 25.339967727661133 -38.526927947998047
   vertex -23.271299362182617 25.329963684082031 -38.526927947998047
  endloop
 endfacet
 facet normal 0 -0.7071741792493953 -0.70703937669902372
  outer loop
   vertex -23.271299362182617 25.339967727661133 -38.536933898925781
   vertex -23.271299362182617 25.329963684082031 -38.526927947998047
   vertex -23.529869079589844 25.339967727661133 -38.536933898925781
  endloop
 endfacet
 facet normal -0 -0.7071741792493953 -0.70703937669902372
  outer loop
   vertex -23.529869079589844 25.339967727661133 -38.536933898925781
   vertex -23.271299362182617 25.329963684082031 -38.526927947998047
   vertex -23.529869079589844 25.329963684082031 -38.526927947998047
  endloop
 endfacet
 facet normal -0.31863344396638071 -0.67031485619161957 -0.6701870798179651
  outer loop
   vertex -23.529869079589844 25.339967727661133 -38.536933898925781
   vertex -23.529869079589844 25.329963684082031 -38.526927947998047
   vertex -23.550914764404297 25.339967727661133 -38.526927947998047
  endloop
 endfacet
 facet normal -0.35496549199348537 -0.74674723329954584 -0.56246606035679769
  outer loop
   vertex -23.550914764404297 25.339967727661133 -38.526927947998047
   vertex -23.529869079589844 25.329963684082031 -38.526927947998047
   vertex -23.78843879699707 25.339967727661133 -38.377029418945312
  endloop
 endfacet
 facet normal -0.35939031040650082 -0.73927938593686637 -0.56947747480890643
  outer loop
   vertex -23.550914764404297 25.339967727661133 -38.526927947998047
   vertex -23.78843879699707 25.339967727661133 -38.377029418945312
   vertex -23.78843879699707 25.455436706542969 -38.526927947998047
  endloop
 endfacet
 facet normal -0.52091465819457328 -0.67623652500886233 -0.52091465819457328
  outer loop
   vertex -23.78843879699707 25.455436706542969 -38.526927947998047
   vertex -23.78843879699707 25.339967727661133 -38.377029418945312
   vertex -23.897111892700195 25.339967727661133 -38.268356323242188
  endloop
 endfacet
 facet normal -0.50879610924096197 -0.6859682871993612 -0.52016730787125964
  outer loop
   vertex -23.78843879699707 25.455436706542969 -38.526927947998047
   vertex -23.897111892700195 25.339967727661133 -38.268356323242188
   vertex -24.047008514404297 25.451148986816406 -38.268356323242188
  endloop
 endfacet
 facet normal -0.5576280489262162 -0.75180440783418367 -0.35191062986479082
  outer loop
   vertex -24.047008514404297 25.451148986816406 -38.268356323242188
   vertex -23.897111892700195 25.339967727661133 -38.268356323242188
   vertex -24.047008514404297 25.339967727661133 -38.030834197998047
  endloop
 endfacet
 facet normal -0.66552879296721679 -0.67598123168638957 -0.31641871016005246
  outer loop
   vertex -24.047008514404297 25.451148986816406 -38.268356323242188
   vertex -24.047008514404297 25.339967727661133 -38.030834197998047
   vertex -24.057014465332031 25.339967727661133 -38.009788513183594
  endloop
 endfacet
 facet normal -0.6701870798179651 -0.67031485619161957 -0.31863344396638071
  outer loop
   vertex -24.057014465332031 25.339967727661133 -38.009788513183594
   vertex -24.047008514404297 25.339967727661133 -38.030834197998047
   vertex -24.047008514404297 25.329963684082031 -38.009788513183594
  endloop
 endfacet
 facet normal -0.015035891915607823 0.057920273386183239 0.99820797626805802
  outer loop
   vertex -24.305578231811523 27.667097091674805 -36.861225128173828
   vertex -24.305578231811523 27.408529281616211 -36.846221923828125
   vertex -24.047008514404297 27.667097091674805 -36.857330322265625
  endloop
 endfacet
 facet normal -0 0.042921666800863706 0.99907844062367579
  outer loop
   vertex -24.047008514404297 27.667097091674805 -36.857330322265625
   vertex -24.305578231811523 27.408529281616211 -36.846221923828125
   vertex -24.047008514404297 27.408529281616211 -36.846221923828125
  endloop
 endfacet
 facet normal -0.16065033161657163 0.20555854999297177 0.96536892091897819
  outer loop
   vertex -24.56414794921875 27.667097091674805 -36.901279449462891
   vertex -24.822719573974609 27.408529281616211 -36.889251708984375
   vertex -24.56414794921875 27.408529281616211 -36.846221923828125
  endloop
 endfacet
 facet normal -0.16245518508546553 -0.14357409043590477 0.97621452222057714
  outer loop
   vertex -24.56414794921875 27.408529281616211 -36.846221923828125
   vertex -24.822719573974609 27.408529281616211 -36.889251708984375
   vertex -24.56414794921875 27.149957656860352 -36.884250640869141
  endloop
 endfacet
 facet normal 0.57248765336452123 0.43378366889478909 0.69576548875706656
  outer loop
   vertex -23.394748687744141 27.408529281616211 -37.234077453613281
   vertex -23.529869079589844 27.586854934692383 -37.234077453613281
   vertex -23.529869079589844 27.408529281616211 -37.122898101806641
  endloop
 endfacet
 facet normal 0.60847122933642128 0.41984959019082257 0.67341598190600049
  outer loop
   vertex -23.529869079589844 27.408529281616211 -37.122898101806641
   vertex -23.529869079589844 27.586854934692383 -37.234077453613281
   vertex -23.6929931640625 27.408529281616211 -36.975505828857422
  endloop
 endfacet
 facet normal -0.90905134817088085 0.043862647554249311 0.41436905596127199
  outer loop
   vertex -25.081289291381836 27.667097091674805 -37.160675048828125
   vertex -25.114748001098633 27.667097091674805 -37.234077453613281
   vertex -25.081289291381836 27.408529281616211 -37.133304595947266
  endloop
 endfacet
 facet normal -0.85604007493011236 0.087761094105947762 0.5094049278079027
  outer loop
   vertex -25.081289291381836 27.408529281616211 -37.133304595947266
   vertex -25.114748001098633 27.667097091674805 -37.234077453613281
   vertex -25.141256332397461 27.408529281616211 -37.234077453613281
  endloop
 endfacet
 facet normal -0.79073521757459542 -0.39156899103079662 0.47054387781627888
  outer loop
   vertex -25.081289291381836 27.408529281616211 -37.133304595947266
   vertex -25.141256332397461 27.408529281616211 -37.234077453613281
   vertex -25.081289291381836 27.287431716918945 -37.234077453613281
  endloop
 endfacet
 facet normal 0.65481812752053004 0.37740801910233784 0.65481020684451496
  outer loop
   vertex -23.271299362182617 27.408529281616211 -37.334964752197266
   vertex -23.113616943359375 27.408529281616211 -37.492649078369141
   vertex -23.271299362182617 27.667097091674805 -37.483993530273438
  endloop
 endfacet
 facet normal 0.64346804590283146 0.36997371601528573 0.67012560267447807
  outer loop
   vertex -23.271299362182617 27.667097091674805 -37.483993530273438
   vertex -23.113616943359375 27.408529281616211 -37.492649078369141
   vertex -23.262285232543945 27.667097091674805 -37.492649078369141
  endloop
 endfacet
 facet normal -0.80338059141217932 0.52786181061394166 -0.27557491583521954
  outer loop
   vertex -25.081289291381836 27.667097091674805 -37.708156585693359
   vertex -25.066518783569336 27.667097091674805 -37.751216888427734
   vertex -25.081289291381836 27.644617080688477 -37.751216888427734
  endloop
 endfacet
 facet normal -0.69000603578419406 0.4533689751495672 -0.56422357532560863
  outer loop
   vertex -25.081289291381836 27.644617080688477 -37.751216888427734
   vertex -25.066518783569336 27.667097091674805 -37.751216888427734
   vertex -25.024974822998047 27.408529281616211 -38.009788513183594
  endloop
 endfacet
 facet normal -0.78239182332178903 0.36558471977489865 -0.50419326400331377
  outer loop
   vertex -25.081289291381836 27.644617080688477 -37.751216888427734
   vertex -25.024974822998047 27.408529281616211 -38.009788513183594
   vertex -25.081289291381836 27.408529281616211 -37.922401428222656
  endloop
 endfacet
 facet normal -0.82487965940610453 0.19236203039274957 -0.53157351021401333
  outer loop
   vertex -25.081289291381836 27.408529281616211 -37.922401428222656
   vertex -25.024974822998047 27.408529281616211 -38.009788513183594
   vertex -25.081289291381836 27.167043685913086 -38.009788513183594
  endloop
 endfacet
 facet normal -0.82122012142977041 0.19416657927977826 -0.53656020319220721
  outer loop
   vertex -25.081289291381836 27.408529281616211 -37.922401428222656
   vertex -25.081289291381836 27.167043685913086 -38.009788513183594
   vertex -25.085329055786133 27.149957656860352 -38.009788513183594
  endloop
 endfacet
 facet normal -0.85398649885801114 0.20191375358129801 -0.47951839994201156
  outer loop
   vertex -25.085329055786133 27.149957656860352 -38.009788513183594
   vertex -25.081289291381836 27.167043685913086 -38.009788513183594
   vertex -25.081289291381836 27.149957656860352 -38.016983032226562
  endloop
 endfacet
 facet normal -0.84731402641998677 -0.23600882534949133 -0.4757717677512015
  outer loop
   vertex -25.085329055786133 27.149957656860352 -38.009788513183594
   vertex -25.081289291381836 27.149957656860352 -38.016983032226562
   vertex -25.081289291381836 27.135454177856445 -38.009788513183594
  endloop
 endfacet
 facet normal -0.87513714878610716 -0.21502623509310573 -0.43347282387274017
  outer loop
   vertex -25.081289291381836 27.135454177856445 -38.009788513183594
   vertex -25.081289291381836 27.149957656860352 -38.016983032226562
   vertex -25.021320343017578 26.891386032104492 -38.009788513183594
  endloop
 endfacet
 facet normal -0.94459806749786679 -0.23209318266516957 -0.23209318266516957
  outer loop
   vertex -25.081289291381836 27.135454177856445 -38.009788513183594
   vertex -25.021320343017578 26.891386032104492 -38.009788513183594
   vertex -25.081289291381836 26.891386032104492 -37.765720367431641
  endloop
 endfacet
 facet normal -0.90033823271405233 -0.37477131218846993 -0.22121828648163142
  outer loop
   vertex -25.081289291381836 26.891386032104492 -37.765720367431641
   vertex -25.021320343017578 26.891386032104492 -38.009788513183594
   vertex -24.977222442626953 26.632818222045898 -37.751216888427734
  endloop
 endfacet
 facet normal -0.90525214377845165 -0.37549196594669293 -0.19880729285920382
  outer loop
   vertex -25.081289291381836 26.891386032104492 -37.765720367431641
   vertex -24.977222442626953 26.632818222045898 -37.751216888427734
   vertex -25.081289291381836 26.883707046508789 -37.751216888427734
  endloop
 endfacet
 facet normal -0.89310040383112621 -0.37045151312495306 0.25522018944454949
  outer loop
   vertex -25.081289291381836 26.883707046508789 -37.751216888427734
   vertex -24.977222442626953 26.632818222045898 -37.751216888427734
   vertex -25.010583877563477 26.891386032104492 -37.492649078369141
  endloop
 endfacet
 facet normal -0.87203342142914142 -0.42022381017713145 0.25093756448726362
  outer loop
   vertex -25.081289291381836 26.883707046508789 -37.751216888427734
   vertex -25.010583877563477 26.891386032104492 -37.492649078369141
   vertex -25.081289291381836 26.891386032104492 -37.738357543945312
  endloop
 endfacet
 facet normal -0.86151537563975844 -0.44309305420619688 0.24791087682977944
  outer loop
   vertex -25.081289291381836 26.891386032104492 -37.738357543945312
   vertex -25.010583877563477 26.891386032104492 -37.492649078369141
   vertex -25.081289291381836 27.028860092163086 -37.492649078369141
  endloop
 endfacet
 facet normal -0.8697352891551321 -0.43068951789316984 0.24097108950076934
  outer loop
   vertex -25.081289291381836 26.891386032104492 -37.738357543945312
   vertex -25.081289291381836 27.028860092163086 -37.492649078369141
   vertex -25.141256332397461 27.149957656860352 -37.492649078369141
  endloop
 endfacet
 facet normal -0.81911144227119292 -0.4056207866594157 0.4056207866594157
  outer loop
   vertex -25.141256332397461 27.149957656860352 -37.492649078369141
   vertex -25.081289291381836 27.028860092163086 -37.492649078369141
   vertex -25.081289291381836 27.149957656860352 -37.371551513671875
  endloop
 endfacet
 facet normal -0.91665000004618791 0.3543133885036906 -0.18497243076295611
  outer loop
   vertex -25.081289291381836 27.667097091674805 -37.708156585693359
   vertex -25.081289291381836 27.644617080688477 -37.751216888427734
   vertex -25.172544479370117 27.408529281616211 -37.751216888427734
  endloop
 endfacet
 facet normal -0.83519688096009415 0.32282925538185092 -0.4452274047092451
  outer loop
   vertex -25.172544479370117 27.408529281616211 -37.751216888427734
   vertex -25.081289291381836 27.644617080688477 -37.751216888427734
   vertex -25.081289291381836 27.408529281616211 -37.922401428222656
  endloop
 endfacet
 facet normal -0.86956310638662815 0.17024638459431068 -0.46354737896336307
  outer loop
   vertex -25.172544479370117 27.408529281616211 -37.751216888427734
   vertex -25.081289291381836 27.408529281616211 -37.922401428222656
   vertex -25.085329055786133 27.149957656860352 -38.009788513183594
  endloop
 endfacet
 facet normal 0.83702158904143487 0.41451606257957024 0.35717123812267004
  outer loop
   vertex -22.952760696411133 27.408529281616211 -37.751216888427734
   vertex -23.012729644775391 27.667097091674805 -37.910762786865234
   vertex -23.012729644775391 27.529623031616211 -37.751216888427734
  endloop
 endfacet
 facet normal 0.81855887401781213 0.43516177889644969 0.37496079255619391
  outer loop
   vertex -23.012729644775391 27.529623031616211 -37.751216888427734
   vertex -23.012729644775391 27.667097091674805 -37.910762786865234
   vertex -23.085813522338867 27.667097091674805 -37.751216888427734
  endloop
 endfacet
 facet normal -0.73719163042806624 0.41487829409170912 -0.5333146361373956
  outer loop
   vertex -25.066518783569336 27.667097091674805 -37.751216888427734
   vertex -24.879457473754883 27.667097091674805 -38.009788513183594
   vertex -25.024974822998047 27.408529281616211 -38.009788513183594
  endloop
 endfacet
 facet normal -0.77423999810691801 0.43572845427673346 -0.45901322362760766
  outer loop
   vertex -25.024974822998047 27.408529281616211 -38.009788513183594
   vertex -24.879457473754883 27.667097091674805 -38.009788513183594
   vertex -24.871681213378906 27.408529281616211 -38.268356323242188
  endloop
 endfacet
 facet normal -0.8206241753248269 0.29980270518649738 -0.48651238507904998
  outer loop
   vertex -25.024974822998047 27.408529281616211 -38.009788513183594
   vertex -24.871681213378906 27.408529281616211 -38.268356323242188
   vertex -24.966146469116211 27.149957656860352 -38.268356323242188
  endloop
 endfacet
 facet normal -0.84523720945021841 0.30879470717171686 -0.4361420509232527
  outer loop
   vertex -24.966146469116211 27.149957656860352 -38.268356323242188
   vertex -24.871681213378906 27.408529281616211 -38.268356323242188
   vertex -24.832723617553711 27.149957656860352 -38.526927947998047
  endloop
 endfacet
 facet normal -0.88861926912980704 -0.010422263974126206 -0.45852717579753233
  outer loop
   vertex -24.966146469116211 27.149957656860352 -38.268356323242188
   vertex -24.832723617553711 27.149957656860352 -38.526927947998047
   vertex -24.963113784790039 26.891386032104492 -38.268356323242188
  endloop
 endfacet
 facet normal -0.52567790355609278 0.60152420637613213 -0.60152420637613213
  outer loop
   vertex -24.822719573974609 27.667097091674805 -38.069019317626953
   vertex -24.594621658325195 27.667097091674805 -38.268356323242188
   vertex -24.822719573974609 27.46776008605957 -38.268356323242188
  endloop
 endfacet
 facet normal -0.54889963757487781 0.62809643821588423 -0.55154696279708371
  outer loop
   vertex -24.822719573974609 27.46776008605957 -38.268356323242188
   vertex -24.594621658325195 27.667097091674805 -38.268356323242188
   vertex -24.822719573974609 27.408529281616211 -38.335807800292969
  endloop
 endfacet
 facet normal -0.6726409657338509 0.55602156213009446 -0.4882562377103255
  outer loop
   vertex -24.822719573974609 27.46776008605957 -38.268356323242188
   vertex -24.822719573974609 27.408529281616211 -38.335807800292969
   vertex -24.871681213378906 27.408529281616211 -38.268356323242188
  endloop
 endfacet
 facet normal -0.73367492321427807 0.42202067750983885 -0.53255953169637249
  outer loop
   vertex -24.871681213378906 27.408529281616211 -38.268356323242188
   vertex -24.822719573974609 27.408529281616211 -38.335807800292969
   vertex -24.832723617553711 27.149957656860352 -38.526927947998047
  endloop
 endfacet
 facet normal -0.65003398498808607 0.53733407595299054 -0.53733407595299054
  outer loop
   vertex -24.822719573974609 27.46776008605957 -38.268356323242188
   vertex -24.871681213378906 27.408529281616211 -38.268356323242188
   vertex -24.822719573974609 27.667097091674805 -38.069019317626953
  endloop
 endfacet
 facet normal -0.59992437035941781 0.55663242888593134 -0.57467476798742845
  outer loop
   vertex -24.822719573974609 27.667097091674805 -38.069019317626953
   vertex -24.871681213378906 27.408529281616211 -38.268356323242188
   vertex -24.879457473754883 27.667097091674805 -38.009788513183594
  endloop
 endfacet
 facet normal 0.91981246731650124 0.26428561723204569 -0.2899967887639569
  outer loop
   vertex -22.97607421875 27.408529281616211 -38.526927947998047
   vertex -22.968845367431641 27.667097091674805 -38.268356323242188
   vertex -22.894552230834961 27.408529281616211 -38.268356323242188
  endloop
 endfacet
 facet normal 0.64244699792216708 0.41776034962833702 -0.64244699792216708
  outer loop
   vertex -23.223434448242188 27.408529281616211 -38.785495758056641
   vertex -23.271299362182617 27.482137680053711 -38.785495758056641
   vertex -23.012729644775391 27.408529281616211 -38.574790954589844
  endloop
 endfacet
 facet normal 0.64840026626025304 0.364550905643727 -0.66834102964577258
  outer loop
   vertex -23.012729644775391 27.408529281616211 -38.574790954589844
   vertex -23.271299362182617 27.482137680053711 -38.785495758056641
   vertex -23.271299362182617 27.667097091674805 -38.684608459472656
  endloop
 endfacet
 facet normal -0.69494864228437836 0.39072281535375541 -0.6036406763540163
  outer loop
   vertex -24.305578231811523 27.667097091674805 -38.675769805908203
   vertex -24.355644226074219 27.408529281616211 -38.785495758056641
   vertex -24.434864044189453 27.667097091674805 -38.526927947998047
  endloop
 endfacet
 facet normal -0.57543020174987558 0.48340025407037912 -0.65970014194237558
  outer loop
   vertex -24.434864044189453 27.667097091674805 -38.526927947998047
   vertex -24.355644226074219 27.408529281616211 -38.785495758056641
   vertex -24.56414794921875 27.408529281616211 -38.603626251220703
  endloop
 endfacet
 facet normal -0.65533794420554947 0.49651386629415806 -0.56921538934051241
  outer loop
   vertex -24.434864044189453 27.667097091674805 -38.526927947998047
   vertex -24.56414794921875 27.408529281616211 -38.603626251220703
   vertex -24.56414794921875 27.496458053588867 -38.526927947998047
  endloop
 endfacet
 facet normal 0.041269425182140815 0.27591073949536282 -0.9602968803324613
  outer loop
   vertex -23.529869079589844 27.667097091674805 -38.829380035400391
   vertex -23.529869079589844 27.408529281616211 -38.903671264648438
   vertex -23.78843879699707 27.408529281616211 -38.914783477783203
  endloop
 endfacet
 facet normal 0.042936063078161203 0 -0.99907782203757689
  outer loop
   vertex -23.78843879699707 27.408529281616211 -38.914783477783203
   vertex -23.529869079589844 27.408529281616211 -38.903671264648438
   vertex -23.78843879699707 27.149957656860352 -38.914783477783203
  endloop
 endfacet
 facet normal 0 0 -1
  outer loop
   vertex -23.78843879699707 27.408529281616211 -38.914783477783203
   vertex -23.78843879699707 27.149957656860352 -38.914783477783203
   vertex -24.047008514404297 27.149957656860352 -38.914783477783203
  endloop
 endfacet
 facet normal -0 0 -1
  outer loop
   vertex -24.047008514404297 27.149957656860352 -38.914783477783203
   vertex -23.78843879699707 27.149957656860352 -38.914783477783203
   vertex -24.047008514404297 26.891386032104492 -38.914783477783203
  endloop
 endfacet
 facet normal -0.19624827640068074 0 -0.98055423817847132
  outer loop
   vertex -24.047008514404297 27.149957656860352 -38.914783477783203
   vertex -24.047008514404297 26.891386032104492 -38.914783477783203
   vertex -24.305578231811523 26.891386032104492 -38.863033294677734
  endloop
 endfacet
 facet normal -0.19624827640068071 0 -0.9805542381784712
  outer loop
   vertex -24.305578231811523 26.891386032104492 -38.863033294677734
   vertex -24.047008514404297 26.891386032104492 -38.914783477783203
   vertex -24.305578231811523 26.632818222045898 -38.863033294677734
  endloop
 endfacet
 facet normal -0.5329074890049782 0 -0.84617350948987347
  outer loop
   vertex -24.305578231811523 26.891386032104492 -38.863033294677734
   vertex -24.305578231811523 26.632818222045898 -38.863033294677734
   vertex -24.428695678710938 26.632818222045898 -38.785495758056641
  endloop
 endfacet
 facet normal -0.52696848161149867 -0.14887872214065767 -0.83674329724344754
  outer loop
   vertex -24.428695678710938 26.632818222045898 -38.785495758056641
   vertex -24.305578231811523 26.632818222045898 -38.863033294677734
   vertex -24.355644226074219 26.374246597290039 -38.785495758056641
  endloop
 endfacet
 facet normal -0.42594507509387602 0.40330601654730325 -0.80988582529886177
  outer loop
   vertex -24.305578231811523 27.482137680053711 -38.785495758056641
   vertex -24.047008514404297 27.667097091674805 -38.829380035400391
   vertex -24.305578231811523 27.408529281616211 -38.822151184082031
  endloop
 endfacet
 facet normal 0.46939862389733983 0.065822453537910081 0.8805295772962618
  outer loop
   vertex -23.78843879699707 27.408529281616211 -36.903579711914062
   vertex -23.78843879699707 27.149957656860352 -36.884250640869141
   vertex -23.617256164550781 27.149957656860352 -36.975505828857422
  endloop
 endfacet
 facet normal 0.44424545012282424 0.32890904532541476 0.83334555854596926
  outer loop
   vertex -23.617256164550781 27.149957656860352 -36.975505828857422
   vertex -23.78843879699707 27.149957656860352 -36.884250640869141
   vertex -23.529869079589844 27.031927108764648 -36.975505828857422
  endloop
 endfacet
 facet normal 0.49220137789606822 0.36441450388943897 0.79053138644346421
  outer loop
   vertex -23.617256164550781 27.149957656860352 -36.975505828857422
   vertex -23.529869079589844 27.031927108764648 -36.975505828857422
   vertex -23.529869079589844 27.149957656860352 -37.029914855957031
  endloop
 endfacet
 facet normal 0.50419921251363131 0.361528434856213 0.7842705814264942
  outer loop
   vertex -23.529869079589844 27.149957656860352 -37.029914855957031
   vertex -23.529869079589844 27.031927108764648 -36.975505828857422
   vertex -23.429096221923828 26.891386032104492 -36.975505828857422
  endloop
 endfacet
 facet normal 0.53543137491470894 0.3685748826733472 0.75991170448893131
  outer loop
   vertex -23.529869079589844 27.149957656860352 -37.029914855957031
   vertex -23.429096221923828 26.891386032104492 -36.975505828857422
   vertex -23.271299362182617 26.891386032104492 -37.086688995361328
  endloop
 endfacet
 facet normal 0.53794315535657977 0.35738035160848952 0.76347655228513689
  outer loop
   vertex -23.271299362182617 26.891386032104492 -37.086688995361328
   vertex -23.429096221923828 26.891386032104492 -36.975505828857422
   vertex -23.271299362182617 26.653863906860352 -36.975505828857422
  endloop
 endfacet
 facet normal 0.66553401005988233 0.31642119057224422 0.67597493415840204
  outer loop
   vertex -23.271299362182617 26.891386032104492 -37.086688995361328
   vertex -23.271299362182617 26.653863906860352 -36.975505828857422
   vertex -23.261293411254883 26.632818222045898 -36.975505828857422
  endloop
 endfacet
 facet normal 0.67012965803863833 0.31860614338142984 0.67038523761836322
  outer loop
   vertex -23.261293411254883 26.632818222045898 -36.975505828857422
   vertex -23.271299362182617 26.653863906860352 -36.975505828857422
   vertex -23.271299362182617 26.632818222045898 -36.965503692626953
  endloop
 endfacet
 facet normal 0.70246436828457182 0.11274375378144752 0.70273227994295651
  outer loop
   vertex -23.261293411254883 26.632818222045898 -36.975505828857422
   vertex -23.271299362182617 26.632818222045898 -36.965503692626953
   vertex -23.219793319702148 26.374246597290039 -36.975505828857422
  endloop
 endfacet
 facet normal 0.70257028297265434 0.11276910485059476 0.70262232136114211
  outer loop
   vertex -23.219793319702148 26.374246597290039 -36.975505828857422
   vertex -23.271299362182617 26.632818222045898 -36.965503692626953
   vertex -23.271299362182617 26.374246597290039 -36.924003601074219
  endloop
 endfacet
 facet normal 0.70458187435946573 -0.083995365078658984 0.70463406174368615
  outer loop
   vertex -23.219793319702148 26.374246597290039 -36.975505828857422
   vertex -23.271299362182617 26.374246597290039 -36.924003601074219
   vertex -23.250617980957031 26.115678787231445 -36.975505828857422
  endloop
 endfacet
 facet normal 0 -0.042921034745698389 0.99907846777736053
  outer loop
   vertex -24.305578231811523 27.408529281616211 -36.846221923828125
   vertex -24.305578231811523 27.149957656860352 -36.857330322265625
   vertex -24.047008514404297 27.408529281616211 -36.846221923828125
  endloop
 endfacet
 facet normal -0.042921350770956303 0 0.9990784542006681
  outer loop
   vertex -24.047008514404297 27.408529281616211 -36.846221923828125
   vertex -24.305578231811523 27.149957656860352 -36.857330322265625
   vertex -24.047008514404297 27.149957656860352 -36.846221923828125
  endloop
 endfacet
 facet normal -0.32158415278526487 -0.29577592088275151 0.89949999294238114
  outer loop
   vertex -24.822719573974609 27.153570175170898 -36.975505828857422
   vertex -24.81939697265625 27.149957656860352 -36.975505828857422
   vertex -24.56414794921875 27.149957656860352 -36.884250640869141
  endloop
 endfacet
 facet normal -0.30787555598033695 -0.40450379362543798 0.86115580644412282
  outer loop
   vertex -24.56414794921875 27.149957656860352 -36.884250640869141
   vertex -24.81939697265625 27.149957656860352 -36.975505828857422
   vertex -24.56414794921875 26.955682754516602 -36.975505828857422
  endloop
 endfacet
 facet normal -0.39126390358531915 -0.39126101743463548 0.83296300877481466
  outer loop
   vertex -24.56414794921875 27.149957656860352 -36.884250640869141
   vertex -24.56414794921875 26.955682754516602 -36.975505828857422
   vertex -24.305578231811523 26.891386032104492 -36.884250640869141
  endloop
 endfacet
 facet normal -0.32087088087009347 -0.30351854983308751 0.89717242920013429
  outer loop
   vertex -24.56414794921875 27.149957656860352 -36.884250640869141
   vertex -24.822719573974609 27.408529281616211 -36.889251708984375
   vertex -24.822719573974609 27.153570175170898 -36.975505828857422
  endloop
 endfacet
 facet normal -0.54124818450664858 -0.26946605630885651 0.79651644506915797
  outer loop
   vertex -24.822719573974609 27.153570175170898 -36.975505828857422
   vertex -24.822719573974609 27.408529281616211 -36.889251708984375
   vertex -24.949653625488281 27.408529281616211 -36.975505828857422
  endloop
 endfacet
 facet normal 0.58879496398905662 0.39152969842512642 0.70712444847583589
  outer loop
   vertex -23.214559555053711 27.149957656860352 -37.234077453613281
   vertex -23.271299362182617 27.235284805297852 -37.234077453613281
   vertex -23.271299362182617 27.149957656860352 -37.186832427978516
  endloop
 endfacet
 facet normal 0.57385634575109679 0.39669993358916072 0.71646218122909544
  outer loop
   vertex -23.271299362182617 27.149957656860352 -37.186832427978516
   vertex -23.271299362182617 27.235284805297852 -37.234077453613281
   vertex -23.529869079589844 27.408529281616211 -37.122898101806641
  endloop
 endfacet
 facet normal 0.57881803724496184 0.41245006963124148 0.70345903919210129
  outer loop
   vertex -23.271299362182617 27.235284805297852 -37.234077453613281
   vertex -23.394748687744141 27.408529281616211 -37.234077453613281
   vertex -23.529869079589844 27.408529281616211 -37.122898101806641
  endloop
 endfacet
 facet normal -0.74087673647648167 -0.42961728359274104 0.51626606608061343
  outer loop
   vertex -25.081289291381836 27.408529281616211 -37.133304595947266
   vertex -25.081289291381836 27.287431716918945 -37.234077453613281
   vertex -24.822719573974609 27.149957656860352 -36.977413177490234
  endloop
 endfacet
 facet normal 0.73833915177569431 0.367658232337288 0.56540491786839708
  outer loop
   vertex -22.97607421875 27.149957656860352 -37.492649078369141
   vertex -23.012729644775391 27.223569869995117 -37.492649078369141
   vertex -23.012729644775391 27.149957656860352 -37.444782257080078
  endloop
 endfacet
 facet normal 0.65859375303975742 0.41021677018980529 0.63085376269944793
  outer loop
   vertex -23.012729644775391 27.149957656860352 -37.444782257080078
   vertex -23.012729644775391 27.223569869995117 -37.492649078369141
   vertex -23.214559555053711 27.149957656860352 -37.234077453613281
  endloop
 endfacet
 facet normal 0.70373556499627243 0.2243953297146325 0.67409420006527165
  outer loop
   vertex -23.012729644775391 27.149957656860352 -37.444782257080078
   vertex -23.214559555053711 27.149957656860352 -37.234077453613281
   vertex -23.132110595703125 26.891386032104492 -37.234077453613281
  endloop
 endfacet
 facet normal 0.62696232422578213 0.19991517334219411 0.75296226164992197
  outer loop
   vertex -23.132110595703125 26.891386032104492 -37.234077453613281
   vertex -23.214559555053711 27.149957656860352 -37.234077453613281
   vertex -23.271299362182617 27.149957656860352 -37.186832427978516
  endloop
 endfacet
 facet normal 0.6478199072144698 0.43077938572550178 0.62829808900759454
  outer loop
   vertex -23.271299362182617 27.235284805297852 -37.234077453613281
   vertex -23.214559555053711 27.149957656860352 -37.234077453613281
   vertex -23.012729644775391 27.223569869995117 -37.492649078369141
  endloop
 endfacet
 facet normal -0.99156336636683562 0.0093037236624125136 0.12928855790549251
  outer loop
   vertex -25.141256332397461 27.149957656860352 -37.492649078369141
   vertex -25.172544479370117 27.408529281616211 -37.751216888427734
   vertex -25.174970626831055 27.149957656860352 -37.751216888427734
  endloop
 endfacet
 facet normal -0.94479521850974202 0.0088649035742324172 -0.3275414608347289
  outer loop
   vertex -25.174970626831055 27.149957656860352 -37.751216888427734
   vertex -25.172544479370117 27.408529281616211 -37.751216888427734
   vertex -25.085329055786133 27.149957656860352 -38.009788513183594
  endloop
 endfacet
 facet normal -0.89789117366015125 -0.31128077379047686 -0.31128077379047686
  outer loop
   vertex -25.174970626831055 27.149957656860352 -37.751216888427734
   vertex -25.085329055786133 27.149957656860352 -38.009788513183594
   vertex -25.085329055786133 26.891386032104492 -37.751216888427734
  endloop
 endfacet
 facet normal -0.93041718960354791 -0.25915618195427598 -0.25915618195427598
  outer loop
   vertex -25.085329055786133 26.891386032104492 -37.751216888427734
   vertex -25.085329055786133 27.149957656860352 -38.009788513183594
   vertex -25.081289291381836 27.135454177856445 -38.009788513183594
  endloop
 endfacet
 facet normal -0.93041718960354791 -0.25915618195427598 -0.25915618195427598
  outer loop
   vertex -25.085329055786133 26.891386032104492 -37.751216888427734
   vertex -25.081289291381836 27.135454177856445 -38.009788513183594
   vertex -25.081289291381836 26.891386032104492 -37.765720367431641
  endloop
 endfacet
 facet normal -0.89549681242649415 0.17271991256069028 -0.41018689732732333
  outer loop
   vertex -25.081289291381836 27.149957656860352 -38.016983032226562
   vertex -25.081289291381836 27.167043685913086 -38.009788513183594
   vertex -24.966146469116211 27.149957656860352 -38.268356323242188
  endloop
 endfacet
 facet normal -0.88853093586164444 0.2072055153016796 -0.40936371412888523
  outer loop
   vertex -24.966146469116211 27.149957656860352 -38.268356323242188
   vertex -25.081289291381836 27.167043685913086 -38.009788513183594
   vertex -25.024974822998047 27.408529281616211 -38.009788513183594
  endloop
 endfacet
 facet normal -0.52331894820440938 0.28955751333965241 -0.80143229590451859
  outer loop
   vertex -24.56414794921875 27.149957656860352 -38.697048187255859
   vertex -24.56414794921875 27.408529281616211 -38.603626251220703
   vertex -24.428695678710938 27.149957656860352 -38.785495758056641
  endloop
 endfacet
 facet normal -0.64628435480755231 0.18258774906045214 -0.74093066249415207
  outer loop
   vertex -24.428695678710938 27.149957656860352 -38.785495758056641
   vertex -24.56414794921875 27.408529281616211 -38.603626251220703
   vertex -24.355644226074219 27.408529281616211 -38.785495758056641
  endloop
 endfacet
 facet normal -0.50325645391649576 0.29363520730981779 -0.81271846701026451
  outer loop
   vertex -24.56414794921875 27.408529281616211 -38.603626251220703
   vertex -24.56414794921875 27.149957656860352 -38.697048187255859
   vertex -24.822719573974609 27.149957656860352 -38.536933898925781
  endloop
 endfacet
 facet normal -0.52163035203043639 0.13520159625804964 -0.84239082628544704
  outer loop
   vertex -24.822719573974609 27.149957656860352 -38.536933898925781
   vertex -24.56414794921875 27.149957656860352 -38.697048187255859
   vertex -24.822719573974609 26.891386032104492 -38.578433990478516
  endloop
 endfacet
 facet normal -0.70260980817848084 0.11276292057596526 -0.70258378944761957
  outer loop
   vertex -24.822719573974609 27.149957656860352 -38.536933898925781
   vertex -24.822719573974609 26.891386032104492 -38.578433990478516
   vertex -24.874223709106445 26.891386032104492 -38.526927947998047
  endloop
 endfacet
 facet normal -0.70260934550409593 -0.11276868593046914 -0.70258332679036817
  outer loop
   vertex -24.874223709106445 26.891386032104492 -38.526927947998047
   vertex -24.822719573974609 26.891386032104492 -38.578433990478516
   vertex -24.832723617553711 26.632818222045898 -38.526927947998047
  endloop
 endfacet
 facet normal -0.91257799083869584 -0.14646861943191661 -0.38177002784204711
  outer loop
   vertex -24.874223709106445 26.891386032104492 -38.526927947998047
   vertex -24.832723617553711 26.632818222045898 -38.526927947998047
   vertex -24.940895080566406 26.632818222045898 -38.268356323242188
  endloop
 endfacet
 facet normal -0.88581963758170967 -0.27927959171089989 -0.37057587526497426
  outer loop
   vertex -24.940895080566406 26.632818222045898 -38.268356323242188
   vertex -24.832723617553711 26.632818222045898 -38.526927947998047
   vertex -24.859373092651367 26.374246597290039 -38.268356323242188
  endloop
 endfacet
 facet normal -0.94306193927578452 -0.29732683966913759 -0.14910039940174302
  outer loop
   vertex -24.940895080566406 26.632818222045898 -38.268356323242188
   vertex -24.859373092651367 26.374246597290039 -38.268356323242188
   vertex -24.900253295898438 26.374246597290039 -38.009788513183594
  endloop
 endfacet
 facet normal -0.78775650251542872 -0.60326439423125033 -0.12454622996085381
  outer loop
   vertex -24.900253295898438 26.374246597290039 -38.009788513183594
   vertex -24.859373092651367 26.374246597290039 -38.268356323242188
   vertex -24.822719573974609 26.326383590698242 -38.268356323242188
  endloop
 endfacet
 facet normal -0.80227293565384439 -0.58199005700493922 -0.13283715694319162
  outer loop
   vertex -24.900253295898438 26.374246597290039 -38.009788513183594
   vertex -24.822719573974609 26.326383590698242 -38.268356323242188
   vertex -24.822719573974609 26.267366409301758 -38.009788513183594
  endloop
 endfacet
 facet normal -0.75286181196775914 -0.64167629263417436 -0.14646032756990515
  outer loop
   vertex -24.822719573974609 26.267366409301758 -38.009788513183594
   vertex -24.822719573974609 26.326383590698242 -38.268356323242188
   vertex -24.69343376159668 26.115678787231445 -38.009788513183594
  endloop
 endfacet
 facet normal -0.75707864398360258 -0.64527036672795157 0.10226475759871745
  outer loop
   vertex -24.822719573974609 26.267366409301758 -38.009788513183594
   vertex -24.69343376159668 26.115678787231445 -38.009788513183594
   vertex -24.658506393432617 26.115678787231445 -37.751216888427734
  endloop
 endfacet
 facet normal -0.70390319957228831 -0.70390319957228831 0.095081918700616261
  outer loop
   vertex -24.658506393432617 26.115678787231445 -37.751216888427734
   vertex -24.69343376159668 26.115678787231445 -38.009788513183594
   vertex -24.56414794921875 25.986392974853516 -38.009788513183594
  endloop
 endfacet
 facet normal -0.7039031995722882 -0.7039031995722882 0.095081918700616247
  outer loop
   vertex -24.658506393432617 26.115678787231445 -37.751216888427734
   vertex -24.56414794921875 25.986392974853516 -38.009788513183594
   vertex -24.56414794921875 26.021320343017578 -37.751216888427734
  endloop
 endfacet
 facet normal 0.19393152112910036 0.15320277022906842 -0.96897857370877527
  outer loop
   vertex -23.271299362182617 27.408529281616211 -38.822151184082031
   vertex -23.271299362182617 27.149957656860352 -38.863033294677734
   vertex -23.529869079589844 27.149957656860352 -38.914783477783203
  endloop
 endfacet
 facet normal 0.19624827640068074 0 -0.98055423817847132
  outer loop
   vertex -23.529869079589844 27.149957656860352 -38.914783477783203
   vertex -23.271299362182617 27.149957656860352 -38.863033294677734
   vertex -23.529869079589844 26.891386032104492 -38.914783477783203
  endloop
 endfacet
 facet normal 0 0 -1
  outer loop
   vertex -23.529869079589844 27.149957656860352 -38.914783477783203
   vertex -23.529869079589844 26.891386032104492 -38.914783477783203
   vertex -23.78843879699707 26.891386032104492 -38.914783477783203
  endloop
 endfacet
 facet normal -0 0 -1
  outer loop
   vertex -23.78843879699707 26.891386032104492 -38.914783477783203
   vertex -23.529869079589844 26.891386032104492 -38.914783477783203
   vertex -23.78843879699707 26.632818222045898 -38.914783477783203
  endloop
 endfacet
 facet normal 0 0 -1
  outer loop
   vertex -23.78843879699707 26.891386032104492 -38.914783477783203
   vertex -23.78843879699707 26.632818222045898 -38.914783477783203
   vertex -24.047008514404297 26.632818222045898 -38.914783477783203
  endloop
 endfacet
 facet normal -0 -0.042935746944978218 -0.99907783562356978
  outer loop
   vertex -24.047008514404297 26.632818222045898 -38.914783477783203
   vertex -23.78843879699707 26.632818222045898 -38.914783477783203
   vertex -24.047008514404297 26.374246597290039 -38.903671264648438
  endloop
 endfacet
 facet normal -0.30043128662652363 -0.040952264032246818 -0.95292389732158811
  outer loop
   vertex -24.047008514404297 26.632818222045898 -38.914783477783203
   vertex -24.047008514404297 26.374246597290039 -38.903671264648438
   vertex -24.305578231811523 26.374246597290039 -38.822151184082031
  endloop
 endfacet
 facet normal 0.48011930802180547 0.34426230280690612 0.80682644783791568
  outer loop
   vertex -23.429096221923828 26.891386032104492 -36.975505828857422
   vertex -23.529869079589844 27.031927108764648 -36.975505828857422
   vertex -23.529869079589844 26.891386032104492 -36.915538787841797
  endloop
 endfacet
 facet normal 0.44989369068556062 0.35049405528624245 0.82143142397301172
  outer loop
   vertex -23.529869079589844 26.891386032104492 -36.915538787841797
   vertex -23.529869079589844 27.031927108764648 -36.975505828857422
   vertex -23.78843879699707 27.149957656860352 -36.884250640869141
  endloop
 endfacet
 facet normal 0.21849677166383111 0.10104989472454959 0.97059161316623843
  outer loop
   vertex -23.529869079589844 26.891386032104492 -36.915538787841797
   vertex -23.78843879699707 27.149957656860352 -36.884250640869141
   vertex -23.78843879699707 26.891386032104492 -36.857330322265625
  endloop
 endfacet
 facet normal -0.70300751520529559 -0.37117838481514126 0.60663583821836553
  outer loop
   vertex -25.008203506469727 27.149957656860352 -37.234077453613281
   vertex -24.871681213378906 26.891386032104492 -37.234077453613281
   vertex -24.822719573974609 26.891386032104492 -37.177337646484375
  endloop
 endfacet
 facet normal -0.68729994854396681 -0.41937222912107508 0.59308154091446919
  outer loop
   vertex -24.822719573974609 26.891386032104492 -37.177337646484375
   vertex -24.871681213378906 26.891386032104492 -37.234077453613281
   vertex -24.822719573974609 26.81114387512207 -37.234077453613281
  endloop
 endfacet
 facet normal -0.57643337305169917 -0.47177858387955973 0.66719527443233417
  outer loop
   vertex -24.822719573974609 26.891386032104492 -37.177337646484375
   vertex -24.822719573974609 26.81114387512207 -37.234077453613281
   vertex -24.56414794921875 26.632818222045898 -37.136775970458984
  endloop
 endfacet
 facet normal -0.56043202368785128 -0.42464891246598457 0.71104799273086772
  outer loop
   vertex -24.56414794921875 26.632818222045898 -37.136775970458984
   vertex -24.822719573974609 26.81114387512207 -37.234077453613281
   vertex -24.687599182128906 26.632818222045898 -37.234077453613281
  endloop
 endfacet
 facet normal -0.53937216429159673 -0.49068568804443413 0.68432830128218347
  outer loop
   vertex -24.56414794921875 26.632818222045898 -37.136775970458984
   vertex -24.687599182128906 26.632818222045898 -37.234077453613281
   vertex -24.56414794921875 26.49711799621582 -37.234077453613281
  endloop
 endfacet
 facet normal -0.57967695057668966 -0.5273523592208369 0.62118767067153513
  outer loop
   vertex -24.56414794921875 26.49711799621582 -37.234077453613281
   vertex -24.687599182128906 26.632818222045898 -37.234077453613281
   vertex -24.822719573974609 26.632818222045898 -37.36016845703125
  endloop
 endfacet
 facet normal -0.57712847026460523 -0.4990195859258989 0.64645354177417969
  outer loop
   vertex -24.56414794921875 26.49711799621582 -37.234077453613281
   vertex -24.822719573974609 26.632818222045898 -37.36016845703125
   vertex -24.56414794921875 26.374246597290039 -37.328926086425781
  endloop
 endfacet
 facet normal -0.52969106503961705 -0.4422395724303711 0.72377588809920901
  outer loop
   vertex -24.56414794921875 26.374246597290039 -37.328926086425781
   vertex -24.822719573974609 26.632818222045898 -37.36016845703125
   vertex -24.822719573974609 26.415998458862305 -37.492649078369141
  endloop
 endfacet
 facet normal -0.53419497912944525 -0.41056630099925934 0.73896619459666568
  outer loop
   vertex -24.56414794921875 26.374246597290039 -37.328926086425781
   vertex -24.822719573974609 26.415998458862305 -37.492649078369141
   vertex -24.790630340576172 26.374246597290039 -37.492649078369141
  endloop
 endfacet
 facet normal -0.71600521502856584 -0.55030021642944693 0.4295418534317712
  outer loop
   vertex -24.790630340576172 26.374246597290039 -37.492649078369141
   vertex -24.822719573974609 26.415998458862305 -37.492649078369141
   vertex -24.822719573974609 26.374246597290039 -37.546138763427734
  endloop
 endfacet
 facet normal -0.58057186418537032 -0.73595379939682337 0.34829343328536122
  outer loop
   vertex -24.790630340576172 26.374246597290039 -37.492649078369141
   vertex -24.822719573974609 26.374246597290039 -37.546138763427734
   vertex -24.56414794921875 26.195581436157227 -37.492649078369141
  endloop
 endfacet
 facet normal -0.56481558804574972 -0.67552398168414673 0.47397331324678044
  outer loop
   vertex -24.56414794921875 26.195581436157227 -37.492649078369141
   vertex -24.822719573974609 26.374246597290039 -37.546138763427734
   vertex -24.56414794921875 26.115678787231445 -37.606529235839844
  endloop
 endfacet
 facet normal -0.64888507404744145 -0.62286275655484857 0.4370241951829919
  outer loop
   vertex -24.56414794921875 26.195581436157227 -37.492649078369141
   vertex -24.56414794921875 26.115678787231445 -37.606529235839844
   vertex -24.487449645996094 26.115678787231445 -37.492649078369141
  endloop
 endfacet
 facet normal 0.81302143817274219 0.13913313601957392 0.56536546722707148
  outer loop
   vertex -22.93519401550293 26.891386032104492 -37.492649078369141
   vertex -23.012729644775391 27.149957656860352 -37.444782257080078
   vertex -23.012729644775391 26.891386032104492 -37.381149291992188
  endloop
 endfacet
 facet normal 0.76723788676846616 0.15326283311515584 0.62278128511747544
  outer loop
   vertex -23.012729644775391 26.891386032104492 -37.381149291992188
   vertex -23.012729644775391 27.149957656860352 -37.444782257080078
   vertex -23.132110595703125 26.891386032104492 -37.234077453613281
  endloop
 endfacet
 facet normal 0.77308347510858821 0.092481003185476793 0.62752625806721141
  outer loop
   vertex -23.012729644775391 26.891386032104492 -37.381149291992188
   vertex -23.132110595703125 26.891386032104492 -37.234077453613281
   vertex -23.101179122924805 26.632818222045898 -37.234077453613281
  endloop
 endfacet
 facet normal 0.78776461280208887 0.12454567477234092 0.60325391810768825
  outer loop
   vertex -23.012729644775391 27.149957656860352 -37.444782257080078
   vertex -22.93519401550293 26.891386032104492 -37.492649078369141
   vertex -22.97607421875 27.149957656860352 -37.492649078369141
  endloop
 endfacet
 facet normal 0.94306101859500757 0.14909805416953217 0.2973309359104867
  outer loop
   vertex -22.97607421875 27.149957656860352 -37.492649078369141
   vertex -22.93519401550293 26.891386032104492 -37.492649078369141
   vertex -22.894552230834961 27.149957656860352 -37.751216888427734
  endloop
 endfacet
 facet normal -0.79929236266625636 -0.42493041723521852 0.42493041723521852
  outer loop
   vertex -25.081289291381836 27.149957656860352 -37.371551513671875
   vertex -25.081289291381836 27.028860092163086 -37.492649078369141
   vertex -25.008203506469727 27.149957656860352 -37.234077453613281
  endloop
 endfacet
 facet normal -0.80618931881895284 -0.41463785516147655 0.42205951154940607
  outer loop
   vertex -25.008203506469727 27.149957656860352 -37.234077453613281
   vertex -25.081289291381836 27.028860092163086 -37.492649078369141
   vertex -25.010583877563477 26.891386032104492 -37.492649078369141
  endloop
 endfacet
 facet normal -0.79876253606696201 -0.42173573052288138 0.42908901707711744
  outer loop
   vertex -25.008203506469727 27.149957656860352 -37.234077453613281
   vertex -25.010583877563477 26.891386032104492 -37.492649078369141
   vertex -24.871681213378906 26.891386032104492 -37.234077453613281
  endloop
 endfacet
 facet normal -0.84188236085025503 -0.29445140492574723 0.45225265132053633
  outer loop
   vertex -24.871681213378906 26.891386032104492 -37.234077453613281
   vertex -25.010583877563477 26.891386032104492 -37.492649078369141
   vertex -24.920148849487305 26.632818222045898 -37.492649078369141
  endloop
 endfacet
 facet normal -0.73698217130057708 -0.40385677848957552 0.54199352547157675
  outer loop
   vertex -24.871681213378906 26.891386032104492 -37.234077453613281
   vertex -24.920148849487305 26.632818222045898 -37.492649078369141
   vertex -24.822719573974609 26.632818222045898 -37.36016845703125
  endloop
 endfacet
 facet normal -0.75749584858217955 -0.3403853534732601 0.55707975238887264
  outer loop
   vertex -24.822719573974609 26.632818222045898 -37.36016845703125
   vertex -24.920148849487305 26.632818222045898 -37.492649078369141
   vertex -24.822719573974609 26.415998458862305 -37.492649078369141
  endloop
 endfacet
 facet normal 0.97968510294684907 0.042087883684422712 0.1960757739012858
  outer loop
   vertex -22.894552230834961 27.149957656860352 -37.751216888427734
   vertex -22.93519401550293 26.891386032104492 -37.492649078369141
   vertex -22.883443832397461 26.891386032104492 -37.751216888427734
  endloop
 endfacet
 facet normal 0.98055395960460889 0 0.19624966828945922
  outer loop
   vertex -22.883443832397461 26.891386032104492 -37.751216888427734
   vertex -22.93519401550293 26.891386032104492 -37.492649078369141
   vertex -22.93519401550293 26.632818222045898 -37.492649078369141
  endloop
 endfacet
 facet normal 0.98055395960460889 0 0.19624966828945922
  outer loop
   vertex -22.883443832397461 26.891386032104492 -37.751216888427734
   vertex -22.93519401550293 26.632818222045898 -37.492649078369141
   vertex -22.883443832397461 26.632818222045898 -37.751216888427734
  endloop
 endfacet
 facet normal 0.97971493879111993 0.041359253756115689 0.19608174529580616
  outer loop
   vertex -22.883443832397461 26.632818222045898 -37.751216888427734
   vertex -22.93519401550293 26.632818222045898 -37.492649078369141
   vertex -22.924278259277344 26.374246597290039 -37.492649078369141
  endloop
 endfacet
 facet normal 0.94717392516199439 0.1393030237661349 0.28888790743614073
  outer loop
   vertex -22.883443832397461 26.632818222045898 -37.751216888427734
   vertex -22.924278259277344 26.374246597290039 -37.492649078369141
   vertex -22.845415115356445 26.374246597290039 -37.751216888427734
  endloop
 endfacet
 facet normal 0.94577064333403271 0.1493612146524026 0.28845990668564109
  outer loop
   vertex -22.845415115356445 26.374246597290039 -37.751216888427734
   vertex -22.924278259277344 26.374246597290039 -37.492649078369141
   vertex -22.883443832397461 26.115678787231445 -37.492649078369141
  endloop
 endfacet
 facet normal 0.80589413639991414 0.3551703630741318 0.4736967955454478
  outer loop
   vertex -22.845415115356445 26.374246597290039 -37.751216888427734
   vertex -22.883443832397461 26.115678787231445 -37.492649078369141
   vertex -22.754158020019531 26.167181015014648 -37.751216888427734
  endloop
 endfacet
 facet normal 0.7897803106604937 0.39084387376364371 0.47274530905598944
  outer loop
   vertex -22.754158020019531 26.167181015014648 -37.751216888427734
   vertex -22.883443832397461 26.115678787231445 -37.492649078369141
   vertex -22.754158020019531 26.115678787231445 -37.708637237548828
  endloop
 endfacet
 facet normal 0.77791029042229864 0.40039246042104681 0.48429480452827028
  outer loop
   vertex -22.754158020019531 26.167181015014648 -37.751216888427734
   vertex -22.754158020019531 26.115678787231445 -37.708637237548828
   vertex -22.727649688720703 26.115678787231445 -37.751216888427734
  endloop
 endfacet
 facet normal 0.84296534146580848 0.11831834322331118 0.52479539131391351
  outer loop
   vertex -22.727649688720703 26.115678787231445 -37.751216888427734
   vertex -22.754158020019531 26.115678787231445 -37.708637237548828
   vertex -22.691356658935547 25.857107162475586 -37.751216888427734
  endloop
 endfacet
 facet normal 0.99029277764247259 0.1389971746085373 0
  outer loop
   vertex -22.727649688720703 26.115678787231445 -37.751216888427734
   vertex -22.691356658935547 25.857107162475586 -37.751216888427734
   vertex -22.727649688720703 26.115678787231445 -38.009788513183594
  endloop
 endfacet
 facet normal 0.99510212941113452 0.066870604716045584 -0.072801608954307359
  outer loop
   vertex -22.727649688720703 26.115678787231445 -38.009788513183594
   vertex -22.691356658935547 25.857107162475586 -37.751216888427734
   vertex -22.710273742675781 25.857107162475586 -38.009788513183594
  endloop
 endfacet
 facet normal 0.86878560141481342 0.058382166833047741 -0.49173478763473621
  outer loop
   vertex -22.727649688720703 26.115678787231445 -38.009788513183594
   vertex -22.710273742675781 25.857107162475586 -38.009788513183594
   vertex -22.754158020019531 25.857107162475586 -38.087322235107422
  endloop
 endfacet
 facet normal 0.81952195267001293 -0.3364901328972742 -0.46385144125539129
  outer loop
   vertex -22.754158020019531 25.857107162475586 -38.087322235107422
   vertex -22.710273742675781 25.857107162475586 -38.009788513183594
   vertex -22.754158020019531 25.750226974487305 -38.009788513183594
  endloop
 endfacet
 facet normal 0.84885313946757313 -0.31040754215436589 -0.42789660595724588
  outer loop
   vertex -22.754158020019531 25.857107162475586 -38.087322235107422
   vertex -22.754158020019531 25.750226974487305 -38.009788513183594
   vertex -22.845415115356445 25.857107162475586 -38.268356323242188
  endloop
 endfacet
 facet normal 0.83832293016767268 -0.33142264139372807 -0.43286683578982066
  outer loop
   vertex -22.845415115356445 25.857107162475586 -38.268356323242188
   vertex -22.754158020019531 25.750226974487305 -38.009788513183594
   vertex -22.814126968383789 25.598537445068359 -38.009788513183594
  endloop
 endfacet
 facet normal 0.9562932901270742 -0.14064526698302368 -0.25636312553331364
  outer loop
   vertex -22.845415115356445 25.857107162475586 -38.268356323242188
   vertex -22.814126968383789 25.598537445068359 -38.009788513183594
   vertex -22.883443832397461 25.598537445068359 -38.268356323242188
  endloop
 endfacet
 facet normal -0.8512394325595708 -0.4515302869522303 0.26741695612001942
  outer loop
   vertex -25.081289291381836 26.891386032104492 -37.738357543945312
   vertex -25.141256332397461 27.149957656860352 -37.492649078369141
   vertex -25.085329055786133 26.891386032104492 -37.751216888427734
  endloop
 endfacet
 facet normal -0.93774303328637765 -0.32509661034767701 0.1222710000912485
  outer loop
   vertex -25.085329055786133 26.891386032104492 -37.751216888427734
   vertex -25.141256332397461 27.149957656860352 -37.492649078369141
   vertex -25.174970626831055 27.149957656860352 -37.751216888427734
  endloop
 endfacet
 facet normal 0.99815947853311948 0.042881554393999141 0.042881554393999141
  outer loop
   vertex -22.894552230834961 27.149957656860352 -37.751216888427734
   vertex -22.883443832397461 26.891386032104492 -37.751216888427734
   vertex -22.883443832397461 27.149957656860352 -38.009788513183594
  endloop
 endfacet
 facet normal 1 0 0
  outer loop
   vertex -22.883443832397461 27.149957656860352 -38.009788513183594
   vertex -22.883443832397461 26.891386032104492 -37.751216888427734
   vertex -22.883443832397461 26.891386032104492 -38.009788513183594
  endloop
 endfacet
 facet normal 1 -0 0
  outer loop
   vertex -22.883443832397461 27.149957656860352 -38.009788513183594
   vertex -22.883443832397461 26.891386032104492 -38.009788513183594
   vertex -22.883443832397461 27.149957656860352 -38.268356323242188
  endloop
 endfacet
 facet normal 1 0 0
  outer loop
   vertex -22.883443832397461 27.149957656860352 -38.268356323242188
   vertex -22.883443832397461 26.891386032104492 -38.009788513183594
   vertex -22.883443832397461 26.891386032104492 -38.268356323242188
  endloop
 endfacet
 facet normal 0.98055451674640615 0 -0.19624688453125042
  outer loop
   vertex -22.883443832397461 27.149957656860352 -38.268356323242188
   vertex -22.883443832397461 26.891386032104492 -38.268356323242188
   vertex -22.93519401550293 27.149957656860352 -38.526927947998047
  endloop
 endfacet
 facet normal 0.98055451674640615 0 -0.19624688453125042
  outer loop
   vertex -22.93519401550293 27.149957656860352 -38.526927947998047
   vertex -22.883443832397461 26.891386032104492 -38.268356323242188
   vertex -22.93519401550293 26.891386032104492 -38.526927947998047
  endloop
 endfacet
 facet normal 0.80943948358493423 0 -0.58720330586071745
  outer loop
   vertex -22.93519401550293 27.149957656860352 -38.526927947998047
   vertex -22.93519401550293 26.891386032104492 -38.526927947998047
   vertex -23.012729644775391 26.891386032104492 -38.633808135986328
  endloop
 endfacet
 facet normal 0.80943948358493423 0 -0.58720330586071745
  outer loop
   vertex -23.012729644775391 26.891386032104492 -38.633808135986328
   vertex -22.93519401550293 26.891386032104492 -38.526927947998047
   vertex -23.012729644775391 26.632818222045898 -38.633808135986328
  endloop
 endfacet
 facet normal 0.70710678118654746 0 -0.70710678118654746
  outer loop
   vertex -23.012729644775391 26.891386032104492 -38.633808135986328
   vertex -23.012729644775391 26.632818222045898 -38.633808135986328
   vertex -23.164417266845703 26.891386032104492 -38.785495758056641
  endloop
 endfacet
 facet normal 0.70710678118654746 0 -0.70710678118654746
  outer loop
   vertex -23.164417266845703 26.891386032104492 -38.785495758056641
   vertex -23.012729644775391 26.632818222045898 -38.633808135986328
   vertex -23.164417266845703 26.632818222045898 -38.785495758056641
  endloop
 endfacet
 facet normal 0.58720590426746311 0 -0.80943759857905717
  outer loop
   vertex -23.164417266845703 26.891386032104492 -38.785495758056641
   vertex -23.164417266845703 26.632818222045898 -38.785495758056641
   vertex -23.271299362182617 26.632818222045898 -38.863033294677734
  endloop
 endfacet
 facet normal 0.58720590426746322 0 -0.80943759857905728
  outer loop
   vertex -23.271299362182617 26.632818222045898 -38.863033294677734
   vertex -23.164417266845703 26.632818222045898 -38.785495758056641
   vertex -23.271299362182617 26.374246597290039 -38.863033294677734
  endloop
 endfacet
 facet normal 0.19624827640068074 0 -0.98055423817847132
  outer loop
   vertex -23.271299362182617 26.632818222045898 -38.863033294677734
   vertex -23.271299362182617 26.374246597290039 -38.863033294677734
   vertex -23.529869079589844 26.374246597290039 -38.914783477783203
  endloop
 endfacet
 facet normal 0.19624827640068071 0 -0.9805542381784712
  outer loop
   vertex -23.529869079589844 26.374246597290039 -38.914783477783203
   vertex -23.271299362182617 26.374246597290039 -38.863033294677734
   vertex -23.529869079589844 26.115678787231445 -38.914783477783203
  endloop
 endfacet
 facet normal -0.042936063078161196 0 -0.99907782203757689
  outer loop
   vertex -23.529869079589844 26.374246597290039 -38.914783477783203
   vertex -23.529869079589844 26.115678787231445 -38.914783477783203
   vertex -23.78843879699707 26.115678787231445 -38.903671264648438
  endloop
 endfacet
 facet normal -0.041269471531354643 -0.2759069788623893 -0.96029795883077451
  outer loop
   vertex -23.78843879699707 26.115678787231445 -38.903671264648438
   vertex -23.529869079589844 26.115678787231445 -38.914783477783203
   vertex -23.78843879699707 25.857107162475586 -38.829380035400391
  endloop
 endfacet
 facet normal -0.88746924603944155 -0.21713612293251786 -0.40650982946543801
  outer loop
   vertex -25.081289291381836 27.149957656860352 -38.016983032226562
   vertex -24.966146469116211 27.149957656860352 -38.268356323242188
   vertex -25.021320343017578 26.891386032104492 -38.009788513183594
  endloop
 endfacet
 facet normal -0.97552262034409032 -0.011441519011751498 -0.21960124963147004
  outer loop
   vertex -25.021320343017578 26.891386032104492 -38.009788513183594
   vertex -24.966146469116211 27.149957656860352 -38.268356323242188
   vertex -24.963113784790039 26.891386032104492 -38.268356323242188
  endloop
 endfacet
 facet normal -0.95287792996356691 -0.21450367198296133 -0.21450367198296133
  outer loop
   vertex -25.021320343017578 26.891386032104492 -38.009788513183594
   vertex -24.963113784790039 26.891386032104492 -38.268356323242188
   vertex -24.963113784790039 26.632818222045898 -38.009788513183594
  endloop
 endfacet
 facet normal 0.48419834769240833 0.32167520680109718 0.81368115464315205
  outer loop
   vertex -23.429096221923828 26.891386032104492 -36.975505828857422
   vertex -23.529869079589844 26.891386032104492 -36.915538787841797
   vertex -23.271299362182617 26.653863906860352 -36.975505828857422
  endloop
 endfacet
 facet normal 0.5168680929338324 0.36746348057454487 0.77318688876039821
  outer loop
   vertex -23.271299362182617 26.653863906860352 -36.975505828857422
   vertex -23.529869079589844 26.891386032104492 -36.915538787841797
   vertex -23.271299362182617 26.632818222045898 -36.965503692626953
  endloop
 endfacet
 facet normal 0.37787750863101893 0.2033386972479243 0.90325077507430407
  outer loop
   vertex -23.271299362182617 26.632818222045898 -36.965503692626953
   vertex -23.529869079589844 26.891386032104492 -36.915538787841797
   vertex -23.529869079589844 26.632818222045898 -36.857330322265625
  endloop
 endfacet
 facet normal 0.041875283811425829 0.2194298314335833 0.97472919812773728
  outer loop
   vertex -23.529869079589844 26.632818222045898 -36.857330322265625
   vertex -23.529869079589844 26.891386032104492 -36.915538787841797
   vertex -23.78843879699707 26.632818222045898 -36.846221923828125
  endloop
 endfacet
 facet normal 0.042921350770956303 0 0.9990784542006681
  outer loop
   vertex -23.529869079589844 26.632818222045898 -36.857330322265625
   vertex -23.78843879699707 26.632818222045898 -36.846221923828125
   vertex -23.78843879699707 26.374246597290039 -36.846221923828125
  endloop
 endfacet
 facet normal 0.21942828789876614 0.041875607039705616 0.97472953171886201
  outer loop
   vertex -23.78843879699707 26.891386032104492 -36.857330322265625
   vertex -23.78843879699707 26.632818222045898 -36.846221923828125
   vertex -23.529869079589844 26.891386032104492 -36.915538787841797
  endloop
 endfacet
 facet normal 0.8459406179330019 0.023940343914671158 0.53273945870789241
  outer loop
   vertex -22.93519401550293 26.632818222045898 -37.492649078369141
   vertex -23.012729644775391 26.891386032104492 -37.381149291992188
   vertex -23.012729644775391 26.632818222045898 -37.369529724121094
  endloop
 endfacet
 facet normal 0.83704377497916804 0.02456250615033111 0.54658430462302798
  outer loop
   vertex -23.012729644775391 26.632818222045898 -37.369529724121094
   vertex -23.012729644775391 26.891386032104492 -37.381149291992188
   vertex -23.101179122924805 26.632818222045898 -37.234077453613281
  endloop
 endfacet
 facet normal 0.83677381766212255 0.035324908594192697 0.54640802419800627
  outer loop
   vertex -23.012729644775391 26.632818222045898 -37.369529724121094
   vertex -23.101179122924805 26.632818222045898 -37.234077453613281
   vertex -23.090263366699219 26.374246597290039 -37.234077453613281
  endloop
 endfacet
 facet normal 0.82100680932501735 0 0.57091839963514457
  outer loop
   vertex -22.93519401550293 26.891386032104492 -37.492649078369141
   vertex -23.012729644775391 26.891386032104492 -37.381149291992188
   vertex -22.93519401550293 26.632818222045898 -37.492649078369141
  endloop
 endfacet
 facet normal -0.60606245899481692 -0.45922387233523881 0.64946264779014362
  outer loop
   vertex -24.687599182128906 26.632818222045898 -37.234077453613281
   vertex -24.822719573974609 26.81114387512207 -37.234077453613281
   vertex -24.822719573974609 26.632818222045898 -37.36016845703125
  endloop
 endfacet
 facet normal -0.6872916078494915 -0.4193671398501651 0.59309480506370393
  outer loop
   vertex -24.822719573974609 26.632818222045898 -37.36016845703125
   vertex -24.822719573974609 26.81114387512207 -37.234077453613281
   vertex -24.871681213378906 26.891386032104492 -37.234077453613281
  endloop
 endfacet
 facet normal -0.92408608453766949 -0.32320245501954104 0.20397323705128712
  outer loop
   vertex -25.010583877563477 26.891386032104492 -37.492649078369141
   vertex -24.977222442626953 26.632818222045898 -37.751216888427734
   vertex -24.920148849487305 26.632818222045898 -37.492649078369141
  endloop
 endfacet
 facet normal -0.93221678921044238 -0.29771029367302193 0.20576792499147317
  outer loop
   vertex -24.920148849487305 26.632818222045898 -37.492649078369141
   vertex -24.977222442626953 26.632818222045898 -37.751216888427734
   vertex -24.894645690917969 26.374246597290039 -37.751216888427734
  endloop
 endfacet
 facet normal -0.86876912701027365 -0.39038244744081174 0.30469943991403853
  outer loop
   vertex -24.920148849487305 26.632818222045898 -37.492649078369141
   vertex -24.894645690917969 26.374246597290039 -37.751216888427734
   vertex -24.822719573974609 26.374246597290039 -37.546138763427734
  endloop
 endfacet
 facet normal -0.7584092337072289 -0.5950318783933839 0.26599341706751861
  outer loop
   vertex -24.822719573974609 26.374246597290039 -37.546138763427734
   vertex -24.894645690917969 26.374246597290039 -37.751216888427734
   vertex -24.822719573974609 26.282571792602539 -37.751216888427734
  endloop
 endfacet
 facet normal -0.6329714965390052 -0.7067719228281113 0.31594387740709023
  outer loop
   vertex -24.822719573974609 26.374246597290039 -37.546138763427734
   vertex -24.822719573974609 26.282571792602539 -37.751216888427734
   vertex -24.56414794921875 26.115678787231445 -37.606529235839844
  endloop
 endfacet
 facet normal -0.85266305381466789 -0.44856938598595791 0.26786418688511815
  outer loop
   vertex -25.081289291381836 26.891386032104492 -37.738357543945312
   vertex -25.085329055786133 26.891386032104492 -37.751216888427734
   vertex -25.081289291381836 26.883707046508789 -37.751216888427734
  endloop
 endfacet
 facet normal -0.85928162901999094 -0.45205128918637377 -0.23934225279646776
  outer loop
   vertex -25.081289291381836 26.883707046508789 -37.751216888427734
   vertex -25.085329055786133 26.891386032104492 -37.751216888427734
   vertex -25.081289291381836 26.891386032104492 -37.765720367431641
  endloop
 endfacet
 facet normal 1 -0 0
  outer loop
   vertex -22.883443832397461 26.891386032104492 -37.751216888427734
   vertex -22.883443832397461 26.632818222045898 -37.751216888427734
   vertex -22.883443832397461 26.891386032104492 -38.009788513183594
  endloop
 endfacet
 facet normal 1 0 0
  outer loop
   vertex -22.883443832397461 26.891386032104492 -38.009788513183594
   vertex -22.883443832397461 26.632818222045898 -37.751216888427734
   vertex -22.883443832397461 26.632818222045898 -38.009788513183594
  endloop
 endfacet
 facet normal 1 -0 0
  outer loop
   vertex -22.883443832397461 26.891386032104492 -38.009788513183594
   vertex -22.883443832397461 26.632818222045898 -38.009788513183594
   vertex -22.883443832397461 26.891386032104492 -38.268356323242188
  endloop
 endfacet
 facet normal 1 0 0
  outer loop
   vertex -22.883443832397461 26.891386032104492 -38.268356323242188
   vertex -22.883443832397461 26.632818222045898 -38.009788513183594
   vertex -22.883443832397461 26.632818222045898 -38.268356323242188
  endloop
 endfacet
 facet normal 0.98055451674640615 0 -0.19624688453125039
  outer loop
   vertex -22.883443832397461 26.891386032104492 -38.268356323242188
   vertex -22.883443832397461 26.632818222045898 -38.268356323242188
   vertex -22.93519401550293 26.891386032104492 -38.526927947998047
  endloop
 endfacet
 facet normal 0.98055451674640615 0 -0.19624688453125039
  outer loop
   vertex -22.93519401550293 26.891386032104492 -38.526927947998047
   vertex -22.883443832397461 26.632818222045898 -38.268356323242188
   vertex -22.93519401550293 26.632818222045898 -38.526927947998047
  endloop
 endfacet
 facet normal 0.80943948358493423 0 -0.58720330586071745
  outer loop
   vertex -22.93519401550293 26.891386032104492 -38.526927947998047
   vertex -22.93519401550293 26.632818222045898 -38.526927947998047
   vertex -23.012729644775391 26.632818222045898 -38.633808135986328
  endloop
 endfacet
 facet normal 0.80943948358493423 0 -0.58720330586071745
  outer loop
   vertex -23.012729644775391 26.632818222045898 -38.633808135986328
   vertex -22.93519401550293 26.632818222045898 -38.526927947998047
   vertex -23.012729644775391 26.374246597290039 -38.633808135986328
  endloop
 endfacet
 facet normal 0.70710678118654757 0 -0.70710678118654757
  outer loop
   vertex -23.012729644775391 26.632818222045898 -38.633808135986328
   vertex -23.012729644775391 26.374246597290039 -38.633808135986328
   vertex -23.164417266845703 26.632818222045898 -38.785495758056641
  endloop
 endfacet
 facet normal 0.70710678118654757 0 -0.70710678118654757
  outer loop
   vertex -23.164417266845703 26.632818222045898 -38.785495758056641
   vertex -23.012729644775391 26.374246597290039 -38.633808135986328
   vertex -23.164417266845703 26.374246597290039 -38.785495758056641
  endloop
 endfacet
 facet normal 0.58720590426746322 0 -0.80943759857905728
  outer loop
   vertex -23.164417266845703 26.632818222045898 -38.785495758056641
   vertex -23.164417266845703 26.374246597290039 -38.785495758056641
   vertex -23.271299362182617 26.374246597290039 -38.863033294677734
  endloop
 endfacet
 facet normal 0.58720590426746311 0 -0.80943759857905717
  outer loop
   vertex -23.271299362182617 26.374246597290039 -38.863033294677734
   vertex -23.164417266845703 26.374246597290039 -38.785495758056641
   vertex -23.271299362182617 26.115678787231445 -38.863033294677734
  endloop
 endfacet
 facet normal 0.19624827640068071 0 -0.9805542381784712
  outer loop
   vertex -23.271299362182617 26.374246597290039 -38.863033294677734
   vertex -23.271299362182617 26.115678787231445 -38.863033294677734
   vertex -23.529869079589844 26.115678787231445 -38.914783477783203
  endloop
 endfacet
 facet normal 0.1925750062156909 -0.1925735856898495 -0.9622007488438058
  outer loop
   vertex -23.529869079589844 26.115678787231445 -38.914783477783203
   vertex -23.271299362182617 26.115678787231445 -38.863033294677734
   vertex -23.529869079589844 25.857107162475586 -38.863033294677734
  endloop
 endfacet
 facet normal -0.12659396994356831 -0.19466800363631426 -0.97266558237360223
  outer loop
   vertex -23.529869079589844 26.115678787231445 -38.914783477783203
   vertex -23.529869079589844 25.857107162475586 -38.863033294677734
   vertex -23.78843879699707 25.857107162475586 -38.829380035400391
  endloop
 endfacet
 facet normal -0.10946896315066669 -0.52970482919345763 -0.84108818802539842
  outer loop
   vertex -23.78843879699707 25.857107162475586 -38.829380035400391
   vertex -23.529869079589844 25.857107162475586 -38.863033294677734
   vertex -23.529869079589844 25.733989715576172 -38.785495758056641
  endloop
 endfacet
 facet normal -0.12300223996249461 -0.5522370809907462 -0.82456331190699295
  outer loop
   vertex -23.78843879699707 25.857107162475586 -38.829380035400391
   vertex -23.529869079589844 25.733989715576172 -38.785495758056641
   vertex -23.78843879699707 25.791582107543945 -38.785495758056641
  endloop
 endfacet
 facet normal -0.12576971290785055 -0.56466206757253712 -0.81568298300245567
  outer loop
   vertex -23.78843879699707 25.791582107543945 -38.785495758056641
   vertex -23.529869079589844 25.733989715576172 -38.785495758056641
   vertex -23.78843879699707 25.598537445068359 -38.651859283447266
  endloop
 endfacet
 facet normal -0.97420718980201992 -0.21930513123829515 -0.053156474211568841
  outer loop
   vertex -25.021320343017578 26.891386032104492 -38.009788513183594
   vertex -24.963113784790039 26.632818222045898 -38.009788513183594
   vertex -24.977222442626953 26.632818222045898 -37.751216888427734
  endloop
 endfacet
 facet normal -0.95131747968795577 -0.3038102397770116 -0.051907523990173114
  outer loop
   vertex -24.977222442626953 26.632818222045898 -37.751216888427734
   vertex -24.963113784790039 26.632818222045898 -38.009788513183594
   vertex -24.894645690917969 26.374246597290039 -37.751216888427734
  endloop
 endfacet
 facet normal -0.52612562721022349 -0.035862760026779794 -0.84965033209898211
  outer loop
   vertex -24.56414794921875 26.891386032104492 -38.707962036132812
   vertex -24.56414794921875 26.632818222045898 -38.697048187255859
   vertex -24.822719573974609 26.632818222045898 -38.536933898925781
  endloop
 endfacet
 facet normal -0.50964801751125521 -0.25072598845900718 -0.82304032523206372
  outer loop
   vertex -24.822719573974609 26.632818222045898 -38.536933898925781
   vertex -24.56414794921875 26.632818222045898 -38.697048187255859
   vertex -24.56414794921875 26.374246597290039 -38.618278503417969
  endloop
 endfacet
 facet normal -0.60281160700685188 -0.38253262692320944 -0.70020493842663345
  outer loop
   vertex -24.822719573974609 26.632818222045898 -38.536933898925781
   vertex -24.56414794921875 26.374246597290039 -38.618278503417969
   vertex -24.670257568359375 26.374246597290039 -38.526927947998047
  endloop
 endfacet
 facet normal 0.38563765454864407 0.039601106126474814 0.9218000606355915
  outer loop
   vertex -23.271299362182617 26.632818222045898 -36.965503692626953
   vertex -23.529869079589844 26.632818222045898 -36.857330322265625
   vertex -23.529869079589844 26.374246597290039 -36.846221923828125
  endloop
 endfacet
 facet normal 0 0.042921034745698389 0.99907846777736053
  outer loop
   vertex -23.529869079589844 26.374246597290039 -36.846221923828125
   vertex -23.529869079589844 26.632818222045898 -36.857330322265625
   vertex -23.78843879699707 26.374246597290039 -36.846221923828125
  endloop
 endfacet
 facet normal 0.2847207173718706 0.15191043824478676 0.94649740192539578
  outer loop
   vertex -23.271299362182617 26.632818222045898 -36.965503692626953
   vertex -23.529869079589844 26.374246597290039 -36.846221923828125
   vertex -23.271299362182617 26.374246597290039 -36.924003601074219
  endloop
 endfacet
 facet normal -0.29862081065497376 -0.11693217177237857 0.94718133356203826
  outer loop
   vertex -24.305578231811523 26.632818222045898 -36.938850402832031
   vertex -24.047008514404297 26.374246597290039 -36.889251708984375
   vertex -24.047008514404297 26.632818222045898 -36.857330322265625
  endloop
 endfacet
 facet normal -0.61840177267863228 -0.42059636302485781 0.66383578312575697
  outer loop
   vertex -24.179780960083008 26.374246597290039 -36.975505828857422
   vertex -24.305578231811523 26.559206008911133 -36.975505828857422
   vertex -24.305578231811523 26.374246597290039 -37.092693328857422
  endloop
 endfacet
 facet normal -0.56186961298518645 -0.44273437328002152 0.69877665438981518
  outer loop
   vertex -24.305578231811523 26.374246597290039 -37.092693328857422
   vertex -24.305578231811523 26.559206008911133 -36.975505828857422
   vertex -24.56414794921875 26.632818222045898 -37.136775970458984
  endloop
 endfacet
 facet normal -0.58498289175507956 -0.47260877002458102 0.65911756678889799
  outer loop
   vertex -24.305578231811523 26.374246597290039 -37.092693328857422
   vertex -24.56414794921875 26.632818222045898 -37.136775970458984
   vertex -24.56414794921875 26.49711799621582 -37.234077453613281
  endloop
 endfacet
 facet normal -0.58666139451934318 -0.52929753043866412 0.61292131016318174
  outer loop
   vertex -24.305578231811523 26.374246597290039 -37.092693328857422
   vertex -24.56414794921875 26.49711799621582 -37.234077453613281
   vertex -24.453290939331055 26.374246597290039 -37.234077453613281
  endloop
 endfacet
 facet normal -0.56076836694709242 -0.50593632808649425 0.65541381626713235
  outer loop
   vertex -24.453290939331055 26.374246597290039 -37.234077453613281
   vertex -24.56414794921875 26.49711799621582 -37.234077453613281
   vertex -24.56414794921875 26.374246597290039 -37.328926086425781
  endloop
 endfacet
 facet normal -0.57608147936950282 -0.46344559957089493 0.6733114475232238
  outer loop
   vertex -24.453290939331055 26.374246597290039 -37.234077453613281
   vertex -24.56414794921875 26.374246597290039 -37.328926086425781
   vertex -24.305578231811523 26.190633773803711 -37.234077453613281
  endloop
 endfacet
 facet normal -0.58860263477524388 -0.50124517201741969 0.63427140552358841
  outer loop
   vertex -24.305578231811523 26.190633773803711 -37.234077453613281
   vertex -24.56414794921875 26.374246597290039 -37.328926086425781
   vertex -24.305578231811523 26.115678787231445 -37.293312072753906
  endloop
 endfacet
 facet normal -0.56486085366253402 -0.38417973124806593 0.73030004114596425
  outer loop
   vertex -24.56414794921875 26.632818222045898 -37.136775970458984
   vertex -24.305578231811523 26.559206008911133 -36.975505828857422
   vertex -24.355644226074219 26.632818222045898 -36.975505828857422
  endloop
 endfacet
 facet normal 0.83701330803245688 0.026077005129443151 0.54656080355258041
  outer loop
   vertex -22.924278259277344 26.374246597290039 -37.492649078369141
   vertex -23.012729644775391 26.632818222045898 -37.369529724121094
   vertex -23.012729644775391 26.374246597290039 -37.357192993164062
  endloop
 endfacet
 facet normal 0.84590824347711735 0.025416763394654308 0.53272247160787045
  outer loop
   vertex -23.012729644775391 26.374246597290039 -37.357192993164062
   vertex -23.012729644775391 26.632818222045898 -37.369529724121094
   vertex -23.090263366699219 26.374246597290039 -37.234077453613281
  endloop
 endfacet
 facet normal 0.84376811666990958 0.0754738144547175 0.53137469701047013
  outer loop
   vertex -23.012729644775391 26.374246597290039 -37.357192993164062
   vertex -23.090263366699219 26.374246597290039 -37.234077453613281
   vertex -23.067134857177734 26.115678787231445 -37.234077453613281
  endloop
 endfacet
 facet normal 0.84564376490749604 0.03569935873718779 0.53255251258334035
  outer loop
   vertex -22.93519401550293 26.632818222045898 -37.492649078369141
   vertex -23.012729644775391 26.632818222045898 -37.369529724121094
   vertex -22.924278259277344 26.374246597290039 -37.492649078369141
  endloop
 endfacet
 facet normal -0.86876228181432047 -0.39038360003305272 0.30471747984322939
  outer loop
   vertex -24.822719573974609 26.374246597290039 -37.546138763427734
   vertex -24.822719573974609 26.415998458862305 -37.492649078369141
   vertex -24.920148849487305 26.632818222045898 -37.492649078369141
  endloop
 endfacet
 facet normal 0.98935721963801848 0.1455070168415592 0
  outer loop
   vertex -22.883443832397461 26.632818222045898 -37.751216888427734
   vertex -22.845415115356445 26.374246597290039 -37.751216888427734
   vertex -22.883443832397461 26.632818222045898 -38.009788513183594
  endloop
 endfacet
 facet normal 0.98935721963801848 0.1455070168415592 0
  outer loop
   vertex -22.883443832397461 26.632818222045898 -38.009788513183594
   vertex -22.845415115356445 26.374246597290039 -37.751216888427734
   vertex -22.845415115356445 26.374246597290039 -38.009788513183594
  endloop
 endfacet
 facet normal 0.98935721963801848 0.14550701684155917 0
  outer loop
   vertex -22.883443832397461 26.632818222045898 -38.009788513183594
   vertex -22.845415115356445 26.374246597290039 -38.009788513183594
   vertex -22.883443832397461 26.632818222045898 -38.268356323242188
  endloop
 endfacet
 facet normal 0.99371756889204521 0.04269805732112892 -0.10345177222399334
  outer loop
   vertex -22.883443832397461 26.632818222045898 -38.268356323242188
   vertex -22.845415115356445 26.374246597290039 -38.009788513183594
   vertex -22.872333526611328 26.374246597290039 -38.268356323242188
  endloop
 endfacet
 facet normal 0.97968536060832767 0.042095121384001212 -0.19607293277093921
  outer loop
   vertex -22.883443832397461 26.632818222045898 -38.268356323242188
   vertex -22.872333526611328 26.374246597290039 -38.268356323242188
   vertex -22.93519401550293 26.632818222045898 -38.526927947998047
  endloop
 endfacet
 facet normal 0.97169807021964083 0 -0.23622629051700797
  outer loop
   vertex -22.93519401550293 26.632818222045898 -38.526927947998047
   vertex -22.872333526611328 26.374246597290039 -38.268356323242188
   vertex -22.93519401550293 26.374246597290039 -38.526927947998047
  endloop
 endfacet
 facet normal 0.80943948358493423 0 -0.58720330586071745
  outer loop
   vertex -22.93519401550293 26.632818222045898 -38.526927947998047
   vertex -22.93519401550293 26.374246597290039 -38.526927947998047
   vertex -23.012729644775391 26.374246597290039 -38.633808135986328
  endloop
 endfacet
 facet normal 0.80943948358493423 0 -0.58720330586071745
  outer loop
   vertex -23.012729644775391 26.374246597290039 -38.633808135986328
   vertex -22.93519401550293 26.374246597290039 -38.526927947998047
   vertex -23.012729644775391 26.115678787231445 -38.633808135986328
  endloop
 endfacet
 facet normal 0.70710678118654746 0 -0.70710678118654746
  outer loop
   vertex -23.012729644775391 26.374246597290039 -38.633808135986328
   vertex -23.012729644775391 26.115678787231445 -38.633808135986328
   vertex -23.164417266845703 26.374246597290039 -38.785495758056641
  endloop
 endfacet
 facet normal 0.70710678118654746 0 -0.70710678118654746
  outer loop
   vertex -23.164417266845703 26.374246597290039 -38.785495758056641
   vertex -23.012729644775391 26.115678787231445 -38.633808135986328
   vertex -23.164417266845703 26.115678787231445 -38.785495758056641
  endloop
 endfacet
 facet normal 0.58720590426746311 0 -0.80943759857905717
  outer loop
   vertex -23.164417266845703 26.374246597290039 -38.785495758056641
   vertex -23.164417266845703 26.115678787231445 -38.785495758056641
   vertex -23.271299362182617 26.115678787231445 -38.863033294677734
  endloop
 endfacet
 facet normal 0.57985529531394076 -0.15773136483473113 -0.79930510635411045
  outer loop
   vertex -23.271299362182617 26.115678787231445 -38.863033294677734
   vertex -23.164417266845703 26.115678787231445 -38.785495758056641
   vertex -23.271299362182617 25.857107162475586 -38.812007904052734
  endloop
 endfacet
 facet normal 0.19007404313515242 -0.19007264105761723 -0.96319481375661409
  outer loop
   vertex -23.271299362182617 26.115678787231445 -38.863033294677734
   vertex -23.271299362182617 25.857107162475586 -38.812007904052734
   vertex -23.529869079589844 25.857107162475586 -38.863033294677734
  endloop
 endfacet
 facet normal 0.17047602065841944 -0.47396744596356927 -0.86388239161777169
  outer loop
   vertex -23.529869079589844 25.857107162475586 -38.863033294677734
   vertex -23.271299362182617 25.857107162475586 -38.812007904052734
   vertex -23.271299362182617 25.808784484863281 -38.785495758056641
  endloop
 endfacet
 facet normal 0.15235117095237746 -0.52668655302083578 -0.83629563886012803
  outer loop
   vertex -23.529869079589844 25.857107162475586 -38.863033294677734
   vertex -23.271299362182617 25.808784484863281 -38.785495758056641
   vertex -23.529869079589844 25.733989715576172 -38.785495758056641
  endloop
 endfacet
 facet normal 0.1562106738630353 -0.54002907130724698 -0.82702287000680264
  outer loop
   vertex -23.529869079589844 25.733989715576172 -38.785495758056641
   vertex -23.271299362182617 25.808784484863281 -38.785495758056641
   vertex -23.529869079589844 25.598537445068359 -38.697048187255859
  endloop
 endfacet
 facet normal -0.14478898647590549 -0.5409797424642917 -0.82847876716216984
  outer loop
   vertex -23.529869079589844 25.733989715576172 -38.785495758056641
   vertex -23.529869079589844 25.598537445068359 -38.697048187255859
   vertex -23.78843879699707 25.598537445068359 -38.651859283447266
  endloop
 endfacet
 facet normal -0.14697080716143676 -0.52075010037033476 -0.84096308765997696
  outer loop
   vertex -23.78843879699707 25.598537445068359 -38.651859283447266
   vertex -23.529869079589844 25.598537445068359 -38.697048187255859
   vertex -23.529869079589844 25.339967727661133 -38.536933898925781
  endloop
 endfacet
 facet normal -0.33027240590233314 -0.63902832221216488 -0.69466750414150669
  outer loop
   vertex -23.78843879699707 25.598537445068359 -38.651859283447266
   vertex -23.529869079589844 25.339967727661133 -38.536933898925781
   vertex -23.550914764404297 25.339967727661133 -38.526927947998047
  endloop
 endfacet
 facet normal -0.70811108514025722 -0.44864659310728522 -0.5452475819246827
  outer loop
   vertex -24.822719573974609 26.374246597290039 -38.328926086425781
   vertex -24.822719573974609 26.61488151550293 -38.526927947998047
   vertex -24.670257568359375 26.374246597290039 -38.526927947998047
  endloop
 endfacet
 facet normal -0.60955424129771596 -0.38620272922030113 -0.69230851421801598
  outer loop
   vertex -24.670257568359375 26.374246597290039 -38.526927947998047
   vertex -24.822719573974609 26.61488151550293 -38.526927947998047
   vertex -24.822719573974609 26.632818222045898 -38.536933898925781
  endloop
 endfacet
 facet normal -0.32160029935061263 -0.29562097210634458 0.89954515634763788
  outer loop
   vertex -23.78843879699707 26.115678787231445 -36.884250640869141
   vertex -24.047008514404297 26.119291305541992 -36.975505828857422
   vertex -24.04368782043457 26.115678787231445 -36.975505828857422
  endloop
 endfacet
 facet normal -0.44016249493059795 -0.40460554576249791 0.80159299547507434
  outer loop
   vertex -24.04368782043457 26.115678787231445 -36.975505828857422
   vertex -24.047008514404297 26.119291305541992 -36.975505828857422
   vertex -24.047008514404297 26.115678787231445 -36.977329254150391
  endloop
 endfacet
 facet normal -0.38535262530961745 -0.59917629868225009 0.70177711366531803
  outer loop
   vertex -24.04368782043457 26.115678787231445 -36.975505828857422
   vertex -24.047008514404297 26.115678787231445 -36.977329254150391
   vertex -23.78843879699707 25.857107162475586 -37.056114196777344
  endloop
 endfacet
 facet normal -0.35212836866062036 -0.57672979084834386 0.73714880474191613
  outer loop
   vertex -23.78843879699707 25.857107162475586 -37.056114196777344
   vertex -24.047008514404297 26.115678787231445 -36.977329254150391
   vertex -24.047008514404297 25.857107162475586 -37.179630279541016
  endloop
 endfacet
 facet normal -0.33176649761309029 -0.6384110668319497 0.69452307435249061
  outer loop
   vertex -23.78843879699707 25.857107162475586 -37.056114196777344
   vertex -24.047008514404297 25.857107162475586 -37.179630279541016
   vertex -24.047008514404297 25.797874450683594 -37.234077453613281
  endloop
 endfacet
 facet normal -0.56046278040074338 -0.56046278040074338 0.60972366164594283
  outer loop
   vertex -24.047008514404297 25.797874450683594 -37.234077453613281
   vertex -24.047008514404297 25.857107162475586 -37.179630279541016
   vertex -24.106241226196289 25.857107162475586 -37.234077453613281
  endloop
 endfacet
 facet normal -0.59579086759906741 -0.59579086759906741 0.53857820617910368
  outer loop
   vertex -24.047008514404297 25.797874450683594 -37.234077453613281
   vertex -24.106241226196289 25.857107162475586 -37.234077453613281
   vertex -24.305578231811523 25.857107162475586 -37.45458984375
  endloop
 endfacet
 facet normal -0.68114276627485792 -0.39612657814724778 0.61573392470838151
  outer loop
   vertex -24.305578231811523 25.857107162475586 -37.45458984375
   vertex -24.106241226196289 25.857107162475586 -37.234077453613281
   vertex -24.256616592407227 26.115678787231445 -37.234077453613281
  endloop
 endfacet
 facet normal -0.3208726187204673 -0.30352243607759716 0.89717049291257378
  outer loop
   vertex -24.047008514404297 26.119291305541992 -36.975505828857422
   vertex -23.78843879699707 26.115678787231445 -36.884250640869141
   vertex -24.047008514404297 26.374246597290039 -36.889251708984375
  endloop
 endfacet
 facet normal -0.60426394446896758 -0.4861178081093504 0.63131177880169886
  outer loop
   vertex -24.305578231811523 26.374246597290039 -37.092693328857422
   vertex -24.453290939331055 26.374246597290039 -37.234077453613281
   vertex -24.305578231811523 26.190633773803711 -37.234077453613281
  endloop
 endfacet
 facet normal 0.81360759770093705 0.10747271222538599 0.57139504118449391
  outer loop
   vertex -22.883443832397461 26.115678787231445 -37.492649078369141
   vertex -23.012729644775391 26.374246597290039 -37.357192993164062
   vertex -23.012729644775391 26.115678787231445 -37.308559417724609
  endloop
 endfacet
 facet normal 0.80259040779243418 0.11026688256086495 0.58625067328735958
  outer loop
   vertex -23.012729644775391 26.115678787231445 -37.308559417724609
   vertex -23.012729644775391 26.374246597290039 -37.357192993164062
   vertex -23.067134857177734 26.115678787231445 -37.234077453613281
  endloop
 endfacet
 facet normal 0.83007260410263772 0.13108955461061469 0.54202859757604716
  outer loop
   vertex -22.924278259277344 26.374246597290039 -37.492649078369141
   vertex -23.012729644775391 26.374246597290039 -37.357192993164062
   vertex -22.883443832397461 26.115678787231445 -37.492649078369141
  endloop
 endfacet
 facet normal -0.60260187134500143 -0.57843565479149239 0.54980285368251769
  outer loop
   vertex -24.487449645996094 26.115678787231445 -37.492649078369141
   vertex -24.305578231811523 26.115678787231445 -37.293312072753906
   vertex -24.56414794921875 26.195581436157227 -37.492649078369141
  endloop
 endfacet
 facet normal -0.61363008017892517 -0.53345330909177591 0.58213889383775053
  outer loop
   vertex -24.56414794921875 26.195581436157227 -37.492649078369141
   vertex -24.305578231811523 26.115678787231445 -37.293312072753906
   vertex -24.56414794921875 26.374246597290039 -37.328926086425781
  endloop
 endfacet
 facet normal -0.47033473860648661 -0.59621324976098977 0.65062661678524003
  outer loop
   vertex -24.56414794921875 26.195581436157227 -37.492649078369141
   vertex -24.56414794921875 26.374246597290039 -37.328926086425781
   vertex -24.790630340576172 26.374246597290039 -37.492649078369141
  endloop
 endfacet
 facet normal 0.88913699263806911 0.45764113486719077 -0
  outer loop
   vertex -22.727649688720703 26.115678787231445 -37.751216888427734
   vertex -22.754158020019531 26.167181015014648 -38.009788513183594
   vertex -22.754158020019531 26.167181015014648 -37.751216888427734
  endloop
 endfacet
 facet normal 0.91507337476205397 0.40328738983705598 -0
  outer loop
   vertex -22.754158020019531 26.167181015014648 -37.751216888427734
   vertex -22.754158020019531 26.167181015014648 -38.009788513183594
   vertex -22.845415115356445 26.374246597290039 -37.751216888427734
  endloop
 endfacet
 facet normal 0.88913699263806911 0.45764113486719077 -0
  outer loop
   vertex -22.727649688720703 26.115678787231445 -37.751216888427734
   vertex -22.727649688720703 26.115678787231445 -38.009788513183594
   vertex -22.754158020019531 26.167181015014648 -38.009788513183594
  endloop
 endfacet
 facet normal 0.80849500273293629 0.41613449181476742 -0.41613449181476742
  outer loop
   vertex -22.754158020019531 26.167181015014648 -38.009788513183594
   vertex -22.727649688720703 26.115678787231445 -38.009788513183594
   vertex -22.754158020019531 26.115678787231445 -38.061290740966797
  endloop
 endfacet
 facet normal 0.84865886984514793 0.37401746124556567 -0.37401746124556567
  outer loop
   vertex -22.754158020019531 26.167181015014648 -38.009788513183594
   vertex -22.754158020019531 26.115678787231445 -38.061290740966797
   vertex -22.845415115356445 26.374246597290039 -38.009788513183594
  endloop
 endfacet
 facet normal 0.84865886984514782 0.37401746124556567 -0.37401746124556567
  outer loop
   vertex -22.845415115356445 26.374246597290039 -38.009788513183594
   vertex -22.754158020019531 26.115678787231445 -38.061290740966797
   vertex -22.845415115356445 26.115678787231445 -38.268356323242188
  endloop
 endfacet
 facet normal 0.9893350509223664 0.10299552664178806 -0.10299552664178806
  outer loop
   vertex -22.845415115356445 26.374246597290039 -38.009788513183594
   vertex -22.845415115356445 26.115678787231445 -38.268356323242188
   vertex -22.872333526611328 26.374246597290039 -38.268356323242188
  endloop
 endfacet
 facet normal 0.96676410237025334 0.10064575976477078 -0.23502680998049982
  outer loop
   vertex -22.872333526611328 26.374246597290039 -38.268356323242188
   vertex -22.845415115356445 26.115678787231445 -38.268356323242188
   vertex -22.93519401550293 26.374246597290039 -38.526927947998047
  endloop
 endfacet
 facet normal 0.91507337476205397 0.40328738983705598 0
  outer loop
   vertex -22.845415115356445 26.374246597290039 -37.751216888427734
   vertex -22.754158020019531 26.167181015014648 -38.009788513183594
   vertex -22.845415115356445 26.374246597290039 -38.009788513183594
  endloop
 endfacet
 facet normal -0.75618303280053645 -0.63868613990634615 -0.14236304153857435
  outer loop
   vertex -24.822719573974609 26.326383590698242 -38.268356323242188
   vertex -24.644754409790039 26.115678787231445 -38.268356323242188
   vertex -24.69343376159668 26.115678787231445 -38.009788513183594
  endloop
 endfacet
 facet normal -0.72936067950908023 -0.67020746834670342 -0.13731332258144305
  outer loop
   vertex -24.69343376159668 26.115678787231445 -38.009788513183594
   vertex -24.644754409790039 26.115678787231445 -38.268356323242188
   vertex -24.56414794921875 26.027957916259766 -38.268356323242188
  endloop
 endfacet
 facet normal -0.70258252986763425 -0.70258252986763425 -0.11294059256790509
  outer loop
   vertex -24.69343376159668 26.115678787231445 -38.009788513183594
   vertex -24.56414794921875 26.027957916259766 -38.268356323242188
   vertex -24.56414794921875 25.986392974853516 -38.009788513183594
  endloop
 endfacet
 facet normal 0.94467696304682258 0 -0.32800218823756649
  outer loop
   vertex -22.93519401550293 26.374246597290039 -38.526927947998047
   vertex -22.845415115356445 26.115678787231445 -38.268356323242188
   vertex -22.93519401550293 26.115678787231445 -38.526927947998047
  endloop
 endfacet
 facet normal 0.94467696304682258 0 -0.32800218823756649
  outer loop
   vertex -22.93519401550293 26.115678787231445 -38.526927947998047
   vertex -22.845415115356445 26.115678787231445 -38.268356323242188
   vertex -22.845415115356445 25.857107162475586 -38.268356323242188
  endloop
 endfacet
 facet normal 0.9380037993848801 -0.020342351107147424 -0.34602754383280365
  outer loop
   vertex -22.93519401550293 26.115678787231445 -38.526927947998047
   vertex -22.845415115356445 25.857107162475586 -38.268356323242188
   vertex -22.940801620483398 25.857107162475586 -38.526927947998047
  endloop
 endfacet
 facet normal 0.92939204617269 -0.1366888106560771 -0.34285068696499288
  outer loop
   vertex -22.940801620483398 25.857107162475586 -38.526927947998047
   vertex -22.845415115356445 25.857107162475586 -38.268356323242188
   vertex -22.883443832397461 25.598537445068359 -38.268356323242188
  endloop
 endfacet
 facet normal 0.90401434069429509 -0.18491066022286068 -0.3854427578188554
  outer loop
   vertex -22.940801620483398 25.857107162475586 -38.526927947998047
   vertex -22.883443832397461 25.598537445068359 -38.268356323242188
   vertex -22.993690490722656 25.598537445068359 -38.526927947998047
  endloop
 endfacet
 facet normal -0.71582299975714503 -0.50924840719827913 -0.4777692882393112
  outer loop
   vertex -24.56414794921875 26.115678787231445 -38.389125823974609
   vertex -24.644754409790039 26.115678787231445 -38.268356323242188
   vertex -24.56414794921875 26.244962692260742 -38.526927947998047
  endloop
 endfacet
 facet normal -0.66634161477611742 -0.56280442080823423 -0.48912169890147406
  outer loop
   vertex -24.56414794921875 26.244962692260742 -38.526927947998047
   vertex -24.644754409790039 26.115678787231445 -38.268356323242188
   vertex -24.822719573974609 26.326383590698242 -38.268356323242188
  endloop
 endfacet
 facet normal 0.80943948358493423 0 -0.58720330586071745
  outer loop
   vertex -22.93519401550293 26.374246597290039 -38.526927947998047
   vertex -22.93519401550293 26.115678787231445 -38.526927947998047
   vertex -23.012729644775391 26.115678787231445 -38.633808135986328
  endloop
 endfacet
 facet normal 0.80895734018896648 -0.034510101368954473 -0.5868535376547519
  outer loop
   vertex -23.012729644775391 26.115678787231445 -38.633808135986328
   vertex -22.93519401550293 26.115678787231445 -38.526927947998047
   vertex -23.012729644775391 25.857107162475586 -38.618602752685547
  endloop
 endfacet
 facet normal 0.70649626765950702 -0.041545728617659226 -0.70649626765950702
  outer loop
   vertex -23.012729644775391 26.115678787231445 -38.633808135986328
   vertex -23.012729644775391 25.857107162475586 -38.618602752685547
   vertex -23.164417266845703 26.115678787231445 -38.785495758056641
  endloop
 endfacet
 facet normal 0.60026752436033337 -0.15437740463555036 -0.78475889044744696
  outer loop
   vertex -23.164417266845703 26.115678787231445 -38.785495758056641
   vertex -23.012729644775391 25.857107162475586 -38.618602752685547
   vertex -23.230916976928711 25.857107162475586 -38.785495758056641
  endloop
 endfacet
 facet normal 0.54343210652316798 -0.13976041480850843 -0.8277370186552887
  outer loop
   vertex -23.164417266845703 26.115678787231445 -38.785495758056641
   vertex -23.230916976928711 25.857107162475586 -38.785495758056641
   vertex -23.271299362182617 25.857107162475586 -38.812007904052734
  endloop
 endfacet
 facet normal 0.49885412503602694 -0.41688334459296478 -0.75983737663760875
  outer loop
   vertex -23.271299362182617 25.857107162475586 -38.812007904052734
   vertex -23.230916976928711 25.857107162475586 -38.785495758056641
   vertex -23.271299362182617 25.808784484863281 -38.785495758056641
  endloop
 endfacet
 facet normal 0.29653840949814025 -0.37492643401625803 0.87834796109979429
  outer loop
   vertex -23.271299362182617 26.115678787231445 -36.956470489501953
   vertex -23.529869079589844 26.115678787231445 -36.869174957275391
   vertex -23.529869079589844 25.866575241088867 -36.975505828857422
  endloop
 endfacet
 facet normal -0.14438737377822233 -0.38847072312788439 0.9100784491272863
  outer loop
   vertex -23.529869079589844 25.866575241088867 -36.975505828857422
   vertex -23.529869079589844 26.115678787231445 -36.869174957275391
   vertex -23.78843879699707 25.962680816650391 -36.975505828857422
  endloop
 endfacet
 facet normal -0.18308322669110524 -0.49258097577509441 0.85079052322462378
  outer loop
   vertex -23.529869079589844 25.866575241088867 -36.975505828857422
   vertex -23.78843879699707 25.962680816650391 -36.975505828857422
   vertex -23.529869079589844 25.857107162475586 -36.980987548828125
  endloop
 endfacet
 facet normal -0.22500779325650819 -0.59129714727354721 0.77442829015990999
  outer loop
   vertex -23.529869079589844 25.857107162475586 -36.980987548828125
   vertex -23.78843879699707 25.962680816650391 -36.975505828857422
   vertex -23.78843879699707 25.857107162475586 -37.056114196777344
  endloop
 endfacet
 facet normal -0.22993111929788099 -0.56644501447015805 0.79137331643183806
  outer loop
   vertex -23.529869079589844 25.857107162475586 -36.980987548828125
   vertex -23.78843879699707 25.857107162475586 -37.056114196777344
   vertex -23.529869079589844 25.598537445068359 -37.166065216064453
  endloop
 endfacet
 facet normal -0.3239536436229517 -0.62570120975317234 0.7096140027485579
  outer loop
   vertex -23.529869079589844 25.598537445068359 -37.166065216064453
   vertex -23.78843879699707 25.857107162475586 -37.056114196777344
   vertex -23.78843879699707 25.655277252197266 -37.234077453613281
  endloop
 endfacet
 facet normal -0.32405681709117962 -0.61043336894374189 0.72274357927049571
  outer loop
   vertex -23.529869079589844 25.598537445068359 -37.166065216064453
   vertex -23.78843879699707 25.655277252197266 -37.234077453613281
   vertex -23.681556701660156 25.598537445068359 -37.234077453613281
  endloop
 endfacet
 facet normal -0.3216384724928551 -0.60587787693566364 0.72764049588543078
  outer loop
   vertex -23.681556701660156 25.598537445068359 -37.234077453613281
   vertex -23.78843879699707 25.655277252197266 -37.234077453613281
   vertex -23.78843879699707 25.598537445068359 -37.281322479248047
  endloop
 endfacet
 facet normal -0.32163426668738088 -0.60589153633776605 0.72763098112074132
  outer loop
   vertex -23.681556701660156 25.598537445068359 -37.234077453613281
   vertex -23.78843879699707 25.598537445068359 -37.281322479248047
   vertex -23.529869079589844 25.339967727661133 -37.382335662841797
  endloop
 endfacet
 facet normal -0.24715961033727582 -0.5569279973938388 0.79293337219265414
  outer loop
   vertex -23.529869079589844 25.339967727661133 -37.382335662841797
   vertex -23.78843879699707 25.598537445068359 -37.281322479248047
   vertex -23.78843879699707 25.339967727661133 -37.462932586669922
  endloop
 endfacet
 facet normal -0.21523449043954032 -0.69055605403250342 0.69051173079411876
  outer loop
   vertex -23.529869079589844 25.339967727661133 -37.382335662841797
   vertex -23.78843879699707 25.339967727661133 -37.462932586669922
   vertex -23.78843879699707 25.310253143310547 -37.492649078369141
  endloop
 endfacet
 facet normal -0.43106294570903692 -0.63805838167086404 0.63801742798783001
  outer loop
   vertex -23.78843879699707 25.310253143310547 -37.492649078369141
   vertex -23.78843879699707 25.339967727661133 -37.462932586669922
   vertex -23.832422256469727 25.339967727661133 -37.492649078369141
  endloop
 endfacet
 facet normal -0.5013769121929087 -0.7421369532812423 0.44480775003853018
  outer loop
   vertex -23.78843879699707 25.310253143310547 -37.492649078369141
   vertex -23.832422256469727 25.339967727661133 -37.492649078369141
   vertex -24.047008514404297 25.329963684082031 -37.751216888427734
  endloop
 endfacet
 facet normal -0.49941320523094807 -0.74438074929439635 0.44326487625444011
  outer loop
   vertex -24.047008514404297 25.329963684082031 -37.751216888427734
   vertex -23.832422256469727 25.339967727661133 -37.492649078369141
   vertex -24.047008514404297 25.339967727661133 -37.734416961669922
  endloop
 endfacet
 facet normal -0.65161935060604603 -0.65174358689786793 0.38810117089910506
  outer loop
   vertex -24.047008514404297 25.329963684082031 -37.751216888427734
   vertex -24.047008514404297 25.339967727661133 -37.734416961669922
   vertex -24.057014465332031 25.339967727661133 -37.751216888427734
  endloop
 endfacet
 facet normal -0.69283590251609961 -0.59135333741435891 0.4126495395775952
  outer loop
   vertex -24.057014465332031 25.339967727661133 -37.751216888427734
   vertex -24.047008514404297 25.339967727661133 -37.734416961669922
   vertex -24.123708724975586 25.598537445068359 -37.492649078369141
  endloop
 endfacet
 facet normal -0.81271734553000796 -0.50325947175054064 0.29363313908349015
  outer loop
   vertex -24.057014465332031 25.339967727661133 -37.751216888427734
   vertex -24.123708724975586 25.598537445068359 -37.492649078369141
   vertex -24.217128753662109 25.598537445068359 -37.751216888427734
  endloop
 endfacet
 facet normal -0.76779656843316713 -0.57752559192796971 0.27740335284653811
  outer loop
   vertex -24.217128753662109 25.598537445068359 -37.751216888427734
   vertex -24.123708724975586 25.598537445068359 -37.492649078369141
   vertex -24.305578231811523 25.716127395629883 -37.751216888427734
  endloop
 endfacet
 facet normal 0.28844680086897373 -0.36698786094866753 0.88437455469092729
  outer loop
   vertex -23.271299362182617 26.115678787231445 -36.956470489501953
   vertex -23.529869079589844 25.866575241088867 -36.975505828857422
   vertex -23.271299362182617 26.069807052612305 -36.975505828857422
  endloop
 endfacet
 facet normal 0.27287196819598236 -0.34717216353037345 0.89722482012174098
  outer loop
   vertex -23.271299362182617 26.069807052612305 -36.975505828857422
   vertex -23.529869079589844 25.866575241088867 -36.975505828857422
   vertex -23.271299362182617 25.857107162475586 -37.057807922363281
  endloop
 endfacet
 facet normal -0.05001104224538841 -0.51160931851175717 0.85776150581934207
  outer loop
   vertex -23.529869079589844 26.115678787231445 -36.869174957275391
   vertex -23.78843879699707 26.115678787231445 -36.884250640869141
   vertex -23.78843879699707 25.962680816650391 -36.975505828857422
  endloop
 endfacet
 facet normal -0.293521622249099 -0.48968693605763786 0.8210065541314151
  outer loop
   vertex -23.78843879699707 25.962680816650391 -36.975505828857422
   vertex -23.78843879699707 26.115678787231445 -36.884250640869141
   vertex -24.04368782043457 26.115678787231445 -36.975505828857422
  endloop
 endfacet
 facet normal -0.34184173829815173 -0.57030017809651379 0.74692833178316542
  outer loop
   vertex -23.78843879699707 25.962680816650391 -36.975505828857422
   vertex -24.04368782043457 26.115678787231445 -36.975505828857422
   vertex -23.78843879699707 25.857107162475586 -37.056114196777344
  endloop
 endfacet
 facet normal 0.24901435031388874 -0.48526683695989259 0.83815747344081648
  outer loop
   vertex -23.529869079589844 25.866575241088867 -36.975505828857422
   vertex -23.529869079589844 25.857107162475586 -36.980987548828125
   vertex -23.271299362182617 25.857107162475586 -37.057807922363281
  endloop
 endfacet
 facet normal 0.23483201792341724 -0.56576348264924192 0.79042115676303648
  outer loop
   vertex -23.271299362182617 25.857107162475586 -37.057807922363281
   vertex -23.529869079589844 25.857107162475586 -36.980987548828125
   vertex -23.529869079589844 25.598537445068359 -37.166065216064453
  endloop
 endfacet
 facet normal 0.047548430396655406 -0.42584304946777507 0.90354681338976595
  outer loop
   vertex -23.271299362182617 25.857107162475586 -37.057807922363281
   vertex -23.529869079589844 25.598537445068359 -37.166065216064453
   vertex -23.271299362182617 25.598537445068359 -37.179672241210938
  endloop
 endfacet
 facet normal 0.040170613616008384 -0.64473651026880685 0.76334864519963219
  outer loop
   vertex -23.271299362182617 25.598537445068359 -37.179672241210938
   vertex -23.529869079589844 25.598537445068359 -37.166065216064453
   vertex -23.529869079589844 25.518013000488281 -37.234077453613281
  endloop
 endfacet
 facet normal -0.69429736841939793 -0.44346908311690414 0.56682125623987623
  outer loop
   vertex -24.047008514404297 26.115678787231445 -36.977329254150391
   vertex -24.256616592407227 26.115678787231445 -37.234077453613281
   vertex -24.047008514404297 25.857107162475586 -37.179630279541016
  endloop
 endfacet
 facet normal -0.62972520230964513 -0.36622408974294746 0.6850737811856662
  outer loop
   vertex -24.047008514404297 25.857107162475586 -37.179630279541016
   vertex -24.256616592407227 26.115678787231445 -37.234077453613281
   vertex -24.106241226196289 25.857107162475586 -37.234077453613281
  endloop
 endfacet
 facet normal 0.81490268182419645 0.091657466418241657 0.5723045762577138
  outer loop
   vertex -23.012729644775391 26.115678787231445 -37.308559417724609
   vertex -22.854360580444336 25.857107162475586 -37.492649078369141
   vertex -22.883443832397461 26.115678787231445 -37.492649078369141
  endloop
 endfacet
 facet normal 0.85406256105382117 0.09606203569441206 0.5112232654177955
  outer loop
   vertex -22.883443832397461 26.115678787231445 -37.492649078369141
   vertex -22.854360580444336 25.857107162475586 -37.492649078369141
   vertex -22.754158020019531 26.115678787231445 -37.708637237548828
  endloop
 endfacet
 facet normal 0.84527856241250576 0.11954103738846844 0.52078219276962245
  outer loop
   vertex -22.691356658935547 25.857107162475586 -37.751216888427734
   vertex -22.754158020019531 26.115678787231445 -37.708637237548828
   vertex -22.754158020019531 25.857107162475586 -37.649284362792969
  endloop
 endfacet
 facet normal 0.83600734809379917 0.12276094081825742 0.53480974686573313
  outer loop
   vertex -22.754158020019531 25.857107162475586 -37.649284362792969
   vertex -22.754158020019531 26.115678787231445 -37.708637237548828
   vertex -22.854360580444336 25.857107162475586 -37.492649078369141
  endloop
 endfacet
 facet normal 0.81458637685665058 -0.25474931065843859 0.521106345536691
  outer loop
   vertex -22.754158020019531 25.857107162475586 -37.649284362792969
   vertex -22.854360580444336 25.857107162475586 -37.492649078369141
   vertex -22.769813537597656 25.598537445068359 -37.751216888427734
  endloop
 endfacet
 facet normal 0.88819481124616129 0.046023838599065031 -0.45715619164132842
  outer loop
   vertex -22.727649688720703 26.115678787231445 -38.009788513183594
   vertex -22.754158020019531 25.857107162475586 -38.087322235107422
   vertex -22.754158020019531 26.115678787231445 -38.061290740966797
  endloop
 endfacet
 facet normal 0.9143200969848384 0.040567217540005661 -0.40295540834029953
  outer loop
   vertex -22.754158020019531 26.115678787231445 -38.061290740966797
   vertex -22.754158020019531 25.857107162475586 -38.087322235107422
   vertex -22.845415115356445 26.115678787231445 -38.268356323242188
  endloop
 endfacet
 facet normal 0.89296228347506135 0 -0.4501314922231105
  outer loop
   vertex -22.845415115356445 25.857107162475586 -38.268356323242188
   vertex -22.845415115356445 26.115678787231445 -38.268356323242188
   vertex -22.754158020019531 25.857107162475586 -38.087322235107422
  endloop
 endfacet
 facet normal -0.66084040403402722 -0.60724438074584208 -0.44107167495628452
  outer loop
   vertex -24.644754409790039 26.115678787231445 -38.268356323242188
   vertex -24.56414794921875 26.115678787231445 -38.389125823974609
   vertex -24.56414794921875 26.027957916259766 -38.268356323242188
  endloop
 endfacet
 facet normal 0.78662966028072612 -0.017059522308140205 -0.6171893957815926
  outer loop
   vertex -22.93519401550293 26.115678787231445 -38.526927947998047
   vertex -22.940801620483398 25.857107162475586 -38.526927947998047
   vertex -23.012729644775391 25.857107162475586 -38.618602752685547
  endloop
 endfacet
 facet normal 0.77568210138439675 -0.16710291836867047 -0.60859994435142695
  outer loop
   vertex -23.012729644775391 25.857107162475586 -38.618602752685547
   vertex -22.940801620483398 25.857107162475586 -38.526927947998047
   vertex -23.012729644775391 25.598537445068359 -38.547607421875
  endloop
 endfacet
 facet normal 0.45133685351824265 -0.23626885072085999 -0.8605068708820961
  outer loop
   vertex -23.012729644775391 25.857107162475586 -38.618602752685547
   vertex -23.012729644775391 25.598537445068359 -38.547607421875
   vertex -23.271299362182617 25.598537445068359 -38.6832275390625
  endloop
 endfacet
 facet normal 0.41527682082189965 -0.44795977943631443 -0.79175576922143376
  outer loop
   vertex -23.271299362182617 25.598537445068359 -38.6832275390625
   vertex -23.012729644775391 25.598537445068359 -38.547607421875
   vertex -23.271299362182617 25.339967727661133 -38.536933898925781
  endloop
 endfacet
 facet normal -0 -0.49242848831577307 -0.87035290767311313
  outer loop
   vertex -23.271299362182617 25.598537445068359 -38.6832275390625
   vertex -23.271299362182617 25.339967727661133 -38.536933898925781
   vertex -23.529869079589844 25.339967727661133 -38.536933898925781
  endloop
 endfacet
 facet normal -0.37495808799725355 -0.4351534378531865 -0.81856454710059168
  outer loop
   vertex -24.047008514404297 25.857107162475586 -38.712413787841797
   vertex -24.047008514404297 25.99458122253418 -38.785495758056641
   vertex -23.88746452331543 25.857107162475586 -38.785495758056641
  endloop
 endfacet
 facet normal -0.35717503933639255 -0.41451551855501456 -0.83702023640537726
  outer loop
   vertex -23.88746452331543 25.857107162475586 -38.785495758056641
   vertex -24.047008514404297 25.99458122253418 -38.785495758056641
   vertex -24.047008514404297 26.115678787231445 -38.845466613769531
  endloop
 endfacet
 facet normal -0.49706952862656312 -0.43666019671787576 -0.74983315231674863
  outer loop
   vertex -24.153388977050781 26.115678787231445 -38.785495758056641
   vertex -24.047008514404297 25.99458122253418 -38.785495758056641
   vertex -24.305578231811523 26.115678787231445 -38.684608459472656
  endloop
 endfacet
 facet normal -0.49148826372650573 -0.40879307439157453 -0.76897822397554882
  outer loop
   vertex -24.305578231811523 26.115678787231445 -38.684608459472656
   vertex -24.047008514404297 25.99458122253418 -38.785495758056641
   vertex -24.047008514404297 25.857107162475586 -38.712413787841797
  endloop
 endfacet
 facet normal -0.5092137249415376 -0.42897755996605008 -0.74610966712457083
  outer loop
   vertex -24.305578231811523 26.115678787231445 -38.684608459472656
   vertex -24.047008514404297 25.857107162475586 -38.712413787841797
   vertex -24.305578231811523 25.857107162475586 -38.535942077636719
  endloop
 endfacet
 facet normal -0.49106609362282166 -0.49106609362282166 -0.71951941140461539
  outer loop
   vertex -24.305578231811523 25.857107162475586 -38.535942077636719
   vertex -24.047008514404297 25.857107162475586 -38.712413787841797
   vertex -24.047008514404297 25.598537445068359 -38.535942077636719
  endloop
 endfacet
 facet normal -0.54200187374201603 -0.54200187374201603 -0.6422366679973105
  outer loop
   vertex -24.305578231811523 25.857107162475586 -38.535942077636719
   vertex -24.047008514404297 25.598537445068359 -38.535942077636719
   vertex -24.057689666748047 25.598537445068359 -38.526927947998047
  endloop
 endfacet
 facet normal -0.5046333495456311 -0.6227295631237405 -0.59795741799736235
  outer loop
   vertex -24.057689666748047 25.598537445068359 -38.526927947998047
   vertex -24.047008514404297 25.598537445068359 -38.535942077636719
   vertex -24.047008514404297 25.589881896972656 -38.526927947998047
  endloop
 endfacet
 facet normal -0.60086192118715664 -0.74147791067608571 -0.29862260404514906
  outer loop
   vertex -24.057689666748047 25.598537445068359 -38.526927947998047
   vertex -24.047008514404297 25.589881896972656 -38.526927947998047
   vertex -24.186197280883789 25.598537445068359 -38.268356323242188
  endloop
 endfacet
 facet normal -0.67012813270290483 -0.36996490805777527 -0.64347047528687729
  outer loop
   vertex -24.305578231811523 26.115678787231445 -38.684608459472656
   vertex -24.305578231811523 25.857107162475586 -38.535942077636719
   vertex -24.314233779907227 25.857107162475586 -38.526927947998047
  endloop
 endfacet
 facet normal -0.6227295631237405 -0.5046333495456311 -0.59795741799736235
  outer loop
   vertex -24.314233779907227 25.857107162475586 -38.526927947998047
   vertex -24.305578231811523 25.857107162475586 -38.535942077636719
   vertex -24.305578231811523 25.846426010131836 -38.526927947998047
  endloop
 endfacet
 facet normal -0.45091179365289863 -0.39611205511414027 -0.79985860884157389
  outer loop
   vertex -24.153388977050781 26.115678787231445 -38.785495758056641
   vertex -24.047008514404297 26.115678787231445 -38.845466613769531
   vertex -24.047008514404297 25.99458122253418 -38.785495758056641
  endloop
 endfacet
 facet normal -0.34265327628180681 -0.6213289023721027 0.70465532519837082
  outer loop
   vertex -23.78843879699707 25.857107162475586 -37.056114196777344
   vertex -24.047008514404297 25.797874450683594 -37.234077453613281
   vertex -23.78843879699707 25.655277252197266 -37.234077453613281
  endloop
 endfacet
 facet normal -0.33277184413704297 -0.60341102499181709 0.72467788338540884
  outer loop
   vertex -23.78843879699707 25.655277252197266 -37.234077453613281
   vertex -24.047008514404297 25.797874450683594 -37.234077453613281
   vertex -23.78843879699707 25.598537445068359 -37.281322479248047
  endloop
 endfacet
 facet normal 0.73716057506751353 -0.2059302676012503 0.64357362550978603
  outer loop
   vertex -22.887796401977539 25.598537445068359 -37.492649078369141
   vertex -23.012729644775391 25.857107162475586 -37.266811370849609
   vertex -23.012729644775391 25.598537445068359 -37.34954833984375
  endloop
 endfacet
 facet normal 0.54702356146960085 -0.25511806835585166 0.79729542479277571
  outer loop
   vertex -23.012729644775391 25.598537445068359 -37.34954833984375
   vertex -23.012729644775391 25.857107162475586 -37.266811370849609
   vertex -23.1810302734375 25.598537445068359 -37.234077453613281
  endloop
 endfacet
 facet normal 0.50345907701541248 -0.45614388531654682 0.73379950508235825
  outer loop
   vertex -23.012729644775391 25.598537445068359 -37.34954833984375
   vertex -23.1810302734375 25.598537445068359 -37.234077453613281
   vertex -23.038427352905273 25.339967727661133 -37.492649078369141
  endloop
 endfacet
 facet normal 0.35604519268500184 -0.55525690782954984 0.75161265760594165
  outer loop
   vertex -23.038427352905273 25.339967727661133 -37.492649078369141
   vertex -23.1810302734375 25.598537445068359 -37.234077453613281
   vertex -23.271299362182617 25.339967727661133 -37.382335662841797
  endloop
 endfacet
 facet normal 0.31761765625383226 -0.67049199265756432 0.67049199265756432
  outer loop
   vertex -23.038427352905273 25.339967727661133 -37.492649078369141
   vertex -23.271299362182617 25.339967727661133 -37.382335662841797
   vertex -23.271299362182617 25.229654312133789 -37.492649078369141
  endloop
 endfacet
 facet normal 0 -0.70710678118654757 0.70710678118654757
  outer loop
   vertex -23.271299362182617 25.229654312133789 -37.492649078369141
   vertex -23.271299362182617 25.339967727661133 -37.382335662841797
   vertex -23.529869079589844 25.229654312133789 -37.492649078369141
  endloop
 endfacet
 facet normal 0 -0.82711997778487878 0.56202539297539023
  outer loop
   vertex -23.271299362182617 25.229654312133789 -37.492649078369141
   vertex -23.529869079589844 25.229654312133789 -37.492649078369141
   vertex -23.271299362182617 25.081398010253906 -37.710834503173828
  endloop
 endfacet
 facet normal 0 -0.82711997778487878 0.56202539297539023
  outer loop
   vertex -23.271299362182617 25.081398010253906 -37.710834503173828
   vertex -23.529869079589844 25.229654312133789 -37.492649078369141
   vertex -23.529869079589844 25.081398010253906 -37.710834503173828
  endloop
 endfacet
 facet normal 0 -0.83595960631955046 0.54879097715073832
  outer loop
   vertex -23.271299362182617 25.081398010253906 -37.710834503173828
   vertex -23.529869079589844 25.081398010253906 -37.710834503173828
   vertex -23.529869079589844 25.054887771606445 -37.751216888427734
  endloop
 endfacet
 facet normal -0.4168524336631777 -0.75986569244479973 0.49883682501843335
  outer loop
   vertex -23.529869079589844 25.054887771606445 -37.751216888427734
   vertex -23.529869079589844 25.081398010253906 -37.710834503173828
   vertex -23.578193664550781 25.081398010253906 -37.751216888427734
  endloop
 endfacet
 facet normal -0.48096734144185543 -0.8767385108835779 0
  outer loop
   vertex -23.529869079589844 25.054887771606445 -37.751216888427734
   vertex -23.578193664550781 25.081398010253906 -37.751216888427734
   vertex -23.529869079589844 25.054887771606445 -38.009788513183594
  endloop
 endfacet
 facet normal -0.48096734144185543 -0.8767385108835779 -0
  outer loop
   vertex -23.529869079589844 25.054887771606445 -38.009788513183594
   vertex -23.578193664550781 25.081398010253906 -37.751216888427734
   vertex -23.578193664550781 25.081398010253906 -38.009788513183594
  endloop
 endfacet
 facet normal -0.43343944448616856 -0.79010157317084451 -0.43343944448616856
  outer loop
   vertex -23.529869079589844 25.054887771606445 -38.009788513183594
   vertex -23.578193664550781 25.081398010253906 -38.009788513183594
   vertex -23.529869079589844 25.081398010253906 -38.058113098144531
  endloop
 endfacet
 facet normal -0.4007649128863508 -0.82387800625965935 -0.4007649128863508
  outer loop
   vertex -23.529869079589844 25.081398010253906 -38.058113098144531
   vertex -23.578193664550781 25.081398010253906 -38.009788513183594
   vertex -23.529869079589844 25.18366813659668 -38.268356323242188
  endloop
 endfacet
 facet normal 0 -0.89925252220430696 -0.43742988159154417
  outer loop
   vertex -23.529869079589844 25.081398010253906 -38.058113098144531
   vertex -23.529869079589844 25.18366813659668 -38.268356323242188
   vertex -23.271299362182617 25.18366813659668 -38.268356323242188
  endloop
 endfacet
 facet normal 0 -0.87035171287903279 -0.49243060007328304
  outer loop
   vertex -23.271299362182617 25.18366813659668 -38.268356323242188
   vertex -23.529869079589844 25.18366813659668 -38.268356323242188
   vertex -23.529869079589844 25.329963684082031 -38.526927947998047
  endloop
 endfacet
 facet normal 0 -0.87035171287903279 -0.49243060007328304
  outer loop
   vertex -23.271299362182617 25.18366813659668 -38.268356323242188
   vertex -23.529869079589844 25.329963684082031 -38.526927947998047
   vertex -23.271299362182617 25.329963684082031 -38.526927947998047
  endloop
 endfacet
 facet normal 0.67714778795754882 -0.35946550038996056 0.64207120110903115
  outer loop
   vertex -23.1810302734375 25.598537445068359 -37.234077453613281
   vertex -23.012729644775391 25.857107162475586 -37.266811370849609
   vertex -23.043767929077148 25.857107162475586 -37.234077453613281
  endloop
 endfacet
 facet normal -0.35898404599325812 -0.62907253596753843 0.68949126115831283
  outer loop
   vertex -24.047008514404297 25.797874450683594 -37.234077453613281
   vertex -24.047008514404297 25.598537445068359 -37.415946960449219
   vertex -23.78843879699707 25.598537445068359 -37.281322479248047
  endloop
 endfacet
 facet normal -0.39196634615242809 -0.52876749901178199 0.75283950180150627
  outer loop
   vertex -23.78843879699707 25.598537445068359 -37.281322479248047
   vertex -24.047008514404297 25.598537445068359 -37.415946960449219
   vertex -23.78843879699707 25.339967727661133 -37.462932586669922
  endloop
 endfacet
 facet normal -0.61082837615175778 -0.50378164499513378 0.61081318670588935
  outer loop
   vertex -24.047008514404297 25.598537445068359 -37.415946960449219
   vertex -24.305578231811523 25.819051742553711 -37.492649078369141
   vertex -24.123708724975586 25.598537445068359 -37.492649078369141
  endloop
 endfacet
 facet normal -0.74785426583488335 -0.61679395877529175 0.2455182467574894
  outer loop
   vertex -24.123708724975586 25.598537445068359 -37.492649078369141
   vertex -24.305578231811523 25.819051742553711 -37.492649078369141
   vertex -24.305578231811523 25.716127395629883 -37.751216888427734
  endloop
 endfacet
 facet normal -0.63073893776259915 -0.54873889559247502 0.54868389520201777
  outer loop
   vertex -24.047008514404297 25.598537445068359 -37.415946960449219
   vertex -24.305578231811523 25.857107162475586 -37.45458984375
   vertex -24.305578231811523 25.819051742553711 -37.492649078369141
  endloop
 endfacet
 facet normal -0.68489716279316615 -0.51525192529698394 0.51520028132331486
  outer loop
   vertex -24.305578231811523 25.819051742553711 -37.492649078369141
   vertex -24.305578231811523 25.857107162475586 -37.45458984375
   vertex -24.334207534790039 25.857107162475586 -37.492649078369141
  endloop
 endfacet
 facet normal -0.7771719291800856 -0.58467074263197094 0.2327314228991946
  outer loop
   vertex -24.305578231811523 25.819051742553711 -37.492649078369141
   vertex -24.334207534790039 25.857107162475586 -37.492649078369141
   vertex -24.305578231811523 25.716127395629883 -37.751216888427734
  endloop
 endfacet
 facet normal -0.61718261396362828 -0.53031570083118218 0.58124941158934107
  outer loop
   vertex -24.305578231811523 25.857107162475586 -37.45458984375
   vertex -24.047008514404297 25.598537445068359 -37.415946960449219
   vertex -24.047008514404297 25.797874450683594 -37.234077453613281
  endloop
 endfacet
 facet normal 0.82536585725778555 -0.24532607732854747 0.50851383211836843
  outer loop
   vertex -22.691356658935547 25.857107162475586 -37.751216888427734
   vertex -22.754158020019531 25.857107162475586 -37.649284362792969
   vertex -22.754158020019531 25.645820617675781 -37.751216888427734
  endloop
 endfacet
 facet normal 0.79539407440214027 -0.26335597267820765 0.54588634170555839
  outer loop
   vertex -22.754158020019531 25.645820617675781 -37.751216888427734
   vertex -22.754158020019531 25.857107162475586 -37.649284362792969
   vertex -22.769813537597656 25.598537445068359 -37.751216888427734
  endloop
 endfacet
 facet normal 0.93699753111381834 -0.31024105427116666 -0.16058055589430492
  outer loop
   vertex -22.754158020019531 25.645820617675781 -37.751216888427734
   vertex -22.769813537597656 25.598537445068359 -37.751216888427734
   vertex -22.814126968383789 25.598537445068359 -38.009788513183594
  endloop
 endfacet
 facet normal 0.91436827999647718 -0.37543338900276513 -0.15159293835196405
  outer loop
   vertex -22.710273742675781 25.857107162475586 -38.009788513183594
   vertex -22.754158020019531 25.645820617675781 -37.751216888427734
   vertex -22.754158020019531 25.750226974487305 -38.009788513183594
  endloop
 endfacet
 facet normal 0.91988271144619083 -0.36366649059562783 -0.14684168618026697
  outer loop
   vertex -22.754158020019531 25.750226974487305 -38.009788513183594
   vertex -22.754158020019531 25.645820617675781 -37.751216888427734
   vertex -22.814126968383789 25.598537445068359 -38.009788513183594
  endloop
 endfacet
 facet normal 0.95620478314199642 -0.28421574082359174 -0.069955881557339741
  outer loop
   vertex -22.691356658935547 25.857107162475586 -37.751216888427734
   vertex -22.754158020019531 25.645820617675781 -37.751216888427734
   vertex -22.710273742675781 25.857107162475586 -38.009788513183594
  endloop
 endfacet
 facet normal -0.74727725172675685 -0.66328855713006785 0.040311276735153154
  outer loop
   vertex -24.420915603637695 25.857107162475586 -37.751216888427734
   vertex -24.434864044189453 25.857107162475586 -38.009788513183594
   vertex -24.305578231811523 25.711450576782227 -38.009788513183594
  endloop
 endfacet
 facet normal -0.74722532541370035 -0.66324246696850497 -0.041996941197203139
  outer loop
   vertex -24.305578231811523 25.711450576782227 -38.009788513183594
   vertex -24.434864044189453 25.857107162475586 -38.009788513183594
   vertex -24.305578231811523 25.727823257446289 -38.268356323242188
  endloop
 endfacet
 facet normal -0.7866256848032378 -0.6161960992817539 -0.039017934822184172
  outer loop
   vertex -24.305578231811523 25.711450576782227 -38.009788513183594
   vertex -24.305578231811523 25.727823257446289 -38.268356323242188
   vertex -24.217128753662109 25.598537445068359 -38.009788513183594
  endloop
 endfacet
 facet normal -0.74560526562167584 -0.66517291334193052 -0.04022167616396178
  outer loop
   vertex -24.434864044189453 25.857107162475586 -38.009788513183594
   vertex -24.420915603637695 25.857107162475586 -38.268356323242188
   vertex -24.305578231811523 25.727823257446289 -38.268356323242188
  endloop
 endfacet
 facet normal -0.66711163716930411 -0.66711163716930411 -0.33154807661420904
  outer loop
   vertex -24.186197280883789 25.598537445068359 -38.268356323242188
   vertex -24.305578231811523 25.846426010131836 -38.526927947998047
   vertex -24.057689666748047 25.598537445068359 -38.526927947998047
  endloop
 endfacet
 facet normal -0.54200187374201592 -0.54200187374201592 -0.6422366679973105
  outer loop
   vertex -24.057689666748047 25.598537445068359 -38.526927947998047
   vertex -24.305578231811523 25.846426010131836 -38.526927947998047
   vertex -24.305578231811523 25.857107162475586 -38.535942077636719
  endloop
 endfacet
 facet normal 0.72749155982768721 -0.14880399411693238 -0.66978608653384741
  outer loop
   vertex -22.940801620483398 25.857107162475586 -38.526927947998047
   vertex -22.993690490722656 25.598537445068359 -38.526927947998047
   vertex -23.012729644775391 25.598537445068359 -38.547607421875
  endloop
 endfacet
 facet normal 0.67115997955506079 -0.4095310786673157 -0.61792279246620707
  outer loop
   vertex -23.012729644775391 25.598537445068359 -38.547607421875
   vertex -22.993690490722656 25.598537445068359 -38.526927947998047
   vertex -23.012729644775391 25.56733512878418 -38.526927947998047
  endloop
 endfacet
 facet normal 0.45997683217500768 -0.49052901003775162 -0.74013688205198114
  outer loop
   vertex -23.012729644775391 25.598537445068359 -38.547607421875
   vertex -23.012729644775391 25.56733512878418 -38.526927947998047
   vertex -23.271299362182617 25.339967727661133 -38.536933898925781
  endloop
 endfacet
 facet normal 0.46373971766777528 -0.38753887122408281 -0.79671770254449348
  outer loop
   vertex -23.271299362182617 25.808784484863281 -38.785495758056641
   vertex -23.230916976928711 25.857107162475586 -38.785495758056641
   vertex -23.271299362182617 25.598537445068359 -38.6832275390625
  endloop
 endfacet
 facet normal 0.56232790275390121 -0.37858841970834384 -0.73515858033973736
  outer loop
   vertex -23.271299362182617 25.598537445068359 -38.6832275390625
   vertex -23.230916976928711 25.857107162475586 -38.785495758056641
   vertex -23.012729644775391 25.857107162475586 -38.618602752685547
  endloop
 endfacet
 facet normal 0.048010294921219283 -0.43691245520174732 -0.89822186461428266
  outer loop
   vertex -23.271299362182617 25.808784484863281 -38.785495758056641
   vertex -23.271299362182617 25.598537445068359 -38.6832275390625
   vertex -23.529869079589844 25.598537445068359 -38.697048187255859
  endloop
 endfacet
 facet normal 0.045396418340454735 -0.52592433535851679 -0.84931899700852131
  outer loop
   vertex -23.529869079589844 25.598537445068359 -38.697048187255859
   vertex -23.271299362182617 25.598537445068359 -38.6832275390625
   vertex -23.529869079589844 25.339967727661133 -38.536933898925781
  endloop
 endfacet
 facet normal -0.32405534310992218 -0.61043804365071508 0.72274029185164312
  outer loop
   vertex -23.529869079589844 25.598537445068359 -37.166065216064453
   vertex -23.681556701660156 25.598537445068359 -37.234077453613281
   vertex -23.529869079589844 25.518013000488281 -37.234077453613281
  endloop
 endfacet
 facet normal -0.32164282180601855 -0.60589346564472601 0.72762559291828433
  outer loop
   vertex -23.529869079589844 25.518013000488281 -37.234077453613281
   vertex -23.681556701660156 25.598537445068359 -37.234077453613281
   vertex -23.529869079589844 25.339967727661133 -37.382335662841797
  endloop
 endfacet
 facet normal 0.69990241674338283 -0.36981058022786967 0.61104561350876119
  outer loop
   vertex -22.887796401977539 25.598537445068359 -37.492649078369141
   vertex -23.012729644775391 25.598537445068359 -37.34954833984375
   vertex -23.012729644775391 25.362089157104492 -37.492649078369141
  endloop
 endfacet
 facet normal 0.40710546358715444 -0.47292049585357232 0.78141624382853681
  outer loop
   vertex -23.012729644775391 25.362089157104492 -37.492649078369141
   vertex -23.012729644775391 25.598537445068359 -37.34954833984375
   vertex -23.038427352905273 25.339967727661133 -37.492649078369141
  endloop
 endfacet
 facet normal 0.55841481947428739 -0.64869140048086515 0.51708060912557208
  outer loop
   vertex -23.012729644775391 25.362089157104492 -37.492649078369141
   vertex -23.038427352905273 25.339967727661133 -37.492649078369141
   vertex -23.012729644775391 25.339967727661133 -37.520401000976562
  endloop
 endfacet
 facet normal 0.46385284332609372 -0.7748255818475881 0.42951816894381178
  outer loop
   vertex -23.012729644775391 25.339967727661133 -37.520401000976562
   vertex -23.038427352905273 25.339967727661133 -37.492649078369141
   vertex -23.230916976928711 25.081398010253906 -37.751216888427734
  endloop
 endfacet
 facet normal 0.53968570945254568 -0.76639604937563699 0.34839120326741674
  outer loop
   vertex -23.012729644775391 25.339967727661133 -37.520401000976562
   vertex -23.230916976928711 25.081398010253906 -37.751216888427734
   vertex -23.012729644775391 25.235042572021484 -37.751216888427734
  endloop
 endfacet
 facet normal 0.57575735392546112 -0.81762061458891266 0
  outer loop
   vertex -23.012729644775391 25.235042572021484 -37.751216888427734
   vertex -23.230916976928711 25.081398010253906 -37.751216888427734
   vertex -23.230916976928711 25.081398010253906 -38.009788513183594
  endloop
 endfacet
 facet normal 0.59254792324218164 -0.80524768741393582 -0.021520236427280362
  outer loop
   vertex -23.012729644775391 25.235042572021484 -37.751216888427734
   vertex -23.230916976928711 25.081398010253906 -38.009788513183594
   vertex -23.012729644775391 25.241952896118164 -38.009788513183594
  endloop
 endfacet
 facet normal 0.53111338475943171 -0.72176073538835628 -0.44382430463082917
  outer loop
   vertex -23.012729644775391 25.241952896118164 -38.009788513183594
   vertex -23.230916976928711 25.081398010253906 -38.009788513183594
   vertex -23.271299362182617 25.081398010253906 -38.058113098144531
  endloop
 endfacet
 facet normal 0.53913083718482302 -0.75737028077181534 -0.36841308092956387
  outer loop
   vertex -23.012729644775391 25.241952896118164 -38.009788513183594
   vertex -23.271299362182617 25.081398010253906 -38.058113098144531
   vertex -23.271299362182617 25.18366813659668 -38.268356323242188
  endloop
 endfacet
 facet normal -0 -0.89925252220430696 -0.43742988159154417
  outer loop
   vertex -23.271299362182617 25.18366813659668 -38.268356323242188
   vertex -23.271299362182617 25.081398010253906 -38.058113098144531
   vertex -23.529869079589844 25.081398010253906 -38.058113098144531
  endloop
 endfacet
 facet normal 0.43946742080103429 -0.55733626197144948 0.70444636214986478
  outer loop
   vertex -23.1810302734375 25.598537445068359 -37.234077453613281
   vertex -23.271299362182617 25.527359008789062 -37.234077453613281
   vertex -23.271299362182617 25.339967727661133 -37.382335662841797
  endloop
 endfacet
 facet normal -0.45921096437035674 -0.57198008886328089 0.67967938628885927
  outer loop
   vertex -23.78843879699707 25.339967727661133 -37.462932586669922
   vertex -24.047008514404297 25.512247085571289 -37.492649078369141
   vertex -23.832422256469727 25.339967727661133 -37.492649078369141
  endloop
 endfacet
 facet normal -0.54723862876420382 -0.68162483868204182 0.48571335423267337
  outer loop
   vertex -23.832422256469727 25.339967727661133 -37.492649078369141
   vertex -24.047008514404297 25.512247085571289 -37.492649078369141
   vertex -24.047008514404297 25.339967727661133 -37.734416961669922
  endloop
 endfacet
 facet normal -0.46729047336383611 -0.58736481301866739 0.66078906614058608
  outer loop
   vertex -23.78843879699707 25.339967727661133 -37.462932586669922
   vertex -24.047008514404297 25.598537445068359 -37.415946960449219
   vertex -24.047008514404297 25.512247085571289 -37.492649078369141
  endloop
 endfacet
 facet normal -0.59868158314441267 -0.53214523337207986 0.59866669575238141
  outer loop
   vertex -24.047008514404297 25.512247085571289 -37.492649078369141
   vertex -24.047008514404297 25.598537445068359 -37.415946960449219
   vertex -24.123708724975586 25.598537445068359 -37.492649078369141
  endloop
 endfacet
 facet normal -0.67554398242151881 -0.60046528956293044 0.42788054856955199
  outer loop
   vertex -24.047008514404297 25.512247085571289 -37.492649078369141
   vertex -24.123708724975586 25.598537445068359 -37.492649078369141
   vertex -24.047008514404297 25.339967727661133 -37.734416961669922
  endloop
 endfacet
 facet normal 0.82859065688948008 -0.4377890092690977 0.34896748656377974
  outer loop
   vertex -23.012729644775391 25.362089157104492 -37.492649078369141
   vertex -23.012729644775391 25.339967727661133 -37.520401000976562
   vertex -22.915519714355469 25.339967727661133 -37.751216888427734
  endloop
 endfacet
 facet normal 0.70087579184828597 -0.64933987034119978 0.2951793644317165
  outer loop
   vertex -22.915519714355469 25.339967727661133 -37.751216888427734
   vertex -23.012729644775391 25.339967727661133 -37.520401000976562
   vertex -23.012729644775391 25.235042572021484 -37.751216888427734
  endloop
 endfacet
 facet normal 0.73296501610204357 -0.67906954992013879 -0.040333999823858824
  outer loop
   vertex -22.915519714355469 25.339967727661133 -37.751216888427734
   vertex -23.012729644775391 25.235042572021484 -37.751216888427734
   vertex -22.92974853515625 25.339967727661133 -38.009788513183594
  endloop
 endfacet
 facet normal 0.76309785172133449 -0.64605229113778273 -0.017265741047107586
  outer loop
   vertex -22.92974853515625 25.339967727661133 -38.009788513183594
   vertex -23.012729644775391 25.235042572021484 -37.751216888427734
   vertex -23.012729644775391 25.241952896118164 -38.009788513183594
  endloop
 endfacet
 facet normal 0.74997093569619055 -0.63493880922391355 -0.18546240630461697
  outer loop
   vertex -22.92974853515625 25.339967727661133 -38.009788513183594
   vertex -23.012729644775391 25.241952896118164 -38.009788513183594
   vertex -22.993690490722656 25.339967727661133 -38.268356323242188
  endloop
 endfacet
 facet normal 0.72106798161528651 -0.66381080812356263 -0.19853507727250486
  outer loop
   vertex -22.993690490722656 25.339967727661133 -38.268356323242188
   vertex -23.012729644775391 25.241952896118164 -38.009788513183594
   vertex -23.012729644775391 25.319286346435547 -38.268356323242188
  endloop
 endfacet
 facet normal 0.67119049520436191 -0.61789389681176254 -0.40952466522799152
  outer loop
   vertex -22.993690490722656 25.339967727661133 -38.268356323242188
   vertex -23.012729644775391 25.319286346435547 -38.268356323242188
   vertex -23.012729644775391 25.339967727661133 -38.299560546875
  endloop
 endfacet
 facet normal 0.46103599344244567 -0.73967183913280321 -0.49023604839345875
  outer loop
   vertex -23.012729644775391 25.339967727661133 -38.299560546875
   vertex -23.012729644775391 25.319286346435547 -38.268356323242188
   vertex -23.254497528076172 25.339967727661133 -38.526927947998047
  endloop
 endfacet
 facet normal 0.82858400999300597 -0.43780265101641469 0.34896615472980969
  outer loop
   vertex -23.012729644775391 25.362089157104492 -37.492649078369141
   vertex -22.915519714355469 25.339967727661133 -37.751216888427734
   vertex -22.887796401977539 25.598537445068359 -37.492649078369141
  endloop
 endfacet
 facet normal -0.30452871302647944 -0.62642701666529854 -0.71753150156230061
  outer loop
   vertex -23.550914764404297 25.339967727661133 -38.526927947998047
   vertex -23.78843879699707 25.455436706542969 -38.526927947998047
   vertex -23.78843879699707 25.598537445068359 -38.651859283447266
  endloop
 endfacet
 facet normal 0.44530090743855655 -0.77679740194518943 0.44530090743855655
  outer loop
   vertex -23.230916976928711 25.081398010253906 -37.751216888427734
   vertex -23.038427352905273 25.339967727661133 -37.492649078369141
   vertex -23.271299362182617 25.081398010253906 -37.710834503173828
  endloop
 endfacet
 facet normal 0.36481053980900396 -0.77011633630197307 0.52329159997566321
  outer loop
   vertex -23.271299362182617 25.081398010253906 -37.710834503173828
   vertex -23.038427352905273 25.339967727661133 -37.492649078369141
   vertex -23.271299362182617 25.229654312133789 -37.492649078369141
  endloop
 endfacet
 facet normal -0.38754240092441306 -0.79670287233065007 0.46376224588234127
  outer loop
   vertex -23.578193664550781 25.081398010253906 -37.751216888427734
   vertex -23.529869079589844 25.081398010253906 -37.710834503173828
   vertex -23.78843879699707 25.18366813659668 -37.751216888427734
  endloop
 endfacet
 facet normal -0.38323982940190388 -0.76396843198816888 0.51911411855731504
  outer loop
   vertex -23.78843879699707 25.18366813659668 -37.751216888427734
   vertex -23.529869079589844 25.081398010253906 -37.710834503173828
   vertex -23.529869079589844 25.229654312133789 -37.492649078369141
  endloop
 endfacet
 facet normal -0.43742667253743756 -0.89925408320052969 0
  outer loop
   vertex -23.78843879699707 25.18366813659668 -37.751216888427734
   vertex -23.78843879699707 25.18366813659668 -38.009788513183594
   vertex -23.578193664550781 25.081398010253906 -37.751216888427734
  endloop
 endfacet
 facet normal -0.43742667253743756 -0.89925408320052969 0
  outer loop
   vertex -23.578193664550781 25.081398010253906 -37.751216888427734
   vertex -23.78843879699707 25.18366813659668 -38.009788513183594
   vertex -23.578193664550781 25.081398010253906 -38.009788513183594
  endloop
 endfacet
 facet normal -0.4924333516768617 -0.87035015606150845 0
  outer loop
   vertex -23.78843879699707 25.18366813659668 -37.751216888427734
   vertex -24.047008514404297 25.329963684082031 -38.009788513183594
   vertex -23.78843879699707 25.18366813659668 -38.009788513183594
  endloop
 endfacet
 facet normal -0.47318459122641715 -0.83632898019073076 -0.27685768820645174
  outer loop
   vertex -23.78843879699707 25.18366813659668 -38.009788513183594
   vertex -24.047008514404297 25.329963684082031 -38.009788513183594
   vertex -23.78843879699707 25.269264221191406 -38.268356323242188
  endloop
 endfacet
 facet normal -0.2998083291716005 -0.90566473124647406 -0.29981054073461993
  outer loop
   vertex -23.78843879699707 25.18366813659668 -38.009788513183594
   vertex -23.78843879699707 25.269264221191406 -38.268356323242188
   vertex -23.529869079589844 25.18366813659668 -38.268356323242188
  endloop
 endfacet
 facet normal -0.27685625975405626 -0.83633083435966393 -0.47318214984745871
  outer loop
   vertex -23.529869079589844 25.18366813659668 -38.268356323242188
   vertex -23.78843879699707 25.269264221191406 -38.268356323242188
   vertex -23.529869079589844 25.329963684082031 -38.526927947998047
  endloop
 endfacet
 facet normal 0.44900009884018033 -0.85606371600732811 -0.25603481282285206
  outer loop
   vertex -23.012729644775391 25.241952896118164 -38.009788513183594
   vertex -23.271299362182617 25.18366813659668 -38.268356323242188
   vertex -23.012729644775391 25.319286346435547 -38.268356323242188
  endloop
 endfacet
 facet normal 0.41527151583425181 -0.79175679006610611 -0.44796289301786885
  outer loop
   vertex -23.012729644775391 25.319286346435547 -38.268356323242188
   vertex -23.271299362182617 25.18366813659668 -38.268356323242188
   vertex -23.271299362182617 25.329963684082031 -38.526927947998047
  endloop
 endfacet
 facet normal 0.4488217308867905 -0.75379802237974025 -0.47994540870830105
  outer loop
   vertex -23.012729644775391 25.319286346435547 -38.268356323242188
   vertex -23.271299362182617 25.329963684082031 -38.526927947998047
   vertex -23.254497528076172 25.339967727661133 -38.526927947998047
  endloop
 endfacet
 facet normal -0.40076197021310794 -0.82387943107146122 -0.40076492646971157
  outer loop
   vertex -23.578193664550781 25.081398010253906 -38.009788513183594
   vertex -23.78843879699707 25.18366813659668 -38.009788513183594
   vertex -23.529869079589844 25.18366813659668 -38.268356323242188
  endloop
 endfacet
 facet normal -0.51566155144435166 -0.79258497815137663 -0.32542620787328475
  outer loop
   vertex -24.047008514404297 25.339967727661133 -38.030834197998047
   vertex -23.897111892700195 25.339967727661133 -38.268356323242188
   vertex -23.78843879699707 25.269264221191406 -38.268356323242188
  endloop
 endfacet
 facet normal -0.47877877770638139 -0.73589521267362989 -0.47877877770638139
  outer loop
   vertex -23.78843879699707 25.269264221191406 -38.268356323242188
   vertex -23.897111892700195 25.339967727661133 -38.268356323242188
   vertex -23.78843879699707 25.339967727661133 -38.377029418945312
  endloop
 endfacet
 facet normal -0.32915513350351999 -0.79150236106665273 -0.51495719289489872
  outer loop
   vertex -23.78843879699707 25.269264221191406 -38.268356323242188
   vertex -23.78843879699707 25.339967727661133 -38.377029418945312
   vertex -23.529869079589844 25.329963684082031 -38.526927947998047
  endloop
 endfacet
 facet normal -0.53984603793128216 -0.76024344691664458 -0.3613809025809136
  outer loop
   vertex -24.047008514404297 25.339967727661133 -38.030834197998047
   vertex -23.78843879699707 25.269264221191406 -38.268356323242188
   vertex -24.047008514404297 25.329963684082031 -38.009788513183594
  endloop
 endfacet
 facet normal 0.48110479476033829 -0.73285493306467242 0.48110479476033829
  outer loop
   vertex -23.230916976928711 25.081398010253906 -37.751216888427734
   vertex -23.271299362182617 25.081398010253906 -37.710834503173828
   vertex -23.271299362182617 25.054887771606445 -37.751216888427734
  endloop
 endfacet
 facet normal 0 -0.83595960631955046 0.54879097715073832
  outer loop
   vertex -23.271299362182617 25.054887771606445 -37.751216888427734
   vertex -23.271299362182617 25.081398010253906 -37.710834503173828
   vertex -23.529869079589844 25.054887771606445 -37.751216888427734
  endloop
 endfacet
 facet normal 0 -1 0
  outer loop
   vertex -23.271299362182617 25.054887771606445 -37.751216888427734
   vertex -23.529869079589844 25.054887771606445 -37.751216888427734
   vertex -23.529869079589844 25.054887771606445 -38.009788513183594
  endloop
 endfacet
 facet normal 0.54879097715073832 -0.83595960631955046 0
  outer loop
   vertex -23.230916976928711 25.081398010253906 -38.009788513183594
   vertex -23.271299362182617 25.054887771606445 -37.751216888427734
   vertex -23.271299362182617 25.054887771606445 -38.009788513183594
  endloop
 endfacet
 facet normal 0 -1 -0
  outer loop
   vertex -23.271299362182617 25.054887771606445 -38.009788513183594
   vertex -23.271299362182617 25.054887771606445 -37.751216888427734
   vertex -23.529869079589844 25.054887771606445 -38.009788513183594
  endloop
 endfacet
 facet normal 0 -0.8767385108835779 -0.48096734144185543
  outer loop
   vertex -23.271299362182617 25.054887771606445 -38.009788513183594
   vertex -23.529869079589844 25.054887771606445 -38.009788513183594
   vertex -23.529869079589844 25.081398010253906 -38.058113098144531
  endloop
 endfacet
 facet normal 0.54879097715073832 -0.83595960631955046 0
  outer loop
   vertex -23.230916976928711 25.081398010253906 -37.751216888427734
   vertex -23.271299362182617 25.054887771606445 -37.751216888427734
   vertex -23.230916976928711 25.081398010253906 -38.009788513183594
  endloop
 endfacet
 facet normal 0.49883682501843335 -0.75986569244479973 -0.4168524336631777
  outer loop
   vertex -23.230916976928711 25.081398010253906 -38.009788513183594
   vertex -23.271299362182617 25.054887771606445 -38.009788513183594
   vertex -23.271299362182617 25.081398010253906 -38.058113098144531
  endloop
 endfacet
 facet normal 0 -0.8767385108835779 -0.48096734144185543
  outer loop
   vertex -23.271299362182617 25.081398010253906 -38.058113098144531
   vertex -23.271299362182617 25.054887771606445 -38.009788513183594
   vertex -23.529869079589844 25.081398010253906 -38.058113098144531
  endloop
 endfacet
endsolid
