solid ITK-SNAP coord sys for 3D Slicer: SPACE=RAS
 facet normal 0.36768589655452405 0.72362592283003668 0.58409982475881084
  outer loop
   vertex -32.876987457275391 39.302745819091797 -39.819778442382812
   vertex -33.096958160400391 39.414516448974609 -39.819778442382812
   vertex -33.096958160400391 39.302745819091797 -39.681308746337891
  endloop
 endfacet
 facet normal 0.16864256734188393 0.76698918541302297 0.61910198993365029
  outer loop
   vertex -33.096958160400391 39.302745819091797 -39.681308746337891
   vertex -33.096958160400391 39.414516448974609 -39.819778442382812
   vertex -33.35552978515625 39.302745819091797 -39.610874176025391
  endloop
 endfacet
 facet normal 0.1995042014873743 0.65099271235061851 0.73239781680127236
  outer loop
   vertex -33.096958160400391 39.302745819091797 -39.681308746337891
   vertex -33.35552978515625 39.302745819091797 -39.610874176025391
   vertex -33.096958160400391 39.167625427246094 -39.561206817626953
  endloop
 endfacet
 facet normal 0.26162508035800691 0.73192178058965629 0.62916041231639275
  outer loop
   vertex -33.096958160400391 39.167625427246094 -39.561206817626953
   vertex -33.35552978515625 39.302745819091797 -39.610874176025391
   vertex -33.35552978515625 39.260051727294922 -39.561206817626953
  endloop
 endfacet
 facet normal 0.20686126518037209 0.57871464516575843 0.78885852751849384
  outer loop
   vertex -33.096958160400391 39.167625427246094 -39.561206817626953
   vertex -33.35552978515625 39.260051727294922 -39.561206817626953
   vertex -33.35552978515625 39.044178009033203 -39.402839660644531
  endloop
 endfacet
 facet normal -0.059703714059543965 0.59045364383953181 0.80486021208910286
  outer loop
   vertex -33.35552978515625 39.044178009033203 -39.402839660644531
   vertex -33.35552978515625 39.260051727294922 -39.561206817626953
   vertex -33.614097595214844 39.044178009033203 -39.422019958496094
  endloop
 endfacet
 facet normal -0.057452306011460175 0.62994821019269465 0.77450918975115224
  outer loop
   vertex -33.35552978515625 39.044178009033203 -39.402839660644531
   vertex -33.614097595214844 39.044178009033203 -39.422019958496094
   vertex -33.35552978515625 38.920978546142578 -39.302635192871094
  endloop
 endfacet
 facet normal -0.044394555861278807 0.64560218523690194 0.76238241180343125
  outer loop
   vertex -33.35552978515625 38.920978546142578 -39.302635192871094
   vertex -33.614097595214844 39.044178009033203 -39.422019958496094
   vertex -33.614097595214844 38.9031982421875 -39.302635192871094
  endloop
 endfacet
 facet normal -0.04213183799853714 0.6126968983516079 0.78919415797203185
  outer loop
   vertex -33.35552978515625 38.920978546142578 -39.302635192871094
   vertex -33.614097595214844 38.9031982421875 -39.302635192871094
   vertex -33.614097595214844 38.785606384277344 -39.211341857910156
  endloop
 endfacet
 facet normal -0.13335872078378161 0.60776384584162269 0.78284005983260319
  outer loop
   vertex -33.614097595214844 38.785606384277344 -39.211341857910156
   vertex -33.614097595214844 38.9031982421875 -39.302635192871094
   vertex -33.872669219970703 38.785606384277344 -39.255390167236328
  endloop
 endfacet
 facet normal -0.14411298783913862 0.51338769851588872 0.84596957259031202
  outer loop
   vertex -33.614097595214844 38.785606384277344 -39.211341857910156
   vertex -33.872669219970703 38.785606384277344 -39.255390167236328
   vertex -33.872669219970703 38.527034759521484 -39.098472595214844
  endloop
 endfacet
 facet normal 0.077021462506404667 0.51726222346435358 0.8523540851606729
  outer loop
   vertex -33.872669219970703 38.527034759521484 -39.098472595214844
   vertex -33.872669219970703 38.785606384277344 -39.255390167236328
   vertex -34.131237030029297 38.527034759521484 -39.075107574462891
  endloop
 endfacet
 facet normal 0.071608766021336492 0.60571251006579996 0.79245475566664991
  outer loop
   vertex -33.872669219970703 38.527034759521484 -39.098472595214844
   vertex -34.131237030029297 38.527034759521484 -39.075107574462891
   vertex -33.872669219970703 38.455856323242188 -39.0440673828125
  endloop
 endfacet
 facet normal 0.095196611168513856 0.66776536254001928 0.73825945697554551
  outer loop
   vertex -33.872669219970703 38.455856323242188 -39.0440673828125
   vertex -34.131237030029297 38.527034759521484 -39.075107574462891
   vertex -34.131237030029297 38.492717742919922 -39.0440673828125
  endloop
 endfacet
 facet normal 0.076978102365817397 0.53996996114662466 0.83815679488713246
  outer loop
   vertex -33.872669219970703 38.455856323242188 -39.0440673828125
   vertex -34.131237030029297 38.492717742919922 -39.0440673828125
   vertex -34.131237030029297 38.268466949462891 -38.89959716796875
  endloop
 endfacet
 facet normal -0.37335748119991463 0.50241418211925482 0.77986164211191689
  outer loop
   vertex -34.131237030029297 38.268466949462891 -38.89959716796875
   vertex -34.131237030029297 38.492717742919922 -39.0440673828125
   vertex -34.389808654785156 38.268466949462891 -39.023387908935547
  endloop
 endfacet
 facet normal -0.41690974923297913 0.26045457293150248 0.87083274882928186
  outer loop
   vertex -34.131237030029297 38.268466949462891 -38.89959716796875
   vertex -34.389808654785156 38.268466949462891 -39.023387908935547
   vertex -34.389808654785156 38.009895324707031 -38.946052551269531
  endloop
 endfacet
 facet normal -0.7210357731960888 0.19854648772369621 0.66384238037662413
  outer loop
   vertex -34.389808654785156 38.009895324707031 -38.946052551269531
   vertex -34.389808654785156 38.268466949462891 -39.023387908935547
   vertex -34.408847808837891 38.268466949462891 -39.0440673828125
  endloop
 endfacet
 facet normal -0.74997131626444169 0.18545976429524472 0.63493913141980229
  outer loop
   vertex -34.389808654785156 38.009895324707031 -38.946052551269531
   vertex -34.408847808837891 38.268466949462891 -39.0440673828125
   vertex -34.472789764404297 38.009895324707031 -39.0440673828125
  endloop
 endfacet
 facet normal -0.89696357315972419 0.22180935357395362 0.38243556201227508
  outer loop
   vertex -34.472789764404297 38.009895324707031 -39.0440673828125
   vertex -34.408847808837891 38.268466949462891 -39.0440673828125
   vertex -34.519092559814453 38.268466949462891 -39.302635192871094
  endloop
 endfacet
 facet normal -0.88672430592999418 0.23770956379997824 0.39650241935074498
  outer loop
   vertex -34.472789764404297 38.009895324707031 -39.0440673828125
   vertex -34.519092559814453 38.268466949462891 -39.302635192871094
   vertex -34.588409423828125 38.009895324707031 -39.302635192871094
  endloop
 endfacet
 facet normal -0.95629435687599829 0.25635962938780765 0.14064438640509902
  outer loop
   vertex -34.588409423828125 38.009895324707031 -39.302635192871094
   vertex -34.519092559814453 38.268466949462891 -39.302635192871094
   vertex -34.557121276855469 38.268466949462891 -39.561206817626953
  endloop
 endfacet
 facet normal -0.83833378426026905 0.43285379047784428 0.33141222403046472
  outer loop
   vertex -34.588409423828125 38.009895324707031 -39.302635192871094
   vertex -34.557121276855469 38.268466949462891 -39.561206817626953
   vertex -34.64837646484375 38.009895324707031 -39.454326629638672
  endloop
 endfacet
 facet normal -0.84885407330470963 0.42788813329109016 0.31041666775910837
  outer loop
   vertex -34.64837646484375 38.009895324707031 -39.454326629638672
   vertex -34.557121276855469 38.268466949462891 -39.561206817626953
   vertex -34.64837646484375 38.087432861328125 -39.561206817626953
  endloop
 endfacet
 facet normal -0.8195306275345815 0.46383353041217285 0.336493694737591
  outer loop
   vertex -34.64837646484375 38.009895324707031 -39.454326629638672
   vertex -34.64837646484375 38.087432861328125 -39.561206817626953
   vertex -34.6922607421875 38.009895324707031 -39.561206817626953
  endloop
 endfacet
 facet normal -0.87028040351878266 0.49255661527502093 0
  outer loop
   vertex -34.6922607421875 38.009895324707031 -39.561206817626953
   vertex -34.64837646484375 38.087432861328125 -39.561206817626953
   vertex -34.6922607421875 38.009895324707031 -39.819778442382812
  endloop
 endfacet
 facet normal -0.96111569865484681 0.27614600087490987 0
  outer loop
   vertex -34.6922607421875 38.009895324707031 -39.561206817626953
   vertex -34.6922607421875 38.009895324707031 -39.819778442382812
   vertex -34.766551971435547 37.751327514648438 -39.561206817626953
  endloop
 endfacet
 facet normal -0.9710884568025453 0.2345414582974015 -0.044469241106399847
  outer loop
   vertex -34.766551971435547 37.751327514648438 -39.561206817626953
   vertex -34.6922607421875 38.009895324707031 -39.819778442382812
   vertex -34.754711151123047 37.751327514648438 -39.819778442382812
  endloop
 endfacet
 facet normal -0.99803386398548566 0.042890881869933756 -0.045703157337546985
  outer loop
   vertex -34.766551971435547 37.751327514648438 -39.561206817626953
   vertex -34.754711151123047 37.751327514648438 -39.819778442382812
   vertex -34.777664184570312 37.492755889892578 -39.561206817626953
  endloop
 endfacet
 facet normal -0.98771534669032546 -0.057587463672604727 -0.14526554285227644
  outer loop
   vertex -34.777664184570312 37.492755889892578 -39.561206817626953
   vertex -34.754711151123047 37.751327514648438 -39.819778442382812
   vertex -34.739635467529297 37.492755889892578 -39.819778442382812
  endloop
 endfacet
 facet normal -0.97904686992452261 -0.14399277457551513 -0.1439906502556329
  outer loop
   vertex -34.777664184570312 37.492755889892578 -39.561206817626953
   vertex -34.739635467529297 37.492755889892578 -39.819778442382812
   vertex -34.739635467529297 37.234188079833984 -39.561206817626953
  endloop
 endfacet
 facet normal -0.9426397203449326 -0.23604237073875869 -0.23603888841471374
  outer loop
   vertex -34.739635467529297 37.234188079833984 -39.561206817626953
   vertex -34.739635467529297 37.492755889892578 -39.819778442382812
   vertex -34.674888610839844 37.234188079833984 -39.819778442382812
  endloop
 endfacet
 facet normal -0.85633131818491404 -0.46980602000198551 -0.21442709032578297
  outer loop
   vertex -34.739635467529297 37.234188079833984 -39.561206817626953
   vertex -34.674888610839844 37.234188079833984 -39.819778442382812
   vertex -34.64837646484375 37.185863494873047 -39.819778442382812
  endloop
 endfacet
 facet normal -0.76953093064997979 -0.42218503062972523 -0.47914710338804511
  outer loop
   vertex -34.64837646484375 37.185863494873047 -39.819778442382812
   vertex -34.674888610839844 37.234188079833984 -39.819778442382812
   vertex -34.64837646484375 37.234188079833984 -39.862358093261719
  endloop
 endfacet
 facet normal -0.80546719012859824 -0.39179479089463104 -0.44465654999580595
  outer loop
   vertex -34.64837646484375 37.185863494873047 -39.819778442382812
   vertex -34.64837646484375 37.234188079833984 -39.862358093261719
   vertex -34.546108245849609 36.975616455078125 -39.819778442382812
  endloop
 endfacet
 facet normal -0.78997703369216876 -0.39031193573496675 -0.47285608705159465
  outer loop
   vertex -34.546108245849609 36.975616455078125 -39.819778442382812
   vertex -34.64837646484375 37.234188079833984 -39.862358093261719
   vertex -34.519092559814453 37.234188079833984 -40.078346252441406
  endloop
 endfacet
 facet normal -0.88438467892353634 -0.28059508881179018 -0.37300152254383256
  outer loop
   vertex -34.546108245849609 36.975616455078125 -39.819778442382812
   vertex -34.519092559814453 37.234188079833984 -40.078346252441406
   vertex -34.437053680419922 36.975616455078125 -40.078346252441406
  endloop
 endfacet
 facet normal -0.8279071937066681 -0.26267607081208572 -0.49555116832822965
  outer loop
   vertex -34.437053680419922 36.975616455078125 -40.078346252441406
   vertex -34.519092559814453 37.234188079833984 -40.078346252441406
   vertex -34.389808654785156 37.234188079833984 -40.294338226318359
  endloop
 endfacet
 facet normal -0.76788797338995085 -0.32218604436917708 -0.55366435061038255
  outer loop
   vertex -34.437053680419922 36.975616455078125 -40.078346252441406
   vertex -34.389808654785156 37.234188079833984 -40.294338226318359
   vertex -34.389808654785156 36.975616455078125 -40.143871307373047
  endloop
 endfacet
 facet normal -0.78050730072534591 -0.31442165654694115 -0.54032154816249145
  outer loop
   vertex -34.389808654785156 36.975616455078125 -40.143871307373047
   vertex -34.389808654785156 37.234188079833984 -40.294338226318359
   vertex -34.256168365478516 36.975616455078125 -40.336917877197266
  endloop
 endfacet
 facet normal -0.73611519644624956 -0.44547974704309035 -0.50959023983522633
  outer loop
   vertex -34.389808654785156 36.975616455078125 -40.143871307373047
   vertex -34.256168365478516 36.975616455078125 -40.336917877197266
   vertex -34.389808654785156 36.900661468505859 -40.078346252441406
  endloop
 endfacet
 facet normal -0.66192474686190017 -0.55559063662225716 -0.50316465892338313
  outer loop
   vertex -34.389808654785156 36.900661468505859 -40.078346252441406
   vertex -34.256168365478516 36.975616455078125 -40.336917877197266
   vertex -34.131237030029297 36.826774597167969 -40.336917877197266
  endloop
 endfacet
 facet normal -0.66811551068735209 -0.53747390212397983 -0.51453228170310283
  outer loop
   vertex -34.389808654785156 36.900661468505859 -40.078346252441406
   vertex -34.131237030029297 36.826774597167969 -40.336917877197266
   vertex -34.242095947265625 36.717044830322266 -40.078346252441406
  endloop
 endfacet
 facet normal -0.57175738885733807 -0.6379515976055834 -0.51585971678308296
  outer loop
   vertex -34.242095947265625 36.717044830322266 -40.078346252441406
   vertex -34.131237030029297 36.826774597167969 -40.336917877197266
   vertex -34.131237030029297 36.717044830322266 -40.201217651367188
  endloop
 endfacet
 facet normal -0.55159084504748845 -0.66938579145300292 -0.4976647484608836
  outer loop
   vertex -34.242095947265625 36.717044830322266 -40.078346252441406
   vertex -34.131237030029297 36.717044830322266 -40.201217651367188
   vertex -34.131237030029297 36.625694274902344 -40.078346252441406
  endloop
 endfacet
 facet normal -0.47005627991695859 -0.70832489503565366 -0.52661459985777082
  outer loop
   vertex -34.131237030029297 36.625694274902344 -40.078346252441406
   vertex -34.131237030029297 36.717044830322266 -40.201217651367188
   vertex -33.872669219970703 36.646343231201172 -40.336917877197266
  endloop
 endfacet
 facet normal -0.36148204032482906 -0.82852519721697371 -0.4276408915190098
  outer loop
   vertex -34.131237030029297 36.625694274902344 -40.078346252441406
   vertex -33.872669219970703 36.646343231201172 -40.336917877197266
   vertex -33.872669219970703 36.512882232666016 -40.078346252441406
  endloop
 endfacet
 facet normal -0.37349920118632268 -0.82430554989784488 -0.42546293272245256
  outer loop
   vertex -33.872669219970703 36.512882232666016 -40.078346252441406
   vertex -33.872669219970703 36.646343231201172 -40.336917877197266
   vertex -33.614097595214844 36.529182434082031 -40.336917877197266
  endloop
 endfacet
 facet normal -0.37798746718506065 -0.82005947340065544 -0.4296835285845414
  outer loop
   vertex -33.872669219970703 36.512882232666016 -40.078346252441406
   vertex -33.614097595214844 36.529182434082031 -40.336917877197266
   vertex -33.754634857177734 36.458477020263672 -40.078346252441406
  endloop
 endfacet
 facet normal -0.36665823968640421 -0.82734304098109901 -0.42551759988303095
  outer loop
   vertex -33.754634857177734 36.458477020263672 -40.078346252441406
   vertex -33.614097595214844 36.529182434082031 -40.336917877197266
   vertex -33.614097595214844 36.458477020263672 -40.199443817138672
  endloop
 endfacet
 facet normal -0.35716171471403013 -0.83703528828114393 -0.41449660519072556
  outer loop
   vertex -33.754634857177734 36.458477020263672 -40.078346252441406
   vertex -33.614097595214844 36.458477020263672 -40.199443817138672
   vertex -33.614097595214844 36.398509979248047 -40.078346252441406
  endloop
 endfacet
 facet normal -0.060769959876673205 -0.89448630192413969 -0.44294612273578438
  outer loop
   vertex -33.614097595214844 36.398509979248047 -40.078346252441406
   vertex -33.614097595214844 36.458477020263672 -40.199443817138672
   vertex -33.35552978515625 36.380943298339844 -40.078346252441406
  endloop
 endfacet
 facet normal -0.066963751589541501 -0.98565407388540749 -0.15492547436155812
  outer loop
   vertex -33.614097595214844 36.398509979248047 -40.078346252441406
   vertex -33.35552978515625 36.380943298339844 -40.078346252441406
   vertex -33.35552978515625 36.340301513671875 -39.819778442382812
  endloop
 endfacet
 facet normal 0.27304414126382898 -0.95033381398131556 -0.14937382275761907
  outer loop
   vertex -33.35552978515625 36.340301513671875 -39.819778442382812
   vertex -33.35552978515625 36.380943298339844 -40.078346252441406
   vertex -33.096958160400391 36.414592742919922 -39.819778442382812
  endloop
 endfacet
 facet normal 0.27400727703506494 -0.95368602101503508 -0.12410876460725587
  outer loop
   vertex -33.35552978515625 36.340301513671875 -39.819778442382812
   vertex -33.096958160400391 36.414592742919922 -39.819778442382812
   vertex -33.096958160400391 36.380943298339844 -39.561206817626953
  endloop
 endfacet
 facet normal 0.5104238497599054 -0.85273261200761674 -0.11097110441436919
  outer loop
   vertex -33.096958160400391 36.380943298339844 -39.561206817626953
   vertex -33.096958160400391 36.414592742919922 -39.819778442382812
   vertex -33.023643493652344 36.458477020263672 -39.819778442382812
  endloop
 endfacet
 facet normal 0.56889061614867376 -0.81811088902384188 -0.084012142685455413
  outer loop
   vertex -33.096958160400391 36.380943298339844 -39.561206817626953
   vertex -33.023643493652344 36.458477020263672 -39.819778442382812
   vertex -32.985458374023438 36.458477020263672 -39.561206817626953
  endloop
 endfacet
 facet normal 0.62751520402159966 -0.77306985703303255 -0.092669654518923811
  outer loop
   vertex -32.985458374023438 36.458477020263672 -39.561206817626953
   vertex -33.023643493652344 36.458477020263672 -39.819778442382812
   vertex -32.838386535644531 36.577857971191406 -39.561206817626953
  endloop
 endfacet
 facet normal 0.61175765837645812 -0.7536572858618299 0.24031908556153597
  outer loop
   vertex -32.985458374023438 36.458477020263672 -39.561206817626953
   vertex -32.838386535644531 36.577857971191406 -39.561206817626953
   vertex -32.838386535644531 36.660308837890625 -39.302635192871094
  endloop
 endfacet
 facet normal 0.62150744176312356 -0.74638126135819738 0.2379989758936028
  outer loop
   vertex -32.838386535644531 36.660308837890625 -39.302635192871094
   vertex -32.838386535644531 36.577857971191406 -39.561206817626953
   vertex -32.671234130859375 36.717044830322266 -39.561206817626953
  endloop
 endfacet
 facet normal 0.71544470809349814 -0.61740958975190274 0.32702334495169666
  outer loop
   vertex -32.838386535644531 36.660308837890625 -39.302635192871094
   vertex -32.671234130859375 36.717044830322266 -39.561206817626953
   vertex -32.789424896240234 36.717044830322266 -39.302635192871094
  endloop
 endfacet
 facet normal 0.73021463362553252 -0.59613852572352921 0.33377454514583116
  outer loop
   vertex -32.789424896240234 36.717044830322266 -39.302635192871094
   vertex -32.671234130859375 36.717044830322266 -39.561206817626953
   vertex -32.579818725585938 36.973793029785156 -39.302635192871094
  endloop
 endfacet
 facet normal 0.7379533253042232 -0.60245630139649586 0.30409093143350052
  outer loop
   vertex -32.789424896240234 36.717044830322266 -39.302635192871094
   vertex -32.579818725585938 36.973793029785156 -39.302635192871094
   vertex -32.579818725585938 36.975616455078125 -39.299022674560547
  endloop
 endfacet
 facet normal 0.43995873873812186 -0.80168213690565726 0.40465054006431272
  outer loop
   vertex -32.579818725585938 36.975616455078125 -39.299022674560547
   vertex -32.579818725585938 36.973793029785156 -39.302635192871094
   vertex -32.576496124267578 36.975616455078125 -39.302635192871094
  endloop
 endfacet
 facet normal 0.32904163010326026 -0.89450752756830532 0.30263491005273463
  outer loop
   vertex -32.579818725585938 36.975616455078125 -39.299022674560547
   vertex -32.576496124267578 36.975616455078125 -39.302635192871094
   vertex -32.579818725585938 37.061874389648438 -39.0440673828125
  endloop
 endfacet
 facet normal 0.32077409505636828 -0.89723418812857259 0.30343828300665932
  outer loop
   vertex -32.579818725585938 37.061874389648438 -39.0440673828125
   vertex -32.576496124267578 36.975616455078125 -39.302635192871094
   vertex -32.321247100830078 37.066871643066406 -39.302635192871094
  endloop
 endfacet
 facet normal 0.20147429856372295 -0.96226975616860444 0.18287980583287541
  outer loop
   vertex -32.579818725585938 37.061874389648438 -39.0440673828125
   vertex -32.321247100830078 37.066871643066406 -39.302635192871094
   vertex -32.321247100830078 37.116012573242188 -39.0440673828125
  endloop
 endfacet
 facet normal 0.29586471471415859 -0.93843247977328481 0.17834952058716849
  outer loop
   vertex -32.321247100830078 37.116012573242188 -39.0440673828125
   vertex -32.321247100830078 37.066871643066406 -39.302635192871094
   vertex -32.062679290771484 37.197532653808594 -39.0440673828125
  endloop
 endfacet
 facet normal 0.29681111083610878 -0.94143428707033805 0.16001452313024453
  outer loop
   vertex -32.321247100830078 37.116012573242188 -39.0440673828125
   vertex -32.062679290771484 37.197532653808594 -39.0440673828125
   vertex -32.321247100830078 37.159961700439453 -38.785495758056641
  endloop
 endfacet
 facet normal 0.51305377659045792 -0.75791241751457683 0.40292007855588208
  outer loop
   vertex -32.321247100830078 37.159961700439453 -38.785495758056641
   vertex -32.062679290771484 37.197532653808594 -39.0440673828125
   vertex -32.062679290771484 37.234188079833984 -38.975116729736328
  endloop
 endfacet
 facet normal 0.50602772542988994 -0.77001618471855338 0.38860135919439909
  outer loop
   vertex -32.321247100830078 37.159961700439453 -38.785495758056641
   vertex -32.062679290771484 37.234188079833984 -38.975116729736328
   vertex -32.208297729492188 37.234188079833984 -38.785495758056641
  endloop
 endfacet
 facet normal 0.64000599189418395 -0.5906188499595475 0.49148927191954378
  outer loop
   vertex -32.208297729492188 37.234188079833984 -38.785495758056641
   vertex -32.062679290771484 37.234188079833984 -38.975116729736328
   vertex -32.062679290771484 37.391983032226562 -38.785495758056641
  endloop
 endfacet
 facet normal 0.50389563120531367 -0.46501167484589478 0.72791025209789062
  outer loop
   vertex -32.208297729492188 37.234188079833984 -38.785495758056641
   vertex -32.062679290771484 37.391983032226562 -38.785495758056641
   vertex -32.062679290771484 37.492755889892578 -38.721118927001953
  endloop
 endfacet
 facet normal 0.45430948364102391 -0.47958998259822216 0.75073053865236039
  outer loop
   vertex -32.062679290771484 37.492755889892578 -38.721118927001953
   vertex -32.062679290771484 37.391983032226562 -38.785495758056641
   vertex -31.956298828125 37.492755889892578 -38.785495758056641
  endloop
 endfacet
 facet normal 0.47631439282460225 -0.39193034414276906 0.78709288176698766
  outer loop
   vertex -32.062679290771484 37.492755889892578 -38.721118927001953
   vertex -31.956298828125 37.492755889892578 -38.785495758056641
   vertex -31.804107666015625 37.751327514648438 -38.74884033203125
  endloop
 endfacet
 facet normal 0.47631997826940986 -0.3919329673109016 0.78708819546242781
  outer loop
   vertex -31.804107666015625 37.751327514648438 -38.74884033203125
   vertex -31.956298828125 37.492755889892578 -38.785495758056641
   vertex -31.804107666015625 37.677715301513672 -38.785495758056641
  endloop
 endfacet
 facet normal 0.09648232685890952 -0.44366757320141925 0.89098274118719822
  outer loop
   vertex -31.804107666015625 37.751327514648438 -38.74884033203125
   vertex -31.804107666015625 37.677715301513672 -38.785495758056641
   vertex -31.545537948608398 37.751327514648438 -38.776840209960938
  endloop
 endfacet
 facet normal 0.17050115386547074 -0.68247280393801046 0.7107462475564208
  outer loop
   vertex -31.545537948608398 37.751327514648438 -38.776840209960938
   vertex -31.804107666015625 37.677715301513672 -38.785495758056641
   vertex -31.545537948608398 37.742313385009766 -38.785495758056641
  endloop
 endfacet
 facet normal 0.33562921198084505 -0.65243875803386031 0.67946795294579632
  outer loop
   vertex -31.545537948608398 37.751327514648438 -38.776840209960938
   vertex -31.545537948608398 37.742313385009766 -38.785495758056641
   vertex -31.52801513671875 37.751327514648438 -38.785495758056641
  endloop
 endfacet
 facet normal 0.38907471697670609 -0.7563329295101564 0.52591003446224616
  outer loop
   vertex -31.52801513671875 37.751327514648438 -38.785495758056641
   vertex -31.545537948608398 37.742313385009766 -38.785495758056641
   vertex -31.286968231201172 37.751327514648438 -38.963825225830078
  endloop
 endfacet
 facet normal 0.50918602493407794 -0.51674224250476908 0.68826379159663398
  outer loop
   vertex -31.52801513671875 37.751327514648438 -38.785495758056641
   vertex -31.286968231201172 37.751327514648438 -38.963825225830078
   vertex -31.286968231201172 37.988849639892578 -38.785495758056641
  endloop
 endfacet
 facet normal 0.68165438025377589 -0.439300733911963 0.58511722848096981
  outer loop
   vertex -31.286968231201172 37.988849639892578 -38.785495758056641
   vertex -31.286968231201172 37.751327514648438 -38.963825225830078
   vertex -31.273405075073242 38.009895324707031 -38.785495758056641
  endloop
 endfacet
 facet normal 0.64725525489400126 -0.41713178516868255 0.63801387823000322
  outer loop
   vertex -31.286968231201172 37.988849639892578 -38.785495758056641
   vertex -31.273405075073242 38.009895324707031 -38.785495758056641
   vertex -31.286968231201172 38.009895324707031 -38.771736145019531
  endloop
 endfacet
 facet normal 0.60182487879215418 0.53467974926174522 0.59323214764222465
  outer loop
   vertex -31.286968231201172 38.009895324707031 -38.771736145019531
   vertex -31.273405075073242 38.009895324707031 -38.785495758056641
   vertex -31.286968231201172 38.025161743164062 -38.785495758056641
  endloop
 endfacet
 facet normal 0.023839545050370319 0.66930753284810396 0.74260292388636318
  outer loop
   vertex -31.286968231201172 38.009895324707031 -38.771736145019531
   vertex -31.286968231201172 38.025161743164062 -38.785495758056641
   vertex -31.545537948608398 38.009895324707031 -38.763435363769531
  endloop
 endfacet
 facet normal 0.017333814732457441 0.71554768398465063 0.69834880311419134
  outer loop
   vertex -31.545537948608398 38.009895324707031 -38.763435363769531
   vertex -31.286968231201172 38.025161743164062 -38.785495758056641
   vertex -31.545537948608398 38.031425476074219 -38.785495758056641
  endloop
 endfacet
 facet normal -0.31842578818135325 0.67840377214505354 0.66209768113205647
  outer loop
   vertex -31.545537948608398 38.009895324707031 -38.763435363769531
   vertex -31.545537948608398 38.031425476074219 -38.785495758056641
   vertex -31.591407775878906 38.009895324707031 -38.785495758056641
  endloop
 endfacet
 facet normal -0.33144615555073031 0.7061435679340462 0.62570337016514155
  outer loop
   vertex -31.591407775878906 38.009895324707031 -38.785495758056641
   vertex -31.545537948608398 38.031425476074219 -38.785495758056641
   vertex -31.804107666015625 38.009895324707031 -38.898166656494141
  endloop
 endfacet
 facet normal -0.40883212531891261 0.48702434823595114 0.77179244459412
  outer loop
   vertex -31.591407775878906 38.009895324707031 -38.785495758056641
   vertex -31.804107666015625 38.009895324707031 -38.898166656494141
   vertex -31.804107666015625 37.831344604492188 -38.785495758056641
  endloop
 endfacet
 facet normal -0.12659588132543992 0.52936757390272737 0.83889418553937756
  outer loop
   vertex -31.804107666015625 37.831344604492188 -38.785495758056641
   vertex -31.804107666015625 38.009895324707031 -38.898166656494141
   vertex -32.062679290771484 38.009895324707031 -38.937187194824219
  endloop
 endfacet
 facet normal 0.030629380026001757 0.67254657152655561 0.73942068554179508
  outer loop
   vertex -31.804107666015625 37.831344604492188 -38.785495758056641
   vertex -32.062679290771484 38.009895324707031 -38.937187194824219
   vertex -32.062679290771484 37.843120574951172 -38.785495758056641
  endloop
 endfacet
 facet normal 0 0.67286227145931909 0.73976777683716766
  outer loop
   vertex -32.062679290771484 37.843120574951172 -38.785495758056641
   vertex -32.062679290771484 38.009895324707031 -38.937187194824219
   vertex -32.321247100830078 38.009895324707031 -38.937187194824219
  endloop
 endfacet
 facet normal 0.058809969434243665 0.72006093717339315 0.6914142276899703
  outer loop
   vertex -32.062679290771484 37.843120574951172 -38.785495758056641
   vertex -32.321247100830078 38.009895324707031 -38.937187194824219
   vertex -32.321247100830078 37.864238739013672 -38.785495758056641
  endloop
 endfacet
 facet normal 0.15939193482322392 0.71208771773113044 0.68375821265252745
  outer loop
   vertex -32.321247100830078 37.864238739013672 -38.785495758056641
   vertex -32.321247100830078 38.009895324707031 -38.937187194824219
   vertex -32.579818725585938 38.009895324707031 -38.876911163330078
  endloop
 endfacet
 facet normal 0.14672609188893102 0.69945387766421063 0.69945387766421063
  outer loop
   vertex -32.321247100830078 37.864238739013672 -38.785495758056641
   vertex -32.579818725585938 38.009895324707031 -38.876911163330078
   vertex -32.579818725585938 37.918479919433594 -38.785495758056641
  endloop
 endfacet
 facet normal 0.37550395461514052 0.65536126680953255 0.65536126680953255
  outer loop
   vertex -32.579818725585938 37.918479919433594 -38.785495758056641
   vertex -32.579818725585938 38.009895324707031 -38.876911163330078
   vertex -32.739364624023438 38.009895324707031 -38.785495758056641
  endloop
 endfacet
 facet normal 0.34423643723911518 0.60079055045437968 0.72149288961267277
  outer loop
   vertex -32.579818725585938 37.918479919433594 -38.785495758056641
   vertex -32.739364624023438 38.009895324707031 -38.785495758056641
   vertex -32.838386535644531 38.009895324707031 -38.738250732421875
  endloop
 endfacet
 facet normal 0.36092919503733034 0.54540691842932942 0.7564796160499816
  outer loop
   vertex -32.838386535644531 38.009895324707031 -38.738250732421875
   vertex -32.739364624023438 38.009895324707031 -38.785495758056641
   vertex -32.838386535644531 38.075424194335938 -38.785495758056641
  endloop
 endfacet
 facet normal 0.40451974005303581 0.53484260652865612 0.7418269111787853
  outer loop
   vertex -32.838386535644531 38.009895324707031 -38.738250732421875
   vertex -32.838386535644531 38.075424194335938 -38.785495758056641
   vertex -33.096958160400391 38.268466949462891 -38.783676147460938
  endloop
 endfacet
 facet normal 0.45350117027909426 0.6012419131547222 0.65790945457679928
  outer loop
   vertex -33.096958160400391 38.268466949462891 -38.783676147460938
   vertex -32.838386535644531 38.075424194335938 -38.785495758056641
   vertex -33.094318389892578 38.268466949462891 -38.785495758056641
  endloop
 endfacet
 facet normal 0.49358627628748303 0.49358627628748303 0.71606227084054141
  outer loop
   vertex -33.096958160400391 38.268466949462891 -38.783676147460938
   vertex -33.094318389892578 38.268466949462891 -38.785495758056641
   vertex -33.096958160400391 38.271106719970703 -38.785495758056641
  endloop
 endfacet
 facet normal 0.44073979152038723 0.44073979152038723 0.7819826547572083
  outer loop
   vertex -33.096958160400391 38.271106719970703 -38.785495758056641
   vertex -33.094318389892578 38.268466949462891 -38.785495758056641
   vertex -32.838386535644531 38.471305847167969 -39.0440673828125
  endloop
 endfacet
 facet normal 0.44072588097828364 0.44075604908568167 0.78198133163797201
  outer loop
   vertex -33.096958160400391 38.271106719970703 -38.785495758056641
   vertex -32.838386535644531 38.471305847167969 -39.0440673828125
   vertex -32.894119262695312 38.527034759521484 -39.0440673828125
  endloop
 endfacet
 facet normal 0.57733709579722869 0.57737661507272986 0.57733709579722869
  outer loop
   vertex -32.894119262695312 38.527034759521484 -39.0440673828125
   vertex -32.838386535644531 38.471305847167969 -39.0440673828125
   vertex -32.838386535644531 38.527034759521484 -39.099800109863281
  endloop
 endfacet
 facet normal 0.4908315747954024 0.71983937817247179 0.4908315747954024
  outer loop
   vertex -32.894119262695312 38.527034759521484 -39.0440673828125
   vertex -32.838386535644531 38.527034759521484 -39.099800109863281
   vertex -32.838386535644531 38.665340423583984 -39.302635192871094
  endloop
 endfacet
 facet normal 0.75075663759782563 0.5457770492378059 0.37214497662615453
  outer loop
   vertex -32.838386535644531 38.665340423583984 -39.302635192871094
   vertex -32.838386535644531 38.527034759521484 -39.099800109863281
   vertex -32.737842559814453 38.527034759521484 -39.302635192871094
  endloop
 endfacet
 facet normal 0.73353076908873627 0.53325437116261643 0.4213933867967668
  outer loop
   vertex -32.838386535644531 38.665340423583984 -39.302635192871094
   vertex -32.737842559814453 38.527034759521484 -39.302635192871094
   vertex -32.838386535644531 38.785606384277344 -39.454826354980469
  endloop
 endfacet
 facet normal 0.72144680125540961 0.53749904429622974 0.43658823889218246
  outer loop
   vertex -32.838386535644531 38.785606384277344 -39.454826354980469
   vertex -32.737842559814453 38.527034759521484 -39.302635192871094
   vertex -32.774009704589844 38.785606384277344 -39.561206817626953
  endloop
 endfacet
 facet normal 0.75975277979690614 0.45976935173566852 0.45976935173566852
  outer loop
   vertex -32.838386535644531 38.785606384277344 -39.454826354980469
   vertex -32.774009704589844 38.785606384277344 -39.561206817626953
   vertex -32.838386535644531 38.891986846923828 -39.561206817626953
  endloop
 endfacet
 facet normal 0.72505219039029201 0.43877006365068194 0.53082968309450851
  outer loop
   vertex -32.838386535644531 38.891986846923828 -39.561206817626953
   vertex -32.774009704589844 38.785606384277344 -39.561206817626953
   vertex -32.838386535644531 39.044178009033203 -39.687004089355469
  endloop
 endfacet
 facet normal 0.59998375863493569 0.50969143642608883 0.61663127475680746
  outer loop
   vertex -32.838386535644531 38.891986846923828 -39.561206817626953
   vertex -32.838386535644531 39.044178009033203 -39.687004089355469
   vertex -32.967674255371094 39.044178009033203 -39.561206817626953
  endloop
 endfacet
 facet normal 0.63707044773000032 0.40675252764062109 0.65474699379765211
  outer loop
   vertex -32.967674255371094 39.044178009033203 -39.561206817626953
   vertex -32.838386535644531 39.044178009033203 -39.687004089355469
   vertex -32.838386535644531 39.257904052734375 -39.819778442382812
  endloop
 endfacet
 facet normal 0.50240501167662832 0.52615828468627701 0.68610980440320324
  outer loop
   vertex -32.967674255371094 39.044178009033203 -39.561206817626953
   vertex -32.838386535644531 39.257904052734375 -39.819778442382812
   vertex -33.096958160400391 39.167625427246094 -39.561206817626953
  endloop
 endfacet
 facet normal 0.53975616215026712 0.46463569585695902 0.70198073731145494
  outer loop
   vertex -33.096958160400391 39.167625427246094 -39.561206817626953
   vertex -32.838386535644531 39.257904052734375 -39.819778442382812
   vertex -32.876987457275391 39.302745819091797 -39.819778442382812
  endloop
 endfacet
 facet normal 0.42572917783367825 0.60113581837204588 0.67630643573104554
  outer loop
   vertex -33.096958160400391 39.167625427246094 -39.561206817626953
   vertex -32.876987457275391 39.302745819091797 -39.819778442382812
   vertex -33.096958160400391 39.302745819091797 -39.681308746337891
  endloop
 endfacet
 facet normal 0.019030458514412509 0.87158214154217784 0.48987999774789975
  outer loop
   vertex -33.35552978515625 39.302745819091797 -39.610874176025391
   vertex -33.096958160400391 39.414516448974609 -39.819778442382812
   vertex -33.35552978515625 39.420162200927734 -39.819778442382812
  endloop
 endfacet
 facet normal 0.021433877181723515 0.98165709257348988 0.18944640801324572
  outer loop
   vertex -33.35552978515625 39.420162200927734 -39.819778442382812
   vertex -33.096958160400391 39.414516448974609 -39.819778442382812
   vertex -33.35552978515625 39.470062255859375 -40.078346252441406
  endloop
 endfacet
 facet normal -0.32270007784553806 0.92935318985920556 0.17935246933622889
  outer loop
   vertex -33.35552978515625 39.420162200927734 -39.819778442382812
   vertex -33.35552978515625 39.470062255859375 -40.078346252441406
   vertex -33.614097595214844 39.380279541015625 -40.078346252441406
  endloop
 endfacet
 facet normal -0.32556798874052328 0.93761256852524433 -0.12201703180681263
  outer loop
   vertex -33.614097595214844 39.380279541015625 -40.078346252441406
   vertex -33.35552978515625 39.470062255859375 -40.078346252441406
   vertex -33.614097595214844 39.346630096435547 -40.336917877197266
  endloop
 endfacet
 facet normal -0.53053167396933409 0.8405772619470665 -0.10938925730102052
  outer loop
   vertex -33.614097595214844 39.380279541015625 -40.078346252441406
   vertex -33.614097595214844 39.346630096435547 -40.336917877197266
   vertex -33.683628082275391 39.302745819091797 -40.336917877197266
  endloop
 endfacet
 facet normal -0.49979081135158582 0.79187127247091049 -0.35092596473305421
  outer loop
   vertex -33.683628082275391 39.302745819091797 -40.336917877197266
   vertex -33.614097595214844 39.346630096435547 -40.336917877197266
   vertex -33.614097595214844 39.302745819091797 -40.435943603515625
  endloop
 endfacet
 facet normal -0.48575074733923235 0.80480989753069199 -0.34106779428145106
  outer loop
   vertex -33.683628082275391 39.302745819091797 -40.336917877197266
   vertex -33.614097595214844 39.302745819091797 -40.435943603515625
   vertex -33.872669219970703 39.188648223876953 -40.336917877197266
  endloop
 endfacet
 facet normal -0.48766472305676656 0.79816074748603782 -0.35372664454136982
  outer loop
   vertex -33.872669219970703 39.188648223876953 -40.336917877197266
   vertex -33.614097595214844 39.302745819091797 -40.435943603515625
   vertex -33.614097595214844 39.232040405273438 -40.595485687255859
  endloop
 endfacet
 facet normal -0.39945019726944397 0.88157889888694441 -0.25151179880610974
  outer loop
   vertex -33.872669219970703 39.188648223876953 -40.336917877197266
   vertex -33.614097595214844 39.232040405273438 -40.595485687255859
   vertex -33.872669219970703 39.114879608154297 -40.595485687255859
  endloop
 endfacet
 facet normal -0.37350113367077298 0.82430981485384058 -0.42545297305609975
  outer loop
   vertex -33.872669219970703 39.114879608154297 -40.595485687255859
   vertex -33.614097595214844 39.232040405273438 -40.595485687255859
   vertex -33.614097595214844 39.098583221435547 -40.854057312011719
  endloop
 endfacet
 facet normal -0.39667353737845251 0.80166325675635508 -0.44719808531618244
  outer loop
   vertex -33.872669219970703 39.114879608154297 -40.595485687255859
   vertex -33.614097595214844 39.098583221435547 -40.854057312011719
   vertex -33.724048614501953 39.044178009033203 -40.854057312011719
  endloop
 endfacet
 facet normal -0.36586935397048737 0.73940908634773217 -0.5651670716271695
  outer loop
   vertex -33.724048614501953 39.044178009033203 -40.854057312011719
   vertex -33.614097595214844 39.098583221435547 -40.854057312011719
   vertex -33.614097595214844 39.044178009033203 -40.925235748291016
  endloop
 endfacet
 facet normal -0.35795543182369349 0.75241130962239533 -0.55294224832275674
  outer loop
   vertex -33.724048614501953 39.044178009033203 -40.854057312011719
   vertex -33.614097595214844 39.044178009033203 -40.925235748291016
   vertex -33.872669219970703 38.973472595214844 -40.854057312011719
  endloop
 endfacet
 facet normal -0.35949062516468588 0.73180560755262536 -0.57898794734712422
  outer loop
   vertex -33.872669219970703 38.973472595214844 -40.854057312011719
   vertex -33.614097595214844 39.044178009033203 -40.925235748291016
   vertex -33.614097595214844 38.895919799804688 -41.112625122070312
  endloop
 endfacet
 facet normal -0.25697641449389547 0.82443356226996012 -0.50425432451960706
  outer loop
   vertex -33.872669219970703 38.973472595214844 -40.854057312011719
   vertex -33.614097595214844 38.895919799804688 -41.112625122070312
   vertex -33.872669219970703 38.815322875976562 -41.112625122070312
  endloop
 endfacet
 facet normal -0.21524311323519771 0.69054448809264513 -0.69052060951841732
  outer loop
   vertex -33.872669219970703 38.815322875976562 -41.112625122070312
   vertex -33.614097595214844 38.895919799804688 -41.112625122070312
   vertex -33.614097595214844 38.785606384277344 -41.222942352294922
  endloop
 endfacet
 facet normal -0.21524927960721743 0.69053158784684643 -0.69053158784684643
  outer loop
   vertex -33.872669219970703 38.815322875976562 -41.112625122070312
   vertex -33.614097595214844 38.785606384277344 -41.222942352294922
   vertex -33.872669219970703 38.785606384277344 -41.142341613769531
  endloop
 endfacet
 facet normal -0.25436243182055368 0.51906597438623758 -0.81600874230169862
  outer loop
   vertex -33.872669219970703 38.785606384277344 -41.142341613769531
   vertex -33.614097595214844 38.785606384277344 -41.222942352294922
   vertex -33.872669219970703 38.527034759521484 -41.306819915771484
  endloop
 endfacet
 facet normal -0.47291469579514145 0.47290771890276734 -0.74344467171617401
  outer loop
   vertex -33.872669219970703 38.785606384277344 -41.142341613769531
   vertex -33.872669219970703 38.527034759521484 -41.306819915771484
   vertex -34.131237030029297 38.527034759521484 -41.142341613769531
  endloop
 endfacet
 facet normal -0.51907107349873882 0.25436493058317727 -0.81600471980637612
  outer loop
   vertex -34.131237030029297 38.527034759521484 -41.142341613769531
   vertex -33.872669219970703 38.527034759521484 -41.306819915771484
   vertex -34.131237030029297 38.268466949462891 -41.222942352294922
  endloop
 endfacet
 facet normal -0.69054360819017613 0.21524875878106656 -0.69051972964637476
  outer loop
   vertex -34.131237030029297 38.527034759521484 -41.142341613769531
   vertex -34.131237030029297 38.268466949462891 -41.222942352294922
   vertex -34.241550445556641 38.268466949462891 -41.112625122070312
  endloop
 endfacet
 facet normal -0.70616896756173464 0.051819548332945845 -0.70614454870328303
  outer loop
   vertex -34.241550445556641 38.268466949462891 -41.112625122070312
   vertex -34.131237030029297 38.268466949462891 -41.222942352294922
   vertex -34.260524749755859 38.009895324707031 -41.112625122070312
  endloop
 endfacet
 facet normal -0.7962958434694698 0.058433169458671684 -0.60207847858917829
  outer loop
   vertex -34.241550445556641 38.268466949462891 -41.112625122070312
   vertex -34.260524749755859 38.009895324707031 -41.112625122070312
   vertex -34.389808654785156 38.268466949462891 -40.916542053222656
  endloop
 endfacet
 facet normal -0.75639682361347427 0.11068826531140437 -0.64467972912896732
  outer loop
   vertex -34.389808654785156 38.268466949462891 -40.916542053222656
   vertex -34.260524749755859 38.009895324707031 -41.112625122070312
   vertex -34.389808654785156 38.009895324707031 -40.9609375
  endloop
 endfacet
 facet normal -0.80536371220176173 0.10030972672941814 -0.58423218825400847
  outer loop
   vertex -34.389808654785156 38.268466949462891 -40.916542053222656
   vertex -34.389808654785156 38.009895324707031 -40.9609375
   vertex -34.467342376708984 38.009895324707031 -40.854057312011719
  endloop
 endfacet
 facet normal -0.80499240269797356 -0.1047599360331478 -0.58396283049597808
  outer loop
   vertex -34.467342376708984 38.009895324707031 -40.854057312011719
   vertex -34.389808654785156 38.009895324707031 -40.9609375
   vertex -34.433692932128906 37.751327514648438 -40.854057312011719
  endloop
 endfacet
 facet normal -0.9536858042950318 -0.12411056740265079 -0.27400721476838952
  outer loop
   vertex -34.467342376708984 38.009895324707031 -40.854057312011719
   vertex -34.433692932128906 37.751327514648438 -40.854057312011719
   vertex -34.507984161376953 37.751327514648438 -40.595485687255859
  endloop
 endfacet
 facet normal -0.92644291048165928 -0.26617995192939697 -0.26617995192939697
  outer loop
   vertex -34.507984161376953 37.751327514648438 -40.595485687255859
   vertex -34.433692932128906 37.751327514648438 -40.854057312011719
   vertex -34.433692932128906 37.492755889892578 -40.595485687255859
  endloop
 endfacet
 facet normal -0.93925062641642887 -0.26985978710679598 -0.21209421510031956
  outer loop
   vertex -34.507984161376953 37.751327514648438 -40.595485687255859
   vertex -34.433692932128906 37.492755889892578 -40.595485687255859
   vertex -34.492080688476562 37.492755889892578 -40.336917877197266
  endloop
 endfacet
 facet normal -0.84236631615840085 -0.50421885119341503 -0.19021655948659649
  outer loop
   vertex -34.492080688476562 37.492755889892578 -40.336917877197266
   vertex -34.433692932128906 37.492755889892578 -40.595485687255859
   vertex -34.389808654785156 37.419441223144531 -40.595485687255859
  endloop
 endfacet
 facet normal -0.87605346884909674 -0.42614521454856724 -0.22567803578288292
  outer loop
   vertex -34.492080688476562 37.492755889892578 -40.336917877197266
   vertex -34.389808654785156 37.419441223144531 -40.595485687255859
   vertex -34.389808654785156 37.282508850097656 -40.336917877197266
  endloop
 endfacet
 facet normal -0.84960957932161707 -0.46608802137095739 -0.24683095239343611
  outer loop
   vertex -34.389808654785156 37.282508850097656 -40.336917877197266
   vertex -34.389808654785156 37.419441223144531 -40.595485687255859
   vertex -34.363300323486328 37.234188079833984 -40.336917877197266
  endloop
 endfacet
 facet normal -0.76956525979283619 -0.4221764419594552 -0.47909953326468541
  outer loop
   vertex -34.389808654785156 37.282508850097656 -40.336917877197266
   vertex -34.363300323486328 37.234188079833984 -40.336917877197266
   vertex -34.389808654785156 37.234188079833984 -40.294338226318359
  endloop
 endfacet
 facet normal -0.8008353092803584 -0.33180382729931668 -0.4985669740359443
  outer loop
   vertex -34.389808654785156 37.234188079833984 -40.294338226318359
   vertex -34.363300323486328 37.234188079833984 -40.336917877197266
   vertex -34.256168365478516 36.975616455078125 -40.336917877197266
  endloop
 endfacet
 facet normal -0.24208733792340986 0.85127432761592481 0.46553811869621597
  outer loop
   vertex -33.614097595214844 39.302745819091797 -39.739532470703125
   vertex -33.35552978515625 39.420162200927734 -39.819778442382812
   vertex -33.614097595214844 39.346630096435547 -39.819778442382812
  endloop
 endfacet
 facet normal -0.27141829592109673 0.95441351598484003 0.12420527019713602
  outer loop
   vertex -33.614097595214844 39.346630096435547 -39.819778442382812
   vertex -33.35552978515625 39.420162200927734 -39.819778442382812
   vertex -33.614097595214844 39.380279541015625 -40.078346252441406
  endloop
 endfacet
 facet normal -0.56767787189778096 0.81636686433949524 0.10624018338701553
  outer loop
   vertex -33.614097595214844 39.346630096435547 -39.819778442382812
   vertex -33.614097595214844 39.380279541015625 -40.078346252441406
   vertex -33.725597381591797 39.302745819091797 -40.078346252441406
  endloop
 endfacet
 facet normal -0.56847344343567863 0.81751096079613528 -0.092270109388479946
  outer loop
   vertex -33.725597381591797 39.302745819091797 -40.078346252441406
   vertex -33.614097595214844 39.380279541015625 -40.078346252441406
   vertex -33.683628082275391 39.302745819091797 -40.336917877197266
  endloop
 endfacet
 facet normal -0.61402416972206786 0.78296966560160752 -0.099663542706610653
  outer loop
   vertex -33.725597381591797 39.302745819091797 -40.078346252441406
   vertex -33.683628082275391 39.302745819091797 -40.336917877197266
   vertex -33.872669219970703 39.187408447265625 -40.078346252441406
  endloop
 endfacet
 facet normal -0.51673048582184677 0.85613828001964032 0.0041049369459360474
  outer loop
   vertex -33.872669219970703 39.187408447265625 -40.078346252441406
   vertex -33.683628082275391 39.302745819091797 -40.336917877197266
   vertex -33.872669219970703 39.188648223876953 -40.336917877197266
  endloop
 endfacet
 facet normal -0.51909788429559733 0.85470497388626321 0.0040980646550467749
  outer loop
   vertex -33.872669219970703 39.187408447265625 -40.078346252441406
   vertex -33.872669219970703 39.188648223876953 -40.336917877197266
   vertex -34.110542297363281 39.044178009033203 -40.336917877197266
  endloop
 endfacet
 facet normal -0.50385261192175346 0.82960333020713928 -0.24060519522414969
  outer loop
   vertex -34.110542297363281 39.044178009033203 -40.336917877197266
   vertex -33.872669219970703 39.188648223876953 -40.336917877197266
   vertex -33.987068176269531 39.044178009033203 -40.595485687255859
  endloop
 endfacet
 facet normal -0.58653145910941906 0.75995537751817488 -0.28008690018668192
  outer loop
   vertex -34.110542297363281 39.044178009033203 -40.336917877197266
   vertex -33.987068176269531 39.044178009033203 -40.595485687255859
   vertex -34.131237030029297 39.028205871582031 -40.336917877197266
  endloop
 endfacet
 facet normal -0.55366598341478102 0.7911637368116613 -0.25983440950642345
  outer loop
   vertex -34.131237030029297 39.028205871582031 -40.336917877197266
   vertex -33.987068176269531 39.044178009033203 -40.595485687255859
   vertex -34.131237030029297 38.943286895751953 -40.595485687255859
  endloop
 endfacet
 facet normal -0.68876900021250309 0.68878566330673829 -0.22621134889603881
  outer loop
   vertex -34.131237030029297 39.028205871582031 -40.336917877197266
   vertex -34.131237030029297 38.943286895751953 -40.595485687255859
   vertex -34.288921356201172 38.785606384277344 -40.595485687255859
  endloop
 endfacet
 facet normal -0.66741203062530197 0.66742817703949398 -0.33030411724704395
  outer loop
   vertex -34.288921356201172 38.785606384277344 -40.595485687255859
   vertex -34.131237030029297 38.943286895751953 -40.595485687255859
   vertex -34.160953521728516 38.785606384277344 -40.854057312011719
  endloop
 endfacet
 facet normal -0.78591243901759833 0.48068627674773307 -0.38895030729363339
  outer loop
   vertex -34.288921356201172 38.785606384277344 -40.595485687255859
   vertex -34.160953521728516 38.785606384277344 -40.854057312011719
   vertex -34.319103240966797 38.527034759521484 -40.854057312011719
  endloop
 endfacet
 facet normal -0.75632031239117514 0.46258689510811468 -0.46259371973552477
  outer loop
   vertex -34.319103240966797 38.527034759521484 -40.854057312011719
   vertex -34.160953521728516 38.785606384277344 -40.854057312011719
   vertex -34.160953521728516 38.527034759521484 -41.112625122070312
  endloop
 endfacet
 facet normal -0.82443275905759872 0.25697995534756934 -0.50425383324496065
  outer loop
   vertex -34.319103240966797 38.527034759521484 -40.854057312011719
   vertex -34.160953521728516 38.527034759521484 -41.112625122070312
   vertex -34.241550445556641 38.268466949462891 -41.112625122070312
  endloop
 endfacet
 facet normal -0.69053263005972476 0.215242592545246 -0.69053263005972476
  outer loop
   vertex -34.241550445556641 38.268466949462891 -41.112625122070312
   vertex -34.160953521728516 38.527034759521484 -41.112625122070312
   vertex -34.131237030029297 38.527034759521484 -41.142341613769531
  endloop
 endfacet
 facet normal -0.23686121122886544 0.84693333761849321 0.47602593232469409
  outer loop
   vertex -33.35552978515625 39.420162200927734 -39.819778442382812
   vertex -33.614097595214844 39.302745819091797 -39.739532470703125
   vertex -33.35552978515625 39.302745819091797 -39.610874176025391
  endloop
 endfacet
 facet normal -0.30853142103186049 0.72133889247058003 0.6200633551866922
  outer loop
   vertex -33.35552978515625 39.302745819091797 -39.610874176025391
   vertex -33.614097595214844 39.302745819091797 -39.739532470703125
   vertex -33.35552978515625 39.260051727294922 -39.561206817626953
  endloop
 endfacet
 facet normal -0.5245751450495586 0.74696326938950108 0.40849331864693
  outer loop
   vertex -33.614097595214844 39.302745819091797 -39.739532470703125
   vertex -33.614097595214844 39.346630096435547 -39.819778442382812
   vertex -33.676586151123047 39.302745819091797 -39.819778442382812
  endloop
 endfacet
 facet normal -0.57133227266331232 0.81354259027275022 0.10829537398097189
  outer loop
   vertex -33.676586151123047 39.302745819091797 -39.819778442382812
   vertex -33.614097595214844 39.346630096435547 -39.819778442382812
   vertex -33.725597381591797 39.302745819091797 -40.078346252441406
  endloop
 endfacet
 facet normal -0.58621024198663529 0.80250289918496398 0.1111154759234648
  outer loop
   vertex -33.676586151123047 39.302745819091797 -39.819778442382812
   vertex -33.725597381591797 39.302745819091797 -40.078346252441406
   vertex -33.872669219970703 39.159511566162109 -39.819778442382812
  endloop
 endfacet
 facet normal -0.61488464620784133 0.78406689763178816 0.084592977816843218
  outer loop
   vertex -33.872669219970703 39.159511566162109 -39.819778442382812
   vertex -33.725597381591797 39.302745819091797 -40.078346252441406
   vertex -33.872669219970703 39.187408447265625 -40.078346252441406
  endloop
 endfacet
 facet normal -0.640263967880498 0.76372286279766322 0.082398059892586695
  outer loop
   vertex -33.872669219970703 39.159511566162109 -39.819778442382812
   vertex -33.872669219970703 39.187408447265625 -40.078346252441406
   vertex -34.04351806640625 39.044178009033203 -40.078346252441406
  endloop
 endfacet
 facet normal -0.63372157224608616 0.7559189297729636 0.16426667489435012
  outer loop
   vertex -34.04351806640625 39.044178009033203 -40.078346252441406
   vertex -33.872669219970703 39.187408447265625 -40.078346252441406
   vertex -34.110542297363281 39.044178009033203 -40.336917877197266
  endloop
 endfacet
 facet normal -0.66646022331428278 0.72524976740863822 0.1727528454572968
  outer loop
   vertex -34.04351806640625 39.044178009033203 -40.078346252441406
   vertex -34.110542297363281 39.044178009033203 -40.336917877197266
   vertex -34.131237030029297 38.963569641113281 -40.078346252441406
  endloop
 endfacet
 facet normal -0.59936344887095971 0.77658149274539201 0.19412532365162241
  outer loop
   vertex -34.131237030029297 38.963569641113281 -40.078346252441406
   vertex -34.110542297363281 39.044178009033203 -40.336917877197266
   vertex -34.131237030029297 39.028205871582031 -40.336917877197266
  endloop
 endfacet
 facet normal -0.69631280276618646 0.69631280276618646 0.17406022350840569
  outer loop
   vertex -34.131237030029297 38.963569641113281 -40.078346252441406
   vertex -34.131237030029297 39.028205871582031 -40.336917877197266
   vertex -34.373836517333984 38.785606384277344 -40.336917877197266
  endloop
 endfacet
 facet normal -0.68877934137207386 0.68877934137207386 -0.22619911095781128
  outer loop
   vertex -34.373836517333984 38.785606384277344 -40.336917877197266
   vertex -34.131237030029297 39.028205871582031 -40.336917877197266
   vertex -34.288921356201172 38.785606384277344 -40.595485687255859
  endloop
 endfacet
 facet normal -0.80985432990798201 0.52287742163835327 -0.26596083597048892
  outer loop
   vertex -34.373836517333984 38.785606384277344 -40.336917877197266
   vertex -34.288921356201172 38.785606384277344 -40.595485687255859
   vertex -34.389808654785156 38.760868072509766 -40.336917877197266
  endloop
 endfacet
 facet normal -0.80420488748365992 0.53310624271306273 -0.26277791560128266
  outer loop
   vertex -34.389808654785156 38.760868072509766 -40.336917877197266
   vertex -34.288921356201172 38.785606384277344 -40.595485687255859
   vertex -34.389808654785156 38.633415222167969 -40.595485687255859
  endloop
 endfacet
 facet normal -0.84667729491274391 0.47727496955672299 -0.23525764963942747
  outer loop
   vertex -34.389808654785156 38.760868072509766 -40.336917877197266
   vertex -34.389808654785156 38.633415222167969 -40.595485687255859
   vertex -34.449775695800781 38.527034759521484 -40.595485687255859
  endloop
 endfacet
 facet normal -0.79987693660513648 0.45089344294591549 -0.39609593458600556
  outer loop
   vertex -34.449775695800781 38.527034759521484 -40.595485687255859
   vertex -34.389808654785156 38.633415222167969 -40.595485687255859
   vertex -34.389808654785156 38.527034759521484 -40.716583251953125
  endloop
 endfacet
 facet normal -0.83545027558856566 0.36175330747022671 -0.41371171309662158
  outer loop
   vertex -34.449775695800781 38.527034759521484 -40.595485687255859
   vertex -34.389808654785156 38.527034759521484 -40.716583251953125
   vertex -34.433692932128906 38.268466949462891 -40.854057312011719
  endloop
 endfacet
 facet normal -0.82735255025591503 0.36664986086305507 -0.42550633028679596
  outer loop
   vertex -34.433692932128906 38.268466949462891 -40.854057312011719
   vertex -34.389808654785156 38.527034759521484 -40.716583251953125
   vertex -34.389808654785156 38.36749267578125 -40.854057312011719
  endloop
 endfacet
 facet normal -0.76931172028636374 0.34092846527887549 -0.54030293224507497
  outer loop
   vertex -34.433692932128906 38.268466949462891 -40.854057312011719
   vertex -34.389808654785156 38.36749267578125 -40.854057312011719
   vertex -34.389808654785156 38.268466949462891 -40.916542053222656
  endloop
 endfacet
 facet normal -0.74549992331697723 0.35567406365506615 -0.56367173494638967
  outer loop
   vertex -34.389808654785156 38.268466949462891 -40.916542053222656
   vertex -34.389808654785156 38.36749267578125 -40.854057312011719
   vertex -34.241550445556641 38.268466949462891 -41.112625122070312
  endloop
 endfacet
 facet normal 0.7584204068835918 0.59501588531561289 0.26599733578478651
  outer loop
   vertex -32.766460418701172 39.302745819091797 -40.078346252441406
   vertex -32.838386535644531 39.394424438476562 -40.078346252441406
   vertex -32.838386535644531 39.302745819091797 -39.873268127441406
  endloop
 endfacet
 facet normal 0.49226563743345203 0.79465464745093928 0.35524432928177868
  outer loop
   vertex -32.838386535644531 39.302745819091797 -39.873268127441406
   vertex -32.838386535644531 39.394424438476562 -40.078346252441406
   vertex -32.876987457275391 39.302745819091797 -39.819778442382812
  endloop
 endfacet
 facet normal 0.66492519505324921 0.57238435123299269 0.47984439086748171
  outer loop
   vertex -32.838386535644531 39.302745819091797 -39.873268127441406
   vertex -32.876987457275391 39.302745819091797 -39.819778442382812
   vertex -32.838386535644531 39.257904052734375 -39.819778442382812
  endloop
 endfacet
 facet normal 0.42292484439113009 0.83233918863379275 0.35825417103109652
  outer loop
   vertex -32.876987457275391 39.302745819091797 -39.819778442382812
   vertex -32.838386535644531 39.394424438476562 -40.078346252441406
   vertex -33.096958160400391 39.414516448974609 -39.819778442382812
  endloop
 endfacet
 facet normal 0.42645709505485929 0.82888516585718663 0.36205486863081238
  outer loop
   vertex -33.096958160400391 39.414516448974609 -39.819778442382812
   vertex -32.838386535644531 39.394424438476562 -40.078346252441406
   vertex -33.096958160400391 39.527458190917969 -40.078346252441406
  endloop
 endfacet
 facet normal -0.19933255012964105 0.89800333945483579 0.39224550575727074
  outer loop
   vertex -33.096958160400391 39.414516448974609 -39.819778442382812
   vertex -33.096958160400391 39.527458190917969 -40.078346252441406
   vertex -33.35552978515625 39.470062255859375 -40.078346252441406
  endloop
 endfacet
 facet normal -0.21651144813778564 0.97539515413555256 -0.041558225589653393
  outer loop
   vertex -33.35552978515625 39.470062255859375 -40.078346252441406
   vertex -33.096958160400391 39.527458190917969 -40.078346252441406
   vertex -33.35552978515625 39.45904541015625 -40.336917877197266
  endloop
 endfacet
 facet normal -0.39840577059583371 0.91637788667843501 -0.039043703240153438
  outer loop
   vertex -33.35552978515625 39.470062255859375 -40.078346252441406
   vertex -33.35552978515625 39.45904541015625 -40.336917877197266
   vertex -33.614097595214844 39.346630096435547 -40.336917877197266
  endloop
 endfacet
 facet normal -0.37497407490153561 0.8624823626514605 -0.33988029843886519
  outer loop
   vertex -33.614097595214844 39.346630096435547 -40.336917877197266
   vertex -33.35552978515625 39.45904541015625 -40.336917877197266
   vertex -33.35552978515625 39.357151031494141 -40.595485687255859
  endloop
 endfacet
 facet normal -0.41077827942201317 0.830139641670261 -0.37700050461857593
  outer loop
   vertex -33.614097595214844 39.346630096435547 -40.336917877197266
   vertex -33.35552978515625 39.357151031494141 -40.595485687255859
   vertex -33.465476989746094 39.302745819091797 -40.595485687255859
  endloop
 endfacet
 facet normal -0.36588034875690106 0.73940565221367294 -0.56516444674802524
  outer loop
   vertex -33.465476989746094 39.302745819091797 -40.595485687255859
   vertex -33.35552978515625 39.357151031494141 -40.595485687255859
   vertex -33.35552978515625 39.302745819091797 -40.666664123535156
  endloop
 endfacet
 facet normal -0.35795922889453513 0.75241929094853455 -0.55292892948165984
  outer loop
   vertex -33.465476989746094 39.302745819091797 -40.595485687255859
   vertex -33.35552978515625 39.302745819091797 -40.666664123535156
   vertex -33.614097595214844 39.232040405273438 -40.595485687255859
  endloop
 endfacet
 facet normal -0.35882356081204064 0.74158471143223426 -0.56683133997348611
  outer loop
   vertex -33.614097595214844 39.232040405273438 -40.595485687255859
   vertex -33.35552978515625 39.302745819091797 -40.666664123535156
   vertex -33.35552978515625 39.159511566162109 -40.854057312011719
  endloop
 endfacet
 facet normal -0.20494753555494852 0.86975669014434753 -0.44890957621675054
  outer loop
   vertex -33.614097595214844 39.232040405273438 -40.595485687255859
   vertex -33.35552978515625 39.159511566162109 -40.854057312011719
   vertex -33.614097595214844 39.098583221435547 -40.854057312011719
  endloop
 endfacet
 facet normal -0.17036980389140077 0.72301565535730827 -0.66949420612149269
  outer loop
   vertex -33.614097595214844 39.098583221435547 -40.854057312011719
   vertex -33.35552978515625 39.159511566162109 -40.854057312011719
   vertex -33.35552978515625 39.044178009033203 -40.978610992431641
  endloop
 endfacet
 facet normal -0.12438342768907611 0.78832452163296907 -0.60255556715415637
  outer loop
   vertex -33.614097595214844 39.098583221435547 -40.854057312011719
   vertex -33.35552978515625 39.044178009033203 -40.978610992431641
   vertex -33.614097595214844 39.044178009033203 -40.925235748291016
  endloop
 endfacet
 facet normal -0.12704300428414725 0.77787810538357494 -0.61543945943310951
  outer loop
   vertex -33.614097595214844 39.044178009033203 -40.925235748291016
   vertex -33.35552978515625 39.044178009033203 -40.978610992431641
   vertex -33.614097595214844 38.895919799804688 -41.112625122070312
  endloop
 endfacet
 facet normal 0.78249664753268022 0.61390480960465543 -0.10401865863578579
  outer loop
   vertex -32.766460418701172 39.302745819091797 -40.078346252441406
   vertex -32.838386535644531 39.350612640380859 -40.336917877197266
   vertex -32.838386535644531 39.394424438476562 -40.078346252441406
  endloop
 endfacet
 facet normal 0.53593610983082185 0.83239442126077168 -0.14103905002994796
  outer loop
   vertex -32.838386535644531 39.394424438476562 -40.078346252441406
   vertex -32.838386535644531 39.350612640380859 -40.336917877197266
   vertex -33.096958160400391 39.517093658447266 -40.336917877197266
  endloop
 endfacet
 facet normal 0.45720469896200588 0.88864787835469528 -0.035620381002459421
  outer loop
   vertex -32.838386535644531 39.394424438476562 -40.078346252441406
   vertex -33.096958160400391 39.517093658447266 -40.336917877197266
   vertex -33.096958160400391 39.527458190917969 -40.078346252441406
  endloop
 endfacet
 facet normal -0.21887660070691792 0.97496961462292275 -0.039080483940375631
  outer loop
   vertex -33.096958160400391 39.527458190917969 -40.078346252441406
   vertex -33.096958160400391 39.517093658447266 -40.336917877197266
   vertex -33.35552978515625 39.45904541015625 -40.336917877197266
  endloop
 endfacet
 facet normal 0.78933097283898135 0.60445340436800854 -0.10766938870910436
  outer loop
   vertex -32.766460418701172 39.302745819091797 -40.078346252441406
   vertex -32.801731109619141 39.302745819091797 -40.336917877197266
   vertex -32.838386535644531 39.350612640380859 -40.336917877197266
  endloop
 endfacet
 facet normal 0.7449451992813253 0.57046369301038047 -0.34587255604436873
  outer loop
   vertex -32.838386535644531 39.350612640380859 -40.336917877197266
   vertex -32.801731109619141 39.302745819091797 -40.336917877197266
   vertex -32.838386535644531 39.302745819091797 -40.415866851806641
  endloop
 endfacet
 facet normal 0.5049863883280864 0.73806603212677302 -0.44748997734474039
  outer loop
   vertex -32.838386535644531 39.350612640380859 -40.336917877197266
   vertex -32.838386535644531 39.302745819091797 -40.415866851806641
   vertex -33.096958160400391 39.370758056640625 -40.595485687255859
  endloop
 endfacet
 facet normal 0.47655246534684981 0.78930923224479643 -0.38715459917837675
  outer loop
   vertex -33.096958160400391 39.370758056640625 -40.595485687255859
   vertex -32.838386535644531 39.302745819091797 -40.415866851806641
   vertex -32.984310150146484 39.302745819091797 -40.595485687255859
  endloop
 endfacet
 facet normal 0.42490585733070585 0.70376745566076304 -0.56935611067137415
  outer loop
   vertex -33.096958160400391 39.370758056640625 -40.595485687255859
   vertex -32.984310150146484 39.302745819091797 -40.595485687255859
   vertex -33.096958160400391 39.302745819091797 -40.679553985595703
  endloop
 endfacet
 facet normal 0.4059997819318738 0.7343047152779848 -0.54402275889138008
  outer loop
   vertex -33.096958160400391 39.302745819091797 -40.679553985595703
   vertex -32.984310150146484 39.302745819091797 -40.595485687255859
   vertex -33.096958160400391 39.1734619140625 -40.854057312011719
  endloop
 endfacet
 facet normal -0.043309868676975789 0.80275439664518733 -0.59473492746096934
  outer loop
   vertex -33.096958160400391 39.302745819091797 -40.679553985595703
   vertex -33.096958160400391 39.1734619140625 -40.854057312011719
   vertex -33.35552978515625 39.159511566162109 -40.854057312011719
  endloop
 endfacet
 facet normal -0.041968719823503989 0.77789601744505632 -0.62698996212020552
  outer loop
   vertex -33.35552978515625 39.159511566162109 -40.854057312011719
   vertex -33.096958160400391 39.1734619140625 -40.854057312011719
   vertex -33.096958160400391 39.044178009033203 -41.014457702636719
  endloop
 endfacet
 facet normal -0.093776364838268594 0.73050943805204016 -0.67643325932024689
  outer loop
   vertex -33.35552978515625 39.159511566162109 -40.854057312011719
   vertex -33.096958160400391 39.044178009033203 -41.014457702636719
   vertex -33.35552978515625 39.044178009033203 -40.978610992431641
  endloop
 endfacet
 facet normal -0.095810761917200948 0.71637293183800388 -0.6911078934802205
  outer loop
   vertex -33.35552978515625 39.044178009033203 -40.978610992431641
   vertex -33.096958160400391 39.044178009033203 -41.014457702636719
   vertex -33.35552978515625 38.914890289306641 -41.112625122070312
  endloop
 endfacet
 facet normal -0.052727992611141757 0.71868264531840154 -0.69333614799269205
  outer loop
   vertex -33.35552978515625 39.044178009033203 -40.978610992431641
   vertex -33.35552978515625 38.914890289306641 -41.112625122070312
   vertex -33.614097595214844 38.895919799804688 -41.112625122070312
  endloop
 endfacet
 facet normal -0.051809789429235281 0.70616753410263944 -0.70614669828492127
  outer loop
   vertex -33.614097595214844 38.895919799804688 -41.112625122070312
   vertex -33.35552978515625 38.914890289306641 -41.112625122070312
   vertex -33.35552978515625 38.785606384277344 -41.241912841796875
  endloop
 endfacet
 facet normal -0.051808133770032246 0.7061693863373053 -0.70614496746437272
  outer loop
   vertex -33.614097595214844 38.895919799804688 -41.112625122070312
   vertex -33.35552978515625 38.785606384277344 -41.241912841796875
   vertex -33.614097595214844 38.785606384277344 -41.222942352294922
  endloop
 endfacet
 facet normal -0.056291042360718052 0.6388766140472909 -0.76724702056991578
  outer loop
   vertex -33.614097595214844 38.785606384277344 -41.222942352294922
   vertex -33.35552978515625 38.785606384277344 -41.241912841796875
   vertex -33.614097595214844 38.607563018798828 -41.371196746826172
  endloop
 endfacet
 facet normal -0.3702492129416674 0.5944157307345358 -0.71385254735932968
  outer loop
   vertex -33.614097595214844 38.785606384277344 -41.222942352294922
   vertex -33.614097595214844 38.607563018798828 -41.371196746826172
   vertex -33.743381500244141 38.527034759521484 -41.371196746826172
  endloop
 endfacet
 facet normal -0.3729149805648635 0.59869548111434334 -0.70887103069851309
  outer loop
   vertex -33.743381500244141 38.527034759521484 -41.371196746826172
   vertex -33.614097595214844 38.607563018798828 -41.371196746826172
   vertex -33.614097595214844 38.527034759521484 -41.439208984375
  endloop
 endfacet
 facet normal -0.42207061982023658 0.42208307358730812 -0.80231058255245047
  outer loop
   vertex -33.743381500244141 38.527034759521484 -41.371196746826172
   vertex -33.614097595214844 38.527034759521484 -41.439208984375
   vertex -33.872669219970703 38.397750854492188 -41.371196746826172
  endloop
 endfacet
 facet normal -0.42206772086551242 0.42207394770627937 -0.8023169085037587
  outer loop
   vertex -33.872669219970703 38.397750854492188 -41.371196746826172
   vertex -33.614097595214844 38.527034759521484 -41.439208984375
   vertex -33.872669219970703 38.268466949462891 -41.439208984375
  endloop
 endfacet
 facet normal -0.59871367674262799 0.37290864838335058 -0.70885899390656426
  outer loop
   vertex -33.872669219970703 38.397750854492188 -41.371196746826172
   vertex -33.872669219970703 38.268466949462891 -41.439208984375
   vertex -33.953193664550781 38.268466949462891 -41.371196746826172
  endloop
 endfacet
 facet normal -0.64316022822422669 0.080557519401969285 -0.76148237464721524
  outer loop
   vertex -33.953193664550781 38.268466949462891 -41.371196746826172
   vertex -33.872669219970703 38.268466949462891 -41.439208984375
   vertex -33.985580444335938 38.009895324707031 -41.371196746826172
  endloop
 endfacet
 facet normal -0.63784583441925569 0.07989187752415032 -0.76600912489321538
  outer loop
   vertex -33.953193664550781 38.268466949462891 -41.371196746826172
   vertex -33.985580444335938 38.009895324707031 -41.371196746826172
   vertex -34.131237030029297 38.268466949462891 -41.222942352294922
  endloop
 endfacet
 facet normal -0.66282561631269155 0.054787643507776214 -0.74676670820180879
  outer loop
   vertex -34.131237030029297 38.268466949462891 -41.222942352294922
   vertex -33.985580444335938 38.009895324707031 -41.371196746826172
   vertex -34.131237030029297 38.009895324707031 -41.241912841796875
  endloop
 endfacet
 facet normal -0.70615717219741103 0.051808264864903072 -0.70615717219741103
  outer loop
   vertex -34.131237030029297 38.268466949462891 -41.222942352294922
   vertex -34.131237030029297 38.009895324707031 -41.241912841796875
   vertex -34.260524749755859 38.009895324707031 -41.112625122070312
  endloop
 endfacet
 facet normal -0.70615676304799591 -0.051819417240576135 -0.70615676304799591
  outer loop
   vertex -34.260524749755859 38.009895324707031 -41.112625122070312
   vertex -34.131237030029297 38.009895324707031 -41.241912841796875
   vertex -34.241550445556641 37.751327514648438 -41.112625122070312
  endloop
 endfacet
 facet normal -0.75988930643305974 -0.055762435605294022 -0.64765638477826248
  outer loop
   vertex -34.260524749755859 38.009895324707031 -41.112625122070312
   vertex -34.241550445556641 37.751327514648438 -41.112625122070312
   vertex -34.389808654785156 38.009895324707031 -40.9609375
  endloop
 endfacet
 facet normal -0.79341619529097462 -0.10300153325840095 -0.59990117952577193
  outer loop
   vertex -34.389808654785156 38.009895324707031 -40.9609375
   vertex -34.241550445556641 37.751327514648438 -41.112625122070312
   vertex -34.389808654785156 37.751327514648438 -40.916542053222656
  endloop
 endfacet
 facet normal -0.81438345473391749 -0.098203709098619016 -0.57195770837966953
  outer loop
   vertex -34.389808654785156 38.009895324707031 -40.9609375
   vertex -34.389808654785156 37.751327514648438 -40.916542053222656
   vertex -34.433692932128906 37.751327514648438 -40.854057312011719
  endloop
 endfacet
 facet normal -0.76931172028636374 -0.34092846527887549 -0.54030293224507497
  outer loop
   vertex -34.433692932128906 37.751327514648438 -40.854057312011719
   vertex -34.389808654785156 37.751327514648438 -40.916542053222656
   vertex -34.389808654785156 37.652301788330078 -40.854057312011719
  endloop
 endfacet
 facet normal -0.84734133439235271 -0.37550809780228922 -0.37550809780228922
  outer loop
   vertex -34.433692932128906 37.751327514648438 -40.854057312011719
   vertex -34.389808654785156 37.652301788330078 -40.854057312011719
   vertex -34.433692932128906 37.492755889892578 -40.595485687255859
  endloop
 endfacet
 facet normal -0.8473413343923526 -0.37550809780228916 -0.37550809780228916
  outer loop
   vertex -34.433692932128906 37.492755889892578 -40.595485687255859
   vertex -34.389808654785156 37.652301788330078 -40.854057312011719
   vertex -34.389808654785156 37.492755889892578 -40.694511413574219
  endloop
 endfacet
 facet normal -0.80200886295564999 -0.48006191578343294 -0.35541854306567267
  outer loop
   vertex -34.433692932128906 37.492755889892578 -40.595485687255859
   vertex -34.389808654785156 37.492755889892578 -40.694511413574219
   vertex -34.389808654785156 37.419441223144531 -40.595485687255859
  endloop
 endfacet
 facet normal -0.82427160043240055 -0.4550526451741585 -0.33690268452568095
  outer loop
   vertex -34.389808654785156 37.419441223144531 -40.595485687255859
   vertex -34.389808654785156 37.492755889892578 -40.694511413574219
   vertex -34.28753662109375 37.234188079833984 -40.595485687255859
  endloop
 endfacet
 facet normal -0.84799560476494484 -0.46814987055470564 -0.24847364648780751
  outer loop
   vertex -34.389808654785156 37.419441223144531 -40.595485687255859
   vertex -34.28753662109375 37.234188079833984 -40.595485687255859
   vertex -34.363300323486328 37.234188079833984 -40.336917877197266
  endloop
 endfacet
 facet normal -0.89174903799554883 -0.36947140113401583 -0.26129396659333742
  outer loop
   vertex -34.363300323486328 37.234188079833984 -40.336917877197266
   vertex -34.28753662109375 37.234188079833984 -40.595485687255859
   vertex -34.256168365478516 36.975616455078125 -40.336917877197266
  endloop
 endfacet
 facet normal 0.48882626583451372 0.7592253053723671 -0.42968106487547392
  outer loop
   vertex -32.838386535644531 39.350612640380859 -40.336917877197266
   vertex -33.096958160400391 39.370758056640625 -40.595485687255859
   vertex -33.096958160400391 39.517093658447266 -40.336917877197266
  endloop
 endfacet
 facet normal -0.045750067738350844 0.86937954625977998 -0.49202249526528313
  outer loop
   vertex -33.096958160400391 39.517093658447266 -40.336917877197266
   vertex -33.096958160400391 39.370758056640625 -40.595485687255859
   vertex -33.35552978515625 39.357151031494141 -40.595485687255859
  endloop
 endfacet
 facet normal -0.20445145229697959 0.91071385891083445 -0.35888698895528753
  outer loop
   vertex -33.096958160400391 39.517093658447266 -40.336917877197266
   vertex -33.35552978515625 39.357151031494141 -40.595485687255859
   vertex -33.35552978515625 39.45904541015625 -40.336917877197266
  endloop
 endfacet
 facet normal -0.39884070345267014 0.83838273315214551 -0.37153800077746763
  outer loop
   vertex -33.614097595214844 39.346630096435547 -40.336917877197266
   vertex -33.465476989746094 39.302745819091797 -40.595485687255859
   vertex -33.614097595214844 39.302745819091797 -40.435943603515625
  endloop
 endfacet
 facet normal -0.39885135033789543 0.83837327268219075 -0.37154791882850119
  outer loop
   vertex -33.614097595214844 39.302745819091797 -40.435943603515625
   vertex -33.465476989746094 39.302745819091797 -40.595485687255859
   vertex -33.614097595214844 39.232040405273438 -40.595485687255859
  endloop
 endfacet
 facet normal -0.040877637909439379 0.77678971976886169 -0.62843197721022936
  outer loop
   vertex -33.096958160400391 39.370758056640625 -40.595485687255859
   vertex -33.096958160400391 39.302745819091797 -40.679553985595703
   vertex -33.35552978515625 39.357151031494141 -40.595485687255859
  endloop
 endfacet
 facet normal -0.030258778680133786 0.79413058368018452 -0.60699342861068617
  outer loop
   vertex -33.35552978515625 39.357151031494141 -40.595485687255859
   vertex -33.096958160400391 39.302745819091797 -40.679553985595703
   vertex -33.35552978515625 39.302745819091797 -40.666664123535156
  endloop
 endfacet
 facet normal 0.50884019296479266 0.53289771576186729 0.67609295408200842
  outer loop
   vertex -32.967674255371094 39.044178009033203 -39.561206817626953
   vertex -33.096958160400391 39.167625427246094 -39.561206817626953
   vertex -33.096958160400391 39.044178009033203 -39.463905334472656
  endloop
 endfacet
 facet normal 0.18236650022561313 0.60864803337648621 0.77219818120894146
  outer loop
   vertex -33.096958160400391 39.044178009033203 -39.463905334472656
   vertex -33.096958160400391 39.167625427246094 -39.561206817626953
   vertex -33.35552978515625 39.044178009033203 -39.402839660644531
  endloop
 endfacet
 facet normal 0.17104475168159489 0.66797728233365394 0.72425827106656337
  outer loop
   vertex -33.096958160400391 39.044178009033203 -39.463905334472656
   vertex -33.35552978515625 39.044178009033203 -39.402839660644531
   vertex -33.096958160400391 38.869319915771484 -39.302635192871094
  endloop
 endfacet
 facet normal 0.12507229165544431 0.62603567754253298 0.76969880622482278
  outer loop
   vertex -33.096958160400391 38.869319915771484 -39.302635192871094
   vertex -33.35552978515625 39.044178009033203 -39.402839660644531
   vertex -33.35552978515625 38.920978546142578 -39.302635192871094
  endloop
 endfacet
 facet normal 0.13405120322628461 0.67097863744552133 0.72925848846985442
  outer loop
   vertex -33.096958160400391 38.869319915771484 -39.302635192871094
   vertex -33.35552978515625 38.920978546142578 -39.302635192871094
   vertex -33.35552978515625 38.785606384277344 -39.178081512451172
  endloop
 endfacet
 facet normal -0.094239771509576215 0.67407640617298581 0.73262532314050866
  outer loop
   vertex -33.35552978515625 38.785606384277344 -39.178081512451172
   vertex -33.35552978515625 38.920978546142578 -39.302635192871094
   vertex -33.614097595214844 38.785606384277344 -39.211341857910156
  endloop
 endfacet
 facet normal -0.1109068735139475 0.49428450700701049 0.86219631844504985
  outer loop
   vertex -33.35552978515625 38.785606384277344 -39.178081512451172
   vertex -33.614097595214844 38.785606384277344 -39.211341857910156
   vertex -33.614097595214844 38.527034759521484 -39.063106536865234
  endloop
 endfacet
 facet normal -0.11783204691392954 0.49388798522579958 0.86150465278469268
  outer loop
   vertex -33.614097595214844 38.527034759521484 -39.063106536865234
   vertex -33.614097595214844 38.785606384277344 -39.211341857910156
   vertex -33.872669219970703 38.527034759521484 -39.098472595214844
  endloop
 endfacet
 facet normal -0.10703838289380849 0.61326766317261749 0.7825890095664999
  outer loop
   vertex -33.614097595214844 38.527034759521484 -39.063106536865234
   vertex -33.872669219970703 38.527034759521484 -39.098472595214844
   vertex -33.614097595214844 38.502738952636719 -39.0440673828125
  endloop
 endfacet
 facet normal -0.10944533161479686 0.60362350796141384 0.78972171049305984
  outer loop
   vertex -33.614097595214844 38.502738952636719 -39.0440673828125
   vertex -33.872669219970703 38.527034759521484 -39.098472595214844
   vertex -33.872669219970703 38.455856323242188 -39.0440673828125
  endloop
 endfacet
 facet normal -0.10944688127148361 0.60363205477827286 0.78971496289744059
  outer loop
   vertex -33.614097595214844 38.502738952636719 -39.0440673828125
   vertex -33.872669219970703 38.455856323242188 -39.0440673828125
   vertex -33.872669219970703 38.268466949462891 -38.900833129882812
  endloop
 endfacet
 facet normal 0.0037976478848727722 0.60727582281334935 0.79448200287792048
  outer loop
   vertex -33.872669219970703 38.268466949462891 -38.900833129882812
   vertex -33.872669219970703 38.455856323242188 -39.0440673828125
   vertex -34.131237030029297 38.268466949462891 -38.89959716796875
  endloop
 endfacet
 facet normal 0.00356687932451814 0.6657073850420121 0.74620436535335977
  outer loop
   vertex -33.872669219970703 38.268466949462891 -38.900833129882812
   vertex -34.131237030029297 38.268466949462891 -38.89959716796875
   vertex -33.872669219970703 38.139183044433594 -38.785495758056641
  endloop
 endfacet
 facet normal -0.13612364888451708 0.48844537684967371 0.86191151868886462
  outer loop
   vertex -33.872669219970703 38.139183044433594 -38.785495758056641
   vertex -34.131237030029297 38.268466949462891 -38.89959716796875
   vertex -34.131237030029297 38.067123413085938 -38.785495758056641
  endloop
 endfacet
 facet normal -0.14888981281808089 0.53425353586210478 0.83210875674868101
  outer loop
   vertex -33.872669219970703 38.139183044433594 -38.785495758056641
   vertex -34.131237030029297 38.067123413085938 -38.785495758056641
   vertex -34.131237030029297 38.009895324707031 -38.748752593994141
  endloop
 endfacet
 facet normal -0.51775239537601714 0.46222222578796146 0.71991879477481291
  outer loop
   vertex -34.131237030029297 38.009895324707031 -38.748752593994141
   vertex -34.131237030029297 38.067123413085938 -38.785495758056641
   vertex -34.182327270507812 38.009895324707031 -38.785495758056641
  endloop
 endfacet
 facet normal -0.56067909992994258 0.27901932115954953 0.77960705828090948
  outer loop
   vertex -34.131237030029297 38.009895324707031 -38.748752593994141
   vertex -34.182327270507812 38.009895324707031 -38.785495758056641
   vertex -34.131237030029297 37.751327514648438 -38.656211853027344
  endloop
 endfacet
 facet normal -0.60656045631900934 0.25642486022574151 0.75254946939605516
  outer loop
   vertex -34.131237030029297 37.751327514648438 -38.656211853027344
   vertex -34.182327270507812 38.009895324707031 -38.785495758056641
   vertex -34.291637420654297 37.751327514648438 -38.785495758056641
  endloop
 endfacet
 facet normal -0.59633514902039875 0.31142733062028849 0.73986310070548889
  outer loop
   vertex -34.131237030029297 37.751327514648438 -38.656211853027344
   vertex -34.291637420654297 37.751327514648438 -38.785495758056641
   vertex -34.389808654785156 37.492755889892578 -38.755783081054688
  endloop
 endfacet
 facet normal -0.64758194061522578 0.32506039208357551 0.68918311912545471
  outer loop
   vertex -34.389808654785156 37.492755889892578 -38.755783081054688
   vertex -34.291637420654297 37.751327514648438 -38.785495758056641
   vertex -34.389808654785156 37.555751800537109 -38.785495758056641
  endloop
 endfacet
 facet normal -0.67073660485435782 0.31640051785245532 0.67082271816862848
  outer loop
   vertex -34.389808654785156 37.492755889892578 -38.755783081054688
   vertex -34.389808654785156 37.555751800537109 -38.785495758056641
   vertex -34.419525146484375 37.492755889892578 -38.785495758056641
  endloop
 endfacet
 facet normal -0.71490489077818575 0.33723562426801906 0.61252194317100994
  outer loop
   vertex -34.419525146484375 37.492755889892578 -38.785495758056641
   vertex -34.389808654785156 37.555751800537109 -38.785495758056641
   vertex -34.519092559814453 37.751327514648438 -39.0440673828125
  endloop
 endfacet
 facet normal -0.80608038312534258 0.2334295006176674 0.54382449759263995
  outer loop
   vertex -34.419525146484375 37.492755889892578 -38.785495758056641
   vertex -34.519092559814453 37.751327514648438 -39.0440673828125
   vertex -34.593971252441406 37.492755889892578 -39.0440673828125
  endloop
 endfacet
 facet normal -0.82437613364702444 0.23872769171263361 0.51323783909873688
  outer loop
   vertex -34.593971252441406 37.492755889892578 -39.0440673828125
   vertex -34.519092559814453 37.751327514648438 -39.0440673828125
   vertex -34.64837646484375 37.492755889892578 -39.131454467773438
  endloop
 endfacet
 facet normal -0.83380788168653008 0.18785473055958316 0.51910983100285024
  outer loop
   vertex -34.593971252441406 37.492755889892578 -39.0440673828125
   vertex -34.64837646484375 37.492755889892578 -39.131454467773438
   vertex -34.64837646484375 37.251274108886719 -39.0440673828125
  endloop
 endfacet
 facet normal -0.86991694490165294 0.16782688327841239 0.46376572342296751
  outer loop
   vertex -34.64837646484375 37.251274108886719 -39.0440673828125
   vertex -34.64837646484375 37.492755889892578 -39.131454467773438
   vertex -34.739635467529297 37.492755889892578 -39.302635192871094
  endloop
 endfacet
 facet normal -0.84958357117193939 0.20106242139813701 0.48762860692975385
  outer loop
   vertex -34.64837646484375 37.251274108886719 -39.0440673828125
   vertex -34.739635467529297 37.492755889892578 -39.302635192871094
   vertex -34.652420043945312 37.234188079833984 -39.0440673828125
  endloop
 endfacet
 facet normal -0.94479815212297613 0.0088511231093518911 0.32753337137567046
  outer loop
   vertex -34.652420043945312 37.234188079833984 -39.0440673828125
   vertex -34.739635467529297 37.492755889892578 -39.302635192871094
   vertex -34.742057800292969 37.234188079833984 -39.302635192871094
  endloop
 endfacet
 facet normal -0.89789729483624958 -0.31126964923450118 0.31127424145145011
  outer loop
   vertex -34.652420043945312 37.234188079833984 -39.0440673828125
   vertex -34.742057800292969 37.234188079833984 -39.302635192871094
   vertex -34.652420043945312 36.975616455078125 -39.302635192871094
  endloop
 endfacet
 facet normal -0.94479964851100851 -0.32752905803389754 -0.0088510065474306301
  outer loop
   vertex -34.652420043945312 36.975616455078125 -39.302635192871094
   vertex -34.742057800292969 37.234188079833984 -39.302635192871094
   vertex -34.739635467529297 37.234188079833984 -39.561206817626953
  endloop
 endfacet
 facet normal -0.88322002473381656 -0.44522046128591791 -0.14731302984308939
  outer loop
   vertex -34.652420043945312 36.975616455078125 -39.302635192871094
   vertex -34.739635467529297 37.234188079833984 -39.561206817626953
   vertex -34.64837646484375 37.053150177001953 -39.561206817626953
  endloop
 endfacet
 facet normal -0.87004441340276029 -0.43857879602668115 -0.22510299505433867
  outer loop
   vertex -34.64837646484375 37.053150177001953 -39.561206817626953
   vertex -34.739635467529297 37.234188079833984 -39.561206817626953
   vertex -34.64837646484375 37.185863494873047 -39.819778442382812
  endloop
 endfacet
 facet normal -0.84372375907315833 -0.47754972321661077 -0.24510503917952714
  outer loop
   vertex -34.64837646484375 37.053150177001953 -39.561206817626953
   vertex -34.64837646484375 37.185863494873047 -39.819778442382812
   vertex -34.6044921875 36.975616455078125 -39.561206817626953
  endloop
 endfacet
 facet normal -0.88127562442692986 -0.42866947682593787 -0.1989868172234065
  outer loop
   vertex -34.6044921875 36.975616455078125 -39.561206817626953
   vertex -34.64837646484375 37.185863494873047 -39.819778442382812
   vertex -34.546108245849609 36.975616455078125 -39.819778442382812
  endloop
 endfacet
 facet normal -0.88068063187905266 -0.42995269418794696 -0.19885247142954576
  outer loop
   vertex -34.6044921875 36.975616455078125 -39.561206817626953
   vertex -34.546108245849609 36.975616455078125 -39.819778442382812
   vertex -34.478256225585938 36.717044830322266 -39.561206817626953
  endloop
 endfacet
 facet normal -0.89292022489252809 -0.41316480435403052 -0.1788527786224548
  outer loop
   vertex -34.478256225585938 36.717044830322266 -39.561206817626953
   vertex -34.546108245849609 36.975616455078125 -39.819778442382812
   vertex -34.426464080810547 36.717044830322266 -39.819778442382812
  endloop
 endfacet
 facet normal -0.78407090206956864 -0.60047320458966169 -0.15705015472018846
  outer loop
   vertex -34.478256225585938 36.717044830322266 -39.561206817626953
   vertex -34.426464080810547 36.717044830322266 -39.819778442382812
   vertex -34.389808654785156 36.669181823730469 -39.819778442382812
  endloop
 endfacet
 facet normal -0.72297886298634806 -0.55368645050098175 -0.41319835213440897
  outer loop
   vertex -34.389808654785156 36.669181823730469 -39.819778442382812
   vertex -34.426464080810547 36.717044830322266 -39.819778442382812
   vertex -34.389808654785156 36.717044830322266 -39.883914947509766
  endloop
 endfacet
 facet normal -0.61856542612593368 -0.62971295015773399 -0.46993447841724195
  outer loop
   vertex -34.389808654785156 36.669181823730469 -39.819778442382812
   vertex -34.389808654785156 36.717044830322266 -39.883914947509766
   vertex -34.242095947265625 36.717044830322266 -40.078346252441406
  endloop
 endfacet
 facet normal -0.67050256850228529 -0.53939420072184929 -0.50939199233937282
  outer loop
   vertex -34.242095947265625 36.717044830322266 -40.078346252441406
   vertex -34.389808654785156 36.717044830322266 -39.883914947509766
   vertex -34.389808654785156 36.900661468505859 -40.078346252441406
  endloop
 endfacet
 facet normal -0.17891813841799212 0.67550990131166611 0.7153143875072997
  outer loop
   vertex -33.614097595214844 39.044178009033203 -39.422019958496094
   vertex -33.35552978515625 39.260051727294922 -39.561206817626953
   vertex -33.614097595214844 39.191566467285156 -39.561206817626953
  endloop
 endfacet
 facet normal -0.21928862122463499 0.8279296676793968 0.51618307409065867
  outer loop
   vertex -33.614097595214844 39.191566467285156 -39.561206817626953
   vertex -33.35552978515625 39.260051727294922 -39.561206817626953
   vertex -33.614097595214844 39.302745819091797 -39.739532470703125
  endloop
 endfacet
 facet normal -0.56197277687147074 0.70191126362294964 0.4376153288615498
  outer loop
   vertex -33.614097595214844 39.191566467285156 -39.561206817626953
   vertex -33.614097595214844 39.302745819091797 -39.739532470703125
   vertex -33.676586151123047 39.302745819091797 -39.819778442382812
  endloop
 endfacet
 facet normal -0.33923174003156409 0.73857787667617991 0.58260153333102638
  outer loop
   vertex -33.872669219970703 39.044178009033203 -39.524917602539062
   vertex -33.614097595214844 39.191566467285156 -39.561206817626953
   vertex -33.872669219970703 39.072803497314453 -39.561206817626953
  endloop
 endfacet
 facet normal -0.39925747047075466 0.86926634506533784 0.29149527202005115
  outer loop
   vertex -33.872669219970703 39.072803497314453 -39.561206817626953
   vertex -33.614097595214844 39.191566467285156 -39.561206817626953
   vertex -33.872669219970703 39.159511566162109 -39.819778442382812
  endloop
 endfacet
 facet normal -0.65974998932670847 0.71249245556348351 0.23892352824392515
  outer loop
   vertex -33.872669219970703 39.072803497314453 -39.561206817626953
   vertex -33.872669219970703 39.159511566162109 -39.819778442382812
   vertex -33.997222900390625 39.044178009033203 -39.819778442382812
  endloop
 endfacet
 facet normal -0.67445527111449988 0.7283733233167804 0.12075756351605989
  outer loop
   vertex -33.997222900390625 39.044178009033203 -39.819778442382812
   vertex -33.872669219970703 39.159511566162109 -39.819778442382812
   vertex -34.04351806640625 39.044178009033203 -40.078346252441406
  endloop
 endfacet
 facet normal -0.68899876545651284 0.71418669978911697 0.12336149741200081
  outer loop
   vertex -33.997222900390625 39.044178009033203 -39.819778442382812
   vertex -34.04351806640625 39.044178009033203 -40.078346252441406
   vertex -34.131237030029297 38.914890289306641 -39.819778442382812
  endloop
 endfacet
 facet normal -0.67022423045305035 0.72934580376072555 0.13731052199390131
  outer loop
   vertex -34.131237030029297 38.914890289306641 -39.819778442382812
   vertex -34.04351806640625 39.044178009033203 -40.078346252441406
   vertex -34.131237030029297 38.963569641113281 -40.078346252441406
  endloop
 endfacet
 facet normal -0.70091556310504877 0.70093058744619385 0.13196092216814023
  outer loop
   vertex -34.131237030029297 38.914890289306641 -39.819778442382812
   vertex -34.131237030029297 38.963569641113281 -40.078346252441406
   vertex -34.3092041015625 38.785606384277344 -40.078346252441406
  endloop
 endfacet
 facet normal -0.69630681104287384 0.69632173659399799 0.17404845314458509
  outer loop
   vertex -34.3092041015625 38.785606384277344 -40.078346252441406
   vertex -34.131237030029297 38.963569641113281 -40.078346252441406
   vertex -34.373836517333984 38.785606384277344 -40.336917877197266
  endloop
 endfacet
 facet normal -0.77958176674938351 0.59521455217396479 0.19486381355258406
  outer loop
   vertex -34.3092041015625 38.785606384277344 -40.078346252441406
   vertex -34.373836517333984 38.785606384277344 -40.336917877197266
   vertex -34.389808654785156 38.680034637451172 -40.078346252441406
  endloop
 endfacet
 facet normal -0.82828850748540328 0.53477933397708299 0.16718017920384742
  outer loop
   vertex -34.389808654785156 38.680034637451172 -40.078346252441406
   vertex -34.373836517333984 38.785606384277344 -40.336917877197266
   vertex -34.389808654785156 38.760868072509766 -40.336917877197266
  endloop
 endfacet
 facet normal -0.90277605724348908 0.41051877417868471 0.12833443230376834
  outer loop
   vertex -34.389808654785156 38.680034637451172 -40.078346252441406
   vertex -34.389808654785156 38.760868072509766 -40.336917877197266
   vertex -34.496139526367188 38.527034759521484 -40.336917877197266
  endloop
 endfacet
 facet normal -0.89841388500474184 0.40853516641035881 -0.16109472069793798
  outer loop
   vertex -34.496139526367188 38.527034759521484 -40.336917877197266
   vertex -34.389808654785156 38.760868072509766 -40.336917877197266
   vertex -34.449775695800781 38.527034759521484 -40.595485687255859
  endloop
 endfacet
 facet normal -0.98056548724287806 0.087044680545578429 -0.1758253361061925
  outer loop
   vertex -34.496139526367188 38.527034759521484 -40.336917877197266
   vertex -34.449775695800781 38.527034759521484 -40.595485687255859
   vertex -34.519092559814453 38.268466949462891 -40.336917877197266
  endloop
 endfacet
 facet normal -0.97472918551943177 0.21942982859521717 -0.041875592166542526
  outer loop
   vertex -34.519092559814453 38.268466949462891 -40.336917877197266
   vertex -34.449775695800781 38.527034759521484 -40.595485687255859
   vertex -34.507984161376953 38.268466949462891 -40.595485687255859
  endloop
 endfacet
 facet normal -0.99815945145429663 0.042881553230676009 -0.042882185869919917
  outer loop
   vertex -34.519092559814453 38.268466949462891 -40.336917877197266
   vertex -34.507984161376953 38.268466949462891 -40.595485687255859
   vertex -34.530200958251953 38.009895324707031 -40.336917877197266
  endloop
 endfacet
 facet normal -0.99815945145429663 0.042881553230676009 -0.042882185869919917
  outer loop
   vertex -34.530200958251953 38.009895324707031 -40.336917877197266
   vertex -34.507984161376953 38.268466949462891 -40.595485687255859
   vertex -34.519092559814453 38.009895324707031 -40.595485687255859
  endloop
 endfacet
 facet normal -0.99759680386639726 0.054440863024133299 -0.042858013821648062
  outer loop
   vertex -34.530200958251953 38.009895324707031 -40.336917877197266
   vertex -34.519092559814453 38.009895324707031 -40.595485687255859
   vertex -34.5443115234375 37.751327514648438 -40.336917877197266
  endloop
 endfacet
 facet normal -0.98937943199126732 -0.042504985187196753 -0.13900239489617949
  outer loop
   vertex -34.5443115234375 37.751327514648438 -40.336917877197266
   vertex -34.519092559814453 38.009895324707031 -40.595485687255859
   vertex -34.507984161376953 37.751327514648438 -40.595485687255859
  endloop
 endfacet
 facet normal -0.97103776522476115 -0.19614725051203738 -0.13642549110730579
  outer loop
   vertex -34.5443115234375 37.751327514648438 -40.336917877197266
   vertex -34.507984161376953 37.751327514648438 -40.595485687255859
   vertex -34.492080688476562 37.492755889892578 -40.336917877197266
  endloop
 endfacet
 facet normal -0.27792659232522843 0.65953871603755998 0.69840209859794455
  outer loop
   vertex -33.614097595214844 39.191566467285156 -39.561206817626953
   vertex -33.872669219970703 39.044178009033203 -39.524917602539062
   vertex -33.614097595214844 39.044178009033203 -39.422019958496094
  endloop
 endfacet
 facet normal -0.29058262677110097 0.61835403865446026 0.7302054641664395
  outer loop
   vertex -33.614097595214844 39.044178009033203 -39.422019958496094
   vertex -33.872669219970703 39.044178009033203 -39.524917602539062
   vertex -33.614097595214844 38.9031982421875 -39.302635192871094
  endloop
 endfacet
 facet normal -0.52652557824246127 0.66748904928312025 0.52652557824246127
  outer loop
   vertex -33.872669219970703 39.044178009033203 -39.524917602539062
   vertex -33.872669219970703 39.072803497314453 -39.561206817626953
   vertex -33.908958435058594 39.044178009033203 -39.561206817626953
  endloop
 endfacet
 facet normal -0.60593304425673655 0.76815579024711278 0.2068376846408741
  outer loop
   vertex -33.908958435058594 39.044178009033203 -39.561206817626953
   vertex -33.872669219970703 39.072803497314453 -39.561206817626953
   vertex -33.997222900390625 39.044178009033203 -39.819778442382812
  endloop
 endfacet
 facet normal -0.61124744552217158 0.76344023756524593 0.20865177691297238
  outer loop
   vertex -33.908958435058594 39.044178009033203 -39.561206817626953
   vertex -33.997222900390625 39.044178009033203 -39.819778442382812
   vertex -34.131237030029297 38.8662109375 -39.561206817626953
  endloop
 endfacet
 facet normal -0.68801561187405158 0.71316760476653218 0.13426274736181221
  outer loop
   vertex -34.131237030029297 38.8662109375 -39.561206817626953
   vertex -33.997222900390625 39.044178009033203 -39.819778442382812
   vertex -34.131237030029297 38.914890289306641 -39.819778442382812
  endloop
 endfacet
 facet normal -0.70091286536220521 0.70093354674857211 0.13195953247950856
  outer loop
   vertex -34.131237030029297 38.8662109375 -39.561206817626953
   vertex -34.131237030029297 38.914890289306641 -39.819778442382812
   vertex -34.260524749755859 38.785606384277344 -39.819778442382812
  endloop
 endfacet
 facet normal -0.70091304542141442 0.70093372681309429 0.13195761961321104
  outer loop
   vertex -34.260524749755859 38.785606384277344 -39.819778442382812
   vertex -34.131237030029297 38.914890289306641 -39.819778442382812
   vertex -34.3092041015625 38.785606384277344 -40.078346252441406
  endloop
 endfacet
 facet normal -0.75337925262628513 0.64210784253992126 0.14183518696356001
  outer loop
   vertex -34.260524749755859 38.785606384277344 -39.819778442382812
   vertex -34.3092041015625 38.785606384277344 -40.078346252441406
   vertex -34.389808654785156 38.633918762207031 -39.819778442382812
  endloop
 endfacet
 facet normal -0.79020337524088335 0.60332420302944401 0.10760358635659835
  outer loop
   vertex -34.389808654785156 38.633918762207031 -39.819778442382812
   vertex -34.3092041015625 38.785606384277344 -40.078346252441406
   vertex -34.389808654785156 38.680034637451172 -40.078346252441406
  endloop
 endfacet
 facet normal -0.85527710534842372 0.51012114576007261 0.090980710676780235
  outer loop
   vertex -34.389808654785156 38.633918762207031 -39.819778442382812
   vertex -34.389808654785156 38.680034637451172 -40.078346252441406
   vertex -34.481063842773438 38.527034759521484 -40.078346252441406
  endloop
 endfacet
 facet normal -0.85776432050899998 0.51160461940800583 0.05001083744672806
  outer loop
   vertex -34.481063842773438 38.527034759521484 -40.078346252441406
   vertex -34.389808654785156 38.680034637451172 -40.078346252441406
   vertex -34.496139526367188 38.527034759521484 -40.336917877197266
  endloop
 endfacet
 facet normal -0.9808103960081157 0.18638899281491456 0.057184879468658412
  outer loop
   vertex -34.481063842773438 38.527034759521484 -40.078346252441406
   vertex -34.496139526367188 38.527034759521484 -40.336917877197266
   vertex -34.530200958251953 38.268466949462891 -40.078346252441406
  endloop
 endfacet
 facet normal -0.9951723325446945 0.08834132844887177 -0.042753224737325735
  outer loop
   vertex -34.530200958251953 38.268466949462891 -40.078346252441406
   vertex -34.496139526367188 38.527034759521484 -40.336917877197266
   vertex -34.519092559814453 38.268466949462891 -40.336917877197266
  endloop
 endfacet
 facet normal -0.97472990312738639 0.2194267529000013 -0.041875005206422691
  outer loop
   vertex -34.530200958251953 38.268466949462891 -40.078346252441406
   vertex -34.519092559814453 38.268466949462891 -40.336917877197266
   vertex -34.588409423828125 38.009895324707031 -40.078346252441406
  endloop
 endfacet
 facet normal -0.97472990312738639 0.041875005206422691 -0.2194267529000013
  outer loop
   vertex -34.588409423828125 38.009895324707031 -40.078346252441406
   vertex -34.519092559814453 38.268466949462891 -40.336917877197266
   vertex -34.530200958251953 38.009895324707031 -40.336917877197266
  endloop
 endfacet
 facet normal -0.97420593292003688 0.05316437617466608 -0.21930879911521831
  outer loop
   vertex -34.588409423828125 38.009895324707031 -40.078346252441406
   vertex -34.530200958251953 38.009895324707031 -40.336917877197266
   vertex -34.5443115234375 37.751327514648438 -40.336917877197266
  endloop
 endfacet
 facet normal 0.79432910642373589 0.32057000063089391 0.51601952035129262
  outer loop
   vertex -32.838386535644531 39.257904052734375 -39.819778442382812
   vertex -32.838386535644531 39.044178009033203 -39.687004089355469
   vertex -32.752132415771484 39.044178009033203 -39.819778442382812
  endloop
 endfacet
 facet normal 0.75782213950022914 0.42818552852791902 0.49230352227316215
  outer loop
   vertex -32.752132415771484 39.044178009033203 -39.819778442382812
   vertex -32.838386535644531 39.044178009033203 -39.687004089355469
   vertex -32.774009704589844 38.785606384277344 -39.561206817626953
  endloop
 endfacet
 facet normal 0.91296726426934349 0.24730377733722933 0.3245483262740525
  outer loop
   vertex -32.752132415771484 39.044178009033203 -39.819778442382812
   vertex -32.774009704589844 38.785606384277344 -39.561206817626953
   vertex -32.682090759277344 38.785606384277344 -39.819778442382812
  endloop
 endfacet
 facet normal 0.83280339214267007 0.46775235593384168 0.29605108267662655
  outer loop
   vertex -32.682090759277344 38.785606384277344 -39.819778442382812
   vertex -32.774009704589844 38.785606384277344 -39.561206817626953
   vertex -32.628780364990234 38.527034759521484 -39.561206817626953
  endloop
 endfacet
 facet normal 0.77110748492600378 0.52263605194827989 0.36365478670712947
  outer loop
   vertex -32.682090759277344 38.785606384277344 -39.819778442382812
   vertex -32.628780364990234 38.527034759521484 -39.561206817626953
   vertex -32.579818725585938 38.634712219238281 -39.819778442382812
  endloop
 endfacet
 facet normal 0.71538517399561796 0.58654756831556898 0.37971832050923277
  outer loop
   vertex -32.579818725585938 38.634712219238281 -39.819778442382812
   vertex -32.628780364990234 38.527034759521484 -39.561206817626953
   vertex -32.579818725585938 38.527034759521484 -39.653450012207031
  endloop
 endfacet
 facet normal 0.69176406136073831 0.60618500222332738 0.39243117420663876
  outer loop
   vertex -32.579818725585938 38.634712219238281 -39.819778442382812
   vertex -32.579818725585938 38.527034759521484 -39.653450012207031
   vertex -32.485462188720703 38.527034759521484 -39.819778442382812
  endloop
 endfacet
 facet normal 0.61588884345526207 0.7061225379674041 0.34938788456643977
  outer loop
   vertex -32.485462188720703 38.527034759521484 -39.819778442382812
   vertex -32.579818725585938 38.527034759521484 -39.653450012207031
   vertex -32.321247100830078 38.383804321289062 -39.819778442382812
  endloop
 endfacet
 facet normal 0.65515194769723462 0.75113806814047868 0.081040286393309735
  outer loop
   vertex -32.485462188720703 38.527034759521484 -39.819778442382812
   vertex -32.321247100830078 38.383804321289062 -39.819778442382812
   vertex -32.321247100830078 38.411701202392578 -40.078346252441406
  endloop
 endfacet
 facet normal 0.61489456506008255 0.78405920842604149 0.084592148228432931
  outer loop
   vertex -32.321247100830078 38.411701202392578 -40.078346252441406
   vertex -32.321247100830078 38.383804321289062 -39.819778442382812
   vertex -32.174179077148438 38.268466949462891 -39.819778442382812
  endloop
 endfacet
 facet normal 0.58620967863021201 0.80250212796820486 0.11112401759640603
  outer loop
   vertex -32.321247100830078 38.411701202392578 -40.078346252441406
   vertex -32.174179077148438 38.268466949462891 -39.819778442382812
   vertex -32.125164031982422 38.268466949462891 -40.078346252441406
  endloop
 endfacet
 facet normal 0.57135483563914724 0.81352505283112231 0.10830808006738371
  outer loop
   vertex -32.125164031982422 38.268466949462891 -40.078346252441406
   vertex -32.174179077148438 38.268466949462891 -39.819778442382812
   vertex -32.062679290771484 38.224582672119141 -40.078346252441406
  endloop
 endfacet
 facet normal 0.54982223580265666 0.78286580515016657 0.29123296541351429
  outer loop
   vertex -32.125164031982422 38.268466949462891 -40.078346252441406
   vertex -32.062679290771484 38.224582672119141 -40.078346252441406
   vertex -32.062679290771484 38.268466949462891 -40.196311950683594
  endloop
 endfacet
 facet normal 0.46161126829799898 0.83141581685816601 0.30929399680301195
  outer loop
   vertex -32.062679290771484 38.268466949462891 -40.196311950683594
   vertex -32.062679290771484 38.224582672119141 -40.078346252441406
   vertex -31.804107666015625 38.177211761474609 -40.336917877197266
  endloop
 endfacet
 facet normal 0.45151334915837188 0.84698861062962694 0.28061715734338921
  outer loop
   vertex -32.062679290771484 38.268466949462891 -40.196311950683594
   vertex -31.804107666015625 38.177211761474609 -40.336917877197266
   vertex -31.975292205810547 38.268466949462891 -40.336917877197266
  endloop
 endfacet
 facet normal 0.45650447202021671 0.85635139962825957 0.2413834032825459
  outer loop
   vertex -31.975292205810547 38.268466949462891 -40.336917877197266
   vertex -31.804107666015625 38.177211761474609 -40.336917877197266
   vertex -31.804107666015625 38.250095367431641 -40.595485687255859
  endloop
 endfacet
 facet normal 0.53938276387324247 0.78633853512334628 0.30122739287211531
  outer loop
   vertex -31.975292205810547 38.268466949462891 -40.336917877197266
   vertex -31.804107666015625 38.250095367431641 -40.595485687255859
   vertex -31.830890655517578 38.268466949462891 -40.595485687255859
  endloop
 endfacet
 facet normal 0.50543920797569974 0.73685396162736461 0.44897377014136991
  outer loop
   vertex -31.830890655517578 38.268466949462891 -40.595485687255859
   vertex -31.804107666015625 38.250095367431641 -40.595485687255859
   vertex -31.804107666015625 38.268466949462891 -40.625637054443359
  endloop
 endfacet
 facet normal 0.48494788798573513 0.76109219645200488 0.43077164999340162
  outer loop
   vertex -31.830890655517578 38.268466949462891 -40.595485687255859
   vertex -31.804107666015625 38.268466949462891 -40.625637054443359
   vertex -31.804107666015625 38.397750854492188 -40.854057312011719
  endloop
 endfacet
 facet normal 0.29763291042656115 0.83083365254049824 0.47024471548038588
  outer loop
   vertex -31.804107666015625 38.397750854492188 -40.854057312011719
   vertex -31.804107666015625 38.268466949462891 -40.625637054443359
   vertex -31.545537948608398 38.305122375488281 -40.854057312011719
  endloop
 endfacet
 facet normal 0.33141584642363375 0.92513774031010443 0.18515857580252687
  outer loop
   vertex -31.804107666015625 38.397750854492188 -40.854057312011719
   vertex -31.545537948608398 38.305122375488281 -40.854057312011719
   vertex -31.804107666015625 38.449501037597656 -41.112625122070312
  endloop
 endfacet
 facet normal 0.42734077297699791 0.90091521349568804 0.0757076075664843
  outer loop
   vertex -31.804107666015625 38.449501037597656 -41.112625122070312
   vertex -31.545537948608398 38.305122375488281 -40.854057312011719
   vertex -31.545537948608398 38.326850891113281 -41.112625122070312
  endloop
 endfacet
 facet normal 0.40909226563518791 0.86244390692389672 -0.29805037427809744
  outer loop
   vertex -31.804107666015625 38.449501037597656 -41.112625122070312
   vertex -31.545537948608398 38.326850891113281 -41.112625122070312
   vertex -31.804107666015625 38.360141754150391 -41.371196746826172
  endloop
 endfacet
 facet normal 0.42373005709937073 0.84948998201653858 -0.31435586389330311
  outer loop
   vertex -31.804107666015625 38.360141754150391 -41.371196746826172
   vertex -31.545537948608398 38.326850891113281 -41.112625122070312
   vertex -31.545537948608398 38.268466949462891 -41.270397186279297
  endloop
 endfacet
 facet normal 0.4338142299831918 0.82477414147520112 -0.36270212215802544
  outer loop
   vertex -31.804107666015625 38.360141754150391 -41.371196746826172
   vertex -31.545537948608398 38.268466949462891 -41.270397186279297
   vertex -31.629814147949219 38.268466949462891 -41.371196746826172
  endloop
 endfacet
 facet normal 0.75029005756196565 0.2087083242045763 -0.62730029884528182
  outer loop
   vertex -31.629814147949219 38.268466949462891 -41.371196746826172
   vertex -31.545537948608398 38.268466949462891 -41.270397186279297
   vertex -31.545537948608398 38.009895324707031 -41.356426239013672
  endloop
 endfacet
 facet normal 0.47874672993328565 0.10625475126678295 -0.87149956764844105
  outer loop
   vertex -31.629814147949219 38.268466949462891 -41.371196746826172
   vertex -31.545537948608398 38.009895324707031 -41.356426239013672
   vertex -31.572425842285156 38.009895324707031 -41.371196746826172
  endloop
 endfacet
 facet normal 0.36043187000035726 -0.66301802859789227 -0.65612191004584663
  outer loop
   vertex -31.572425842285156 38.009895324707031 -41.371196746826172
   vertex -31.545537948608398 38.009895324707031 -41.356426239013672
   vertex -31.804107666015625 37.751327514648438 -41.2371826171875
  endloop
 endfacet
 facet normal 0.29211909137056902 -0.63322010476479895 -0.71672779726929114
  outer loop
   vertex -31.572425842285156 38.009895324707031 -41.371196746826172
   vertex -31.804107666015625 37.751327514648438 -41.2371826171875
   vertex -31.804107666015625 37.90301513671875 -41.371196746826172
  endloop
 endfacet
 facet normal 0.15297456789738262 -0.65430676839970048 -0.74059532431885478
  outer loop
   vertex -31.804107666015625 37.90301513671875 -41.371196746826172
   vertex -31.804107666015625 37.751327514648438 -41.2371826171875
   vertex -32.062679290771484 37.751327514648438 -41.290592193603516
  endloop
 endfacet
 facet normal 0.10760201726520283 -0.60332430608712406 -0.79020351022059443
  outer loop
   vertex -31.804107666015625 37.90301513671875 -41.371196746826172
   vertex -32.062679290771484 37.751327514648438 -41.290592193603516
   vertex -32.062679290771484 37.856899261474609 -41.371196746826172
  endloop
 endfacet
 facet normal 0.34868784576562711 -0.56876121891786591 -0.7449345354260265
  outer loop
   vertex -32.062679290771484 37.856899261474609 -41.371196746826172
   vertex -32.062679290771484 37.751327514648438 -41.290592193603516
   vertex -32.234882354736328 37.751327514648438 -41.371196746826172
  endloop
 endfacet
 facet normal 0.32947607814961971 -0.53742399710316646 -0.77628664890284005
  outer loop
   vertex -32.062679290771484 37.856899261474609 -41.371196746826172
   vertex -32.234882354736328 37.751327514648438 -41.371196746826172
   vertex -32.321247100830078 37.751327514648438 -41.407852172851562
  endloop
 endfacet
 facet normal 0.32398645842899954 -0.55886121286343227 -0.76335242156650529
  outer loop
   vertex -32.321247100830078 37.751327514648438 -41.407852172851562
   vertex -32.234882354736328 37.751327514648438 -41.371196746826172
   vertex -32.321247100830078 37.701259613037109 -41.371196746826172
  endloop
 endfacet
 facet normal 0.12653556356037995 -0.58597564583195838 -0.80038821433494156
  outer loop
   vertex -32.321247100830078 37.751327514648438 -41.407852172851562
   vertex -32.321247100830078 37.701259613037109 -41.371196746826172
   vertex -32.579818725585938 37.751327514648438 -41.44873046875
  endloop
 endfacet
 facet normal 0.1488719790131397 -0.52694461375705737 -0.83675952811852516
  outer loop
   vertex -32.579818725585938 37.751327514648438 -41.44873046875
   vertex -32.321247100830078 37.701259613037109 -41.371196746826172
   vertex -32.579818725585938 37.628208160400391 -41.371196746826172
  endloop
 endfacet
 facet normal 0.044859666127212941 -0.5323463511335722 -0.84533719472748059
  outer loop
   vertex -32.579818725585938 37.751327514648438 -41.44873046875
   vertex -32.579818725585938 37.628208160400391 -41.371196746826172
   vertex -32.838386535644531 37.751327514648438 -41.462451934814453
  endloop
 endfacet
 facet normal 0.10031636170319222 -0.44784585582334024 -0.88846537186121899
  outer loop
   vertex -32.838386535644531 37.751327514648438 -41.462451934814453
   vertex -32.579818725585938 37.628208160400391 -41.371196746826172
   vertex -32.838386535644531 37.570289611816406 -41.371196746826172
  endloop
 endfacet
 facet normal 0.27543919742102951 -0.43270524638626462 -0.85842845844826288
  outer loop
   vertex -32.838386535644531 37.751327514648438 -41.462451934814453
   vertex -32.838386535644531 37.570289611816406 -41.371196746826172
   vertex -33.096958160400391 37.492755889892578 -41.415081024169922
  endloop
 endfacet
 facet normal 0.28330097529280041 -0.47240524745995532 -0.83460999249376733
  outer loop
   vertex -33.096958160400391 37.492755889892578 -41.415081024169922
   vertex -32.838386535644531 37.570289611816406 -41.371196746826172
   vertex -32.967674255371094 37.492755889892578 -41.371196746826172
  endloop
 endfacet
 facet normal 0.27144329662770228 -0.53556993456421131 -0.79967704850568999
  outer loop
   vertex -33.096958160400391 37.492755889892578 -41.415081024169922
   vertex -32.967674255371094 37.492755889892578 -41.371196746826172
   vertex -33.096958160400391 37.427230834960938 -41.371196746826172
  endloop
 endfacet
 facet normal 0.27143905866069118 -0.53556157286310091 -0.79968408706551075
  outer loop
   vertex -33.096958160400391 37.427230834960938 -41.371196746826172
   vertex -32.967674255371094 37.492755889892578 -41.371196746826172
   vertex -33.096958160400391 37.234188079833984 -41.241912841796875
  endloop
 endfacet
 facet normal 0.048740799155815584 -0.55579189419108199 -0.82989138135610352
  outer loop
   vertex -33.096958160400391 37.427230834960938 -41.371196746826172
   vertex -33.096958160400391 37.234188079833984 -41.241912841796875
   vertex -33.35552978515625 37.234188079833984 -41.257099151611328
  endloop
 endfacet
 facet normal 0.046406985403321506 -0.61114843194235313 -0.79015440632839529
  outer loop
   vertex -33.35552978515625 37.234188079833984 -41.257099151611328
   vertex -33.096958160400391 37.234188079833984 -41.241912841796875
   vertex -33.096958160400391 37.067031860351562 -41.112625122070312
  endloop
 endfacet
 facet normal 0.14056268893172111 -0.51395839593585346 -0.84622036002883361
  outer loop
   vertex -33.35552978515625 37.234188079833984 -41.257099151611328
   vertex -33.096958160400391 37.067031860351562 -41.112625122070312
   vertex -33.35552978515625 36.996315002441406 -41.112625122070312
  endloop
 endfacet
 facet normal 0.1647712667097434 -0.60247549743157491 -0.78094411109979112
  outer loop
   vertex -33.35552978515625 36.996315002441406 -41.112625122070312
   vertex -33.096958160400391 37.067031860351562 -41.112625122070312
   vertex -33.35552978515625 36.975616455078125 -41.096656799316406
  endloop
 endfacet
 facet normal -0.20311968332267297 -0.59809106885884677 -0.77526090292119032
  outer loop
   vertex -33.35552978515625 36.996315002441406 -41.112625122070312
   vertex -33.35552978515625 36.975616455078125 -41.096656799316406
   vertex -33.614097595214844 36.975616455078125 -41.028911590576172
  endloop
 endfacet
 facet normal -0.18216341318132676 -0.69527566148187914 -0.69527566148187914
  outer loop
   vertex -33.614097595214844 36.975616455078125 -41.028911590576172
   vertex -33.35552978515625 36.975616455078125 -41.096656799316406
   vertex -33.35552978515625 36.733016967773438 -40.854057312011719
  endloop
 endfacet
 facet normal -0.22526870447473163 -0.71618964947027475 -0.6605500713616802
  outer loop
   vertex -33.614097595214844 36.975616455078125 -41.028911590576172
   vertex -33.35552978515625 36.733016967773438 -40.854057312011719
   vertex -33.614097595214844 36.814346313476562 -40.854057312011719
  endloop
 endfacet
 facet normal -0.25228158728951916 -0.80207085129728839 -0.54132832016616661
  outer loop
   vertex -33.614097595214844 36.814346313476562 -40.854057312011719
   vertex -33.35552978515625 36.733016967773438 -40.854057312011719
   vertex -33.614097595214844 36.717044830322266 -40.709888458251953
  endloop
 endfacet
 facet normal -0.44364779560484457 -0.74284504525228601 -0.50135603337258372
  outer loop
   vertex -33.614097595214844 36.814346313476562 -40.854057312011719
   vertex -33.614097595214844 36.717044830322266 -40.709888458251953
   vertex -33.743381500244141 36.717044830322266 -40.595485687255859
  endloop
 endfacet
 facet normal -0.4217946130346934 -0.77128743014777135 -0.47666026109899284
  outer loop
   vertex -33.743381500244141 36.717044830322266 -40.595485687255859
   vertex -33.614097595214844 36.717044830322266 -40.709888458251953
   vertex -33.614097595214844 36.646343231201172 -40.595485687255859
  endloop
 endfacet
 facet normal -0.43258911161933072 -0.79102609160951431 -0.43260187574879339
  outer loop
   vertex -33.743381500244141 36.717044830322266 -40.595485687255859
   vertex -33.614097595214844 36.646343231201172 -40.595485687255859
   vertex -33.872669219970703 36.717044830322266 -40.466201782226562
  endloop
 endfacet
 facet normal -0.43258631254047658 -0.791032643329317 -0.43259269456391258
  outer loop
   vertex -33.872669219970703 36.717044830322266 -40.466201782226562
   vertex -33.614097595214844 36.646343231201172 -40.595485687255859
   vertex -33.872669219970703 36.646343231201172 -40.336917877197266
  endloop
 endfacet
 facet normal -0.47667254415204985 -0.77128158662867285 -0.42179141738443315
  outer loop
   vertex -33.872669219970703 36.717044830322266 -40.466201782226562
   vertex -33.872669219970703 36.646343231201172 -40.336917877197266
   vertex -33.987068176269531 36.717044830322266 -40.336917877197266
  endloop
 endfacet
 facet normal -0.45898586332198715 -0.74266359421404304 -0.48762973976127572
  outer loop
   vertex -33.987068176269531 36.717044830322266 -40.336917877197266
   vertex -33.872669219970703 36.646343231201172 -40.336917877197266
   vertex -34.131237030029297 36.717044830322266 -40.201217651367188
  endloop
 endfacet
 facet normal -0.5093218734737005 -0.66917439819890723 -0.54110706333993663
  outer loop
   vertex -33.987068176269531 36.717044830322266 -40.336917877197266
   vertex -34.131237030029297 36.717044830322266 -40.201217651367188
   vertex -34.131237030029297 36.826774597167969 -40.336917877197266
  endloop
 endfacet
 facet normal -0.52974197875696283 0.72519966954472681 0.43983960171280218
  outer loop
   vertex -33.676586151123047 39.302745819091797 -39.819778442382812
   vertex -33.872669219970703 39.159511566162109 -39.819778442382812
   vertex -33.614097595214844 39.191566467285156 -39.561206817626953
  endloop
 endfacet
 facet normal 0.88480480531393324 0.35708357493625115 0.29935226240020202
  outer loop
   vertex -32.838386535644531 39.257904052734375 -39.819778442382812
   vertex -32.752132415771484 39.044178009033203 -39.819778442382812
   vertex -32.838386535644531 39.302745819091797 -39.873268127441406
  endloop
 endfacet
 facet normal 0.88114902253660032 0.35786844352806252 0.30904138429924849
  outer loop
   vertex -32.838386535644531 39.302745819091797 -39.873268127441406
   vertex -32.752132415771484 39.044178009033203 -39.819778442382812
   vertex -32.766460418701172 39.302745819091797 -40.078346252441406
  endloop
 endfacet
 facet normal 0.9636334262672287 0.21376165054666507 0.16036388788017969
  outer loop
   vertex -32.766460418701172 39.302745819091797 -40.078346252441406
   vertex -32.752132415771484 39.044178009033203 -39.819778442382812
   vertex -32.709102630615234 39.044178009033203 -40.078346252441406
  endloop
 endfacet
 facet normal 0.9529993094681245 0.25814762287216902 0.15859420215987199
  outer loop
   vertex -32.709102630615234 39.044178009033203 -40.078346252441406
   vertex -32.752132415771484 39.044178009033203 -39.819778442382812
   vertex -32.682090759277344 38.785606384277344 -39.819778442382812
  endloop
 endfacet
 facet normal 0.97626783488903546 0.19538895369199732 0.093403807932126451
  outer loop
   vertex -32.709102630615234 39.044178009033203 -40.078346252441406
   vertex -32.682090759277344 38.785606384277344 -39.819778442382812
   vertex -32.657352447509766 38.785606384277344 -40.078346252441406
  endloop
 endfacet
 facet normal 0.80702990242426598 0.58544088681466222 0.077212075731335233
  outer loop
   vertex -32.657352447509766 38.785606384277344 -40.078346252441406
   vertex -32.682090759277344 38.785606384277344 -39.819778442382812
   vertex -32.579818725585938 38.678726196289062 -40.078346252441406
  endloop
 endfacet
 facet normal 0.80227314450528031 0.58199020851130778 0.13283523178198725
  outer loop
   vertex -32.657352447509766 38.785606384277344 -40.078346252441406
   vertex -32.579818725585938 38.678726196289062 -40.078346252441406
   vertex -32.579818725585938 38.737743377685547 -40.336917877197266
  endloop
 endfacet
 facet normal 0.74100131935585356 0.65466763112309434 0.14942334982378166
  outer loop
   vertex -32.579818725585938 38.737743377685547 -40.336917877197266
   vertex -32.579818725585938 38.678726196289062 -40.078346252441406
   vertex -32.44580078125 38.527034759521484 -40.078346252441406
  endloop
 endfacet
 facet normal 0.7095410923554244 0.6796493166672668 0.18608665887910508
  outer loop
   vertex -32.579818725585938 38.737743377685547 -40.336917877197266
   vertex -32.44580078125 38.527034759521484 -40.078346252441406
   vertex -32.377986907958984 38.527034759521484 -40.336917877197266
  endloop
 endfacet
 facet normal 0.63105508062701143 0.75787753486040921 0.16550265063963504
  outer loop
   vertex -32.377986907958984 38.527034759521484 -40.336917877197266
   vertex -32.44580078125 38.527034759521484 -40.078346252441406
   vertex -32.321247100830078 38.479789733886719 -40.336917877197266
  endloop
 endfacet
 facet normal 0.57587859568199162 0.69161229165716132 0.43593150960221605
  outer loop
   vertex -32.377986907958984 38.527034759521484 -40.336917877197266
   vertex -32.321247100830078 38.479789733886719 -40.336917877197266
   vertex -32.321247100830078 38.527034759521484 -40.411872863769531
  endloop
 endfacet
 facet normal 0.56091058859133469 0.70036063027943041 0.44144569219862312
  outer loop
   vertex -32.321247100830078 38.527034759521484 -40.411872863769531
   vertex -32.321247100830078 38.479789733886719 -40.336917877197266
   vertex -32.062679290771484 38.435684204101562 -40.595485687255859
  endloop
 endfacet
 facet normal 0.56615040065514555 0.6870546119947879 0.45544449055259156
  outer loop
   vertex -32.321247100830078 38.527034759521484 -40.411872863769531
   vertex -32.062679290771484 38.435684204101562 -40.595485687255859
   vertex -32.173538208007812 38.527034759521484 -40.595485687255859
  endloop
 endfacet
 facet normal 0.57261077713976738 0.69489463375198479 0.43501533982847834
  outer loop
   vertex -32.173538208007812 38.527034759521484 -40.595485687255859
   vertex -32.062679290771484 38.435684204101562 -40.595485687255859
   vertex -32.062679290771484 38.527034759521484 -40.741409301757812
  endloop
 endfacet
 facet normal 0.61857917508924953 0.62969698994054979 0.46993776716254099
  outer loop
   vertex -32.173538208007812 38.527034759521484 -40.595485687255859
   vertex -32.062679290771484 38.527034759521484 -40.741409301757812
   vertex -32.062679290771484 38.611103057861328 -40.854057312011719
  endloop
 endfacet
 facet normal 0.62538109020381671 0.62536690150497376 0.46670625720848669
  outer loop
   vertex -32.062679290771484 38.611103057861328 -40.854057312011719
   vertex -32.062679290771484 38.527034759521484 -40.741409301757812
   vertex -31.978612899780273 38.527034759521484 -40.854057312011719
  endloop
 endfacet
 facet normal 0.70176946855762734 0.70175354675282298 0.12272559887887587
  outer loop
   vertex -32.062679290771484 38.611103057861328 -40.854057312011719
   vertex -31.978612899780273 38.527034759521484 -40.854057312011719
   vertex -32.062679290771484 38.656322479248047 -41.112625122070312
  endloop
 endfacet
 facet normal 0.65185586565023268 0.74152162882919492 0.15883829637679722
  outer loop
   vertex -32.062679290771484 38.656322479248047 -41.112625122070312
   vertex -31.978612899780273 38.527034759521484 -40.854057312011719
   vertex -31.915607452392578 38.527034759521484 -41.112625122070312
  endloop
 endfacet
 facet normal 0.61716979466672373 0.70206432974096733 -0.3552564164887107
  outer loop
   vertex -32.062679290771484 38.656322479248047 -41.112625122070312
   vertex -31.915607452392578 38.527034759521484 -41.112625122070312
   vertex -32.062679290771484 38.527034759521484 -41.368125915527344
  endloop
 endfacet
 facet normal 0.74218348823163627 0.51638094412724145 -0.42721702955123331
  outer loop
   vertex -32.062679290771484 38.527034759521484 -41.368125915527344
   vertex -31.915607452392578 38.527034759521484 -41.112625122070312
   vertex -32.062679290771484 38.524494171142578 -41.371196746826172
  endloop
 endfacet
 facet normal 0.40050592984436229 0.70599693939531727 -0.58409187781028737
  outer loop
   vertex -32.062679290771484 38.527034759521484 -41.368125915527344
   vertex -32.062679290771484 38.524494171142578 -41.371196746826172
   vertex -32.067157745361328 38.527034759521484 -41.371196746826172
  endloop
 endfacet
 facet normal 0.22528369351373456 0.39712170598367025 -0.88968624136457752
  outer loop
   vertex -32.067157745361328 38.527034759521484 -41.371196746826172
   vertex -32.062679290771484 38.524494171142578 -41.371196746826172
   vertex -32.062679290771484 38.268466949462891 -41.485477447509766
  endloop
 endfacet
 facet normal 0.25022099620009047 0.39501466294125942 -0.88394166613076774
  outer loop
   vertex -32.067157745361328 38.527034759521484 -41.371196746826172
   vertex -32.062679290771484 38.268466949462891 -41.485477447509766
   vertex -32.321247100830078 38.527034759521484 -41.443122863769531
  endloop
 endfacet
 facet normal 0.056556571776545585 0.21621780148287298 -0.97470570764246456
  outer loop
   vertex -32.321247100830078 38.527034759521484 -41.443122863769531
   vertex -32.062679290771484 38.268466949462891 -41.485477447509766
   vertex -32.321247100830078 38.268466949462891 -41.500480651855469
  endloop
 endfacet
 facet normal 0 0.21656443535662825 -0.97626832650591755
  outer loop
   vertex -32.321247100830078 38.527034759521484 -41.443122863769531
   vertex -32.321247100830078 38.268466949462891 -41.500480651855469
   vertex -32.579818725585938 38.268466949462891 -41.500480651855469
  endloop
 endfacet
 facet normal -0 0 -1
  outer loop
   vertex -32.579818725585938 38.268466949462891 -41.500480651855469
   vertex -32.321247100830078 38.268466949462891 -41.500480651855469
   vertex -32.579818725585938 38.009895324707031 -41.500480651855469
  endloop
 endfacet
 facet normal 0 0 -1
  outer loop
   vertex -32.579818725585938 38.268466949462891 -41.500480651855469
   vertex -32.579818725585938 38.009895324707031 -41.500480651855469
   vertex -32.838386535644531 38.009895324707031 -41.500480651855469
  endloop
 endfacet
 facet normal -0 -0.14550911808131409 -0.98935691060162823
  outer loop
   vertex -32.838386535644531 38.009895324707031 -41.500480651855469
   vertex -32.579818725585938 38.009895324707031 -41.500480651855469
   vertex -32.838386535644531 37.751327514648438 -41.462451934814453
  endloop
 endfacet
 facet normal 0.10246147026993485 -0.14474329978529227 -0.98414989929247476
  outer loop
   vertex -32.838386535644531 38.009895324707031 -41.500480651855469
   vertex -32.838386535644531 37.751327514648438 -41.462451934814453
   vertex -33.096958160400391 37.751327514648438 -41.489372253417969
  endloop
 endfacet
 facet normal 0.099566232576492927 -0.27477006935343623 -0.956340929960666
  outer loop
   vertex -33.096958160400391 37.751327514648438 -41.489372253417969
   vertex -32.838386535644531 37.751327514648438 -41.462451934814453
   vertex -33.096958160400391 37.492755889892578 -41.415081024169922
  endloop
 endfacet
 facet normal -0 -0.27614223756445744 -0.96111677991433209
  outer loop
   vertex -33.096958160400391 37.751327514648438 -41.489372253417969
   vertex -33.096958160400391 37.492755889892578 -41.415081024169922
   vertex -33.35552978515625 37.492755889892578 -41.415081024169922
  endloop
 endfacet
 facet normal -0 -0.5564626395585589 -0.83087263210164863
  outer loop
   vertex -33.35552978515625 37.492755889892578 -41.415081024169922
   vertex -33.096958160400391 37.492755889892578 -41.415081024169922
   vertex -33.096958160400391 37.427230834960938 -41.371196746826172
  endloop
 endfacet
 facet normal 0.008267592150035705 -0.53371637971987629 -0.84562312701270737
  outer loop
   vertex -33.35552978515625 37.492755889892578 -41.415081024169922
   vertex -33.096958160400391 37.427230834960938 -41.371196746826172
   vertex -33.35552978515625 37.423225402832031 -41.371196746826172
  endloop
 endfacet
 facet normal 0.00800439969911995 -0.51672592838614051 -0.85611345306503495
  outer loop
   vertex -33.35552978515625 37.423225402832031 -41.371196746826172
   vertex -33.096958160400391 37.427230834960938 -41.371196746826172
   vertex -33.35552978515625 37.234188079833984 -41.257099151611328
  endloop
 endfacet
 facet normal -0.27342756914381156 -0.49705076756978156 -0.82351557294953281
  outer loop
   vertex -33.35552978515625 37.423225402832031 -41.371196746826172
   vertex -33.35552978515625 37.234188079833984 -41.257099151611328
   vertex -33.614097595214844 37.492755889892578 -41.327312469482422
  endloop
 endfacet
 facet normal -0.14803114637659071 -0.3943170796865002 -0.90697343972684374
  outer loop
   vertex -33.614097595214844 37.492755889892578 -41.327312469482422
   vertex -33.35552978515625 37.234188079833984 -41.257099151611328
   vertex -33.614097595214844 37.234188079833984 -41.214897155761719
  endloop
 endfacet
 facet normal -0.2266655642464441 -0.38833242591859884 -0.89320806588667634
  outer loop
   vertex -33.614097595214844 37.492755889892578 -41.327312469482422
   vertex -33.614097595214844 37.234188079833984 -41.214897155761719
   vertex -33.872669219970703 37.234188079833984 -41.149280548095703
  endloop
 endfacet
 facet normal -0.20831665055690152 -0.53171874315822443 -0.82090154785759295
  outer loop
   vertex -33.872669219970703 37.234188079833984 -41.149280548095703
   vertex -33.614097595214844 37.234188079833984 -41.214897155761719
   vertex -33.614097595214844 37.0762939453125 -41.112625122070312
  endloop
 endfacet
 facet normal -0.25046455765324643 -0.58860864374059574 -0.76863994813789105
  outer loop
   vertex -33.872669219970703 37.234188079833984 -41.149280548095703
   vertex -33.614097595214844 37.0762939453125 -41.112625122070312
   vertex -33.872669219970703 37.186321258544922 -41.112625122070312
  endloop
 endfacet
 facet normal -0.2823672880981179 -0.6635822171464385 -0.69276789453548671
  outer loop
   vertex -33.872669219970703 37.186321258544922 -41.112625122070312
   vertex -33.614097595214844 37.0762939453125 -41.112625122070312
   vertex -33.872669219970703 36.975616455078125 -40.910797119140625
  endloop
 endfacet
 facet normal -0.49982943200338442 -0.59912495903404817 -0.62547567687770567
  outer loop
   vertex -33.872669219970703 37.186321258544922 -41.112625122070312
   vertex -33.872669219970703 36.975616455078125 -40.910797119140625
   vertex -33.943672180175781 36.975616455078125 -40.854057312011719
  endloop
 endfacet
 facet normal -0.4552724561978459 -0.6842136638845786 -0.56971804673998294
  outer loop
   vertex -33.943672180175781 36.975616455078125 -40.854057312011719
   vertex -33.872669219970703 36.975616455078125 -40.910797119140625
   vertex -33.872669219970703 36.928371429443359 -40.854057312011719
  endloop
 endfacet
 facet normal -0.50308323177138259 -0.75606687064681011 -0.41865277858961003
  outer loop
   vertex -33.943672180175781 36.975616455078125 -40.854057312011719
   vertex -33.872669219970703 36.928371429443359 -40.854057312011719
   vertex -34.131237030029297 36.975616455078125 -40.628665924072266
  endloop
 endfacet
 facet normal -0.52455720032672382 -0.72253350594847354 -0.45031664011803579
  outer loop
   vertex -34.131237030029297 36.975616455078125 -40.628665924072266
   vertex -33.872669219970703 36.928371429443359 -40.854057312011719
   vertex -34.131237030029297 36.954936981201172 -40.595485687255859
  endloop
 endfacet
 facet normal -0.67776636008014424 -0.62400514723482747 -0.38890916338928488
  outer loop
   vertex -34.131237030029297 36.975616455078125 -40.628665924072266
   vertex -34.131237030029297 36.954936981201172 -40.595485687255859
   vertex -34.150276184082031 36.975616455078125 -40.595485687255859
  endloop
 endfacet
 facet normal -0.70440576993244552 -0.64853148823701079 -0.28847776352947324
  outer loop
   vertex -34.150276184082031 36.975616455078125 -40.595485687255859
   vertex -34.131237030029297 36.954936981201172 -40.595485687255859
   vertex -34.256168365478516 36.975616455078125 -40.336917877197266
  endloop
 endfacet
 facet normal -0.83059517267727012 -0.44091402716423783 -0.34015655186256438
  outer loop
   vertex -34.150276184082031 36.975616455078125 -40.595485687255859
   vertex -34.256168365478516 36.975616455078125 -40.336917877197266
   vertex -34.28753662109375 37.234188079833984 -40.595485687255859
  endloop
 endfacet
 facet normal 0.96772525719901348 0.21466933650887207 -0.1320034186752147
  outer loop
   vertex -32.766460418701172 39.302745819091797 -40.078346252441406
   vertex -32.709102630615234 39.044178009033203 -40.078346252441406
   vertex -32.801731109619141 39.302745819091797 -40.336917877197266
  endloop
 endfacet
 facet normal 0.9414153003079514 0.33724951052016283 0
  outer loop
   vertex -32.801731109619141 39.302745819091797 -40.336917877197266
   vertex -32.709102630615234 39.044178009033203 -40.078346252441406
   vertex -32.709102630615234 39.044178009033203 -40.336917877197266
  endloop
 endfacet
 facet normal 0.92655891825911219 0.3319274092409159 0.17695413526989773
  outer loop
   vertex -32.801731109619141 39.302745819091797 -40.336917877197266
   vertex -32.709102630615234 39.044178009033203 -40.336917877197266
   vertex -32.659721374511719 39.044178009033203 -40.595485687255859
  endloop
 endfacet
 facet normal 0.92656042429854057 0.33192305183920989 0.17695442289316643
  outer loop
   vertex -32.659721374511719 39.044178009033203 -40.595485687255859
   vertex -32.709102630615234 39.044178009033203 -40.336917877197266
   vertex -32.616474151611328 38.785606384277344 -40.336917877197266
  endloop
 endfacet
 facet normal 0.65999174322099385 0.58354525341945696 0.47316575963581259
  outer loop
   vertex -32.659721374511719 39.044178009033203 -40.595485687255859
   vertex -32.616474151611328 38.785606384277344 -40.336917877197266
   vertex -32.579818725585938 38.953807830810547 -40.595485687255859
  endloop
 endfacet
 facet normal 0.73054443488848431 0.52042747031987724 0.44210867079250826
  outer loop
   vertex -32.579818725585938 38.953807830810547 -40.595485687255859
   vertex -32.616474151611328 38.785606384277344 -40.336917877197266
   vertex -32.579818725585938 38.785606384277344 -40.397487640380859
  endloop
 endfacet
 facet normal 0.64355158789545808 0.58333128418156566 0.4955461296512364
  outer loop
   vertex -32.579818725585938 38.953807830810547 -40.595485687255859
   vertex -32.579818725585938 38.785606384277344 -40.397487640380859
   vertex -32.427356719970703 38.785606384277344 -40.595485687255859
  endloop
 endfacet
 facet normal 0.62715128453966207 0.61112343493161281 0.48291760537139095
  outer loop
   vertex -32.427356719970703 38.785606384277344 -40.595485687255859
   vertex -32.579818725585938 38.785606384277344 -40.397487640380859
   vertex -32.579818725585938 38.737743377685547 -40.336917877197266
  endloop
 endfacet
 facet normal 0.63192951302724432 0.60485707079473616 0.48457508651886083
  outer loop
   vertex -32.427356719970703 38.785606384277344 -40.595485687255859
   vertex -32.579818725585938 38.737743377685547 -40.336917877197266
   vertex -32.321247100830078 38.674747467041016 -40.595485687255859
  endloop
 endfacet
 facet normal 0.63179096476391172 0.60517467149492732 0.48435915788151718
  outer loop
   vertex -32.321247100830078 38.674747467041016 -40.595485687255859
   vertex -32.579818725585938 38.737743377685547 -40.336917877197266
   vertex -32.377986907958984 38.527034759521484 -40.336917877197266
  endloop
 endfacet
 facet normal 0.63777929225053298 0.60012661684111457 0.48278941385996377
  outer loop
   vertex -32.321247100830078 38.674747467041016 -40.595485687255859
   vertex -32.377986907958984 38.527034759521484 -40.336917877197266
   vertex -32.321247100830078 38.527034759521484 -40.411872863769531
  endloop
 endfacet
 facet normal 0.70912197047321301 0.62349578232498537 -0.32924009539413918
  outer loop
   vertex -32.801731109619141 39.302745819091797 -40.336917877197266
   vertex -32.838386535644531 39.207897186279297 -40.595485687255859
   vertex -32.838386535644531 39.302745819091797 -40.415866851806641
  endloop
 endfacet
 facet normal 0.49832378870884902 0.76666585784586561 -0.40484177652549808
  outer loop
   vertex -32.838386535644531 39.302745819091797 -40.415866851806641
   vertex -32.838386535644531 39.207897186279297 -40.595485687255859
   vertex -32.984310150146484 39.302745819091797 -40.595485687255859
  endloop
 endfacet
 facet normal 0.63439229001897623 0.69230619542683192 -0.34388741491671965
  outer loop
   vertex -32.801731109619141 39.302745819091797 -40.336917877197266
   vertex -32.659721374511719 39.044178009033203 -40.595485687255859
   vertex -32.838386535644531 39.207897186279297 -40.595485687255859
  endloop
 endfacet
 facet normal 0.61500250247770027 0.67114630705171652 0.41392578619483167
  outer loop
   vertex -32.838386535644531 39.207897186279297 -40.595485687255859
   vertex -32.659721374511719 39.044178009033203 -40.595485687255859
   vertex -32.579818725585938 39.13043212890625 -40.854057312011719
  endloop
 endfacet
 facet normal 0.11780560317593006 0.97748799050935131 -0.17504019044306843
  outer loop
   vertex -32.838386535644531 39.207897186279297 -40.595485687255859
   vertex -32.579818725585938 39.13043212890625 -40.854057312011719
   vertex -32.838386535644531 39.161594390869141 -40.854057312011719
  endloop
 endfacet
 facet normal 0.11061426253292583 0.91781808581304669 -0.38128001033200215
  outer loop
   vertex -32.838386535644531 39.161594390869141 -40.854057312011719
   vertex -32.579818725585938 39.13043212890625 -40.854057312011719
   vertex -32.838386535644531 39.054180145263672 -41.112625122070312
  endloop
 endfacet
 facet normal 0.042346681802135466 0.92265674464614222 -0.38329008609580822
  outer loop
   vertex -32.838386535644531 39.161594390869141 -40.854057312011719
   vertex -32.838386535644531 39.054180145263672 -41.112625122070312
   vertex -33.096958160400391 39.1734619140625 -40.854057312011719
  endloop
 endfacet
 facet normal -0.28622497456229484 0.72855281473255373 -0.62232311549715646
  outer loop
   vertex -33.096958160400391 39.1734619140625 -40.854057312011719
   vertex -32.838386535644531 39.054180145263672 -41.112625122070312
   vertex -32.863845825195312 39.044178009033203 -41.112625122070312
  endloop
 endfacet
 facet normal -0.25549743054394664 0.75274066308042387 -0.60671455984728517
  outer loop
   vertex -33.096958160400391 39.1734619140625 -40.854057312011719
   vertex -32.863845825195312 39.044178009033203 -41.112625122070312
   vertex -33.096958160400391 39.044178009033203 -41.014457702636719
  endloop
 endfacet
 facet normal -0.28014358103745818 0.69208012991664103 -0.665240308293232
  outer loop
   vertex -33.096958160400391 39.044178009033203 -41.014457702636719
   vertex -32.863845825195312 39.044178009033203 -41.112625122070312
   vertex -33.096958160400391 38.949817657470703 -41.112625122070312
  endloop
 endfacet
 facet normal -0.096925809930523743 0.71755375431637081 -0.68972603041772551
  outer loop
   vertex -33.096958160400391 39.044178009033203 -41.014457702636719
   vertex -33.096958160400391 38.949817657470703 -41.112625122070312
   vertex -33.35552978515625 38.914890289306641 -41.112625122070312
  endloop
 endfacet
 facet normal -0.088443293393190195 0.65475663565646691 -0.75064740851986611
  outer loop
   vertex -33.35552978515625 38.914890289306641 -41.112625122070312
   vertex -33.096958160400391 38.949817657470703 -41.112625122070312
   vertex -33.096958160400391 38.785606384277344 -41.255859375
  endloop
 endfacet
 facet normal -0.038110827099305765 0.70660350548439632 -0.70658265680312982
  outer loop
   vertex -33.35552978515625 38.914890289306641 -41.112625122070312
   vertex -33.096958160400391 38.785606384277344 -41.255859375
   vertex -33.35552978515625 38.785606384277344 -41.241912841796875
  endloop
 endfacet
 facet normal -0.040306035023453576 0.66328322411856588 -0.74728226805108144
  outer loop
   vertex -33.35552978515625 38.785606384277344 -41.241912841796875
   vertex -33.096958160400391 38.785606384277344 -41.255859375
   vertex -33.35552978515625 38.639949798583984 -41.371196746826172
  endloop
 endfacet
 facet normal -0.082860838992670854 0.66153985731463083 -0.74531811902406386
  outer loop
   vertex -33.35552978515625 38.785606384277344 -41.241912841796875
   vertex -33.35552978515625 38.639949798583984 -41.371196746826172
   vertex -33.614097595214844 38.607563018798828 -41.371196746826172
  endloop
 endfacet
 facet normal -0.077010985771054682 0.61483611749512712 -0.78488588768947087
  outer loop
   vertex -33.614097595214844 38.607563018798828 -41.371196746826172
   vertex -33.35552978515625 38.639949798583984 -41.371196746826172
   vertex -33.35552978515625 38.527034759521484 -41.459648132324219
  endloop
 endfacet
 facet normal -0.060280940386914152 0.64406609897233391 -0.76259102301340331
  outer loop
   vertex -33.614097595214844 38.607563018798828 -41.371196746826172
   vertex -33.35552978515625 38.527034759521484 -41.459648132324219
   vertex -33.614097595214844 38.527034759521484 -41.439208984375
  endloop
 endfacet
 facet normal -0.072476845070510582 0.39253556683485374 -0.91687672873634718
  outer loop
   vertex -33.614097595214844 38.527034759521484 -41.439208984375
   vertex -33.35552978515625 38.527034759521484 -41.459648132324219
   vertex -33.614097595214844 38.268466949462891 -41.549907684326172
  endloop
 endfacet
 facet normal -0.36622276727548048 0.36622817022563353 -0.8554284377212823
  outer loop
   vertex -33.614097595214844 38.527034759521484 -41.439208984375
   vertex -33.614097595214844 38.268466949462891 -41.549907684326172
   vertex -33.872669219970703 38.268466949462891 -41.439208984375
  endloop
 endfacet
 facet normal -0.39253069848636618 0.072475946190080631 -0.91687888402430673
  outer loop
   vertex -33.872669219970703 38.268466949462891 -41.439208984375
   vertex -33.614097595214844 38.268466949462891 -41.549907684326172
   vertex -33.872669219970703 38.009895324707031 -41.459648132324219
  endloop
 endfacet
 facet normal -0.61548990550142069 0.062106253867304853 -0.78569395406635401
  outer loop
   vertex -33.872669219970703 38.268466949462891 -41.439208984375
   vertex -33.872669219970703 38.009895324707031 -41.459648132324219
   vertex -33.985580444335938 38.009895324707031 -41.371196746826172
  endloop
 endfacet
 facet normal -0.6076561983798684 -0.17044889940982028 -0.77569395850458123
  outer loop
   vertex -33.985580444335938 38.009895324707031 -41.371196746826172
   vertex -33.872669219970703 38.009895324707031 -41.459648132324219
   vertex -33.913051605224609 37.751327514648438 -41.371196746826172
  endloop
 endfacet
 facet normal -0.65260554740600774 -0.18305729062037748 -0.73525235657264743
  outer loop
   vertex -33.985580444335938 38.009895324707031 -41.371196746826172
   vertex -33.913051605224609 37.751327514648438 -41.371196746826172
   vertex -34.131237030029297 38.009895324707031 -41.241912841796875
  endloop
 endfacet
 facet normal -0.56098846135164837 -0.060572593462327337 -0.82560457069444426
  outer loop
   vertex -34.131237030029297 38.009895324707031 -41.241912841796875
   vertex -33.913051605224609 37.751327514648438 -41.371196746826172
   vertex -34.131237030029297 37.751327514648438 -41.222942352294922
  endloop
 endfacet
 facet normal -0.7061693863373053 -0.051808133770032246 -0.70614496746437272
  outer loop
   vertex -34.131237030029297 38.009895324707031 -41.241912841796875
   vertex -34.131237030029297 37.751327514648438 -41.222942352294922
   vertex -34.241550445556641 37.751327514648438 -41.112625122070312
  endloop
 endfacet
 facet normal -0.69054448809264513 -0.21524311323519771 -0.69052060951841732
  outer loop
   vertex -34.241550445556641 37.751327514648438 -41.112625122070312
   vertex -34.131237030029297 37.751327514648438 -41.222942352294922
   vertex -34.160953521728516 37.492755889892578 -41.112625122070312
  endloop
 endfacet
 facet normal -0.82443356226996012 -0.25697641449389547 -0.50425432451960706
  outer loop
   vertex -34.241550445556641 37.751327514648438 -41.112625122070312
   vertex -34.160953521728516 37.492755889892578 -41.112625122070312
   vertex -34.319103240966797 37.492755889892578 -40.854057312011719
  endloop
 endfacet
 facet normal -0.79003182405014871 -0.37729958066046093 -0.48321293796983067
  outer loop
   vertex -34.319103240966797 37.492755889892578 -40.854057312011719
   vertex -34.160953521728516 37.492755889892578 -41.112625122070312
   vertex -34.19561767578125 37.234188079833984 -40.854057312011719
  endloop
 endfacet
 facet normal -0.85924818293852701 -0.4103555948467596 -0.30545187165051335
  outer loop
   vertex -34.319103240966797 37.492755889892578 -40.854057312011719
   vertex -34.19561767578125 37.234188079833984 -40.854057312011719
   vertex -34.28753662109375 37.234188079833984 -40.595485687255859
  endloop
 endfacet
 facet normal -0.8427009002550977 -0.44734024450052262 -0.29956952174655643
  outer loop
   vertex -34.28753662109375 37.234188079833984 -40.595485687255859
   vertex -34.19561767578125 37.234188079833984 -40.854057312011719
   vertex -34.150276184082031 36.975616455078125 -40.595485687255859
  endloop
 endfacet
 facet normal -0.51089644633131148 0.82665768474315848 -0.23584294219059926
  outer loop
   vertex -33.872669219970703 39.188648223876953 -40.336917877197266
   vertex -33.872669219970703 39.114879608154297 -40.595485687255859
   vertex -33.987068176269531 39.044178009033203 -40.595485687255859
  endloop
 endfacet
 facet normal -0.47667504631407959 0.77128563526022087 -0.42178118623607141
  outer loop
   vertex -33.987068176269531 39.044178009033203 -40.595485687255859
   vertex -33.872669219970703 39.114879608154297 -40.595485687255859
   vertex -33.872669219970703 39.044178009033203 -40.724773406982422
  endloop
 endfacet
 facet normal -0.51131974042899675 0.73065286411195829 -0.4524362001571221
  outer loop
   vertex -33.987068176269531 39.044178009033203 -40.595485687255859
   vertex -33.872669219970703 39.044178009033203 -40.724773406982422
   vertex -34.131237030029297 38.943286895751953 -40.595485687255859
  endloop
 endfacet
 facet normal -0.50317972684074075 0.75820006635466963 -0.4146598869872179
  outer loop
   vertex -34.131237030029297 38.943286895751953 -40.595485687255859
   vertex -33.872669219970703 39.044178009033203 -40.724773406982422
   vertex -33.872669219970703 38.973472595214844 -40.854057312011719
  endloop
 endfacet
 facet normal -0.48069389752111374 0.78591330410960814 -0.38893914088129478
  outer loop
   vertex -34.131237030029297 38.943286895751953 -40.595485687255859
   vertex -33.872669219970703 38.973472595214844 -40.854057312011719
   vertex -34.131237030029297 38.815322875976562 -40.854057312011719
  endloop
 endfacet
 facet normal -0.46259225933106435 0.75631792469434611 -0.46259225933106435
  outer loop
   vertex -34.131237030029297 38.815322875976562 -40.854057312011719
   vertex -33.872669219970703 38.973472595214844 -40.854057312011719
   vertex -33.872669219970703 38.815322875976562 -41.112625122070312
  endloop
 endfacet
 facet normal -0.48849093315034414 0.72301674701199847 -0.48849093315034414
  outer loop
   vertex -34.131237030029297 38.815322875976562 -40.854057312011719
   vertex -33.872669219970703 38.815322875976562 -41.112625122070312
   vertex -33.916652679443359 38.785606384277344 -41.112625122070312
  endloop
 endfacet
 facet normal -0.43107420982622036 0.63803410003803862 -0.63803410003803862
  outer loop
   vertex -33.916652679443359 38.785606384277344 -41.112625122070312
   vertex -33.872669219970703 38.815322875976562 -41.112625122070312
   vertex -33.872669219970703 38.785606384277344 -41.142341613769531
  endloop
 endfacet
 facet normal -0.48849093315034403 0.48849093315034403 -0.72301674701199836
  outer loop
   vertex -33.916652679443359 38.785606384277344 -41.112625122070312
   vertex -33.872669219970703 38.785606384277344 -41.142341613769531
   vertex -34.131237030029297 38.571022033691406 -41.112625122070312
  endloop
 endfacet
 facet normal -0.48847427319956782 0.48846706675734486 -0.7230441266725216
  outer loop
   vertex -34.131237030029297 38.571022033691406 -41.112625122070312
   vertex -33.872669219970703 38.785606384277344 -41.142341613769531
   vertex -34.131237030029297 38.527034759521484 -41.142341613769531
  endloop
 endfacet
 facet normal -0.63804438192123003 0.43104377202032623 -0.63804438192123003
  outer loop
   vertex -34.131237030029297 38.571022033691406 -41.112625122070312
   vertex -34.131237030029297 38.527034759521484 -41.142341613769531
   vertex -34.160953521728516 38.527034759521484 -41.112625122070312
  endloop
 endfacet
 facet normal 0.35445505422123408 0.81776579357414081 0.45345421091558719
  outer loop
   vertex -32.380821228027344 39.044178009033203 -40.854057312011719
   vertex -32.579818725585938 39.13043212890625 -40.854057312011719
   vertex -32.579818725585938 39.044178009033203 -40.698505401611328
  endloop
 endfacet
 facet normal 0.53014553717233792 0.74153464588490248 0.4111837525591272
  outer loop
   vertex -32.579818725585938 39.044178009033203 -40.698505401611328
   vertex -32.579818725585938 39.13043212890625 -40.854057312011719
   vertex -32.659721374511719 39.044178009033203 -40.595485687255859
  endloop
 endfacet
 facet normal 0.64775191005136279 0.57272315356419778 0.50239989291031051
  outer loop
   vertex -32.579818725585938 39.044178009033203 -40.698505401611328
   vertex -32.659721374511719 39.044178009033203 -40.595485687255859
   vertex -32.579818725585938 38.953807830810547 -40.595485687255859
  endloop
 endfacet
 facet normal 0.45554870074004256 0.70085683918150121 -0.54888529969983202
  outer loop
   vertex -32.984310150146484 39.302745819091797 -40.595485687255859
   vertex -32.838386535644531 39.207897186279297 -40.595485687255859
   vertex -33.096958160400391 39.1734619140625 -40.854057312011719
  endloop
 endfacet
 facet normal 0.045131795616880993 0.98333928071328969 -0.17608798945602747
  outer loop
   vertex -33.096958160400391 39.1734619140625 -40.854057312011719
   vertex -32.838386535644531 39.207897186279297 -40.595485687255859
   vertex -32.838386535644531 39.161594390869141 -40.854057312011719
  endloop
 endfacet
 facet normal -0.030258823457890514 0.79412989539977574 -0.60699432685593158
  outer loop
   vertex -33.096958160400391 39.302745819091797 -40.679553985595703
   vertex -33.35552978515625 39.159511566162109 -40.854057312011719
   vertex -33.35552978515625 39.302745819091797 -40.666664123535156
  endloop
 endfacet
 facet normal -0.38517080020122157 0.80968474996022188 -0.44277992316070913
  outer loop
   vertex -33.872669219970703 39.114879608154297 -40.595485687255859
   vertex -33.724048614501953 39.044178009033203 -40.854057312011719
   vertex -33.872669219970703 39.044178009033203 -40.724773406982422
  endloop
 endfacet
 facet normal -0.38519187482013012 0.80966147520864684 -0.44280414986256733
  outer loop
   vertex -33.872669219970703 39.044178009033203 -40.724773406982422
   vertex -33.724048614501953 39.044178009033203 -40.854057312011719
   vertex -33.872669219970703 38.973472595214844 -40.854057312011719
  endloop
 endfacet
 facet normal 0.39470257511154933 0.91062113720176385 -0.12238881354796359
  outer loop
   vertex -32.380821228027344 39.044178009033203 -40.854057312011719
   vertex -32.579818725585938 39.095680236816406 -41.112625122070312
   vertex -32.579818725585938 39.13043212890625 -40.854057312011719
  endloop
 endfacet
 facet normal -0.15709449579580478 0.9787828949380678 -0.13154985354350415
  outer loop
   vertex -32.579818725585938 39.13043212890625 -40.854057312011719
   vertex -32.579818725585938 39.095680236816406 -41.112625122070312
   vertex -32.838386535644531 39.054180145263672 -41.112625122070312
  endloop
 endfacet
 facet normal 0.32830464516002233 0.94233476107260095 -0.06497120932071257
  outer loop
   vertex -32.380821228027344 39.044178009033203 -40.854057312011719
   vertex -32.431991577148438 39.044178009033203 -41.112625122070312
   vertex -32.579818725585938 39.095680236816406 -41.112625122070312
  endloop
 endfacet
 facet normal 0.23920918054241797 0.68660352302642624 -0.68655267103982975
  outer loop
   vertex -32.579818725585938 39.095680236816406 -41.112625122070312
   vertex -32.431991577148438 39.044178009033203 -41.112625122070312
   vertex -32.579818725585938 39.044178009033203 -41.164131164550781
  endloop
 endfacet
 facet normal -0.11277074739586281 0.70262218953822708 -0.70257015115950261
  outer loop
   vertex -32.579818725585938 39.095680236816406 -41.112625122070312
   vertex -32.579818725585938 39.044178009033203 -41.164131164550781
   vertex -32.838386535644531 39.054180145263672 -41.112625122070312
  endloop
 endfacet
 facet normal -0.11274539596697244 0.70273214815868301 -0.70246423655054013
  outer loop
   vertex -32.838386535644531 39.054180145263672 -41.112625122070312
   vertex -32.579818725585938 39.044178009033203 -41.164131164550781
   vertex -32.838386535644531 39.044178009033203 -41.122631072998047
  endloop
 endfacet
 facet normal -0.26771068030130601 0.68142680409264533 -0.68116701499463062
  outer loop
   vertex -32.838386535644531 39.054180145263672 -41.112625122070312
   vertex -32.838386535644531 39.044178009033203 -41.122631072998047
   vertex -32.863845825195312 39.044178009033203 -41.112625122070312
  endloop
 endfacet
 facet normal -0.27139106059376294 0.67045748390298598 -0.69053142905176279
  outer loop
   vertex -32.863845825195312 39.044178009033203 -41.112625122070312
   vertex -32.838386535644531 39.044178009033203 -41.122631072998047
   vertex -33.096958160400391 38.949817657470703 -41.112625122070312
  endloop
 endfacet
 facet normal 0.47490667286725186 0.64900665843193817 0.59435175559357689
  outer loop
   vertex -32.982555389404297 38.785606384277344 -39.302635192871094
   vertex -33.096958160400391 38.869319915771484 -39.302635192871094
   vertex -33.096958160400391 38.785606384277344 -39.211223602294922
  endloop
 endfacet
 facet normal 0.086242419435091006 0.73472955215102009 0.67285565338038378
  outer loop
   vertex -33.096958160400391 38.785606384277344 -39.211223602294922
   vertex -33.096958160400391 38.869319915771484 -39.302635192871094
   vertex -33.35552978515625 38.785606384277344 -39.178081512451172
  endloop
 endfacet
 facet normal 0.083445920242453883 0.75444469668127767 0.65103761645882263
  outer loop
   vertex -33.096958160400391 38.785606384277344 -39.211223602294922
   vertex -33.35552978515625 38.785606384277344 -39.178081512451172
   vertex -33.096958160400391 38.641361236572266 -39.0440673828125
  endloop
 endfacet
 facet normal 0.013786078167475058 0.69373551330806371 0.72009789725005979
  outer loop
   vertex -33.096958160400391 38.641361236572266 -39.0440673828125
   vertex -33.35552978515625 38.785606384277344 -39.178081512451172
   vertex -33.35552978515625 38.646499633789062 -39.0440673828125
  endloop
 endfacet
 facet normal 0.015742192773274044 0.79217004658562329 0.61009736981831064
  outer loop
   vertex -33.096958160400391 38.641361236572266 -39.0440673828125
   vertex -33.35552978515625 38.646499633789062 -39.0440673828125
   vertex -33.35552978515625 38.527034759521484 -38.888950347900391
  endloop
 endfacet
 facet normal -0.39270643195320226 0.72862046903090394 0.56115405229916182
  outer loop
   vertex -33.35552978515625 38.527034759521484 -38.888950347900391
   vertex -33.35552978515625 38.646499633789062 -39.0440673828125
   vertex -33.577182769775391 38.527034759521484 -39.0440673828125
  endloop
 endfacet
 facet normal -0.44962900765934133 0.62051307841227243 0.64249301551892457
  outer loop
   vertex -33.35552978515625 38.527034759521484 -38.888950347900391
   vertex -33.577182769775391 38.527034759521484 -39.0440673828125
   vertex -33.614097595214844 38.268466949462891 -38.820178985595703
  endloop
 endfacet
 facet normal -0.4139377658007356 0.6289332327922309 0.65810220690513488
  outer loop
   vertex -33.614097595214844 38.268466949462891 -38.820178985595703
   vertex -33.577182769775391 38.527034759521484 -39.0440673828125
   vertex -33.614097595214844 38.502738952636719 -39.0440673828125
  endloop
 endfacet
 facet normal -0.21997912379089801 0.67397973828394253 0.70523790133464692
  outer loop
   vertex -33.614097595214844 38.268466949462891 -38.820178985595703
   vertex -33.614097595214844 38.502738952636719 -39.0440673828125
   vertex -33.872669219970703 38.268466949462891 -38.900833129882812
  endloop
 endfacet
 facet normal -0.14890979671982096 0.6327452827895953 0.75990741511606308
  outer loop
   vertex -33.872669219970703 38.785606384277344 -39.255390167236328
   vertex -33.614097595214844 38.9031982421875 -39.302635192871094
   vertex -33.872669219970703 38.84234619140625 -39.302635192871094
  endloop
 endfacet
 facet normal -0.17164592548205224 0.72935530133838677 0.66225261092350618
  outer loop
   vertex -33.872669219970703 38.84234619140625 -39.302635192871094
   vertex -33.614097595214844 38.9031982421875 -39.302635192871094
   vertex -33.872669219970703 39.044178009033203 -39.524917602539062
  endloop
 endfacet
 facet normal -0.39051834759826132 0.68155612379341568 0.61885108896148677
  outer loop
   vertex -33.872669219970703 38.84234619140625 -39.302635192871094
   vertex -33.872669219970703 39.044178009033203 -39.524917602539062
   vertex -33.971694946289062 38.785606384277344 -39.302635192871094
  endloop
 endfacet
 facet normal -0.46588211562400539 0.67263752105787145 0.57490226961356006
  outer loop
   vertex -33.971694946289062 38.785606384277344 -39.302635192871094
   vertex -33.872669219970703 39.044178009033203 -39.524917602539062
   vertex -34.131237030029297 38.785606384277344 -39.431922912597656
  endloop
 endfacet
 facet normal -0.38026857908669343 0.79699187086658885 0.46925447843570106
  outer loop
   vertex -33.971694946289062 38.785606384277344 -39.302635192871094
   vertex -34.131237030029297 38.785606384277344 -39.431922912597656
   vertex -34.131237030029297 38.709484100341797 -39.302635192871094
  endloop
 endfacet
 facet normal -0.59884660025715075 0.69012692326899816 0.40633431942148174
  outer loop
   vertex -34.131237030029297 38.709484100341797 -39.302635192871094
   vertex -34.131237030029297 38.785606384277344 -39.431922912597656
   vertex -34.218959808349609 38.785606384277344 -39.561206817626953
  endloop
 endfacet
 facet normal -0.6377870752110899 0.65290445114237905 0.40858710744730092
  outer loop
   vertex -34.131237030029297 38.709484100341797 -39.302635192871094
   vertex -34.218959808349609 38.785606384277344 -39.561206817626953
   vertex -34.389808654785156 38.61871337890625 -39.561206817626953
  endloop
 endfacet
 facet normal -0.6944096936686508 0.71086918743629401 0.11162515707793427
  outer loop
   vertex -34.389808654785156 38.61871337890625 -39.561206817626953
   vertex -34.218959808349609 38.785606384277344 -39.561206817626953
   vertex -34.260524749755859 38.785606384277344 -39.819778442382812
  endloop
 endfacet
 facet normal -0.76052039481104294 0.64819426366917454 0.038117261481275977
  outer loop
   vertex -34.389808654785156 38.61871337890625 -39.561206817626953
   vertex -34.260524749755859 38.785606384277344 -39.819778442382812
   vertex -34.389808654785156 38.633918762207031 -39.819778442382812
  endloop
 endfacet
 facet normal -0.34423127169847589 0.60077313311958691 0.7215098572483436
  outer loop
   vertex -33.872669219970703 38.84234619140625 -39.302635192871094
   vertex -33.971694946289062 38.785606384277344 -39.302635192871094
   vertex -33.872669219970703 38.785606384277344 -39.255390167236328
  endloop
 endfacet
 facet normal -0.29550671438756942 0.72735166644257265 0.61938302775832987
  outer loop
   vertex -33.872669219970703 38.785606384277344 -39.255390167236328
   vertex -33.971694946289062 38.785606384277344 -39.302635192871094
   vertex -34.131237030029297 38.527034759521484 -39.075107574462891
  endloop
 endfacet
 facet normal 0.59817975401100998 0.56664847211094094 0.56664847211094094
  outer loop
   vertex -32.838386535644531 38.891986846923828 -39.561206817626953
   vertex -32.982555389404297 38.785606384277344 -39.302635192871094
   vertex -32.838386535644531 38.785606384277344 -39.454826354980469
  endloop
 endfacet
 facet normal 0.54763849989194091 0.65648180373699117 0.51877135117345408
  outer loop
   vertex -32.838386535644531 38.785606384277344 -39.454826354980469
   vertex -32.982555389404297 38.785606384277344 -39.302635192871094
   vertex -32.838386535644531 38.665340423583984 -39.302635192871094
  endloop
 endfacet
 facet normal 0.49257256092376478 0.67314883126469383 0.55158219985055779
  outer loop
   vertex -32.982555389404297 38.785606384277344 -39.302635192871094
   vertex -32.838386535644531 38.891986846923828 -39.561206817626953
   vertex -33.096958160400391 38.869319915771484 -39.302635192871094
  endloop
 endfacet
 facet normal 0.589649881545949 0.50091271769990242 0.63356094137765939
  outer loop
   vertex -33.096958160400391 38.869319915771484 -39.302635192871094
   vertex -32.838386535644531 38.891986846923828 -39.561206817626953
   vertex -32.967674255371094 39.044178009033203 -39.561206817626953
  endloop
 endfacet
 facet normal 0.48409610597916214 0.59323234133841451 0.64321563209079013
  outer loop
   vertex -33.096958160400391 38.869319915771484 -39.302635192871094
   vertex -32.967674255371094 39.044178009033203 -39.561206817626953
   vertex -33.096958160400391 39.044178009033203 -39.463905334472656
  endloop
 endfacet
 facet normal -0.56197950678896058 0.70190521254980265 0.43761639199720664
  outer loop
   vertex -33.908958435058594 39.044178009033203 -39.561206817626953
   vertex -34.131237030029297 38.8662109375 -39.561206817626953
   vertex -34.131237030029297 38.785606384277344 -39.431922912597656
  endloop
 endfacet
 facet normal -0.6148963612371765 0.66919814117416521 0.41722453521613739
  outer loop
   vertex -34.131237030029297 38.785606384277344 -39.431922912597656
   vertex -34.131237030029297 38.8662109375 -39.561206817626953
   vertex -34.218959808349609 38.785606384277344 -39.561206817626953
  endloop
 endfacet
 facet normal -0.50973976403661925 0.6930589772304977 0.50973976403661925
  outer loop
   vertex -33.872669219970703 39.044178009033203 -39.524917602539062
   vertex -33.908958435058594 39.044178009033203 -39.561206817626953
   vertex -34.131237030029297 38.785606384277344 -39.431922912597656
  endloop
 endfacet
 facet normal -0.67263327997832023 0.73203383371421926 0.10812463624572204
  outer loop
   vertex -34.260524749755859 38.785606384277344 -39.819778442382812
   vertex -34.218959808349609 38.785606384277344 -39.561206817626953
   vertex -34.131237030029297 38.8662109375 -39.561206817626953
  endloop
 endfacet
 facet normal 0.98055451674640615 0.19624688453125042 0
  outer loop
   vertex -32.709102630615234 39.044178009033203 -40.078346252441406
   vertex -32.657352447509766 38.785606384277344 -40.078346252441406
   vertex -32.709102630615234 39.044178009033203 -40.336917877197266
  endloop
 endfacet
 facet normal 0.93116042996096171 0.33357091837646713 0.14720970106754888
  outer loop
   vertex -32.709102630615234 39.044178009033203 -40.336917877197266
   vertex -32.657352447509766 38.785606384277344 -40.078346252441406
   vertex -32.616474151611328 38.785606384277344 -40.336917877197266
  endloop
 endfacet
 facet normal 0.70640203780348343 0.42081393222613656 0.56913249374065988
  outer loop
   vertex -32.196315765380859 38.785606384277344 -40.854057312011719
   vertex -32.321247100830078 38.995323181152344 -40.854057312011719
   vertex -32.321247100830078 38.785606384277344 -40.698993682861328
  endloop
 endfacet
 facet normal 0.61716237934326978 0.46779656657271801 0.63267445801623035
  outer loop
   vertex -32.321247100830078 38.785606384277344 -40.698993682861328
   vertex -32.321247100830078 38.995323181152344 -40.854057312011719
   vertex -32.427356719970703 38.785606384277344 -40.595485687255859
  endloop
 endfacet
 facet normal 0.58054682481639075 0.55567566426113091 0.59513858919041518
  outer loop
   vertex -32.321247100830078 38.785606384277344 -40.698993682861328
   vertex -32.427356719970703 38.785606384277344 -40.595485687255859
   vertex -32.321247100830078 38.674747467041016 -40.595485687255859
  endloop
 endfacet
 facet normal 0.56488603034839069 0.51202685176636042 0.64709526021094177
  outer loop
   vertex -32.427356719970703 38.785606384277344 -40.595485687255859
   vertex -32.321247100830078 38.995323181152344 -40.854057312011719
   vertex -32.579818725585938 38.953807830810547 -40.595485687255859
  endloop
 endfacet
 facet normal 0.50527841718575028 0.61614219108220991 0.60420403962128266
  outer loop
   vertex -32.579818725585938 38.953807830810547 -40.595485687255859
   vertex -32.321247100830078 38.995323181152344 -40.854057312011719
   vertex -32.380821228027344 39.044178009033203 -40.854057312011719
  endloop
 endfacet
 facet normal 0.45818332887509833 0.66820043136727247 0.58615375172519757
  outer loop
   vertex -32.579818725585938 38.953807830810547 -40.595485687255859
   vertex -32.380821228027344 39.044178009033203 -40.854057312011719
   vertex -32.579818725585938 39.044178009033203 -40.698505401611328
  endloop
 endfacet
 facet normal -0.66742139372395659 0.66742139372395659 -0.3302989046290386
  outer loop
   vertex -34.131237030029297 38.943286895751953 -40.595485687255859
   vertex -34.131237030029297 38.815322875976562 -40.854057312011719
   vertex -34.160953521728516 38.785606384277344 -40.854057312011719
  endloop
 endfacet
 facet normal -0.63803410003803862 0.63803410003803862 -0.43107420982622036
  outer loop
   vertex -34.160953521728516 38.785606384277344 -40.854057312011719
   vertex -34.131237030029297 38.815322875976562 -40.854057312011719
   vertex -34.131237030029297 38.785606384277344 -40.898040771484375
  endloop
 endfacet
 facet normal -0.72301929231608464 0.48848544611769845 -0.4884926528310754
  outer loop
   vertex -34.160953521728516 38.785606384277344 -40.854057312011719
   vertex -34.131237030029297 38.785606384277344 -40.898040771484375
   vertex -34.160953521728516 38.527034759521484 -41.112625122070312
  endloop
 endfacet
 facet normal -0.72304667189937566 0.48846878623676487 -0.48846878623676487
  outer loop
   vertex -34.160953521728516 38.527034759521484 -41.112625122070312
   vertex -34.131237030029297 38.785606384277344 -40.898040771484375
   vertex -34.131237030029297 38.571022033691406 -41.112625122070312
  endloop
 endfacet
 facet normal 0.85872021832808765 0.51155208000299901 -0.030233360368416597
  outer loop
   vertex -32.196315765380859 38.785606384277344 -40.854057312011719
   vertex -32.321247100830078 38.98004150390625 -41.112625122070312
   vertex -32.321247100830078 38.995323181152344 -40.854057312011719
  endloop
 endfacet
 facet normal 0.63344985075051286 0.77243588031316934 -0.045651915501675314
  outer loop
   vertex -32.321247100830078 38.995323181152344 -40.854057312011719
   vertex -32.321247100830078 38.98004150390625 -41.112625122070312
   vertex -32.380821228027344 39.044178009033203 -40.854057312011719
  endloop
 endfacet
 facet normal 0.83263897958586408 0.55363876117607458 0.014016126341911879
  outer loop
   vertex -32.196315765380859 38.785606384277344 -40.854057312011719
   vertex -32.191963195800781 38.785606384277344 -41.112625122070312
   vertex -32.321247100830078 38.98004150390625 -41.112625122070312
  endloop
 endfacet
 facet normal 0.63991428743104684 0.42549215450903688 -0.63989540644770471
  outer loop
   vertex -32.321247100830078 38.98004150390625 -41.112625122070312
   vertex -32.191963195800781 38.785606384277344 -41.112625122070312
   vertex -32.321247100830078 38.785606384277344 -41.241912841796875
  endloop
 endfacet
 facet normal 0.30535627128936493 0.52725854468575228 -0.79294134375760628
  outer loop
   vertex -32.321247100830078 38.98004150390625 -41.112625122070312
   vertex -32.321247100830078 38.785606384277344 -41.241912841796875
   vertex -32.431991577148438 39.044178009033203 -41.112625122070312
  endloop
 endfacet
 facet normal 0.2805013212067029 0.52267523944186667 -0.80506496810858763
  outer loop
   vertex -32.431991577148438 39.044178009033203 -41.112625122070312
   vertex -32.321247100830078 38.785606384277344 -41.241912841796875
   vertex -32.579818725585938 39.044178009033203 -41.164131164550781
  endloop
 endfacet
 facet normal 0.4987140093753632 0.8611292693853666 -0.098695077185109933
  outer loop
   vertex -32.380821228027344 39.044178009033203 -40.854057312011719
   vertex -32.321247100830078 38.98004150390625 -41.112625122070312
   vertex -32.431991577148438 39.044178009033203 -41.112625122070312
  endloop
 endfacet
 facet normal -0.48849093315034403 0.72301674701199836 -0.48849093315034403
  outer loop
   vertex -34.131237030029297 38.815322875976562 -40.854057312011719
   vertex -33.916652679443359 38.785606384277344 -41.112625122070312
   vertex -34.131237030029297 38.785606384277344 -40.898040771484375
  endloop
 endfacet
 facet normal -0.57735026918962584 0.57735026918962584 -0.57735026918962584
  outer loop
   vertex -34.131237030029297 38.785606384277344 -40.898040771484375
   vertex -33.916652679443359 38.785606384277344 -41.112625122070312
   vertex -34.131237030029297 38.571022033691406 -41.112625122070312
  endloop
 endfacet
 facet normal 0.17614347748815332 0.4408910453772471 -0.88010713066338619
  outer loop
   vertex -32.579818725585938 39.044178009033203 -41.164131164550781
   vertex -32.321247100830078 38.785606384277344 -41.241912841796875
   vertex -32.579818725585938 38.785606384277344 -41.293663024902344
  endloop
 endfacet
 facet normal 0.16916523487374244 0.50690463282033271 -0.8452400940179039
  outer loop
   vertex -32.579818725585938 38.785606384277344 -41.293663024902344
   vertex -32.321247100830078 38.785606384277344 -41.241912841796875
   vertex -32.579818725585938 38.656322479248047 -41.371196746826172
  endloop
 endfacet
 facet normal -0.012268569777833317 0.51427841476876801 -0.85753553529782622
  outer loop
   vertex -32.579818725585938 38.785606384277344 -41.293663024902344
   vertex -32.579818725585938 38.656322479248047 -41.371196746826172
   vertex -32.838386535644531 38.650154113769531 -41.371196746826172
  endloop
 endfacet
 facet normal -0.012268303579042981 0.51426725615008739 -0.85754223101789728
  outer loop
   vertex -32.838386535644531 38.650154113769531 -41.371196746826172
   vertex -32.579818725585938 38.656322479248047 -41.371196746826172
   vertex -32.579818725585938 38.527034759521484 -41.44873046875
  endloop
 endfacet
 facet normal 0 0.53288280507756003 -0.84618905455735549
  outer loop
   vertex -32.838386535644531 38.650154113769531 -41.371196746826172
   vertex -32.579818725585938 38.527034759521484 -41.44873046875
   vertex -32.838386535644531 38.527034759521484 -41.44873046875
  endloop
 endfacet
 facet normal 0 0.19624966828945922 -0.98055395960460889
  outer loop
   vertex -32.838386535644531 38.527034759521484 -41.44873046875
   vertex -32.579818725585938 38.527034759521484 -41.44873046875
   vertex -32.838386535644531 38.268466949462891 -41.500480651855469
  endloop
 endfacet
 facet normal 0 0.19624966828945925 -0.98055395960460912
  outer loop
   vertex -32.838386535644531 38.527034759521484 -41.44873046875
   vertex -32.838386535644531 38.268466949462891 -41.500480651855469
   vertex -33.096958160400391 38.268466949462891 -41.500480651855469
  endloop
 endfacet
 facet normal -0 0 -1
  outer loop
   vertex -33.096958160400391 38.268466949462891 -41.500480651855469
   vertex -32.838386535644531 38.268466949462891 -41.500480651855469
   vertex -33.096958160400391 38.009895324707031 -41.500480651855469
  endloop
 endfacet
 facet normal 0.042935746944978224 0 -0.99907783562356989
  outer loop
   vertex -33.096958160400391 38.268466949462891 -41.500480651855469
   vertex -33.096958160400391 38.009895324707031 -41.500480651855469
   vertex -33.35552978515625 38.009895324707031 -41.511592864990234
  endloop
 endfacet
 facet normal 0.04277836396382266 -0.085543304615536872 -0.99541566926185765
  outer loop
   vertex -33.35552978515625 38.009895324707031 -41.511592864990234
   vertex -33.096958160400391 38.009895324707031 -41.500480651855469
   vertex -33.35552978515625 37.751327514648438 -41.489372253417969
  endloop
 endfacet
 facet normal -0.10317724075191713 -0.085164719764760852 -0.99101030645408061
  outer loop
   vertex -33.35552978515625 38.009895324707031 -41.511592864990234
   vertex -33.35552978515625 37.751327514648438 -41.489372253417969
   vertex -33.614097595214844 37.751327514648438 -41.462451934814453
  endloop
 endfacet
 facet normal -0.099567686932628893 -0.27477002916674031 -0.95634079009032902
  outer loop
   vertex -33.614097595214844 37.751327514648438 -41.462451934814453
   vertex -33.35552978515625 37.751327514648438 -41.489372253417969
   vertex -33.35552978515625 37.492755889892578 -41.415081024169922
  endloop
 endfacet
 facet normal -0.28807905891317281 -0.44355607527268653 -0.8486863165530546
  outer loop
   vertex -33.614097595214844 37.751327514648438 -41.462451934814453
   vertex -33.35552978515625 37.492755889892578 -41.415081024169922
   vertex -33.484813690185547 37.492755889892578 -41.371196746826172
  endloop
 endfacet
 facet normal -0.2759070882202021 -0.51301734387836018 -0.81282746234969316
  outer loop
   vertex -33.484813690185547 37.492755889892578 -41.371196746826172
   vertex -33.35552978515625 37.492755889892578 -41.415081024169922
   vertex -33.35552978515625 37.423225402832031 -41.371196746826172
  endloop
 endfacet
 facet normal -0.2759070882202021 -0.51301734387836018 -0.81282746234969316
  outer loop
   vertex -33.484813690185547 37.492755889892578 -41.371196746826172
   vertex -33.35552978515625 37.423225402832031 -41.371196746826172
   vertex -33.614097595214844 37.492755889892578 -41.327312469482422
  endloop
 endfacet
 facet normal -0.13520355444943999 0.52163021135601395 -0.84239059910763325
  outer loop
   vertex -32.838386535644531 39.044178009033203 -41.122631072998047
   vertex -32.579818725585938 39.044178009033203 -41.164131164550781
   vertex -32.838386535644531 38.785606384277344 -41.282745361328125
  endloop
 endfacet
 facet normal -0.037724682381651338 0.44757526789400276 -0.8934501821079982
  outer loop
   vertex -32.838386535644531 38.785606384277344 -41.282745361328125
   vertex -32.579818725585938 39.044178009033203 -41.164131164550781
   vertex -32.579818725585938 38.785606384277344 -41.293663024902344
  endloop
 endfacet
 facet normal -0.035331366456538081 0.54641615987630354 -0.83676823240987563
  outer loop
   vertex -32.838386535644531 38.785606384277344 -41.282745361328125
   vertex -32.579818725585938 38.785606384277344 -41.293663024902344
   vertex -32.838386535644531 38.650154113769531 -41.371196746826172
  endloop
 endfacet
 facet normal -0.25980349239253142 0.63476077120002394 -0.72772309890932751
  outer loop
   vertex -33.096958160400391 38.949817657470703 -41.112625122070312
   vertex -32.838386535644531 39.044178009033203 -41.122631072998047
   vertex -33.096958160400391 38.785606384277344 -41.255859375
  endloop
 endfacet
 facet normal -0.088059129945773487 0.52441910630163879 -0.84689443886412652
  outer loop
   vertex -33.096958160400391 38.785606384277344 -41.255859375
   vertex -32.838386535644531 39.044178009033203 -41.122631072998047
   vertex -32.838386535644531 38.785606384277344 -41.282745361328125
  endloop
 endfacet
 facet normal -0.081547166457267312 0.61504132307660198 -0.78426668331057747
  outer loop
   vertex -33.096958160400391 38.785606384277344 -41.255859375
   vertex -32.838386535644531 38.785606384277344 -41.282745361328125
   vertex -33.096958160400391 38.638534545898438 -41.371196746826172
  endloop
 endfacet
 facet normal -0.024562515101178687 0.54659256766355713 -0.83703837894499444
  outer loop
   vertex -33.096958160400391 38.638534545898438 -41.371196746826172
   vertex -32.838386535644531 38.785606384277344 -41.282745361328125
   vertex -32.838386535644531 38.650154113769531 -41.371196746826172
  endloop
 endfacet
 facet normal -0.023939569484842077 0.53273008482962914 -0.84594654306894368
  outer loop
   vertex -33.096958160400391 38.638534545898438 -41.371196746826172
   vertex -32.838386535644531 38.650154113769531 -41.371196746826172
   vertex -32.838386535644531 38.527034759521484 -41.44873046875
  endloop
 endfacet
 facet normal 0.37022223821021322 0.65685108683188742 0.65687300451638919
  outer loop
   vertex -32.894119262695312 38.527034759521484 -39.0440673828125
   vertex -33.096958160400391 38.641361236572266 -39.0440673828125
   vertex -33.096958160400391 38.527034759521484 -38.929744720458984
  endloop
 endfacet
 facet normal 0.1108729866925246 0.70273544941991894 0.70275889816526971
  outer loop
   vertex -33.096958160400391 38.527034759521484 -38.929744720458984
   vertex -33.096958160400391 38.641361236572266 -39.0440673828125
   vertex -33.35552978515625 38.527034759521484 -38.888950347900391
  endloop
 endfacet
 facet normal 0.13616040082659325 0.48643661286525014 0.86304099955385916
  outer loop
   vertex -33.096958160400391 38.527034759521484 -38.929744720458984
   vertex -33.35552978515625 38.527034759521484 -38.888950347900391
   vertex -33.096958160400391 38.271106719970703 -38.785495758056641
  endloop
 endfacet
 facet normal 0.36496631465994794 0.64149236870125637 0.67474967955649112
  outer loop
   vertex -33.096958160400391 38.271106719970703 -38.785495758056641
   vertex -33.35552978515625 38.527034759521484 -38.888950347900391
   vertex -33.35552978515625 38.418216705322266 -38.785495758056641
  endloop
 endfacet
 facet normal 0.35536695366064114 0.62461980655479821 0.69538796761620936
  outer loop
   vertex -33.096958160400391 38.271106719970703 -38.785495758056641
   vertex -33.35552978515625 38.418216705322266 -38.785495758056641
   vertex -33.35552978515625 38.268466949462891 -38.650985717773438
  endloop
 endfacet
 facet normal -0.44138692563484955 0.59962103518394361 0.66755688599815355
  outer loop
   vertex -33.35552978515625 38.268466949462891 -38.650985717773438
   vertex -33.35552978515625 38.418216705322266 -38.785495758056641
   vertex -33.558963775634766 38.268466949462891 -38.785495758056641
  endloop
 endfacet
 facet normal -0.43571052551968642 0.61311697979506685 0.65897185602902231
  outer loop
   vertex -33.35552978515625 38.268466949462891 -38.650985717773438
   vertex -33.558963775634766 38.268466949462891 -38.785495758056641
   vertex -33.614097595214844 38.009895324707031 -38.581371307373047
  endloop
 endfacet
 facet normal -0.39022834854778232 0.62032229669611727 0.68038377715178133
  outer loop
   vertex -33.614097595214844 38.009895324707031 -38.581371307373047
   vertex -33.558963775634766 38.268466949462891 -38.785495758056641
   vertex -33.614097595214844 38.233783721923828 -38.785495758056641
  endloop
 endfacet
 facet normal -0.24594985137393349 0.65304198387634238 0.71627148338042257
  outer loop
   vertex -33.614097595214844 38.009895324707031 -38.581371307373047
   vertex -33.614097595214844 38.233783721923828 -38.785495758056641
   vertex -33.872669219970703 38.009895324707031 -38.670158386230469
  endloop
 endfacet
 facet normal -0.23663515071708383 0.64679383931029855 0.7250251960279358
  outer loop
   vertex -33.872669219970703 38.009895324707031 -38.670158386230469
   vertex -33.614097595214844 38.233783721923828 -38.785495758056641
   vertex -33.872669219970703 38.139183044433594 -38.785495758056641
  endloop
 endfacet
 facet normal -0.221201723003811 0.64920999478817187 0.72773359164414486
  outer loop
   vertex -33.872669219970703 38.009895324707031 -38.670158386230469
   vertex -33.872669219970703 38.139183044433594 -38.785495758056641
   vertex -34.131237030029297 38.009895324707031 -38.748752593994141
  endloop
 endfacet
 facet normal 0.42624669726791214 0.75625010456545516 0.49638647484891768
  outer loop
   vertex -32.894119262695312 38.527034759521484 -39.0440673828125
   vertex -32.838386535644531 38.665340423583984 -39.302635192871094
   vertex -33.096958160400391 38.641361236572266 -39.0440673828125
  endloop
 endfacet
 facet normal 0.52187244888854845 0.62559474294556761 0.57989685694090343
  outer loop
   vertex -33.096958160400391 38.641361236572266 -39.0440673828125
   vertex -32.838386535644531 38.665340423583984 -39.302635192871094
   vertex -32.982555389404297 38.785606384277344 -39.302635192871094
  endloop
 endfacet
 facet normal 0.46276254012325041 0.67114259348990113 0.57915321864108327
  outer loop
   vertex -33.096958160400391 38.641361236572266 -39.0440673828125
   vertex -32.982555389404297 38.785606384277344 -39.302635192871094
   vertex -33.096958160400391 38.785606384277344 -39.211223602294922
  endloop
 endfacet
 facet normal -0.3491781660918854 0.64785890541140589 0.67701805515351132
  outer loop
   vertex -33.577182769775391 38.527034759521484 -39.0440673828125
   vertex -33.35552978515625 38.646499633789062 -39.0440673828125
   vertex -33.614097595214844 38.527034759521484 -39.063106536865234
  endloop
 endfacet
 facet normal -0.34995854316154684 0.64992904315180011 0.67462675379503978
  outer loop
   vertex -33.614097595214844 38.527034759521484 -39.063106536865234
   vertex -33.35552978515625 38.646499633789062 -39.0440673828125
   vertex -33.35552978515625 38.785606384277344 -39.178081512451172
  endloop
 endfacet
 facet normal -0.34885023883560051 0.73114324925188279 0.58628752326630984
  outer loop
   vertex -33.971694946289062 38.785606384277344 -39.302635192871094
   vertex -34.131237030029297 38.709484100341797 -39.302635192871094
   vertex -34.131237030029297 38.527034759521484 -39.075107574462891
  endloop
 endfacet
 facet normal -0.42905227031268678 0.70469695897427598 0.56508083081266947
  outer loop
   vertex -34.131237030029297 38.527034759521484 -39.075107574462891
   vertex -34.131237030029297 38.709484100341797 -39.302635192871094
   vertex -34.389808654785156 38.527034759521484 -39.271434783935547
  endloop
 endfacet
 facet normal -0.49065830994778376 0.58451330126546075 0.64621871183287272
  outer loop
   vertex -34.131237030029297 38.527034759521484 -39.075107574462891
   vertex -34.389808654785156 38.527034759521484 -39.271434783935547
   vertex -34.131237030029297 38.492717742919922 -39.0440673828125
  endloop
 endfacet
 facet normal -0.46686261442280513 0.62531563999883422 0.62531563999883422
  outer loop
   vertex -34.131237030029297 38.492717742919922 -39.0440673828125
   vertex -34.389808654785156 38.527034759521484 -39.271434783935547
   vertex -34.389808654785156 38.299667358398438 -39.0440673828125
  endloop
 endfacet
 facet normal -0.3813082759780701 0.51072418579685674 0.77056135687741945
  outer loop
   vertex -34.131237030029297 38.492717742919922 -39.0440673828125
   vertex -34.389808654785156 38.299667358398438 -39.0440673828125
   vertex -34.389808654785156 38.268466949462891 -39.023387908935547
  endloop
 endfacet
 facet normal -0.67115309816502844 0.40955191501915361 0.61791645691600394
  outer loop
   vertex -34.389808654785156 38.268466949462891 -39.023387908935547
   vertex -34.389808654785156 38.299667358398438 -39.0440673828125
   vertex -34.408847808837891 38.268466949462891 -39.0440673828125
  endloop
 endfacet
 facet normal -0.46235959493989637 0.73904920114632355 0.48992844707364791
  outer loop
   vertex -34.389808654785156 38.527034759521484 -39.271434783935547
   vertex -34.131237030029297 38.709484100341797 -39.302635192871094
   vertex -34.389808654785156 38.547718048095703 -39.302635192871094
  endloop
 endfacet
 facet normal -0.51656383600539879 0.82569085733042369 0.22670776663435546
  outer loop
   vertex -34.389808654785156 38.547718048095703 -39.302635192871094
   vertex -34.131237030029297 38.709484100341797 -39.302635192871094
   vertex -34.389808654785156 38.61871337890625 -39.561206817626953
  endloop
 endfacet
 facet normal -0.77570330995447123 0.60857512209010756 0.16709487035420373
  outer loop
   vertex -34.389808654785156 38.547718048095703 -39.302635192871094
   vertex -34.389808654785156 38.61871337890625 -39.561206817626953
   vertex -34.461734771728516 38.527034759521484 -39.561206817626953
  endloop
 endfacet
 facet normal -0.78665007394803221 0.61716336471893418 0.01705996501635524
  outer loop
   vertex -34.461734771728516 38.527034759521484 -39.561206817626953
   vertex -34.389808654785156 38.61871337890625 -39.561206817626953
   vertex -34.467342376708984 38.527034759521484 -39.819778442382812
  endloop
 endfacet
 facet normal -0.93800214241882574 0.34603203757904366 0.020342315172767123
  outer loop
   vertex -34.461734771728516 38.527034759521484 -39.561206817626953
   vertex -34.467342376708984 38.527034759521484 -39.819778442382812
   vertex -34.557121276855469 38.268466949462891 -39.561206817626953
  endloop
 endfacet
 facet normal -0.94467546362234123 0.32800650668838038 0
  outer loop
   vertex -34.557121276855469 38.268466949462891 -39.561206817626953
   vertex -34.467342376708984 38.527034759521484 -39.819778442382812
   vertex -34.557121276855469 38.268466949462891 -39.819778442382812
  endloop
 endfacet
 facet normal -0.89296606505750875 0.4501239903134569 0
  outer loop
   vertex -34.557121276855469 38.268466949462891 -39.561206817626953
   vertex -34.557121276855469 38.268466949462891 -39.819778442382812
   vertex -34.64837646484375 38.087432861328125 -39.561206817626953
  endloop
 endfacet
 facet normal -0.89296606505750875 0.4501239903134569 0
  outer loop
   vertex -34.64837646484375 38.087432861328125 -39.561206817626953
   vertex -34.557121276855469 38.268466949462891 -39.819778442382812
   vertex -34.64837646484375 38.087432861328125 -39.819778442382812
  endloop
 endfacet
 facet normal -0.87028040351878266 0.49255661527502093 0
  outer loop
   vertex -34.64837646484375 38.087432861328125 -39.561206817626953
   vertex -34.64837646484375 38.087432861328125 -39.819778442382812
   vertex -34.6922607421875 38.009895324707031 -39.819778442382812
  endloop
 endfacet
 facet normal -0.8195306275345815 0.46383353041217285 -0.336493694737591
  outer loop
   vertex -34.6922607421875 38.009895324707031 -39.819778442382812
   vertex -34.64837646484375 38.087432861328125 -39.819778442382812
   vertex -34.64837646484375 38.009895324707031 -39.926658630371094
  endloop
 endfacet
 facet normal -0.90006680128359529 0.23087702210235028 -0.36956129923500891
  outer loop
   vertex -34.6922607421875 38.009895324707031 -39.819778442382812
   vertex -34.64837646484375 38.009895324707031 -39.926658630371094
   vertex -34.652420043945312 37.751327514648438 -40.078346252441406
  endloop
 endfacet
 facet normal -0.88424234534682211 0.24652732405776734 -0.39666075327471972
  outer loop
   vertex -34.652420043945312 37.751327514648438 -40.078346252441406
   vertex -34.64837646484375 38.009895324707031 -39.926658630371094
   vertex -34.64837646484375 37.765830993652344 -40.078346252441406
  endloop
 endfacet
 facet normal -0.85915659314821136 0.23953340050949606 -0.4521876806043218
  outer loop
   vertex -34.652420043945312 37.751327514648438 -40.078346252441406
   vertex -34.64837646484375 37.765830993652344 -40.078346252441406
   vertex -34.64837646484375 37.751327514648438 -40.086029052734375
  endloop
 endfacet
 facet normal -0.90523736122029697 0.19889916095226162 -0.37547895230412048
  outer loop
   vertex -34.64837646484375 37.751327514648438 -40.086029052734375
   vertex -34.64837646484375 37.765830993652344 -40.078346252441406
   vertex -34.5443115234375 37.751327514648438 -40.336917877197266
  endloop
 endfacet
 facet normal -0.9047437133778774 -0.20151449578812414 -0.37527419454375915
  outer loop
   vertex -34.64837646484375 37.751327514648438 -40.086029052734375
   vertex -34.5443115234375 37.751327514648438 -40.336917877197266
   vertex -34.593971252441406 37.492755889892578 -40.078346252441406
  endloop
 endfacet
 facet normal -0.91436573748505057 -0.18469963969793773 -0.36030728719923433
  outer loop
   vertex -34.593971252441406 37.492755889892578 -40.078346252441406
   vertex -34.5443115234375 37.751327514648438 -40.336917877197266
   vertex -34.492080688476562 37.492755889892578 -40.336917877197266
  endloop
 endfacet
 facet normal -0.89833840110704044 -0.26014995832713844 -0.35399168956182303
  outer loop
   vertex -34.593971252441406 37.492755889892578 -40.078346252441406
   vertex -34.492080688476562 37.492755889892578 -40.336917877197266
   vertex -34.519092559814453 37.234188079833984 -40.078346252441406
  endloop
 endfacet
 facet normal -0.7941062329428128 -0.38628301016414424 -0.46923419191263421
  outer loop
   vertex -34.519092559814453 37.234188079833984 -40.078346252441406
   vertex -34.492080688476562 37.492755889892578 -40.336917877197266
   vertex -34.389808654785156 37.282508850097656 -40.336917877197266
  endloop
 endfacet
 facet normal -0.78171097479339857 -0.41230756668552188 -0.46790001318809399
  outer loop
   vertex -34.519092559814453 37.234188079833984 -40.078346252441406
   vertex -34.389808654785156 37.282508850097656 -40.336917877197266
   vertex -34.389808654785156 37.234188079833984 -40.294338226318359
  endloop
 endfacet
 facet normal -0.67120036183405452 0.61784599887749281 0.40958075631663599
  outer loop
   vertex -34.389808654785156 38.527034759521484 -39.271434783935547
   vertex -34.389808654785156 38.547718048095703 -39.302635192871094
   vertex -34.408847808837891 38.527034759521484 -39.302635192871094
  endloop
 endfacet
 facet normal -0.72755245392113788 0.66971860891191426 0.14880998511666133
  outer loop
   vertex -34.408847808837891 38.527034759521484 -39.302635192871094
   vertex -34.389808654785156 38.547718048095703 -39.302635192871094
   vertex -34.461734771728516 38.527034759521484 -39.561206817626953
  endloop
 endfacet
 facet normal -0.90401602557285843 0.38544249415856141 0.18490297240520645
  outer loop
   vertex -34.408847808837891 38.527034759521484 -39.302635192871094
   vertex -34.461734771728516 38.527034759521484 -39.561206817626953
   vertex -34.519092559814453 38.268466949462891 -39.302635192871094
  endloop
 endfacet
 facet normal -0.92939056251489971 0.34285519777647561 0.13668758416875965
  outer loop
   vertex -34.519092559814453 38.268466949462891 -39.302635192871094
   vertex -34.461734771728516 38.527034759521484 -39.561206817626953
   vertex -34.557121276855469 38.268466949462891 -39.561206817626953
  endloop
 endfacet
 facet normal 0.31651303111341061 0.86822990503857633 0.38209466514478541
  outer loop
   vertex -30.65669059753418 38.527034759521484 -39.561206817626953
   vertex -30.769828796386719 38.568279266357422 -39.561206817626953
   vertex -30.769828796386719 38.527034759521484 -39.467487335205078
  endloop
 endfacet
 facet normal -0.41934838613505337 0.83092028767705484 0.36567527476246808
  outer loop
   vertex -30.769828796386719 38.527034759521484 -39.467487335205078
   vertex -30.769828796386719 38.568279266357422 -39.561206817626953
   vertex -30.851552963256836 38.527034759521484 -39.561206817626953
  endloop
 endfacet
 facet normal -0.66768723004715347 0.46390018011968076 0.58222880873148786
  outer loop
   vertex -30.769828796386719 38.527034759521484 -39.467487335205078
   vertex -30.851552963256836 38.527034759521484 -39.561206817626953
   vertex -30.769828796386719 38.320133209228516 -39.302635192871094
  endloop
 endfacet
 facet normal -0.31238190919202252 0.69111925781392436 0.65174512985390032
  outer loop
   vertex -30.769828796386719 38.320133209228516 -39.302635192871094
   vertex -30.851552963256836 38.527034759521484 -39.561206817626953
   vertex -31.028398513793945 38.447101593017578 -39.561206817626953
  endloop
 endfacet
 facet normal 0.33861631585082297 0.93328428533153374 0.11966383494115575
  outer loop
   vertex -30.769828796386719 38.320133209228516 -39.302635192871094
   vertex -31.028398513793945 38.447101593017578 -39.561206817626953
   vertex -31.028398513793945 38.413948059082031 -39.302635192871094
  endloop
 endfacet
 facet normal -0.36158509120257132 0.92476857127262158 0.11857196720313876
  outer loop
   vertex -31.028398513793945 38.413948059082031 -39.302635192871094
   vertex -31.028398513793945 38.447101593017578 -39.561206817626953
   vertex -31.286968231201172 38.346000671386719 -39.561206817626953
  endloop
 endfacet
 facet normal -0.25415299866290331 0.96716402604245699 0
  outer loop
   vertex -31.028398513793945 38.413948059082031 -39.302635192871094
   vertex -31.286968231201172 38.346000671386719 -39.561206817626953
   vertex -31.286968231201172 38.346000671386719 -39.302635192871094
  endloop
 endfacet
 facet normal -0.51431154254857769 0.85760342653309318 0
  outer loop
   vertex -31.286968231201172 38.346000671386719 -39.302635192871094
   vertex -31.286968231201172 38.346000671386719 -39.561206817626953
   vertex -31.416254043579102 38.268466949462891 -39.561206817626953
  endloop
 endfacet
 facet normal -0.51431154254857769 0.85760342653309318 0
  outer loop
   vertex -31.286968231201172 38.346000671386719 -39.302635192871094
   vertex -31.416254043579102 38.268466949462891 -39.561206817626953
   vertex -31.416254043579102 38.268466949462891 -39.302635192871094
  endloop
 endfacet
 facet normal -0.51431712316746925 0.85760007976721775 0
  outer loop
   vertex -31.416254043579102 38.268466949462891 -39.302635192871094
   vertex -31.416254043579102 38.268466949462891 -39.561206817626953
   vertex -31.545537948608398 38.190933227539062 -39.302635192871094
  endloop
 endfacet
 facet normal -0.51212839745213179 0.8539504805928757 0.092157914572259386
  outer loop
   vertex -31.416254043579102 38.268466949462891 -39.302635192871094
   vertex -31.545537948608398 38.190933227539062 -39.302635192871094
   vertex -31.545537948608398 38.163028717041016 -39.0440673828125
  endloop
 endfacet
 facet normal -0.19515861857132225 0.97510976436021302 0.10523336470294412
  outer loop
   vertex -31.545537948608398 38.163028717041016 -39.0440673828125
   vertex -31.545537948608398 38.190933227539062 -39.302635192871094
   vertex -31.804107666015625 38.139183044433594 -39.302635192871094
  endloop
 endfacet
 facet normal -0.2303926289478746 0.96273894159788609 0.14160849853546553
  outer loop
   vertex -31.545537948608398 38.163028717041016 -39.0440673828125
   vertex -31.804107666015625 38.139183044433594 -39.302635192871094
   vertex -31.804107666015625 38.101150512695312 -39.0440673828125
  endloop
 endfacet
 facet normal 0.042464960487487401 0.98846236838027424 0.14539213674355042
  outer loop
   vertex -31.804107666015625 38.101150512695312 -39.0440673828125
   vertex -31.804107666015625 38.139183044433594 -39.302635192871094
   vertex -32.062679290771484 38.150291442871094 -39.302635192871094
  endloop
 endfacet
 facet normal -0.051481871633387764 0.97041037400609653 0.23590956511865183
  outer loop
   vertex -31.804107666015625 38.101150512695312 -39.0440673828125
   vertex -32.062679290771484 38.150291442871094 -39.302635192871094
   vertex -32.062679290771484 38.087432861328125 -39.0440673828125
  endloop
 endfacet
 facet normal 0.10065290561701334 0.96676424097100733 0.23502317964533737
  outer loop
   vertex -32.062679290771484 38.087432861328125 -39.0440673828125
   vertex -32.062679290771484 38.150291442871094 -39.302635192871094
   vertex -32.321247100830078 38.177211761474609 -39.302635192871094
  endloop
 endfacet
 facet normal 0 0.94467546362234123 0.32800650668838038
  outer loop
   vertex -32.062679290771484 38.087432861328125 -39.0440673828125
   vertex -32.321247100830078 38.177211761474609 -39.302635192871094
   vertex -32.321247100830078 38.087432861328125 -39.0440673828125
  endloop
 endfacet
 facet normal 0.2367944491558828 0.91780867721484471 0.31867792656238192
  outer loop
   vertex -32.321247100830078 38.087432861328125 -39.0440673828125
   vertex -32.321247100830078 38.177211761474609 -39.302635192871094
   vertex -32.579818725585938 38.154144287109375 -39.0440673828125
  endloop
 endfacet
 facet normal 0.19170291066346642 0.74303513229081342 0.64120884758768615
  outer loop
   vertex -32.321247100830078 38.087432861328125 -39.0440673828125
   vertex -32.579818725585938 38.154144287109375 -39.0440673828125
   vertex -32.579818725585938 38.009895324707031 -38.876911163330078
  endloop
 endfacet
 facet normal 0.35057971242878699 0.70902717015261407 0.61186137091560622
  outer loop
   vertex -32.579818725585938 38.009895324707031 -38.876911163330078
   vertex -32.579818725585938 38.154144287109375 -39.0440673828125
   vertex -32.739364624023438 38.009895324707031 -38.785495758056641
  endloop
 endfacet
 facet normal 0.81830803429308918 0.45961089319699922 0.34515183306196862
  outer loop
   vertex -32.774009704589844 38.785606384277344 -39.561206817626953
   vertex -32.737842559814453 38.527034759521484 -39.302635192871094
   vertex -32.628780364990234 38.527034759521484 -39.561206817626953
  endloop
 endfacet
 facet normal 0.72119460342315855 0.6223715951681732 0.30419063351973358
  outer loop
   vertex -32.628780364990234 38.527034759521484 -39.561206817626953
   vertex -32.737842559814453 38.527034759521484 -39.302635192871094
   vertex -32.579818725585938 38.470298767089844 -39.561206817626953
  endloop
 endfacet
 facet normal 0.70247530261953417 0.60621734075988176 0.37286590749438486
  outer loop
   vertex -32.628780364990234 38.527034759521484 -39.561206817626953
   vertex -32.579818725585938 38.470298767089844 -39.561206817626953
   vertex -32.579818725585938 38.527034759521484 -39.653450012207031
  endloop
 endfacet
 facet normal 0.62887227357389941 0.66226476543949309 0.40733897921432449
  outer loop
   vertex -32.579818725585938 38.527034759521484 -39.653450012207031
   vertex -32.579818725585938 38.470298767089844 -39.561206817626953
   vertex -32.321247100830078 38.383804321289062 -39.819778442382812
  endloop
 endfacet
 facet normal 0.63953651373866971 0.70946795402376051 0.29605450479316731
  outer loop
   vertex -30.452085494995117 38.527034759521484 -39.819778442382812
   vertex -30.511259078979492 38.580375671386719 -39.819778442382812
   vertex -30.511259078979492 38.527034759521484 -39.691951751708984
  endloop
 endfacet
 facet normal 0.32716280022120925 0.87208475584314016 0.36391301265196302
  outer loop
   vertex -30.511259078979492 38.527034759521484 -39.691951751708984
   vertex -30.511259078979492 38.580375671386719 -39.819778442382812
   vertex -30.65669059753418 38.527034759521484 -39.561206817626953
  endloop
 endfacet
 facet normal 0.65970718161253039 0.16219188468888515 0.73381211973496263
  outer loop
   vertex -30.511259078979492 38.527034759521484 -39.691951751708984
   vertex -30.65669059753418 38.527034759521484 -39.561206817626953
   vertex -30.593120574951172 38.268466949462891 -39.561206817626953
  endloop
 endfacet
 facet normal 0.83783777599693054 0.20598606736450459 0.50556661397309732
  outer loop
   vertex -30.593120574951172 38.268466949462891 -39.561206817626953
   vertex -30.65669059753418 38.527034759521484 -39.561206817626953
   vertex -30.749147415161133 38.268466949462891 -39.302635192871094
  endloop
 endfacet
 facet normal 0.78693998373113461 -0.39400403785426108 0.47485395666434066
  outer loop
   vertex -30.593120574951172 38.268466949462891 -39.561206817626953
   vertex -30.749147415161133 38.268466949462891 -39.302635192871094
   vertex -30.72258186340332 38.009895324707031 -39.561206817626953
  endloop
 endfacet
 facet normal 0.78858976593827357 -0.3924129799021891 0.47343239671752829
  outer loop
   vertex -30.72258186340332 38.009895324707031 -39.561206817626953
   vertex -30.749147415161133 38.268466949462891 -39.302635192871094
   vertex -30.769828796386719 38.226905822753906 -39.302635192871094
  endloop
 endfacet
 facet normal 0.8159519977700942 -0.3606863048154243 0.45180496550346483
  outer loop
   vertex -30.72258186340332 38.009895324707031 -39.561206817626953
   vertex -30.769828796386719 38.226905822753906 -39.302635192871094
   vertex -30.769828796386719 38.009895324707031 -39.475879669189453
  endloop
 endfacet
 facet normal 0.81205330895878192 -0.36409502399376265 0.4560748150381409
  outer loop
   vertex -30.769828796386719 38.009895324707031 -39.475879669189453
   vertex -30.769828796386719 38.226905822753906 -39.302635192871094
   vertex -30.867128372192383 38.009895324707031 -39.302635192871094
  endloop
 endfacet
 facet normal 0.68588089922227946 -0.61739679202148001 0.38521240022047942
  outer loop
   vertex -30.769828796386719 38.009895324707031 -39.475879669189453
   vertex -30.867128372192383 38.009895324707031 -39.302635192871094
   vertex -30.954656600952148 37.751327514648438 -39.561206817626953
  endloop
 endfacet
 facet normal 0.68176373457675865 -0.61966019393831628 0.38886945658444194
  outer loop
   vertex -30.954656600952148 37.751327514648438 -39.561206817626953
   vertex -30.867128372192383 38.009895324707031 -39.302635192871094
   vertex -31.028398513793945 37.751327514648438 -39.431922912597656
  endloop
 endfacet
 facet normal 0.65577763336256223 -0.65577763336256223 0.37404731139629077
  outer loop
   vertex -30.954656600952148 37.751327514648438 -39.561206817626953
   vertex -31.028398513793945 37.751327514648438 -39.431922912597656
   vertex -31.028398513793945 37.677585601806641 -39.561206817626953
  endloop
 endfacet
 facet normal 0.62252605780186021 -0.67979095170970494 0.38774420605766446
  outer loop
   vertex -31.028398513793945 37.677585601806641 -39.561206817626953
   vertex -31.028398513793945 37.751327514648438 -39.431922912597656
   vertex -31.230230331420898 37.492755889892578 -39.561206817626953
  endloop
 endfacet
 facet normal 0.66501010078682743 -0.7261830145820658 0.17441271508693662
  outer loop
   vertex -31.028398513793945 37.677585601806641 -39.561206817626953
   vertex -31.230230331420898 37.492755889892578 -39.561206817626953
   vertex -31.16241455078125 37.492755889892578 -39.819778442382812
  endloop
 endfacet
 facet normal 0.63106677906584718 -0.75786610726167769 0.16551037376396882
  outer loop
   vertex -31.16241455078125 37.492755889892578 -39.819778442382812
   vertex -31.230230331420898 37.492755889892578 -39.561206817626953
   vertex -31.286968231201172 37.445510864257812 -39.561206817626953
  endloop
 endfacet
 facet normal 0.66710060343346322 -0.72040687291900141 0.1897122092796745
  outer loop
   vertex -31.16241455078125 37.492755889892578 -39.819778442382812
   vertex -31.286968231201172 37.445510864257812 -39.561206817626953
   vertex -31.286968231201172 37.377418518066406 -39.819778442382812
  endloop
 endfacet
 facet normal 0.46546693190532806 -0.85588563903840975 0.22538923707766867
  outer loop
   vertex -31.286968231201172 37.377418518066406 -39.819778442382812
   vertex -31.286968231201172 37.445510864257812 -39.561206817626953
   vertex -31.545537948608398 37.304889678955078 -39.561206817626953
  endloop
 endfacet
 facet normal 0.55439189982354886 -0.75896482900711271 0.34149964822857459
  outer loop
   vertex -31.286968231201172 37.377418518066406 -39.819778442382812
   vertex -31.545537948608398 37.304889678955078 -39.561206817626953
   vertex -31.483051300048828 37.234188079833984 -39.819778442382812
  endloop
 endfacet
 facet normal 0.54027850021932355 -0.76933109901620722 0.340923455173259
  outer loop
   vertex -31.483051300048828 37.234188079833984 -39.819778442382812
   vertex -31.545537948608398 37.304889678955078 -39.561206817626953
   vertex -31.545537948608398 37.234188079833984 -39.720752716064453
  endloop
 endfacet
 facet normal 0.54029125436918546 -0.76931857546891891 0.34093150322410121
  outer loop
   vertex -31.483051300048828 37.234188079833984 -39.819778442382812
   vertex -31.545537948608398 37.234188079833984 -39.720752716064453
   vertex -31.545537948608398 37.190303802490234 -39.819778442382812
  endloop
 endfacet
 facet normal 0.41943315737489928 -0.82994057691697953 0.36779677171127284
  outer loop
   vertex -31.545537948608398 37.190303802490234 -39.819778442382812
   vertex -31.545537948608398 37.234188079833984 -39.720752716064453
   vertex -31.804107666015625 37.174217224121094 -39.561206817626953
  endloop
 endfacet
 facet normal 0.26989982871277507 -0.9393830623734879 0.21145577454073558
  outer loop
   vertex -31.545537948608398 37.190303802490234 -39.819778442382812
   vertex -31.804107666015625 37.174217224121094 -39.561206817626953
   vertex -31.804107666015625 37.116012573242188 -39.819778442382812
  endloop
 endfacet
 facet normal 0.23077706461240508 -0.94925430976531655 0.21367779912956347
  outer loop
   vertex -31.804107666015625 37.116012573242188 -39.819778442382812
   vertex -31.804107666015625 37.174217224121094 -39.561206817626953
   vertex -32.062679290771484 37.053150177001953 -39.819778442382812
  endloop
 endfacet
 facet normal 0.23623305823316323 -0.97169642491768327 0
  outer loop
   vertex -31.804107666015625 37.116012573242188 -39.819778442382812
   vertex -32.062679290771484 37.053150177001953 -39.819778442382812
   vertex -32.062679290771484 37.053150177001953 -40.078346252441406
  endloop
 endfacet
 facet normal 0.58719384149412313 -0.80944634937182502 0
  outer loop
   vertex -32.062679290771484 37.053150177001953 -40.078346252441406
   vertex -32.062679290771484 37.053150177001953 -39.819778442382812
   vertex -32.169559478759766 36.975616455078125 -40.078346252441406
  endloop
 endfacet
 facet normal 0.58716153235780366 -0.80940181124727884 -0.010490131975352231
  outer loop
   vertex -32.062679290771484 37.053150177001953 -40.078346252441406
   vertex -32.169559478759766 36.975616455078125 -40.078346252441406
   vertex -32.174179077148438 36.975616455078125 -40.336917877197266
  endloop
 endfacet
 facet normal 0.64862211167492134 -0.76102238495888497 -0.011588176640725988
  outer loop
   vertex -32.174179077148438 36.975616455078125 -40.336917877197266
   vertex -32.169559478759766 36.975616455078125 -40.078346252441406
   vertex -32.321247100830078 36.846332550048828 -40.078346252441406
  endloop
 endfacet
 facet normal 0.61655143523955902 -0.78617190285400096 -0.042403618559730724
  outer loop
   vertex -32.174179077148438 36.975616455078125 -40.336917877197266
   vertex -32.321247100830078 36.846332550048828 -40.078346252441406
   vertex -32.321247100830078 36.860279083251953 -40.336917877197266
  endloop
 endfacet
 facet normal 0.58930428704964721 -0.80673854700452663 -0.043512918104075496
  outer loop
   vertex -32.321247100830078 36.860279083251953 -40.336917877197266
   vertex -32.321247100830078 36.846332550048828 -40.078346252441406
   vertex -32.517330169677734 36.717044830322266 -40.336917877197266
  endloop
 endfacet
 facet normal 0.54149513394337401 -0.74128935961854991 -0.39657673309457731
  outer loop
   vertex -32.321247100830078 36.860279083251953 -40.336917877197266
   vertex -32.517330169677734 36.717044830322266 -40.336917877197266
   vertex -32.579818725585938 36.717044830322266 -40.4222412109375
  endloop
 endfacet
 facet normal 0.52970331359330403 -0.75426547113803133 -0.38794071533830699
  outer loop
   vertex -32.579818725585938 36.717044830322266 -40.4222412109375
   vertex -32.517330169677734 36.717044830322266 -40.336917877197266
   vertex -32.579818725585938 36.673160552978516 -40.336917877197266
  endloop
 endfacet
 facet normal 0.39379329234718508 -0.81741803912060185 -0.42042192167225839
  outer loop
   vertex -32.579818725585938 36.717044830322266 -40.4222412109375
   vertex -32.579818725585938 36.673160552978516 -40.336917877197266
   vertex -32.764778137207031 36.717044830322266 -40.595485687255859
  endloop
 endfacet
 facet normal 0.40330547679033429 -0.80988474140350608 -0.42594764705618132
  outer loop
   vertex -32.764778137207031 36.717044830322266 -40.595485687255859
   vertex -32.579818725585938 36.673160552978516 -40.336917877197266
   vertex -32.838386535644531 36.680389404296875 -40.595485687255859
  endloop
 endfacet
 facet normal 0.36767471023845727 -0.73833397947354262 -0.56540095702592219
  outer loop
   vertex -32.764778137207031 36.717044830322266 -40.595485687255859
   vertex -32.838386535644531 36.680389404296875 -40.595485687255859
   vertex -32.838386535644531 36.717044830322266 -40.643352508544922
  endloop
 endfacet
 facet normal 0.25046455765324643 -0.76863994813789105 -0.58860864374059574
  outer loop
   vertex -32.838386535644531 36.717044830322266 -40.643352508544922
   vertex -32.838386535644531 36.680389404296875 -40.595485687255859
   vertex -33.096958160400391 36.717044830322266 -40.753379821777344
  endloop
 endfacet
 facet normal 0.2647726350509752 -0.73669587179780016 -0.62223359295705205
  outer loop
   vertex -32.838386535644531 36.717044830322266 -40.643352508544922
   vertex -33.096958160400391 36.717044830322266 -40.753379821777344
   vertex -32.838386535644531 36.895011901855469 -40.854057312011719
  endloop
 endfacet
 facet normal 0.28199368628159988 -0.74893731044689615 -0.59964361575679603
  outer loop
   vertex -32.838386535644531 36.895011901855469 -40.854057312011719
   vertex -33.096958160400391 36.717044830322266 -40.753379821777344
   vertex -33.096958160400391 36.797653198242188 -40.854057312011719
  endloop
 endfacet
 facet normal 0.25728080549304372 -0.68330322226843443 -0.68330322226843443
  outer loop
   vertex -32.838386535644531 36.895011901855469 -40.854057312011719
   vertex -33.096958160400391 36.797653198242188 -40.854057312011719
   vertex -33.096958160400391 36.975616455078125 -41.032020568847656
  endloop
 endfacet
 facet normal 0.17406022350840569 -0.69631280276618646 -0.69631280276618646
  outer loop
   vertex -33.096958160400391 36.975616455078125 -41.032020568847656
   vertex -33.096958160400391 36.797653198242188 -40.854057312011719
   vertex -33.35552978515625 36.975616455078125 -41.096656799316406
  endloop
 endfacet
 facet normal 0.18428585385258495 -0.65003543073700476 -0.7372195486124743
  outer loop
   vertex -33.096958160400391 36.975616455078125 -41.032020568847656
   vertex -33.35552978515625 36.975616455078125 -41.096656799316406
   vertex -33.096958160400391 37.067031860351562 -41.112625122070312
  endloop
 endfacet
 facet normal 0.31947487231473609 0.87635455979898269 0.36046982048295551
  outer loop
   vertex -30.65669059753418 38.527034759521484 -39.561206817626953
   vertex -30.511259078979492 38.580375671386719 -39.819778442382812
   vertex -30.769828796386719 38.568279266357422 -39.561206817626953
  endloop
 endfacet
 facet normal 0.071209529368954999 0.99051096335957156 0.11754673279825906
  outer loop
   vertex -30.769828796386719 38.568279266357422 -39.561206817626953
   vertex -30.511259078979492 38.580375671386719 -39.819778442382812
   vertex -30.769828796386719 38.598964691162109 -39.819778442382812
  endloop
 endfacet
 facet normal -0.50381634057949587 0.85779167362983322 0.10179655994391482
  outer loop
   vertex -30.769828796386719 38.568279266357422 -39.561206817626953
   vertex -30.769828796386719 38.598964691162109 -39.819778442382812
   vertex -30.892295837402344 38.527034759521484 -39.819778442382812
  endloop
 endfacet
 facet normal -0.5064020763932261 0.86219411648961231 0.013350749616634136
  outer loop
   vertex -30.892295837402344 38.527034759521484 -39.819778442382812
   vertex -30.769828796386719 38.598964691162109 -39.819778442382812
   vertex -30.899112701416016 38.527034759521484 -40.078346252441406
  endloop
 endfacet
 facet normal -0.49494499620047383 0.8688263245726251 0.013048695940076226
  outer loop
   vertex -30.892295837402344 38.527034759521484 -39.819778442382812
   vertex -30.899112701416016 38.527034759521484 -40.078346252441406
   vertex -31.028398513793945 38.449501037597656 -39.819778442382812
  endloop
 endfacet
 facet normal -0.51431154254857769 0.85760342653309329 0
  outer loop
   vertex -31.028398513793945 38.449501037597656 -39.819778442382812
   vertex -30.899112701416016 38.527034759521484 -40.078346252441406
   vertex -31.028398513793945 38.449501037597656 -40.078346252441406
  endloop
 endfacet
 facet normal -0.37161500568354272 0.92838692771431275 0
  outer loop
   vertex -31.028398513793945 38.449501037597656 -39.819778442382812
   vertex -31.028398513793945 38.449501037597656 -40.078346252441406
   vertex -31.286968231201172 38.346000671386719 -40.078346252441406
  endloop
 endfacet
 facet normal -0.37161500568354267 0.92838692771431275 0
  outer loop
   vertex -31.286968231201172 38.346000671386719 -40.078346252441406
   vertex -31.028398513793945 38.449501037597656 -40.078346252441406
   vertex -31.286968231201172 38.346000671386719 -40.336917877197266
  endloop
 endfacet
 facet normal -0.51431154254857769 0.85760342653309318 0
  outer loop
   vertex -31.286968231201172 38.346000671386719 -40.078346252441406
   vertex -31.286968231201172 38.346000671386719 -40.336917877197266
   vertex -31.416254043579102 38.268466949462891 -40.336917877197266
  endloop
 endfacet
 facet normal -0.51431154254857769 0.85760342653309329 0
  outer loop
   vertex -31.416254043579102 38.268466949462891 -40.336917877197266
   vertex -31.286968231201172 38.346000671386719 -40.336917877197266
   vertex -31.416254043579102 38.268466949462891 -40.595485687255859
  endloop
 endfacet
 facet normal -0.51431712316746925 0.85760007976721775 0
  outer loop
   vertex -31.416254043579102 38.268466949462891 -40.336917877197266
   vertex -31.416254043579102 38.268466949462891 -40.595485687255859
   vertex -31.545537948608398 38.190933227539062 -40.336917877197266
  endloop
 endfacet
 facet normal -0.31901516350278614 0.93982466153276467 0.12230670885162016
  outer loop
   vertex -31.545537948608398 38.190933227539062 -40.336917877197266
   vertex -31.416254043579102 38.268466949462891 -40.595485687255859
   vertex -31.545537948608398 38.224582672119141 -40.595485687255859
  endloop
 endfacet
 facet normal 0.097378474205311386 0.98692530320297833 0.12843628248728972
  outer loop
   vertex -31.545537948608398 38.190933227539062 -40.336917877197266
   vertex -31.545537948608398 38.224582672119141 -40.595485687255859
   vertex -31.804107666015625 38.250095367431641 -40.595485687255859
  endloop
 endfacet
 facet normal 0.083961932851443766 0.85094941888501596 0.51849347183074856
  outer loop
   vertex -31.804107666015625 38.250095367431641 -40.595485687255859
   vertex -31.545537948608398 38.224582672119141 -40.595485687255859
   vertex -31.804107666015625 38.268466949462891 -40.625637054443359
  endloop
 endfacet
 facet normal -0.44942140634726391 0.89050864769520988 0.070814884712862403
  outer loop
   vertex -30.769828796386719 38.568279266357422 -39.561206817626953
   vertex -30.892295837402344 38.527034759521484 -39.819778442382812
   vertex -30.851552963256836 38.527034759521484 -39.561206817626953
  endloop
 endfacet
 facet normal -0.41101066078401388 0.90932725127832881 0.064762541677170687
  outer loop
   vertex -30.851552963256836 38.527034759521484 -39.561206817626953
   vertex -30.892295837402344 38.527034759521484 -39.819778442382812
   vertex -31.028398513793945 38.447101593017578 -39.561206817626953
  endloop
 endfacet
 facet normal -0.80897419491277711 0.5868303833685069 0.034508739774085959
  outer loop
   vertex -34.389808654785156 38.61871337890625 -39.561206817626953
   vertex -34.389808654785156 38.633918762207031 -39.819778442382812
   vertex -34.467342376708984 38.527034759521484 -39.819778442382812
  endloop
 endfacet
 facet normal -0.80871054551939925 0.58663913193482242 0.042915992921915537
  outer loop
   vertex -34.467342376708984 38.527034759521484 -39.819778442382812
   vertex -34.389808654785156 38.633918762207031 -39.819778442382812
   vertex -34.481063842773438 38.527034759521484 -40.078346252441406
  endloop
 endfacet
 facet normal -0.94349064359684742 0.32759511812947101 0.050068393452802513
  outer loop
   vertex -34.467342376708984 38.527034759521484 -39.819778442382812
   vertex -34.481063842773438 38.527034759521484 -40.078346252441406
   vertex -34.557121276855469 38.268466949462891 -39.819778442382812
  endloop
 endfacet
 facet normal -0.97731908892382868 0.18572551981983179 -0.10175180446926115
  outer loop
   vertex -34.557121276855469 38.268466949462891 -39.819778442382812
   vertex -34.481063842773438 38.527034759521484 -40.078346252441406
   vertex -34.530200958251953 38.268466949462891 -40.078346252441406
  endloop
 endfacet
 facet normal -0.97059180875124518 0.21849520395578906 -0.101051405894744
  outer loop
   vertex -34.557121276855469 38.268466949462891 -39.819778442382812
   vertex -34.530200958251953 38.268466949462891 -40.078346252441406
   vertex -34.588409423828125 38.009895324707031 -40.078346252441406
  endloop
 endfacet
 facet normal 0.66230450099176874 0.73472555384283178 0.14673482373447838
  outer loop
   vertex -30.452085494995117 38.527034759521484 -39.819778442382812
   vertex -30.511259078979492 38.632015228271484 -40.078346252441406
   vertex -30.511259078979492 38.580375671386719 -39.819778442382812
  endloop
 endfacet
 facet normal -0.10351910693265393 0.97536611977517573 0.19479406278062841
  outer loop
   vertex -30.511259078979492 38.580375671386719 -39.819778442382812
   vertex -30.511259078979492 38.632015228271484 -40.078346252441406
   vertex -30.769828796386719 38.604572296142578 -40.078346252441406
  endloop
 endfacet
 facet normal 0.071689875880278017 0.99719249165913093 0.021626286665175451
  outer loop
   vertex -30.511259078979492 38.580375671386719 -39.819778442382812
   vertex -30.769828796386719 38.604572296142578 -40.078346252441406
   vertex -30.769828796386719 38.598964691162109 -39.819778442382812
  endloop
 endfacet
 facet normal -0.51424679972554033 0.85744063217053457 0.018595463829492873
  outer loop
   vertex -30.769828796386719 38.598964691162109 -39.819778442382812
   vertex -30.769828796386719 38.604572296142578 -40.078346252441406
   vertex -30.899112701416016 38.527034759521484 -40.078346252441406
  endloop
 endfacet
 facet normal 0.48895716576610659 0.84150558734001535 0.22975908365396974
  outer loop
   vertex -30.452085494995117 38.527034759521484 -39.819778442382812
   vertex -30.330585479736328 38.527034759521484 -40.078346252441406
   vertex -30.511259078979492 38.632015228271484 -40.078346252441406
  endloop
 endfacet
 facet normal 0.49455330716403728 0.8511366646277877 -0.17602103425272306
  outer loop
   vertex -30.511259078979492 38.632015228271484 -40.078346252441406
   vertex -30.330585479736328 38.527034759521484 -40.078346252441406
   vertex -30.511259078979492 38.578540802001953 -40.336917877197266
  endloop
 endfacet
 facet normal -0.12451315547536844 0.97165702981915281 -0.20094549140647189
  outer loop
   vertex -30.511259078979492 38.632015228271484 -40.078346252441406
   vertex -30.511259078979492 38.578540802001953 -40.336917877197266
   vertex -30.769828796386719 38.545406341552734 -40.336917877197266
  endloop
 endfacet
 facet normal -0.093658515648780472 0.73087823359008319 -0.67605110022150461
  outer loop
   vertex -30.769828796386719 38.545406341552734 -40.336917877197266
   vertex -30.511259078979492 38.578540802001953 -40.336917877197266
   vertex -30.511259078979492 38.527034759521484 -40.392601013183594
  endloop
 endfacet
 facet normal -0.068163048736491649 0.80923760757858731 -0.58351374728229921
  outer loop
   vertex -30.769828796386719 38.545406341552734 -40.336917877197266
   vertex -30.511259078979492 38.527034759521484 -40.392601013183594
   vertex -30.769828796386719 38.527034759521484 -40.362396240234375
  endloop
 endfacet
 facet normal -0.11079320731829001 0.29692462767004374 -0.94845170182520755
  outer loop
   vertex -30.769828796386719 38.527034759521484 -40.362396240234375
   vertex -30.511259078979492 38.527034759521484 -40.392601013183594
   vertex -30.511259078979492 38.268466949462891 -40.473548889160156
  endloop
 endfacet
 facet normal 0.39271157699781439 0.66555016979829396 -0.63468148608050001
  outer loop
   vertex -30.769828796386719 38.527034759521484 -40.362396240234375
   vertex -30.511259078979492 38.268466949462891 -40.473548889160156
   vertex -30.769828796386719 38.304756164550781 -40.595485687255859
  endloop
 endfacet
 facet normal 0.41716635683947023 0.5555201732831293 -0.7192840661357417
  outer loop
   vertex -30.769828796386719 38.304756164550781 -40.595485687255859
   vertex -30.511259078979492 38.268466949462891 -40.473548889160156
   vertex -30.721504211425781 38.268466949462891 -40.595485687255859
  endloop
 endfacet
 facet normal 0.42173294022956503 0.56160127055903819 -0.71186047792513385
  outer loop
   vertex -30.769828796386719 38.304756164550781 -40.595485687255859
   vertex -30.721504211425781 38.268466949462891 -40.595485687255859
   vertex -30.769828796386719 38.268466949462891 -40.624114990234375
  endloop
 endfacet
 facet normal 0.49186066982920618 0.2622745712164386 -0.83023197407013771
  outer loop
   vertex -30.769828796386719 38.268466949462891 -40.624114990234375
   vertex -30.721504211425781 38.268466949462891 -40.595485687255859
   vertex -30.769828796386719 38.009895324707031 -40.705799102783203
  endloop
 endfacet
 facet normal 0.24789266989024764 0.29182948953060162 -0.92378827295814558
  outer loop
   vertex -30.769828796386719 38.268466949462891 -40.624114990234375
   vertex -30.769828796386719 38.009895324707031 -40.705799102783203
   vertex -31.028398513793945 38.268466949462891 -40.693500518798828
  endloop
 endfacet
 facet normal 0.48485789582174887 0.51835933400206113 -0.70442630680025409
  outer loop
   vertex -31.028398513793945 38.268466949462891 -40.693500518798828
   vertex -30.769828796386719 38.009895324707031 -40.705799102783203
   vertex -31.028398513793945 38.050277709960938 -40.854057312011719
  endloop
 endfacet
 facet normal 0.27904480090568751 0.56914374920680544 -0.77343997299488343
  outer loop
   vertex -31.028398513793945 38.268466949462891 -40.693500518798828
   vertex -31.028398513793945 38.050277709960938 -40.854057312011719
   vertex -31.286968231201172 38.177051544189453 -40.854057312011719
  endloop
 endfacet
 facet normal 0.25981298983679091 0.52991827351163845 -0.80726936874287014
  outer loop
   vertex -31.286968231201172 38.177051544189453 -40.854057312011719
   vertex -31.028398513793945 38.050277709960938 -40.854057312011719
   vertex -31.028398513793945 38.009895324707031 -40.880565643310547
  endloop
 endfacet
 facet normal 0.3447876014147146 0.64194984657581677 -0.68485173898587226
  outer loop
   vertex -31.286968231201172 38.177051544189453 -40.854057312011719
   vertex -31.028398513793945 38.009895324707031 -40.880565643310547
   vertex -31.286968231201172 38.009895324707031 -41.0107421875
  endloop
 endfacet
 facet normal 0.44493734794412743 -0.14479313397405943 -0.88377921720213382
  outer loop
   vertex -31.286968231201172 38.009895324707031 -41.0107421875
   vertex -31.028398513793945 38.009895324707031 -40.880565643310547
   vertex -31.286968231201172 37.751327514648438 -40.968379974365234
  endloop
 endfacet
 facet normal 0.74995553428778317 -0.10694847269819101 -0.65278535582429376
  outer loop
   vertex -31.286968231201172 38.009895324707031 -41.0107421875
   vertex -31.286968231201172 37.751327514648438 -40.968379974365234
   vertex -31.375650405883789 38.009895324707031 -41.112625122070312
  endloop
 endfacet
 facet normal 0.53570473657511952 -0.26375843400491966 -0.80215455100763111
  outer loop
   vertex -31.375650405883789 38.009895324707031 -41.112625122070312
   vertex -31.286968231201172 37.751327514648438 -40.968379974365234
   vertex -31.502958297729492 37.751327514648438 -41.112625122070312
  endloop
 endfacet
 facet normal 0.60306693802234956 -0.29692474289073606 -0.74036880358617085
  outer loop
   vertex -31.375650405883789 38.009895324707031 -41.112625122070312
   vertex -31.502958297729492 37.751327514648438 -41.112625122070312
   vertex -31.545537948608398 37.751327514648438 -41.147308349609375
  endloop
 endfacet
 facet normal 0.46827875673556285 -0.67097913769991691 -0.57489303593074714
  outer loop
   vertex -31.545537948608398 37.751327514648438 -41.147308349609375
   vertex -31.502958297729492 37.751327514648438 -41.112625122070312
   vertex -31.545537948608398 37.721611022949219 -41.112625122070312
  endloop
 endfacet
 facet normal 0.2205806053687932 -0.74068165838819622 -0.63461395939771759
  outer loop
   vertex -31.545537948608398 37.751327514648438 -41.147308349609375
   vertex -31.545537948608398 37.721611022949219 -41.112625122070312
   vertex -31.804107666015625 37.751327514648438 -41.2371826171875
  endloop
 endfacet
 facet normal 0.2428561746179336 -0.70033604152478557 -0.67123044283713595
  outer loop
   vertex -31.804107666015625 37.751327514648438 -41.2371826171875
   vertex -31.545537948608398 37.721611022949219 -41.112625122070312
   vertex -31.804107666015625 37.631946563720703 -41.112625122070312
  endloop
 endfacet
 facet normal 0.14148785227252633 -0.71468672752097073 -0.68498472184762893
  outer loop
   vertex -31.804107666015625 37.751327514648438 -41.2371826171875
   vertex -31.804107666015625 37.631946563720703 -41.112625122070312
   vertex -32.062679290771484 37.751327514648438 -41.290592193603516
  endloop
 endfacet
 facet normal 0.20635289198900481 -0.64713695186872922 -0.73391569644872978
  outer loop
   vertex -32.062679290771484 37.751327514648438 -41.290592193603516
   vertex -31.804107666015625 37.631946563720703 -41.112625122070312
   vertex -32.062679290771484 37.549495697021484 -41.112625122070312
  endloop
 endfacet
 facet normal 0.40259307937110983 -0.6054053654896876 -0.68658805398782241
  outer loop
   vertex -32.062679290771484 37.751327514648438 -41.290592193603516
   vertex -32.062679290771484 37.549495697021484 -41.112625122070312
   vertex -32.148002624511719 37.492755889892578 -41.112625122070312
  endloop
 endfacet
 facet normal 0.39154451965942655 -0.58879092854796244 -0.70711960203652757
  outer loop
   vertex -32.148002624511719 37.492755889892578 -41.112625122070312
   vertex -32.062679290771484 37.549495697021484 -41.112625122070312
   vertex -32.062679290771484 37.492755889892578 -41.065380096435547
  endloop
 endfacet
 facet normal 0.39400641609461101 -0.58175008598681888 -0.71156572537651708
  outer loop
   vertex -32.148002624511719 37.492755889892578 -41.112625122070312
   vertex -32.062679290771484 37.492755889892578 -41.065380096435547
   vertex -32.321247100830078 37.234188079833984 -40.997158050537109
  endloop
 endfacet
 facet normal 0.33775519865710529 -0.54097876198461836 -0.77023594103475124
  outer loop
   vertex -32.321247100830078 37.234188079833984 -40.997158050537109
   vertex -32.062679290771484 37.492755889892578 -41.065380096435547
   vertex -32.062679290771484 37.234188079833984 -40.883773803710938
  endloop
 endfacet
 facet normal 0.2961619552279196 -0.6753843706644298 -0.6753843706644298
  outer loop
   vertex -32.321247100830078 37.234188079833984 -40.997158050537109
   vertex -32.062679290771484 37.234188079833984 -40.883773803710938
   vertex -32.062679290771484 37.204471588134766 -40.854057312011719
  endloop
 endfacet
 facet normal 0.41102927293096436 -0.64461420120636603 -0.64461420120636603
  outer loop
   vertex -32.062679290771484 37.204471588134766 -40.854057312011719
   vertex -32.062679290771484 37.234188079833984 -40.883773803710938
   vertex -32.016075134277344 37.234188079833984 -40.854057312011719
  endloop
 endfacet
 facet normal 0.45789734372515817 -0.71811705369579681 -0.52405908044867655
  outer loop
   vertex -32.062679290771484 37.204471588134766 -40.854057312011719
   vertex -32.016075134277344 37.234188079833984 -40.854057312011719
   vertex -31.804107666015625 37.180648803710938 -40.595485687255859
  endloop
 endfacet
 facet normal 0.41432268471318906 -0.76215119410160426 -0.49745579729414569
  outer loop
   vertex -31.804107666015625 37.180648803710938 -40.595485687255859
   vertex -32.016075134277344 37.234188079833984 -40.854057312011719
   vertex -31.804107666015625 37.234188079833984 -40.677513122558594
  endloop
 endfacet
 facet normal 0.43810377531169464 -0.75276748083570877 -0.49133105118026194
  outer loop
   vertex -31.804107666015625 37.180648803710938 -40.595485687255859
   vertex -31.804107666015625 37.234188079833984 -40.677513122558594
   vertex -31.712114334106445 37.234188079833984 -40.595485687255859
  endloop
 endfacet
 facet normal 0.47390202252235442 -0.70210211245306364 -0.53147859480713566
  outer loop
   vertex -31.712114334106445 37.234188079833984 -40.595485687255859
   vertex -31.804107666015625 37.234188079833984 -40.677513122558594
   vertex -31.545537948608398 37.492755889892578 -40.788532257080078
  endloop
 endfacet
 facet normal 0.46863588198204459 -0.70214181020792388 -0.53607582343997862
  outer loop
   vertex -31.712114334106445 37.234188079833984 -40.595485687255859
   vertex -31.545537948608398 37.492755889892578 -40.788532257080078
   vertex -31.545537948608398 37.345367431640625 -40.595485687255859
  endloop
 endfacet
 facet normal 0.4290915929634449 -0.71793463708151195 -0.54813343423543404
  outer loop
   vertex -31.545537948608398 37.345367431640625 -40.595485687255859
   vertex -31.545537948608398 37.492755889892578 -40.788532257080078
   vertex -31.298934936523438 37.492755889892578 -40.595485687255859
  endloop
 endfacet
 facet normal 0.46509732139118815 -0.7781776248154374 -0.42204746874178273
  outer loop
   vertex -31.545537948608398 37.345367431640625 -40.595485687255859
   vertex -31.298934936523438 37.492755889892578 -40.595485687255859
   vertex -31.545537948608398 37.234188079833984 -40.390491485595703
  endloop
 endfacet
 facet normal 0.65737162410633465 -0.73996211958749292 -0.14254335970288046
  outer loop
   vertex -31.545537948608398 37.234188079833984 -40.390491485595703
   vertex -31.298934936523438 37.492755889892578 -40.595485687255859
   vertex -31.286968231201172 37.492755889892578 -40.540298461914062
  endloop
 endfacet
 facet normal 0.5599337024021559 -0.75615689220061388 -0.33867536564049505
  outer loop
   vertex -31.545537948608398 37.234188079833984 -40.390491485595703
   vertex -31.286968231201172 37.492755889892578 -40.540298461914062
   vertex -31.513134002685547 37.234188079833984 -40.336917877197266
  endloop
 endfacet
 facet normal 0.70750478958896557 -0.69927222960608459 -0.10225126703571295
  outer loop
   vertex -31.513134002685547 37.234188079833984 -40.336917877197266
   vertex -31.286968231201172 37.492755889892578 -40.540298461914062
   vertex -31.286968231201172 37.463016510009766 -40.336917877197266
  endloop
 endfacet
 facet normal 0.7005060786663484 -0.69235495602257957 -0.17301979257433983
  outer loop
   vertex -31.513134002685547 37.234188079833984 -40.336917877197266
   vertex -31.286968231201172 37.463016510009766 -40.336917877197266
   vertex -31.286968231201172 37.398399353027344 -40.078346252441406
  endloop
 endfacet
 facet normal 0.6009738059734534 -0.7754227186104371 -0.19377846112656852
  outer loop
   vertex -31.286968231201172 37.398399353027344 -40.078346252441406
   vertex -31.286968231201172 37.463016510009766 -40.336917877197266
   vertex -31.24859619140625 37.492755889892578 -40.336917877197266
  endloop
 endfacet
 facet normal 0.68422950536090821 -0.71189190703306948 -0.15823999713848011
  outer loop
   vertex -31.286968231201172 37.398399353027344 -40.078346252441406
   vertex -31.24859619140625 37.492755889892578 -40.336917877197266
   vertex -31.188796997070312 37.492755889892578 -40.078346252441406
  endloop
 endfacet
 facet normal 0.62104096117047924 -0.77050602858622419 -0.14362654511173056
  outer loop
   vertex -31.188796997070312 37.492755889892578 -40.078346252441406
   vertex -31.24859619140625 37.492755889892578 -40.336917877197266
   vertex -31.028398513793945 37.622039794921875 -40.078346252441406
  endloop
 endfacet
 facet normal 0.627547397920451 -0.77857836045145201 0
  outer loop
   vertex -31.188796997070312 37.492755889892578 -40.078346252441406
   vertex -31.028398513793945 37.622039794921875 -40.078346252441406
   vertex -31.028398513793945 37.622039794921875 -39.819778442382812
  endloop
 endfacet
 facet normal 0.6118119519880556 -0.79100324614034623 0
  outer loop
   vertex -31.028398513793945 37.622039794921875 -39.819778442382812
   vertex -31.028398513793945 37.622039794921875 -40.078346252441406
   vertex -30.861244201660156 37.751327514648438 -40.078346252441406
  endloop
 endfacet
 facet normal 0.70335045682609598 -0.70334008047685681 0.10300905822951011
  outer loop
   vertex -31.028398513793945 37.622039794921875 -39.819778442382812
   vertex -30.861244201660156 37.751327514648438 -40.078346252441406
   vertex -30.899112701416016 37.751327514648438 -39.819778442382812
  endloop
 endfacet
 facet normal 0.71572923139636102 -0.6904665219109638 0.10482198931975562
  outer loop
   vertex -30.899112701416016 37.751327514648438 -39.819778442382812
   vertex -30.861244201660156 37.751327514648438 -40.078346252441406
   vertex -30.769828796386719 37.885341644287109 -39.819778442382812
  endloop
 endfacet
 facet normal 0.70805046747343392 -0.68305879118562374 0.17915139769113228
  outer loop
   vertex -30.899112701416016 37.751327514648438 -39.819778442382812
   vertex -30.769828796386719 37.885341644287109 -39.819778442382812
   vertex -30.769828796386719 37.953159332275391 -39.561206817626953
  endloop
 endfacet
 facet normal 0.72235176918708666 -0.66890158774223041 0.17543827252971059
  outer loop
   vertex -30.769828796386719 37.953159332275391 -39.561206817626953
   vertex -30.769828796386719 37.885341644287109 -39.819778442382812
   vertex -30.654491424560547 38.009895324707031 -39.819778442382812
  endloop
 endfacet
 facet normal 0.75317566375471801 -0.62720750241605994 0.19833599885206968
  outer loop
   vertex -30.769828796386719 37.953159332275391 -39.561206817626953
   vertex -30.654491424560547 38.009895324707031 -39.819778442382812
   vertex -30.72258186340332 38.009895324707031 -39.561206817626953
  endloop
 endfacet
 facet normal 0.87038057828614201 -0.43578096094280194 0.22919991933255376
  outer loop
   vertex -30.72258186340332 38.009895324707031 -39.561206817626953
   vertex -30.654491424560547 38.009895324707031 -39.819778442382812
   vertex -30.593120574951172 38.268466949462891 -39.561206817626953
  endloop
 endfacet
 facet normal 0.7474076093012465 0.65494481227428814 0.11148613561153016
  outer loop
   vertex -32.485462188720703 38.527034759521484 -39.819778442382812
   vertex -32.579818725585938 38.678726196289062 -40.078346252441406
   vertex -32.579818725585938 38.634712219238281 -39.819778442382812
  endloop
 endfacet
 facet normal 0.82403322786288891 0.55850770651744497 0.095070400958931281
  outer loop
   vertex -32.579818725585938 38.634712219238281 -39.819778442382812
   vertex -32.579818725585938 38.678726196289062 -40.078346252441406
   vertex -32.682090759277344 38.785606384277344 -39.819778442382812
  endloop
 endfacet
 facet normal 0.74451194600635906 0.65776923644147878 0.11419979792021651
  outer loop
   vertex -32.579818725585938 38.678726196289062 -40.078346252441406
   vertex -32.485462188720703 38.527034759521484 -39.819778442382812
   vertex -32.44580078125 38.527034759521484 -40.078346252441406
  endloop
 endfacet
 facet normal 0.67576742644903087 0.72979037643008893 0.10365515819525205
  outer loop
   vertex -32.44580078125 38.527034759521484 -40.078346252441406
   vertex -32.485462188720703 38.527034759521484 -39.819778442382812
   vertex -32.321247100830078 38.411701202392578 -40.078346252441406
  endloop
 endfacet
 facet normal 0.66708970328431472 0.72041892908434746 0.18970475584182636
  outer loop
   vertex -32.44580078125 38.527034759521484 -40.078346252441406
   vertex -32.321247100830078 38.411701202392578 -40.078346252441406
   vertex -32.321247100830078 38.479789733886719 -40.336917877197266
  endloop
 endfacet
 facet normal 0.50614266656943019 0.83401877295269522 0.21961850432162425
  outer loop
   vertex -32.321247100830078 38.479789733886719 -40.336917877197266
   vertex -32.321247100830078 38.411701202392578 -40.078346252441406
   vertex -32.062679290771484 38.322872161865234 -40.336917877197266
  endloop
 endfacet
 facet normal 0.48609722995814053 0.80098802579367157 0.34946768886719559
  outer loop
   vertex -32.321247100830078 38.479789733886719 -40.336917877197266
   vertex -32.062679290771484 38.322872161865234 -40.336917877197266
   vertex -32.062679290771484 38.435684204101562 -40.595485687255859
  endloop
 endfacet
 facet normal 0.49561649371384636 0.79607226461904312 0.34732296305182736
  outer loop
   vertex -32.062679290771484 38.435684204101562 -40.595485687255859
   vertex -32.062679290771484 38.322872161865234 -40.336917877197266
   vertex -31.975292205810547 38.268466949462891 -40.336917877197266
  endloop
 endfacet
 facet normal 0.55613049501937062 0.77088174149348698 0.31058044552334335
  outer loop
   vertex -32.062679290771484 38.435684204101562 -40.595485687255859
   vertex -31.975292205810547 38.268466949462891 -40.336917877197266
   vertex -31.830890655517578 38.268466949462891 -40.595485687255859
  endloop
 endfacet
 facet normal 0.38841213066937058 0.91720725627775235 -0.08869535376961557
  outer loop
   vertex -30.330585479736328 38.527034759521484 -40.078346252441406
   vertex -30.389631271362305 38.527034759521484 -40.336917877197266
   vertex -30.511259078979492 38.578540802001953 -40.336917877197266
  endloop
 endfacet
 facet normal 0.29685956338389852 0.7010124662222057 -0.64842572576092494
  outer loop
   vertex -30.511259078979492 38.578540802001953 -40.336917877197266
   vertex -30.389631271362305 38.527034759521484 -40.336917877197266
   vertex -30.511259078979492 38.527034759521484 -40.392601013183594
  endloop
 endfacet
 facet normal -0.10291037268456213 0.96963057221175042 -0.22186935035339611
  outer loop
   vertex -30.511259078979492 38.632015228271484 -40.078346252441406
   vertex -30.769828796386719 38.545406341552734 -40.336917877197266
   vertex -30.769828796386719 38.604572296142578 -40.078346252441406
  endloop
 endfacet
 facet normal -0.4365016081850438 0.87703650573143188 -0.20068212094322335
  outer loop
   vertex -30.769828796386719 38.604572296142578 -40.078346252441406
   vertex -30.769828796386719 38.545406341552734 -40.336917877197266
   vertex -30.806741714477539 38.527034759521484 -40.336917877197266
  endloop
 endfacet
 facet normal -0.50586755979907783 0.84346932348472636 -0.1807138962092969
  outer loop
   vertex -30.769828796386719 38.604572296142578 -40.078346252441406
   vertex -30.806741714477539 38.527034759521484 -40.336917877197266
   vertex -30.899112701416016 38.527034759521484 -40.078346252441406
  endloop
 endfacet
 facet normal -0.50584454378729993 0.84348488835263358 -0.18070567407074895
  outer loop
   vertex -30.899112701416016 38.527034759521484 -40.078346252441406
   vertex -30.806741714477539 38.527034759521484 -40.336917877197266
   vertex -31.028398513793945 38.449501037597656 -40.078346252441406
  endloop
 endfacet
 facet normal 0.78774233449252673 0.6032849360116912 0.12453634180284019
  outer loop
   vertex -32.657352447509766 38.785606384277344 -40.078346252441406
   vertex -32.579818725585938 38.737743377685547 -40.336917877197266
   vertex -32.616474151611328 38.785606384277344 -40.336917877197266
  endloop
 endfacet
 facet normal 0.71561031730780844 0.54804332023676827 0.43307088669925248
  outer loop
   vertex -32.616474151611328 38.785606384277344 -40.336917877197266
   vertex -32.579818725585938 38.737743377685547 -40.336917877197266
   vertex -32.579818725585938 38.785606384277344 -40.397487640380859
  endloop
 endfacet
 facet normal -0.37434411211960372 0.752147176271874 -0.54234777675181089
  outer loop
   vertex -30.769828796386719 38.545406341552734 -40.336917877197266
   vertex -30.769828796386719 38.527034759521484 -40.362396240234375
   vertex -30.806741714477539 38.527034759521484 -40.336917877197266
  endloop
 endfacet
 facet normal -0.33335300332964057 0.80970694805919641 -0.48296007437030497
  outer loop
   vertex -30.806741714477539 38.527034759521484 -40.336917877197266
   vertex -30.769828796386719 38.527034759521484 -40.362396240234375
   vertex -31.028398513793945 38.435779571533203 -40.336917877197266
  endloop
 endfacet
 facet normal -0.38023786139771132 0.92358921387741044 -0.049011557504345417
  outer loop
   vertex -30.806741714477539 38.527034759521484 -40.336917877197266
   vertex -31.028398513793945 38.435779571533203 -40.336917877197266
   vertex -31.028398513793945 38.449501037597656 -40.078346252441406
  endloop
 endfacet
 facet normal -0.32759297306252 0.94349142539240549 -0.050067696282791889
  outer loop
   vertex -31.028398513793945 38.449501037597656 -40.078346252441406
   vertex -31.028398513793945 38.435779571533203 -40.336917877197266
   vertex -31.286968231201172 38.346000671386719 -40.336917877197266
  endloop
 endfacet
 facet normal 0.61463130820990874 0.61461543528732709 0.49444536773514797
  outer loop
   vertex -32.321247100830078 38.527034759521484 -40.411872863769531
   vertex -32.173538208007812 38.527034759521484 -40.595485687255859
   vertex -32.321247100830078 38.674747467041016 -40.595485687255859
  endloop
 endfacet
 facet normal 0.6239961997731307 0.6239800850011723 0.47040152656068313
  outer loop
   vertex -32.321247100830078 38.674747467041016 -40.595485687255859
   vertex -32.173538208007812 38.527034759521484 -40.595485687255859
   vertex -32.062679290771484 38.611103057861328 -40.854057312011719
  endloop
 endfacet
 facet normal 0.6674113952937597 0.51111063504057253 0.54159758878752351
  outer loop
   vertex -32.321247100830078 38.674747467041016 -40.595485687255859
   vertex -32.062679290771484 38.611103057861328 -40.854057312011719
   vertex -32.196315765380859 38.785606384277344 -40.854057312011719
  endloop
 endfacet
 facet normal 0.78948402237006987 0.60459513108904339 0.10573412829260748
  outer loop
   vertex -32.196315765380859 38.785606384277344 -40.854057312011719
   vertex -32.062679290771484 38.611103057861328 -40.854057312011719
   vertex -32.062679290771484 38.656322479248047 -41.112625122070312
  endloop
 endfacet
 facet normal 0.70705669460452569 0.70705669460452569 0.011902152319845444
  outer loop
   vertex -32.196315765380859 38.785606384277344 -40.854057312011719
   vertex -32.062679290771484 38.656322479248047 -41.112625122070312
   vertex -32.191963195800781 38.785606384277344 -41.112625122070312
  endloop
 endfacet
 facet normal 0.57735594752344177 0.57735594752344177 -0.57733891235444845
  outer loop
   vertex -32.191963195800781 38.785606384277344 -41.112625122070312
   vertex -32.062679290771484 38.656322479248047 -41.112625122070312
   vertex -32.321247100830078 38.785606384277344 -41.241912841796875
  endloop
 endfacet
 facet normal 0.67191261905989497 0.50544918667813887 0.54134513208717461
  outer loop
   vertex -32.321247100830078 38.674747467041016 -40.595485687255859
   vertex -32.196315765380859 38.785606384277344 -40.854057312011719
   vertex -32.321247100830078 38.785606384277344 -40.698993682861328
  endloop
 endfacet
 facet normal -0.78877217186472226 0.46180329180149304 -0.4056798991484718
  outer loop
   vertex -34.389808654785156 38.527034759521484 -40.716583251953125
   vertex -34.389808654785156 38.633415222167969 -40.595485687255859
   vertex -34.319103240966797 38.527034759521484 -40.854057312011719
  endloop
 endfacet
 facet normal -0.75859095468178772 0.50286883342864552 -0.41432197605375348
  outer loop
   vertex -34.319103240966797 38.527034759521484 -40.854057312011719
   vertex -34.389808654785156 38.633415222167969 -40.595485687255859
   vertex -34.288921356201172 38.785606384277344 -40.595485687255859
  endloop
 endfacet
 facet normal 0.33335883933251848 0.80778396282961251 -0.48616556195823191
  outer loop
   vertex -32.067157745361328 38.527034759521484 -41.371196746826172
   vertex -32.321247100830078 38.631893157958984 -41.371196746826172
   vertex -32.062679290771484 38.527034759521484 -41.368125915527344
  endloop
 endfacet
 facet normal 0.26077484624701425 0.62140169359093356 -0.7388209625932155
  outer loop
   vertex -32.062679290771484 38.527034759521484 -41.368125915527344
   vertex -32.321247100830078 38.631893157958984 -41.371196746826172
   vertex -32.321247100830078 38.785606384277344 -41.241912841796875
  endloop
 endfacet
 facet normal 0.55769990285533599 0.74062166693139098 -0.37476708076739679
  outer loop
   vertex -32.062679290771484 38.527034759521484 -41.368125915527344
   vertex -32.321247100830078 38.785606384277344 -41.241912841796875
   vertex -32.062679290771484 38.656322479248047 -41.112625122070312
  endloop
 endfacet
 facet normal 0.060700778153928582 0.64248607832725502 -0.76388942569404095
  outer loop
   vertex -32.321247100830078 38.785606384277344 -41.241912841796875
   vertex -32.321247100830078 38.631893157958984 -41.371196746826172
   vertex -32.579818725585938 38.656322479248047 -41.371196746826172
  endloop
 endfacet
 facet normal 0.053365548739430356 0.56484650065659081 -0.82346860832926916
  outer loop
   vertex -32.579818725585938 38.656322479248047 -41.371196746826172
   vertex -32.321247100830078 38.631893157958984 -41.371196746826172
   vertex -32.321247100830078 38.527034759521484 -41.443122863769531
  endloop
 endfacet
 facet normal 0.018595576600159723 0.51421703200475 -0.85745848210110642
  outer loop
   vertex -32.579818725585938 38.656322479248047 -41.371196746826172
   vertex -32.321247100830078 38.527034759521484 -41.443122863769531
   vertex -32.579818725585938 38.527034759521484 -41.44873046875
  endloop
 endfacet
 facet normal 0.021260323726881188 0.19620531071750089 -0.98033232869332487
  outer loop
   vertex -32.579818725585938 38.527034759521484 -41.44873046875
   vertex -32.321247100830078 38.527034759521484 -41.443122863769531
   vertex -32.579818725585938 38.268466949462891 -41.500480651855469
  endloop
 endfacet
 facet normal 0 0.19624966828945922 -0.98055395960460889
  outer loop
   vertex -32.579818725585938 38.527034759521484 -41.44873046875
   vertex -32.579818725585938 38.268466949462891 -41.500480651855469
   vertex -32.838386535644531 38.268466949462891 -41.500480651855469
  endloop
 endfacet
 facet normal -0 0 -1
  outer loop
   vertex -32.838386535644531 38.268466949462891 -41.500480651855469
   vertex -32.579818725585938 38.268466949462891 -41.500480651855469
   vertex -32.838386535644531 38.009895324707031 -41.500480651855469
  endloop
 endfacet
 facet normal 0 0 -1
  outer loop
   vertex -32.838386535644531 38.268466949462891 -41.500480651855469
   vertex -32.838386535644531 38.009895324707031 -41.500480651855469
   vertex -33.096958160400391 38.009895324707031 -41.500480651855469
  endloop
 endfacet
 facet normal -0 -0.042921666800863706 -0.99907844062367568
  outer loop
   vertex -33.096958160400391 38.009895324707031 -41.500480651855469
   vertex -32.838386535644531 38.009895324707031 -41.500480651855469
   vertex -33.096958160400391 37.751327514648438 -41.489372253417969
  endloop
 endfacet
 facet normal -0 -0.042921666800863706 -0.99907844062367568
  outer loop
   vertex -33.096958160400391 38.009895324707031 -41.500480651855469
   vertex -33.096958160400391 37.751327514648438 -41.489372253417969
   vertex -33.35552978515625 37.751327514648438 -41.489372253417969
  endloop
 endfacet
 facet normal -0 -0.27614223756445744 -0.96111677991433209
  outer loop
   vertex -33.35552978515625 37.751327514648438 -41.489372253417969
   vertex -33.096958160400391 37.751327514648438 -41.489372253417969
   vertex -33.35552978515625 37.492755889892578 -41.415081024169922
  endloop
 endfacet
 facet normal 0.0033775655076853047 0.61709305338930731 -0.78688293634434769
  outer loop
   vertex -33.096958160400391 38.785606384277344 -41.255859375
   vertex -33.096958160400391 38.638534545898438 -41.371196746826172
   vertex -33.35552978515625 38.639949798583984 -41.371196746826172
  endloop
 endfacet
 facet normal 0.0031247684527246546 0.57090614563621367 -0.82100938404924428
  outer loop
   vertex -33.35552978515625 38.639949798583984 -41.371196746826172
   vertex -33.096958160400391 38.638534545898438 -41.371196746826172
   vertex -33.096958160400391 38.527034759521484 -41.44873046875
  endloop
 endfacet
 facet normal 0.033220583281756505 0.61632709596943358 -0.78678923710248128
  outer loop
   vertex -33.35552978515625 38.639949798583984 -41.371196746826172
   vertex -33.096958160400391 38.527034759521484 -41.44873046875
   vertex -33.35552978515625 38.527034759521484 -41.459648132324219
  endloop
 endfacet
 facet normal 0.04087495959522678 0.24731000786706447 -0.96807385962377945
  outer loop
   vertex -33.35552978515625 38.527034759521484 -41.459648132324219
   vertex -33.096958160400391 38.527034759521484 -41.44873046875
   vertex -33.35552978515625 38.268466949462891 -41.525703430175781
  endloop
 endfacet
 facet normal 0.090325410493412944 0.24650509189975389 -0.96492308495894652
  outer loop
   vertex -33.35552978515625 38.527034759521484 -41.459648132324219
   vertex -33.35552978515625 38.268466949462891 -41.525703430175781
   vertex -33.614097595214844 38.268466949462891 -41.549907684326172
  endloop
 endfacet
 facet normal 0.092799300498035558 -0.092797931433513517 -0.99135101439839979
  outer loop
   vertex -33.614097595214844 38.268466949462891 -41.549907684326172
   vertex -33.35552978515625 38.268466949462891 -41.525703430175781
   vertex -33.614097595214844 38.009895324707031 -41.525703430175781
  endloop
 endfacet
 facet normal -0.24650170586692818 -0.090324169769326598 -0.96492406611099524
  outer loop
   vertex -33.614097595214844 38.268466949462891 -41.549907684326172
   vertex -33.614097595214844 38.009895324707031 -41.525703430175781
   vertex -33.872669219970703 38.009895324707031 -41.459648132324219
  endloop
 endfacet
 facet normal -0.24110399629914328 -0.22609750815958315 -0.94379488225599617
  outer loop
   vertex -33.872669219970703 38.009895324707031 -41.459648132324219
   vertex -33.614097595214844 38.009895324707031 -41.525703430175781
   vertex -33.872669219970703 37.751327514648438 -41.397705078125
  endloop
 endfacet
 facet normal -0.53807895769487502 -0.19636936900860733 -0.81970122983996929
  outer loop
   vertex -33.872669219970703 38.009895324707031 -41.459648132324219
   vertex -33.872669219970703 37.751327514648438 -41.397705078125
   vertex -33.913051605224609 37.751327514648438 -41.371196746826172
  endloop
 endfacet
 facet normal -0.49881610126424136 -0.41683511588121719 -0.75988879665898101
  outer loop
   vertex -33.913051605224609 37.751327514648438 -41.371196746826172
   vertex -33.872669219970703 37.751327514648438 -41.397705078125
   vertex -33.872669219970703 37.7030029296875 -41.371196746826172
  endloop
 endfacet
 facet normal -0.50871000209449346 -0.42510294301960116 -0.74866656236611384
  outer loop
   vertex -33.913051605224609 37.751327514648438 -41.371196746826172
   vertex -33.872669219970703 37.7030029296875 -41.371196746826172
   vertex -34.131237030029297 37.751327514648438 -41.222942352294922
  endloop
 endfacet
 facet normal -0.51282508166093821 -0.37553069707954351 -0.77200202795744277
  outer loop
   vertex -34.131237030029297 37.751327514648438 -41.222942352294922
   vertex -33.872669219970703 37.7030029296875 -41.371196746826172
   vertex -33.872669219970703 37.492755889892578 -41.268924713134766
  endloop
 endfacet
 facet normal -0.4234119666587704 -0.2696000801474725 -0.86489196046363426
  outer loop
   vertex -34.131237030029297 37.751327514648438 -41.222942352294922
   vertex -33.872669219970703 37.492755889892578 -41.268924713134766
   vertex -34.131237030029297 37.492755889892578 -41.142341613769531
  endloop
 endfacet
 facet normal -0.40602525600504252 -0.38376807791164613 -0.82937660556712145
  outer loop
   vertex -34.131237030029297 37.492755889892578 -41.142341613769531
   vertex -33.872669219970703 37.492755889892578 -41.268924713134766
   vertex -33.872669219970703 37.234188079833984 -41.149280548095703
  endloop
 endfacet
 facet normal -0.46405164486607303 -0.44347368856875052 -0.76680320711661021
  outer loop
   vertex -34.131237030029297 37.492755889892578 -41.142341613769531
   vertex -33.872669219970703 37.234188079833984 -41.149280548095703
   vertex -33.933238983154297 37.234188079833984 -41.112625122070312
  endloop
 endfacet
 facet normal -0.43308125273121872 -0.54801276146527655 -0.71562744623439389
  outer loop
   vertex -33.933238983154297 37.234188079833984 -41.112625122070312
   vertex -33.872669219970703 37.234188079833984 -41.149280548095703
   vertex -33.872669219970703 37.186321258544922 -41.112625122070312
  endloop
 endfacet
 facet normal -0.49626351149740677 -0.62796238727732101 -0.59948792091353365
  outer loop
   vertex -33.933238983154297 37.234188079833984 -41.112625122070312
   vertex -33.872669219970703 37.186321258544922 -41.112625122070312
   vertex -34.131237030029297 37.143817901611328 -40.854057312011719
  endloop
 endfacet
 facet normal -0.52387621348488689 -0.58418500761659231 -0.61990450056499768
  outer loop
   vertex -34.131237030029297 37.143817901611328 -40.854057312011719
   vertex -33.872669219970703 37.186321258544922 -41.112625122070312
   vertex -33.943672180175781 36.975616455078125 -40.854057312011719
  endloop
 endfacet
 facet normal -0.58360830991954926 -0.6507934817416442 -0.48566365389581645
  outer loop
   vertex -34.131237030029297 37.143817901611328 -40.854057312011719
   vertex -33.943672180175781 36.975616455078125 -40.854057312011719
   vertex -34.131237030029297 36.975616455078125 -40.628665924072266
  endloop
 endfacet
 facet normal -0.35896528786374715 0.59281943557716488 -0.72090848164719823
  outer loop
   vertex -33.614097595214844 38.785606384277344 -41.222942352294922
   vertex -33.743381500244141 38.527034759521484 -41.371196746826172
   vertex -33.872669219970703 38.527034759521484 -41.306819915771484
  endloop
 endfacet
 facet normal -0.40711972249143269 0.40713173511196588 -0.81761683068734514
  outer loop
   vertex -33.872669219970703 38.527034759521484 -41.306819915771484
   vertex -33.743381500244141 38.527034759521484 -41.371196746826172
   vertex -33.872669219970703 38.397750854492188 -41.371196746826172
  endloop
 endfacet
 facet normal -0.58197434386544789 0.36248255951892061 -0.72795072438111741
  outer loop
   vertex -33.872669219970703 38.527034759521484 -41.306819915771484
   vertex -33.872669219970703 38.397750854492188 -41.371196746826172
   vertex -33.953193664550781 38.268466949462891 -41.371196746826172
  endloop
 endfacet
 facet normal 0.22732376106148161 0.55084331623920135 -0.80305388898346153
  outer loop
   vertex -32.321247100830078 38.631893157958984 -41.371196746826172
   vertex -32.067157745361328 38.527034759521484 -41.371196746826172
   vertex -32.321247100830078 38.527034759521484 -41.443122863769531
  endloop
 endfacet
 facet normal 0 0.57090893287120525 -0.82101339231943216
  outer loop
   vertex -33.096958160400391 38.638534545898438 -41.371196746826172
   vertex -32.838386535644531 38.527034759521484 -41.44873046875
   vertex -33.096958160400391 38.527034759521484 -41.44873046875
  endloop
 endfacet
 facet normal 0 0.19624966828945925 -0.98055395960460912
  outer loop
   vertex -33.096958160400391 38.527034759521484 -41.44873046875
   vertex -32.838386535644531 38.527034759521484 -41.44873046875
   vertex -33.096958160400391 38.268466949462891 -41.500480651855469
  endloop
 endfacet
 facet normal 0.09521512431798651 0.19535805096915249 -0.97609902777466417
  outer loop
   vertex -33.096958160400391 38.527034759521484 -41.44873046875
   vertex -33.096958160400391 38.268466949462891 -41.500480651855469
   vertex -33.35552978515625 38.268466949462891 -41.525703430175781
  endloop
 endfacet
 facet normal 0.096942891313780047 -0.054233477763108343 -0.99381125255927893
  outer loop
   vertex -33.35552978515625 38.268466949462891 -41.525703430175781
   vertex -33.096958160400391 38.268466949462891 -41.500480651855469
   vertex -33.35552978515625 38.009895324707031 -41.511592864990234
  endloop
 endfacet
 facet normal 0.054410213928395582 -0.054409411216595746 -0.99703517720857238
  outer loop
   vertex -33.35552978515625 38.268466949462891 -41.525703430175781
   vertex -33.35552978515625 38.009895324707031 -41.511592864990234
   vertex -33.614097595214844 38.009895324707031 -41.525703430175781
  endloop
 endfacet
 facet normal 0.052934699192808105 -0.2372831163330498 -0.96999723727680964
  outer loop
   vertex -33.614097595214844 38.009895324707031 -41.525703430175781
   vertex -33.35552978515625 38.009895324707031 -41.511592864990234
   vertex -33.614097595214844 37.751327514648438 -41.462451934814453
  endloop
 endfacet
 facet normal -0.23633968728535151 -0.23088470917784507 -0.94384098410787609
  outer loop
   vertex -33.614097595214844 38.009895324707031 -41.525703430175781
   vertex -33.614097595214844 37.751327514648438 -41.462451934814453
   vertex -33.872669219970703 37.751327514648438 -41.397705078125
  endloop
 endfacet
 facet normal -0.2182129286947769 -0.43926915359678431 -0.87145035914205282
  outer loop
   vertex -33.872669219970703 37.751327514648438 -41.397705078125
   vertex -33.614097595214844 37.751327514648438 -41.462451934814453
   vertex -33.614097595214844 37.570289611816406 -41.371196746826172
  endloop
 endfacet
 facet normal -0.23965212996874 -0.46692556268097452 -0.85120348655095479
  outer loop
   vertex -33.872669219970703 37.751327514648438 -41.397705078125
   vertex -33.614097595214844 37.570289611816406 -41.371196746826172
   vertex -33.872669219970703 37.7030029296875 -41.371196746826172
  endloop
 endfacet
 facet normal -0.219060268246697 -0.42680546601224095 -0.8774107892303119
  outer loop
   vertex -33.872669219970703 37.7030029296875 -41.371196746826172
   vertex -33.614097595214844 37.570289611816406 -41.371196746826172
   vertex -33.872669219970703 37.492755889892578 -41.268924713134766
  endloop
 endfacet
 facet normal 0.38920053760555151 0.52278964879069767 0.75842858902130572
  outer loop
   vertex -33.096958160400391 38.271106719970703 -38.785495758056641
   vertex -33.35552978515625 38.268466949462891 -38.650985717773438
   vertex -33.096958160400391 38.268466949462891 -38.783676147460938
  endloop
 endfacet
 facet normal 0.38634662455014501 0.53284823384799496 0.75286721630296916
  outer loop
   vertex -33.096958160400391 38.268466949462891 -38.783676147460938
   vertex -33.35552978515625 38.268466949462891 -38.650985717773438
   vertex -33.096958160400391 38.009895324707031 -38.600669860839844
  endloop
 endfacet
 facet normal 0.39836017258078082 0.52988773136445344 0.74868428930413866
  outer loop
   vertex -33.096958160400391 38.268466949462891 -38.783676147460938
   vertex -33.096958160400391 38.009895324707031 -38.600669860839844
   vertex -32.838386535644531 38.009895324707031 -38.738250732421875
  endloop
 endfacet
 facet normal 0.41404795231414315 0.4722484831299284 0.77816814594658579
  outer loop
   vertex -32.838386535644531 38.009895324707031 -38.738250732421875
   vertex -33.096958160400391 38.009895324707031 -38.600669860839844
   vertex -32.838386535644531 37.751327514648438 -38.581333160400391
  endloop
 endfacet
 facet normal 0.24031293135194084 0.50360550365082724 0.8298380515001913
  outer loop
   vertex -32.838386535644531 38.009895324707031 -38.738250732421875
   vertex -32.838386535644531 37.751327514648438 -38.581333160400391
   vertex -32.579818725585938 37.751327514648438 -38.656211853027344
  endloop
 endfacet
 facet normal 0.23393904239360447 0.54100500669377194 0.80782801831592532
  outer loop
   vertex -32.579818725585938 37.751327514648438 -38.656211853027344
   vertex -32.838386535644531 37.751327514648438 -38.581333160400391
   vertex -32.579818725585938 37.558280944824219 -38.526927947998047
  endloop
 endfacet
 facet normal 0.34552154252115497 0.52217463598455272 0.77971053166428472
  outer loop
   vertex -32.579818725585938 37.751327514648438 -38.656211853027344
   vertex -32.579818725585938 37.558280944824219 -38.526927947998047
   vertex -32.480792999267578 37.492755889892578 -38.526927947998047
  endloop
 endfacet
 facet normal 0.34553082190743395 0.52218865959684913 0.77969702763343862
  outer loop
   vertex -32.480792999267578 37.492755889892578 -38.526927947998047
   vertex -32.579818725585938 37.558280944824219 -38.526927947998047
   vertex -32.579818725585938 37.492755889892578 -38.483043670654297
  endloop
 endfacet
 facet normal 0.40497155105386468 -0.030327160502042091 0.91382619035181445
  outer loop
   vertex -32.480792999267578 37.492755889892578 -38.526927947998047
   vertex -32.579818725585938 37.492755889892578 -38.483043670654297
   vertex -32.500156402587891 37.234188079833984 -38.526927947998047
  endloop
 endfacet
 facet normal 0.38697044323662355 -0.037148974107340638 0.92134349174671182
  outer loop
   vertex -32.500156402587891 37.234188079833984 -38.526927947998047
   vertex -32.579818725585938 37.492755889892578 -38.483043670654297
   vertex -32.579818725585938 37.234188079833984 -38.49346923828125
  endloop
 endfacet
 facet normal 0.289417772444792 -0.66438510959267794 0.68907893535111064
  outer loop
   vertex -32.500156402587891 37.234188079833984 -38.526927947998047
   vertex -32.579818725585938 37.234188079833984 -38.49346923828125
   vertex -32.579818725585938 37.199485778808594 -38.526927947998047
  endloop
 endfacet
 facet normal 0.12018029789223646 -0.68905946132055251 0.71467038189865084
  outer loop
   vertex -32.579818725585938 37.199485778808594 -38.526927947998047
   vertex -32.579818725585938 37.234188079833984 -38.49346923828125
   vertex -32.838386535644531 37.154388427734375 -38.526927947998047
  endloop
 endfacet
 facet normal 0.15507143183605523 -0.88910943941054787 0.43062426287818117
  outer loop
   vertex -32.579818725585938 37.199485778808594 -38.526927947998047
   vertex -32.838386535644531 37.154388427734375 -38.526927947998047
   vertex -32.838386535644531 37.029155731201172 -38.785495758056641
  endloop
 endfacet
 facet normal 0.3082143596294028 -0.85618187528215284 0.41467638581980165
  outer loop
   vertex -32.838386535644531 37.029155731201172 -38.785495758056641
   vertex -32.838386535644531 37.154388427734375 -38.526927947998047
   vertex -33.096958160400391 37.061305999755859 -38.526927947998047
  endloop
 endfacet
 facet normal 0.44544552386672853 -0.71807659262449119 0.53473759208783556
  outer loop
   vertex -32.838386535644531 37.029155731201172 -38.785495758056641
   vertex -33.096958160400391 37.061305999755859 -38.526927947998047
   vertex -32.924694061279297 36.975616455078125 -38.785495758056641
  endloop
 endfacet
 facet normal 0.50201569126071188 -0.66376904707859852 0.5544284425139091
  outer loop
   vertex -32.924694061279297 36.975616455078125 -38.785495758056641
   vertex -33.096958160400391 37.061305999755859 -38.526927947998047
   vertex -33.096958160400391 36.975616455078125 -38.6295166015625
  endloop
 endfacet
 facet normal 0.52853441313416372 -0.61638234151935756 0.58371584113851072
  outer loop
   vertex -32.924694061279297 36.975616455078125 -38.785495758056641
   vertex -33.096958160400391 36.975616455078125 -38.6295166015625
   vertex -33.096958160400391 36.827903747558594 -38.785495758056641
  endloop
 endfacet
 facet normal 0.64704937584851618 -0.55360227387555505 0.52426293744061347
  outer loop
   vertex -33.096958160400391 36.827903747558594 -38.785495758056641
   vertex -33.096958160400391 36.975616455078125 -38.6295166015625
   vertex -33.191806793212891 36.717044830322266 -38.785495758056641
  endloop
 endfacet
 facet normal 0.63705471680242998 -0.54505104705879426 0.54505104705879426
  outer loop
   vertex -33.096958160400391 36.827903747558594 -38.785495758056641
   vertex -33.191806793212891 36.717044830322266 -38.785495758056641
   vertex -33.096958160400391 36.717044830322266 -38.896354675292969
  endloop
 endfacet
 facet normal 0.62428720111018932 -0.57006437281587252 0.53412742054312468
  outer loop
   vertex -33.096958160400391 36.717044830322266 -38.896354675292969
   vertex -33.191806793212891 36.717044830322266 -38.785495758056641
   vertex -33.206687927246094 36.458477020263672 -39.0440673828125
  endloop
 endfacet
 facet normal 0.61084948383393811 -0.57197543627875103 0.54745502864942586
  outer loop
   vertex -33.096958160400391 36.717044830322266 -38.896354675292969
   vertex -33.206687927246094 36.458477020263672 -39.0440673828125
   vertex -33.096958160400391 36.575664520263672 -39.0440673828125
  endloop
 endfacet
 facet normal 0.66983976573880244 -0.6272116165845264 0.39739184221170343
  outer loop
   vertex -33.096958160400391 36.575664520263672 -39.0440673828125
   vertex -33.206687927246094 36.458477020263672 -39.0440673828125
   vertex -33.096958160400391 36.458477020263672 -39.229026794433594
  endloop
 endfacet
 facet normal 0.67855065872261899 -0.62049431694911994 0.39313586224223412
  outer loop
   vertex -33.096958160400391 36.575664520263672 -39.0440673828125
   vertex -33.096958160400391 36.458477020263672 -39.229026794433594
   vertex -32.967674255371094 36.717044830322266 -39.0440673828125
  endloop
 endfacet
 facet normal 0.65173396715056764 -0.62900816702238116 0.42378244640537793
  outer loop
   vertex -32.967674255371094 36.717044830322266 -39.0440673828125
   vertex -33.096958160400391 36.458477020263672 -39.229026794433594
   vertex -33.049095153808594 36.458477020263672 -39.302635192871094
  endloop
 endfacet
 facet normal 0.62817186755749632 -0.64012230922165114 0.44231610195206333
  outer loop
   vertex -32.967674255371094 36.717044830322266 -39.0440673828125
   vertex -33.049095153808594 36.458477020263672 -39.302635192871094
   vertex -32.838386535644531 36.717044830322266 -39.227680206298828
  endloop
 endfacet
 facet normal 0.60696953097788919 -0.6336647642762987 0.47964252832619425
  outer loop
   vertex -32.838386535644531 36.717044830322266 -39.227680206298828
   vertex -33.049095153808594 36.458477020263672 -39.302635192871094
   vertex -32.838386535644531 36.660308837890625 -39.302635192871094
  endloop
 endfacet
 facet normal 0.67862362243299734 -0.58563398063117866 0.44328638576657953
  outer loop
   vertex -32.838386535644531 36.717044830322266 -39.227680206298828
   vertex -32.838386535644531 36.660308837890625 -39.302635192871094
   vertex -32.789424896240234 36.717044830322266 -39.302635192871094
  endloop
 endfacet
 facet normal 0.064256016651260281 0.83883054295536952 0.54058716644895755
  outer loop
   vertex -31.047136306762695 38.268466949462891 -39.0440673828125
   vertex -31.286968231201172 38.286838531494141 -39.0440673828125
   vertex -31.286968231201172 38.268466949462891 -39.015560150146484
  endloop
 endfacet
 facet normal -0.4087182526460521 0.76715295780606063 0.49439430547223179
  outer loop
   vertex -31.286968231201172 38.268466949462891 -39.015560150146484
   vertex -31.286968231201172 38.286838531494141 -39.0440673828125
   vertex -31.321451187133789 38.268466949462891 -39.0440673828125
  endloop
 endfacet
 facet normal -0.51492745355113645 0.58897041262145222 0.62286721749973206
  outer loop
   vertex -31.286968231201172 38.268466949462891 -39.015560150146484
   vertex -31.321451187133789 38.268466949462891 -39.0440673828125
   vertex -31.286968231201172 38.025161743164062 -38.785495758056641
  endloop
 endfacet
 facet normal -0.31516955465544216 0.66982652493215045 0.67230988265502201
  outer loop
   vertex -31.286968231201172 38.025161743164062 -38.785495758056641
   vertex -31.321451187133789 38.268466949462891 -39.0440673828125
   vertex -31.545537948608398 38.163028717041016 -39.0440673828125
  endloop
 endfacet
 facet normal 0.021584109973494466 0.89100178701485311 0.45348642949154533
  outer loop
   vertex -31.286968231201172 38.025161743164062 -38.785495758056641
   vertex -31.545537948608398 38.163028717041016 -39.0440673828125
   vertex -31.545537948608398 38.031425476074219 -38.785495758056641
  endloop
 endfacet
 facet normal -0.20858383695231569 0.87160680156712522 0.44361511068061688
  outer loop
   vertex -31.545537948608398 38.031425476074219 -38.785495758056641
   vertex -31.545537948608398 38.163028717041016 -39.0440673828125
   vertex -31.804107666015625 38.101150512695312 -39.0440673828125
  endloop
 endfacet
 facet normal -0.2888080278876779 0.81169442190250662 0.5076830590831114
  outer loop
   vertex -31.545537948608398 38.031425476074219 -38.785495758056641
   vertex -31.804107666015625 38.101150512695312 -39.0440673828125
   vertex -31.804107666015625 38.009895324707031 -38.898166656494141
  endloop
 endfacet
 facet normal -0.07976849521781737 0.84512100686837777 0.52859007834092431
  outer loop
   vertex -31.804107666015625 38.009895324707031 -38.898166656494141
   vertex -31.804107666015625 38.101150512695312 -39.0440673828125
   vertex -32.062679290771484 38.009895324707031 -38.937187194824219
  endloop
 endfacet
 facet normal 0.61026601263596691 0.38896668298282122 0.6901306494793138
  outer loop
   vertex -32.709102630615234 38.268466949462891 -39.0440673828125
   vertex -32.838386535644531 38.471305847167969 -39.0440673828125
   vertex -32.838386535644531 38.268466949462891 -38.929744720458984
  endloop
 endfacet
 facet normal 0.44074321785741549 0.44073584328966092 0.78198294888855613
  outer loop
   vertex -32.838386535644531 38.268466949462891 -38.929744720458984
   vertex -32.838386535644531 38.471305847167969 -39.0440673828125
   vertex -33.094318389892578 38.268466949462891 -38.785495758056641
  endloop
 endfacet
 facet normal 0.41149808150549094 0.54555513854925186 0.73009514429271949
  outer loop
   vertex -32.838386535644531 38.268466949462891 -38.929744720458984
   vertex -33.094318389892578 38.268466949462891 -38.785495758056641
   vertex -32.838386535644531 38.075424194335938 -38.785495758056641
  endloop
 endfacet
 facet normal 0.44073456716469223 0.44074851112444507 0.78198068470246518
  outer loop
   vertex -33.096958160400391 38.271106719970703 -38.785495758056641
   vertex -32.894119262695312 38.527034759521484 -39.0440673828125
   vertex -33.096958160400391 38.527034759521484 -38.929744720458984
  endloop
 endfacet
 facet normal -0.42442650968310031 0.60387270223175338 0.67468503568520111
  outer loop
   vertex -33.35552978515625 38.527034759521484 -38.888950347900391
   vertex -33.614097595214844 38.268466949462891 -38.820178985595703
   vertex -33.558963775634766 38.268466949462891 -38.785495758056641
  endloop
 endfacet
 facet normal -0.40642664182610166 0.64607173936566731 0.64607173936566731
  outer loop
   vertex -33.558963775634766 38.268466949462891 -38.785495758056641
   vertex -33.614097595214844 38.268466949462891 -38.820178985595703
   vertex -33.614097595214844 38.233783721923828 -38.785495758056641
  endloop
 endfacet
 facet normal -0.45233951745237444 0.61450005416287135 0.64635798469948624
  outer loop
   vertex -33.35552978515625 38.527034759521484 -38.888950347900391
   vertex -33.558963775634766 38.268466949462891 -38.785495758056641
   vertex -33.35552978515625 38.418216705322266 -38.785495758056641
  endloop
 endfacet
 facet normal 0.72839041457579834 0.29156590612985017 0.62002961730612194
  outer loop
   vertex -30.749147415161133 38.268466949462891 -39.302635192871094
   vertex -30.769828796386719 38.320133209228516 -39.302635192871094
   vertex -30.769828796386719 38.268466949462891 -39.278339385986328
  endloop
 endfacet
 facet normal 0.63013915444039159 0.33042643642982322 0.70266849662514141
  outer loop
   vertex -30.769828796386719 38.268466949462891 -39.278339385986328
   vertex -30.769828796386719 38.320133209228516 -39.302635192871094
   vertex -31.028398513793945 38.268466949462891 -39.046459197998047
  endloop
 endfacet
 facet normal 0.66464486621100083 0.094604730801188447 0.74114583364503606
  outer loop
   vertex -30.769828796386719 38.268466949462891 -39.278339385986328
   vertex -31.028398513793945 38.268466949462891 -39.046459197998047
   vertex -31.028398513793945 38.249729156494141 -39.0440673828125
  endloop
 endfacet
 facet normal 0.12561624103309099 0.12561624103309099 0.9840940605335613
  outer loop
   vertex -31.028398513793945 38.249729156494141 -39.0440673828125
   vertex -31.028398513793945 38.268466949462891 -39.046459197998047
   vertex -31.047136306762695 38.268466949462891 -39.0440673828125
  endloop
 endfacet
 facet normal 0.42674159749622309 0.42674159749622309 0.79736015572183139
  outer loop
   vertex -31.028398513793945 38.249729156494141 -39.0440673828125
   vertex -31.047136306762695 38.268466949462891 -39.0440673828125
   vertex -31.286968231201172 38.025161743164062 -38.785495758056641
  endloop
 endfacet
 facet normal 0.086045974244361612 0.68451109608417726 0.72390651996924082
  outer loop
   vertex -31.286968231201172 38.025161743164062 -38.785495758056641
   vertex -31.047136306762695 38.268466949462891 -39.0440673828125
   vertex -31.286968231201172 38.268466949462891 -39.015560150146484
  endloop
 endfacet
 facet normal 0.30087775674293155 0.82927038370380834 0.47093864378396455
  outer loop
   vertex -30.769828796386719 38.320133209228516 -39.302635192871094
   vertex -31.028398513793945 38.413948059082031 -39.302635192871094
   vertex -31.028398513793945 38.268466949462891 -39.046459197998047
  endloop
 endfacet
 facet normal 0.062909699980665548 0.86784118783766329 0.49284281707341171
  outer loop
   vertex -31.028398513793945 38.268466949462891 -39.046459197998047
   vertex -31.028398513793945 38.413948059082031 -39.302635192871094
   vertex -31.047136306762695 38.268466949462891 -39.0440673828125
  endloop
 endfacet
 facet normal 0.066454477439288992 0.86753036209443901 0.4929248150302058
  outer loop
   vertex -31.047136306762695 38.268466949462891 -39.0440673828125
   vertex -31.028398513793945 38.413948059082031 -39.302635192871094
   vertex -31.286968231201172 38.286838531494141 -39.0440673828125
  endloop
 endfacet
 facet normal -0.24814955128669533 0.94431826634237737 0.21606668426284162
  outer loop
   vertex -31.286968231201172 38.286838531494141 -39.0440673828125
   vertex -31.028398513793945 38.413948059082031 -39.302635192871094
   vertex -31.286968231201172 38.346000671386719 -39.302635192871094
  endloop
 endfacet
 facet normal -0.5046869477504351 0.84155462187866514 0.19255363711186183
  outer loop
   vertex -31.286968231201172 38.286838531494141 -39.0440673828125
   vertex -31.286968231201172 38.346000671386719 -39.302635192871094
   vertex -31.416254043579102 38.268466949462891 -39.302635192871094
  endloop
 endfacet
 facet normal -0.46336758282150553 0.86972825268168596 0.1698918764315018
  outer loop
   vertex -31.286968231201172 38.286838531494141 -39.0440673828125
   vertex -31.416254043579102 38.268466949462891 -39.302635192871094
   vertex -31.321451187133789 38.268466949462891 -39.0440673828125
  endloop
 endfacet
 facet normal -0.42065534827588491 0.8940143677196204 0.15423160596253122
  outer loop
   vertex -31.321451187133789 38.268466949462891 -39.0440673828125
   vertex -31.416254043579102 38.268466949462891 -39.302635192871094
   vertex -31.545537948608398 38.163028717041016 -39.0440673828125
  endloop
 endfacet
 facet normal 0.48131027347856536 0.73253136405195918 0.48139196225546266
  outer loop
   vertex -32.557338714599609 38.268466949462891 -39.302635192871094
   vertex -32.579818725585938 38.283237457275391 -39.302635192871094
   vertex -32.579818725585938 38.268466949462891 -39.280158996582031
  endloop
 endfacet
 facet normal 0.70813023479373916 0.59007121327014922 0.38777252847624194
  outer loop
   vertex -32.579818725585938 38.268466949462891 -39.280158996582031
   vertex -32.579818725585938 38.283237457275391 -39.302635192871094
   vertex -32.709102630615234 38.268466949462891 -39.0440673828125
  endloop
 endfacet
 facet normal 0.6227260802266591 0.70422134822522287 0.34100516375766204
  outer loop
   vertex -32.579818725585938 38.268466949462891 -39.280158996582031
   vertex -32.709102630615234 38.268466949462891 -39.0440673828125
   vertex -32.579818725585938 38.154144287109375 -39.0440673828125
  endloop
 endfacet
 facet normal 0.4947147745701021 0.55945738679820245 0.66502986713303291
  outer loop
   vertex -32.579818725585938 38.154144287109375 -39.0440673828125
   vertex -32.709102630615234 38.268466949462891 -39.0440673828125
   vertex -32.838386535644531 38.075424194335938 -38.785495758056641
  endloop
 endfacet
 facet normal 0.42972797981455929 0.64937006054408719 0.62741723584347464
  outer loop
   vertex -32.579818725585938 38.154144287109375 -39.0440673828125
   vertex -32.838386535644531 38.075424194335938 -38.785495758056641
   vertex -32.739364624023438 38.009895324707031 -38.785495758056641
  endloop
 endfacet
 facet normal 0.7683268988105878 0.48971032154645461 0.41213781376497455
  outer loop
   vertex -32.709102630615234 38.268466949462891 -39.0440673828125
   vertex -32.579818725585938 38.283237457275391 -39.302635192871094
   vertex -32.838386535644531 38.471305847167969 -39.0440673828125
  endloop
 endfacet
 facet normal 0.767077945967236 0.49720237696280317 0.40543954068791171
  outer loop
   vertex -32.838386535644531 38.471305847167969 -39.0440673828125
   vertex -32.579818725585938 38.283237457275391 -39.302635192871094
   vertex -32.737842559814453 38.527034759521484 -39.302635192871094
  endloop
 endfacet
 facet normal 0.81883162063152093 0.40591706781257725 0.40588928430348675
  outer loop
   vertex -32.838386535644531 38.471305847167969 -39.0440673828125
   vertex -32.737842559814453 38.527034759521484 -39.302635192871094
   vertex -32.838386535644531 38.527034759521484 -39.099800109863281
  endloop
 endfacet
 facet normal -0.37614609541329241 0.57151291651977243 0.7293059036895273
  outer loop
   vertex -33.577182769775391 38.527034759521484 -39.0440673828125
   vertex -33.614097595214844 38.527034759521484 -39.063106536865234
   vertex -33.614097595214844 38.502738952636719 -39.0440673828125
  endloop
 endfacet
 facet normal -0.75706755230129641 0.46197874477757306 0.46197874477757306
  outer loop
   vertex -34.389808654785156 38.527034759521484 -39.271434783935547
   vertex -34.408847808837891 38.527034759521484 -39.302635192871094
   vertex -34.389808654785156 38.299667358398438 -39.0440673828125
  endloop
 endfacet
 facet normal -0.7570675523012963 0.461978744777573 0.461978744777573
  outer loop
   vertex -34.389808654785156 38.299667358398438 -39.0440673828125
   vertex -34.408847808837891 38.527034759521484 -39.302635192871094
   vertex -34.408847808837891 38.268466949462891 -39.0440673828125
  endloop
 endfacet
 facet normal -0.85636734205997989 0.36512667353476469 0.36512667353476469
  outer loop
   vertex -34.408847808837891 38.268466949462891 -39.0440673828125
   vertex -34.408847808837891 38.527034759521484 -39.302635192871094
   vertex -34.519092559814453 38.268466949462891 -39.302635192871094
  endloop
 endfacet
 facet normal 0.84136851642613419 0.33678967895778844 0.42269579098258775
  outer loop
   vertex -30.769828796386719 38.320133209228516 -39.302635192871094
   vertex -30.749147415161133 38.268466949462891 -39.302635192871094
   vertex -30.769828796386719 38.527034759521484 -39.467487335205078
  endloop
 endfacet
 facet normal 0.56084003989044173 0.4765151748457282 0.67704633356767607
  outer loop
   vertex -30.769828796386719 38.527034759521484 -39.467487335205078
   vertex -30.749147415161133 38.268466949462891 -39.302635192871094
   vertex -30.65669059753418 38.527034759521484 -39.561206817626953
  endloop
 endfacet
 facet normal 0.44447634696589322 0.77774131559002957 0.44447634696589322
  outer loop
   vertex -32.256954193115234 38.268466949462891 -39.561206817626953
   vertex -32.321247100830078 38.305210113525391 -39.561206817626953
   vertex -32.321247100830078 38.268466949462891 -39.496913909912109
  endloop
 endfacet
 facet normal 0.37801106144555197 0.80379695752941549 0.4593670520305761
  outer loop
   vertex -32.321247100830078 38.268466949462891 -39.496913909912109
   vertex -32.321247100830078 38.305210113525391 -39.561206817626953
   vertex -32.557338714599609 38.268466949462891 -39.302635192871094
  endloop
 endfacet
 facet normal 0.3302263848095921 0.85434792056958675 0.40129810041166436
  outer loop
   vertex -32.321247100830078 38.268466949462891 -39.496913909912109
   vertex -32.557338714599609 38.268466949462891 -39.302635192871094
   vertex -32.321247100830078 38.177211761474609 -39.302635192871094
  endloop
 endfacet
 facet normal 0.33915403777659442 0.87744517172449743 0.33921159956168884
  outer loop
   vertex -32.321247100830078 38.177211761474609 -39.302635192871094
   vertex -32.557338714599609 38.268466949462891 -39.302635192871094
   vertex -32.579818725585938 38.268466949462891 -39.280158996582031
  endloop
 endfacet
 facet normal 0.33498280152886939 0.84803242897352338 0.41064281570378935
  outer loop
   vertex -32.321247100830078 38.177211761474609 -39.302635192871094
   vertex -32.579818725585938 38.268466949462891 -39.280158996582031
   vertex -32.579818725585938 38.154144287109375 -39.0440673828125
  endloop
 endfacet
 facet normal 0.46667219410584515 0.71025290285788878 0.5270273970396403
  outer loop
   vertex -32.557338714599609 38.268466949462891 -39.302635192871094
   vertex -32.321247100830078 38.305210113525391 -39.561206817626953
   vertex -32.579818725585938 38.283237457275391 -39.302635192871094
  endloop
 endfacet
 facet normal 0.45945701138266448 0.71962877746958309 0.52060894856787021
  outer loop
   vertex -32.579818725585938 38.283237457275391 -39.302635192871094
   vertex -32.321247100830078 38.305210113525391 -39.561206817626953
   vertex -32.579818725585938 38.470298767089844 -39.561206817626953
  endloop
 endfacet
 facet normal 0.78086462520196076 0.50613858705979076 0.36616139583156482
  outer loop
   vertex -32.579818725585938 38.283237457275391 -39.302635192871094
   vertex -32.579818725585938 38.470298767089844 -39.561206817626953
   vertex -32.737842559814453 38.527034759521484 -39.302635192871094
  endloop
 endfacet
 facet normal 0.89585182583516998 -0.030646477497808688 0.44329482239788059
  outer loop
   vertex -30.456851959228516 38.268466949462891 -39.819778442382812
   vertex -30.511259078979492 38.527034759521484 -39.691951751708984
   vertex -30.511259078979492 38.268466949462891 -39.709827423095703
  endloop
 endfacet
 facet normal 0.8754298675079597 -0.033335725807881286 0.4821942310520293
  outer loop
   vertex -30.511259078979492 38.268466949462891 -39.709827423095703
   vertex -30.511259078979492 38.527034759521484 -39.691951751708984
   vertex -30.593120574951172 38.268466949462891 -39.561206817626953
  endloop
 endfacet
 facet normal 0.72082916815818299 -0.56812451380387596 0.39703884841094783
  outer loop
   vertex -30.511259078979492 38.268466949462891 -39.709827423095703
   vertex -30.593120574951172 38.268466949462891 -39.561206817626953
   vertex -30.654491424560547 38.009895324707031 -39.819778442382812
  endloop
 endfacet
 facet normal 0.90735467804190661 -0.016726264645678238 0.42003299906849073
  outer loop
   vertex -30.511259078979492 38.527034759521484 -39.691951751708984
   vertex -30.456851959228516 38.268466949462891 -39.819778442382812
   vertex -30.452085494995117 38.527034759521484 -39.819778442382812
  endloop
 endfacet
 facet normal 0.90493394804155336 -0.016681640672714305 0.42522496698382306
  outer loop
   vertex -30.452085494995117 38.527034759521484 -39.819778442382812
   vertex -30.456851959228516 38.268466949462891 -39.819778442382812
   vertex -30.330585479736328 38.527034759521484 -40.078346252441406
  endloop
 endfacet
 facet normal -0.49497104885180826 0.86887205739036855 0.0080627963368181087
  outer loop
   vertex -30.892295837402344 38.527034759521484 -39.819778442382812
   vertex -31.028398513793945 38.449501037597656 -39.819778442382812
   vertex -31.028398513793945 38.447101593017578 -39.561206817626953
  endloop
 endfacet
 facet normal -0.3716012159198403 0.92835247744679994 0.008614751609017559
  outer loop
   vertex -31.028398513793945 38.447101593017578 -39.561206817626953
   vertex -31.028398513793945 38.449501037597656 -39.819778442382812
   vertex -31.286968231201172 38.346000671386719 -39.819778442382812
  endloop
 endfacet
 facet normal -0.36415402999578389 0.9313387366784599 0
  outer loop
   vertex -31.028398513793945 38.447101593017578 -39.561206817626953
   vertex -31.286968231201172 38.346000671386719 -39.819778442382812
   vertex -31.286968231201172 38.346000671386719 -39.561206817626953
  endloop
 endfacet
 facet normal -0.51431154254857769 0.85760342653309318 0
  outer loop
   vertex -31.286968231201172 38.346000671386719 -39.561206817626953
   vertex -31.286968231201172 38.346000671386719 -39.819778442382812
   vertex -31.416254043579102 38.268466949462891 -39.819778442382812
  endloop
 endfacet
 facet normal -0.51431154254857769 0.85760342653309318 0
  outer loop
   vertex -31.286968231201172 38.346000671386719 -39.561206817626953
   vertex -31.416254043579102 38.268466949462891 -39.819778442382812
   vertex -31.416254043579102 38.268466949462891 -39.561206817626953
  endloop
 endfacet
 facet normal -0.51431712316746925 0.85760007976721775 0
  outer loop
   vertex -31.416254043579102 38.268466949462891 -39.561206817626953
   vertex -31.416254043579102 38.268466949462891 -39.819778442382812
   vertex -31.545537948608398 38.190933227539062 -39.561206817626953
  endloop
 endfacet
 facet normal -0.51431712316746925 0.85760007976721775 0
  outer loop
   vertex -31.416254043579102 38.268466949462891 -39.561206817626953
   vertex -31.545537948608398 38.190933227539062 -39.561206817626953
   vertex -31.545537948608398 38.190933227539062 -39.302635192871094
  endloop
 endfacet
 facet normal -0.19624827640068074 0.98055423817847132 0
  outer loop
   vertex -31.545537948608398 38.190933227539062 -39.302635192871094
   vertex -31.545537948608398 38.190933227539062 -39.561206817626953
   vertex -31.804107666015625 38.139183044433594 -39.561206817626953
  endloop
 endfacet
 facet normal -0.19624827640068074 0.98055423817847132 0
  outer loop
   vertex -31.545537948608398 38.190933227539062 -39.302635192871094
   vertex -31.804107666015625 38.139183044433594 -39.561206817626953
   vertex -31.804107666015625 38.139183044433594 -39.302635192871094
  endloop
 endfacet
 facet normal 0.1455070168415592 0.98935721963801848 -0
  outer loop
   vertex -31.804107666015625 38.139183044433594 -39.302635192871094
   vertex -31.804107666015625 38.139183044433594 -39.561206817626953
   vertex -32.062679290771484 38.177211761474609 -39.561206817626953
  endloop
 endfacet
 facet normal 0.042690714909522379 0.99371728321159192 0.10345754639989678
  outer loop
   vertex -31.804107666015625 38.139183044433594 -39.302635192871094
   vertex -32.062679290771484 38.177211761474609 -39.561206817626953
   vertex -32.062679290771484 38.150291442871094 -39.302635192871094
  endloop
 endfacet
 facet normal 0.10300268583269129 0.98933371845139306 0.10300116623801663
  outer loop
   vertex -32.062679290771484 38.150291442871094 -39.302635192871094
   vertex -32.062679290771484 38.177211761474609 -39.561206817626953
   vertex -32.321247100830078 38.177211761474609 -39.302635192871094
  endloop
 endfacet
 facet normal 0.47975858853900183 0.83947791229613133 0.25516373466853332
  outer loop
   vertex -32.256954193115234 38.268466949462891 -39.561206817626953
   vertex -32.321247100830078 38.383804321289062 -39.819778442382812
   vertex -32.321247100830078 38.305210113525391 -39.561206817626953
  endloop
 endfacet
 facet normal 0.52129926755874312 0.81648978101380154 0.24817637104033979
  outer loop
   vertex -32.321247100830078 38.305210113525391 -39.561206817626953
   vertex -32.321247100830078 38.383804321289062 -39.819778442382812
   vertex -32.579818725585938 38.470298767089844 -39.561206817626953
  endloop
 endfacet
 facet normal 0.6054061468627987 0.77196041607413524 0.19380534914028399
  outer loop
   vertex -32.321247100830078 38.383804321289062 -39.819778442382812
   vertex -32.256954193115234 38.268466949462891 -39.561206817626953
   vertex -32.174179077148438 38.268466949462891 -39.819778442382812
  endloop
 endfacet
 facet normal 0.56160660195702539 0.80763588529406616 0.17978404107026089
  outer loop
   vertex -32.174179077148438 38.268466949462891 -39.819778442382812
   vertex -32.256954193115234 38.268466949462891 -39.561206817626953
   vertex -32.062679290771484 38.190933227539062 -39.819778442382812
  endloop
 endfacet
 facet normal 0.56767787189778096 0.81636686433949524 0.10624018338701553
  outer loop
   vertex -32.174179077148438 38.268466949462891 -39.819778442382812
   vertex -32.062679290771484 38.190933227539062 -39.819778442382812
   vertex -32.062679290771484 38.224582672119141 -40.078346252441406
  endloop
 endfacet
 facet normal 0.19466833424271793 0.97266723426022028 0.12658076883847338
  outer loop
   vertex -32.062679290771484 38.224582672119141 -40.078346252441406
   vertex -32.062679290771484 38.190933227539062 -39.819778442382812
   vertex -31.804107666015625 38.139183044433594 -39.819778442382812
  endloop
 endfacet
 facet normal 0.27590713668777794 0.96029850814416695 0.04125563211052808
  outer loop
   vertex -32.062679290771484 38.224582672119141 -40.078346252441406
   vertex -31.804107666015625 38.139183044433594 -39.819778442382812
   vertex -31.804107666015625 38.150291442871094 -40.078346252441406
  endloop
 endfacet
 facet normal -0.19607437802299174 0.97968535517790334 0.04208851545068093
  outer loop
   vertex -31.804107666015625 38.150291442871094 -40.078346252441406
   vertex -31.804107666015625 38.139183044433594 -39.819778442382812
   vertex -31.545537948608398 38.190933227539062 -39.819778442382812
  endloop
 endfacet
 facet normal -0.1552728832343194 0.9878716170293087 0
  outer loop
   vertex -31.804107666015625 38.150291442871094 -40.078346252441406
   vertex -31.545537948608398 38.190933227539062 -39.819778442382812
   vertex -31.545537948608398 38.190933227539062 -40.078346252441406
  endloop
 endfacet
 facet normal -0.51431712316746925 0.85760007976721775 0
  outer loop
   vertex -31.545537948608398 38.190933227539062 -40.078346252441406
   vertex -31.545537948608398 38.190933227539062 -39.819778442382812
   vertex -31.416254043579102 38.268466949462891 -40.078346252441406
  endloop
 endfacet
 facet normal -0.51431712316746925 0.85760007976721775 0
  outer loop
   vertex -31.545537948608398 38.190933227539062 -40.078346252441406
   vertex -31.416254043579102 38.268466949462891 -40.078346252441406
   vertex -31.416254043579102 38.268466949462891 -40.336917877197266
  endloop
 endfacet
 facet normal -0.51431154254857769 0.85760342653309318 0
  outer loop
   vertex -31.416254043579102 38.268466949462891 -40.336917877197266
   vertex -31.416254043579102 38.268466949462891 -40.078346252441406
   vertex -31.286968231201172 38.346000671386719 -40.078346252441406
  endloop
 endfacet
 facet normal 0.92196704437824006 -0.0691862938719707 0.38103808972426051
  outer loop
   vertex -30.330585479736328 38.527034759521484 -40.078346252441406
   vertex -30.456851959228516 38.268466949462891 -39.819778442382812
   vertex -30.34998893737793 38.268466949462891 -40.078346252441406
  endloop
 endfacet
 facet normal 0.7548344812479294 -0.57697769380988229 0.31196417545128308
  outer loop
   vertex -30.34998893737793 38.268466949462891 -40.078346252441406
   vertex -30.456851959228516 38.268466949462891 -39.819778442382812
   vertex -30.511259078979492 38.197288513183594 -39.819778442382812
  endloop
 endfacet
 facet normal 0.71974118333352388 -0.63822003243997094 0.27321753092724671
  outer loop
   vertex -30.34998893737793 38.268466949462891 -40.078346252441406
   vertex -30.511259078979492 38.197288513183594 -39.819778442382812
   vertex -30.511259078979492 38.086597442626953 -40.078346252441406
  endloop
 endfacet
 facet normal 0.69111341682134741 -0.66442372824713058 0.28443514978234619
  outer loop
   vertex -30.511259078979492 38.086597442626953 -40.078346252441406
   vertex -30.511259078979492 38.197288513183594 -39.819778442382812
   vertex -30.584999084472656 38.009895324707031 -40.078346252441406
  endloop
 endfacet
 facet normal 0.70825763393690677 -0.68090586327236169 0.18638221302317062
  outer loop
   vertex -30.511259078979492 38.086597442626953 -40.078346252441406
   vertex -30.584999084472656 38.009895324707031 -40.078346252441406
   vertex -30.51695442199707 38.009895324707031 -40.336917877197266
  endloop
 endfacet
 facet normal 0.74926064717280105 -0.63224325006189741 0.19717240007000042
  outer loop
   vertex -30.51695442199707 38.009895324707031 -40.336917877197266
   vertex -30.584999084472656 38.009895324707031 -40.078346252441406
   vertex -30.735139846801758 37.751327514648438 -40.336917877197266
  endloop
 endfacet
 facet normal 0.70725451543420448 -0.59679751652023783 -0.37897727461314246
  outer loop
   vertex -30.51695442199707 38.009895324707031 -40.336917877197266
   vertex -30.735139846801758 37.751327514648438 -40.336917877197266
   vertex -30.655506134033203 38.009895324707031 -40.595485687255859
  endloop
 endfacet
 facet normal 0.90491399741288414 -0.4060826774248617 -0.12738726930777067
  outer loop
   vertex -30.655506134033203 38.009895324707031 -40.595485687255859
   vertex -30.735139846801758 37.751327514648438 -40.336917877197266
   vertex -30.769828796386719 37.751327514648438 -40.583335876464844
  endloop
 endfacet
 facet normal 0.90700558160828959 -0.40623580636087442 -0.11096551068570197
  outer loop
   vertex -30.655506134033203 38.009895324707031 -40.595485687255859
   vertex -30.769828796386719 37.751327514648438 -40.583335876464844
   vertex -30.769828796386719 37.754646301269531 -40.595485687255859
  endloop
 endfacet
 facet normal 0.81945079196765158 -0.55289381021265693 -0.15102593873940706
  outer loop
   vertex -30.769828796386719 37.754646301269531 -40.595485687255859
   vertex -30.769828796386719 37.751327514648438 -40.583335876464844
   vertex -30.772068023681641 37.751327514648438 -40.595485687255859
  endloop
 endfacet
 facet normal 0.50685478009843843 -0.34198132864113029 -0.7912945107557684
  outer loop
   vertex -30.769828796386719 37.754646301269531 -40.595485687255859
   vertex -30.772068023681641 37.751327514648438 -40.595485687255859
   vertex -30.769828796386719 38.009895324707031 -40.705799102783203
  endloop
 endfacet
 facet normal 0.67582040087037532 -0.29417744396761503 -0.67581537214544474
  outer loop
   vertex -30.769828796386719 38.009895324707031 -40.705799102783203
   vertex -30.772068023681641 37.751327514648438 -40.595485687255859
   vertex -31.028398513793945 37.751327514648438 -40.851818084716797
  endloop
 endfacet
 facet normal 0.55951109710963665 -0.09451373331859822 -0.82341635059388485
  outer loop
   vertex -30.769828796386719 38.009895324707031 -40.705799102783203
   vertex -31.028398513793945 37.751327514648438 -40.851818084716797
   vertex -30.988016128540039 38.009895324707031 -40.854057312011719
  endloop
 endfacet
 facet normal 0.72230744885221021 -0.11870812807274149 -0.68130780830846005
  outer loop
   vertex -30.988016128540039 38.009895324707031 -40.854057312011719
   vertex -31.028398513793945 37.751327514648438 -40.851818084716797
   vertex -31.028398513793945 37.764179229736328 -40.854057312011719
  endloop
 endfacet
 facet normal 0.54654517374997402 -0.089822352775328351 -0.83259853350370205
  outer loop
   vertex -30.988016128540039 38.009895324707031 -40.854057312011719
   vertex -31.028398513793945 37.764179229736328 -40.854057312011719
   vertex -31.028398513793945 38.009895324707031 -40.880565643310547
  endloop
 endfacet
 facet normal 0.40649763357132795 -0.09799791543645256 -0.90838102273826715
  outer loop
   vertex -31.028398513793945 38.009895324707031 -40.880565643310547
   vertex -31.028398513793945 37.764179229736328 -40.854057312011719
   vertex -31.286968231201172 37.751327514648438 -40.968379974365234
  endloop
 endfacet
 facet normal -0.37161500568354272 0.92838692771431275 0
  outer loop
   vertex -31.028398513793945 38.449501037597656 -39.819778442382812
   vertex -31.286968231201172 38.346000671386719 -40.078346252441406
   vertex -31.286968231201172 38.346000671386719 -39.819778442382812
  endloop
 endfacet
 facet normal -0.51431154254857769 0.85760342653309329 0
  outer loop
   vertex -31.286968231201172 38.346000671386719 -39.819778442382812
   vertex -31.286968231201172 38.346000671386719 -40.078346252441406
   vertex -31.416254043579102 38.268466949462891 -40.078346252441406
  endloop
 endfacet
 facet normal -0.51431154254857769 0.85760342653309329 0
  outer loop
   vertex -31.286968231201172 38.346000671386719 -39.819778442382812
   vertex -31.416254043579102 38.268466949462891 -40.078346252441406
   vertex -31.416254043579102 38.268466949462891 -39.819778442382812
  endloop
 endfacet
 facet normal -0.51431712316746925 0.85760007976721775 0
  outer loop
   vertex -31.416254043579102 38.268466949462891 -39.819778442382812
   vertex -31.416254043579102 38.268466949462891 -40.078346252441406
   vertex -31.545537948608398 38.190933227539062 -39.819778442382812
  endloop
 endfacet
 facet normal -0.51431712316746925 0.85760007976721775 0
  outer loop
   vertex -31.416254043579102 38.268466949462891 -39.819778442382812
   vertex -31.545537948608398 38.190933227539062 -39.819778442382812
   vertex -31.545537948608398 38.190933227539062 -39.561206817626953
  endloop
 endfacet
 facet normal -0.19624827640068074 0.98055423817847132 0
  outer loop
   vertex -31.545537948608398 38.190933227539062 -39.561206817626953
   vertex -31.545537948608398 38.190933227539062 -39.819778442382812
   vertex -31.804107666015625 38.139183044433594 -39.819778442382812
  endloop
 endfacet
 facet normal -0.19624827640068074 0.98055423817847132 0
  outer loop
   vertex -31.545537948608398 38.190933227539062 -39.561206817626953
   vertex -31.804107666015625 38.139183044433594 -39.819778442382812
   vertex -31.804107666015625 38.139183044433594 -39.561206817626953
  endloop
 endfacet
 facet normal 0.19624688453125042 0.98055451674640615 -0
  outer loop
   vertex -31.804107666015625 38.139183044433594 -39.561206817626953
   vertex -31.804107666015625 38.139183044433594 -39.819778442382812
   vertex -32.062679290771484 38.190933227539062 -39.819778442382812
  endloop
 endfacet
 facet normal 0.14530689116766041 0.98799648951926222 0.052429419954867537
  outer loop
   vertex -31.804107666015625 38.139183044433594 -39.561206817626953
   vertex -32.062679290771484 38.190933227539062 -39.819778442382812
   vertex -32.062679290771484 38.177211761474609 -39.561206817626953
  endloop
 endfacet
 facet normal 0.42466542817947134 0.90407829304924825 0.047976183115208029
  outer loop
   vertex -32.062679290771484 38.177211761474609 -39.561206817626953
   vertex -32.062679290771484 38.190933227539062 -39.819778442382812
   vertex -32.256954193115234 38.268466949462891 -39.561206817626953
  endloop
 endfacet
 facet normal 0.39126145926392125 0.83296394939356999 0.39126145926392125
  outer loop
   vertex -32.062679290771484 38.177211761474609 -39.561206817626953
   vertex -32.256954193115234 38.268466949462891 -39.561206817626953
   vertex -32.321247100830078 38.268466949462891 -39.496913909912109
  endloop
 endfacet
 facet normal 0.97230606742601644 -0.072963837183358901 -0.22202970456683233
  outer loop
   vertex -30.330585479736328 38.527034759521484 -40.078346252441406
   vertex -30.34998893737793 38.268466949462891 -40.078346252441406
   vertex -30.389631271362305 38.527034759521484 -40.336917877197266
  endloop
 endfacet
 facet normal 0.9771445853841364 0.20522602339158724 0.055414245256430378
  outer loop
   vertex -30.389631271362305 38.527034759521484 -40.336917877197266
   vertex -30.34998893737793 38.268466949462891 -40.078346252441406
   vertex -30.335325241088867 38.268466949462891 -40.336917877197266
  endloop
 endfacet
 facet normal 0.60833611684655686 0.12776655984520349 -0.78332807630352075
  outer loop
   vertex -30.389631271362305 38.527034759521484 -40.336917877197266
   vertex -30.335325241088867 38.268466949462891 -40.336917877197266
   vertex -30.511259078979492 38.268466949462891 -40.473548889160156
  endloop
 endfacet
 facet normal 0.56282239210226426 -0.39750338775449734 -0.7247220237249471
  outer loop
   vertex -30.511259078979492 38.268466949462891 -40.473548889160156
   vertex -30.335325241088867 38.268466949462891 -40.336917877197266
   vertex -30.511259078979492 38.019363403320312 -40.336917877197266
  endloop
 endfacet
 facet normal 0.45326930329048981 -0.4286638363446616 -0.78153327127181915
  outer loop
   vertex -30.511259078979492 38.268466949462891 -40.473548889160156
   vertex -30.511259078979492 38.019363403320312 -40.336917877197266
   vertex -30.721504211425781 38.268466949462891 -40.595485687255859
  endloop
 endfacet
 facet normal 0.55037757654342723 -0.3310691868571059 -0.76647094971170215
  outer loop
   vertex -30.721504211425781 38.268466949462891 -40.595485687255859
   vertex -30.511259078979492 38.019363403320312 -40.336917877197266
   vertex -30.51695442199707 38.009895324707031 -40.336917877197266
  endloop
 endfacet
 facet normal 0.85993852695920492 0.21949156064088643 -0.46079191036590544
  outer loop
   vertex -30.721504211425781 38.268466949462891 -40.595485687255859
   vertex -30.51695442199707 38.009895324707031 -40.336917877197266
   vertex -30.655506134033203 38.009895324707031 -40.595485687255859
  endloop
 endfacet
 facet normal 0.50212410127085472 0.80652495525962276 0.31207192034273146
  outer loop
   vertex -31.975292205810547 38.268466949462891 -40.336917877197266
   vertex -32.062679290771484 38.322872161865234 -40.336917877197266
   vertex -32.062679290771484 38.268466949462891 -40.196311950683594
  endloop
 endfacet
 facet normal 0.56303082647261415 0.77074998102156633 0.2982293667579039
  outer loop
   vertex -32.062679290771484 38.268466949462891 -40.196311950683594
   vertex -32.062679290771484 38.322872161865234 -40.336917877197266
   vertex -32.125164031982422 38.268466949462891 -40.078346252441406
  endloop
 endfacet
 facet normal 0.56302094976486228 0.77075750665317599 0.29822856346039628
  outer loop
   vertex -32.125164031982422 38.268466949462891 -40.078346252441406
   vertex -32.062679290771484 38.322872161865234 -40.336917877197266
   vertex -32.321247100830078 38.411701202392578 -40.078346252441406
  endloop
 endfacet
 facet normal 0.40036193518931135 0.2737744862426828 -0.87450434620648099
  outer loop
   vertex -30.511259078979492 38.527034759521484 -40.392601013183594
   vertex -30.389631271362305 38.527034759521484 -40.336917877197266
   vertex -30.511259078979492 38.268466949462891 -40.473548889160156
  endloop
 endfacet
 facet normal -0.30771646303479488 0.68857539863817863 -0.65663878865600755
  outer loop
   vertex -30.769828796386719 38.527034759521484 -40.362396240234375
   vertex -30.769828796386719 38.304756164550781 -40.595485687255859
   vertex -31.028398513793945 38.435779571533203 -40.336917877197266
  endloop
 endfacet
 facet normal 0.16920203052391783 0.93700462695975983 -0.30560268637985616
  outer loop
   vertex -31.028398513793945 38.435779571533203 -40.336917877197266
   vertex -30.769828796386719 38.304756164550781 -40.595485687255859
   vertex -31.028398513793945 38.351448059082031 -40.595485687255859
  endloop
 endfacet
 facet normal -0.14228910023365846 0.94103921715171768 -0.30691856206032608
  outer loop
   vertex -31.028398513793945 38.435779571533203 -40.336917877197266
   vertex -31.028398513793945 38.351448059082031 -40.595485687255859
   vertex -31.286968231201172 38.312351226806641 -40.595485687255859
  endloop
 endfacet
 facet normal -0.11463999139206388 0.75817984354888956 -0.64188861744839243
  outer loop
   vertex -31.286968231201172 38.312351226806641 -40.595485687255859
   vertex -31.028398513793945 38.351448059082031 -40.595485687255859
   vertex -31.028398513793945 38.268466949462891 -40.693500518798828
  endloop
 endfacet
 facet normal 0.0015839886741767066 0.91424557325010669 -0.40515740493351932
  outer loop
   vertex -31.286968231201172 38.312351226806641 -40.595485687255859
   vertex -31.028398513793945 38.268466949462891 -40.693500518798828
   vertex -31.286968231201172 38.268466949462891 -40.694511413574219
  endloop
 endfacet
 facet normal 0.0019436297988101739 0.86766386811447738 -0.49714749750132303
  outer loop
   vertex -31.286968231201172 38.268466949462891 -40.694511413574219
   vertex -31.028398513793945 38.268466949462891 -40.693500518798828
   vertex -31.286968231201172 38.177051544189453 -40.854057312011719
  endloop
 endfacet
 facet normal -0.31991048112464004 0.82206775300909951 -0.47102217944505698
  outer loop
   vertex -31.286968231201172 38.268466949462891 -40.694511413574219
   vertex -31.286968231201172 38.177051544189453 -40.854057312011719
   vertex -31.545537948608398 38.224582672119141 -40.595485687255859
  endloop
 endfacet
 facet normal 0.44829825594578232 0.84447837881424248 0.29306132708229982
  outer loop
   vertex -31.545537948608398 38.224582672119141 -40.595485687255859
   vertex -31.286968231201172 38.177051544189453 -40.854057312011719
   vertex -31.459171295166016 38.268466949462891 -40.854057312011719
  endloop
 endfacet
 facet normal 0.36538952597970809 0.88989848945216321 0.27307722859125838
  outer loop
   vertex -31.545537948608398 38.224582672119141 -40.595485687255859
   vertex -31.459171295166016 38.268466949462891 -40.854057312011719
   vertex -31.545537948608398 38.268466949462891 -40.738494873046875
  endloop
 endfacet
 facet normal 0.37502630701687373 0.88362817192377252 0.28027936568348616
  outer loop
   vertex -31.545537948608398 38.268466949462891 -40.738494873046875
   vertex -31.459171295166016 38.268466949462891 -40.854057312011719
   vertex -31.545537948608398 38.305122375488281 -40.854057312011719
  endloop
 endfacet
 facet normal 0.1308307189243301 0.9450051269538946 0.29974761553112739
  outer loop
   vertex -31.545537948608398 38.268466949462891 -40.738494873046875
   vertex -31.545537948608398 38.305122375488281 -40.854057312011719
   vertex -31.804107666015625 38.268466949462891 -40.625637054443359
  endloop
 endfacet
 facet normal -0.32555340362823204 0.93761731809775395 -0.12201945004485391
  outer loop
   vertex -31.028398513793945 38.435779571533203 -40.336917877197266
   vertex -31.286968231201172 38.312351226806641 -40.595485687255859
   vertex -31.286968231201172 38.346000671386719 -40.336917877197266
  endloop
 endfacet
 facet normal -0.31901093605017317 0.93982607259600515 -0.12230689248427844
  outer loop
   vertex -31.286968231201172 38.346000671386719 -40.336917877197266
   vertex -31.286968231201172 38.312351226806641 -40.595485687255859
   vertex -31.416254043579102 38.268466949462891 -40.595485687255859
  endloop
 endfacet
 facet normal 0.11115247553829864 0.61553861708943858 -0.78022902923009041
  outer loop
   vertex -30.769828796386719 38.304756164550781 -40.595485687255859
   vertex -30.769828796386719 38.268466949462891 -40.624114990234375
   vertex -31.028398513793945 38.351448059082031 -40.595485687255859
  endloop
 endfacet
 facet normal 0.17084077826322935 0.75199137750607281 -0.63664935140070067
  outer loop
   vertex -31.028398513793945 38.351448059082031 -40.595485687255859
   vertex -30.769828796386719 38.268466949462891 -40.624114990234375
   vertex -31.028398513793945 38.268466949462891 -40.693500518798828
  endloop
 endfacet
 facet normal -0.29638488574343841 0.87316832016461599 -0.38695359432850812
  outer loop
   vertex -31.286968231201172 38.312351226806641 -40.595485687255859
   vertex -31.286968231201172 38.268466949462891 -40.694511413574219
   vertex -31.416254043579102 38.268466949462891 -40.595485687255859
  endloop
 endfacet
 facet normal -0.29638821951111427 0.8731652596880366 -0.38695794682233248
  outer loop
   vertex -31.416254043579102 38.268466949462891 -40.595485687255859
   vertex -31.286968231201172 38.268466949462891 -40.694511413574219
   vertex -31.545537948608398 38.224582672119141 -40.595485687255859
  endloop
 endfacet
 facet normal 0.53029210206775046 0.735065785464598 0.42245541483555415
  outer loop
   vertex -31.830890655517578 38.268466949462891 -40.595485687255859
   vertex -31.804107666015625 38.397750854492188 -40.854057312011719
   vertex -32.062679290771484 38.435684204101562 -40.595485687255859
  endloop
 endfacet
 facet normal 0.53720834242529991 0.7251147569684151 0.43083150541168408
  outer loop
   vertex -32.062679290771484 38.435684204101562 -40.595485687255859
   vertex -31.804107666015625 38.397750854492188 -40.854057312011719
   vertex -31.978612899780273 38.527034759521484 -40.854057312011719
  endloop
 endfacet
 facet normal 0.57947577092666835 0.69079398371938017 0.43244826623083149
  outer loop
   vertex -32.062679290771484 38.435684204101562 -40.595485687255859
   vertex -31.978612899780273 38.527034759521484 -40.854057312011719
   vertex -32.062679290771484 38.527034759521484 -40.741409301757812
  endloop
 endfacet
 facet normal -0.82734263693051768 0.36665939257124419 -0.42551739207245537
  outer loop
   vertex -34.389808654785156 38.527034759521484 -40.716583251953125
   vertex -34.319103240966797 38.527034759521484 -40.854057312011719
   vertex -34.389808654785156 38.36749267578125 -40.854057312011719
  endloop
 endfacet
 facet normal -0.75622771219452212 0.33514287940906839 -0.56195987195745345
  outer loop
   vertex -34.389808654785156 38.36749267578125 -40.854057312011719
   vertex -34.319103240966797 38.527034759521484 -40.854057312011719
   vertex -34.241550445556641 38.268466949462891 -41.112625122070312
  endloop
 endfacet
 facet normal -0.93938019444245002 0.21147210744736575 -0.26989701380533043
  outer loop
   vertex -34.449775695800781 38.527034759521484 -40.595485687255859
   vertex -34.433692932128906 38.268466949462891 -40.854057312011719
   vertex -34.507984161376953 38.268466949462891 -40.595485687255859
  endloop
 endfacet
 facet normal -0.96029853225702944 0.041255024503673042 -0.27590714361573915
  outer loop
   vertex -34.507984161376953 38.268466949462891 -40.595485687255859
   vertex -34.433692932128906 38.268466949462891 -40.854057312011719
   vertex -34.519092559814453 38.009895324707031 -40.595485687255859
  endloop
 endfacet
 facet normal 0.38952189669496773 0.91778233969428846 0.077125021493887266
  outer loop
   vertex -31.545537948608398 38.305122375488281 -40.854057312011719
   vertex -31.459171295166016 38.268466949462891 -40.854057312011719
   vertex -31.545537948608398 38.326850891113281 -41.112625122070312
  endloop
 endfacet
 facet normal 0.6655985613541372 0.74433532681193959 -0.054253814456369065
  outer loop
   vertex -31.545537948608398 38.326850891113281 -41.112625122070312
   vertex -31.459171295166016 38.268466949462891 -40.854057312011719
   vertex -31.480247497558594 38.268466949462891 -41.112625122070312
  endloop
 endfacet
 facet normal 0.6425805907321257 0.71859445283735368 -0.26591765034637438
  outer loop
   vertex -31.545537948608398 38.326850891113281 -41.112625122070312
   vertex -31.480247497558594 38.268466949462891 -41.112625122070312
   vertex -31.545537948608398 38.268466949462891 -41.270397186279297
  endloop
 endfacet
 facet normal 0.91661751322736429 0.12620367121383066 -0.37932172072929599
  outer loop
   vertex -31.545537948608398 38.268466949462891 -41.270397186279297
   vertex -31.480247497558594 38.268466949462891 -41.112625122070312
   vertex -31.545537948608398 38.009895324707031 -41.356426239013672
  endloop
 endfacet
 facet normal 0.56546353686332562 0.81318247079843275 0.13778700107112682
  outer loop
   vertex -31.915607452392578 38.527034759521484 -41.112625122070312
   vertex -31.978612899780273 38.527034759521484 -40.854057312011719
   vertex -31.804107666015625 38.449501037597656 -41.112625122070312
  endloop
 endfacet
 facet normal 0.58773782644797745 0.79331860198211779 0.15877607852364065
  outer loop
   vertex -31.804107666015625 38.449501037597656 -41.112625122070312
   vertex -31.978612899780273 38.527034759521484 -40.854057312011719
   vertex -31.804107666015625 38.397750854492188 -40.854057312011719
  endloop
 endfacet
 facet normal 0.54169973025027096 0.77900818772374758 -0.3157651749419908
  outer loop
   vertex -31.915607452392578 38.527034759521484 -41.112625122070312
   vertex -31.804107666015625 38.449501037597656 -41.112625122070312
   vertex -32.062679290771484 38.524494171142578 -41.371196746826172
  endloop
 endfacet
 facet normal 0.51497080500391013 0.81019093110157003 -0.27999236624307389
  outer loop
   vertex -32.062679290771484 38.524494171142578 -41.371196746826172
   vertex -31.804107666015625 38.449501037597656 -41.112625122070312
   vertex -31.804107666015625 38.360141754150391 -41.371196746826172
  endloop
 endfacet
 facet normal 0.37136874122831998 0.58426532788690033 -0.72160881692763845
  outer loop
   vertex -32.062679290771484 38.524494171142578 -41.371196746826172
   vertex -31.804107666015625 38.360141754150391 -41.371196746826172
   vertex -31.804107666015625 38.268466949462891 -41.445423126220703
  endloop
 endfacet
 facet normal 0.31421764080908943 0.59739530661481755 -0.73782526511292501
  outer loop
   vertex -31.804107666015625 38.268466949462891 -41.445423126220703
   vertex -31.804107666015625 38.360141754150391 -41.371196746826172
   vertex -31.629814147949219 38.268466949462891 -41.371196746826172
  endloop
 endfacet
 facet normal 0.39179137816088139 0.0117672815505956 -0.91997882969321976
  outer loop
   vertex -31.804107666015625 38.268466949462891 -41.445423126220703
   vertex -31.629814147949219 38.268466949462891 -41.371196746826172
   vertex -31.804107666015625 38.009895324707031 -41.44873046875
  endloop
 endfacet
 facet normal 0.31657213646448346 0.070261145434278346 -0.94596271271999699
  outer loop
   vertex -31.804107666015625 38.009895324707031 -41.44873046875
   vertex -31.629814147949219 38.268466949462891 -41.371196746826172
   vertex -31.572425842285156 38.009895324707031 -41.371196746826172
  endloop
 endfacet
 facet normal 0.26146293565732659 -0.56676743287215625 -0.78128855764881044
  outer loop
   vertex -31.804107666015625 38.009895324707031 -41.44873046875
   vertex -31.572425842285156 38.009895324707031 -41.371196746826172
   vertex -31.804107666015625 37.90301513671875 -41.371196746826172
  endloop
 endfacet
 facet normal -0.59603512711821494 0.36383555019391645 -0.71579733141180646
  outer loop
   vertex -33.953193664550781 38.268466949462891 -41.371196746826172
   vertex -34.131237030029297 38.268466949462891 -41.222942352294922
   vertex -33.872669219970703 38.527034759521484 -41.306819915771484
  endloop
 endfacet
 facet normal 0.14005984795361021 0.40358209353938113 -0.90415968322281537
  outer loop
   vertex -32.062679290771484 38.524494171142578 -41.371196746826172
   vertex -31.804107666015625 38.268466949462891 -41.445423126220703
   vertex -32.062679290771484 38.268466949462891 -41.485477447509766
  endloop
 endfacet
 facet normal 0.15249103747910095 -0.087660562116557469 -0.98440952318532382
  outer loop
   vertex -32.062679290771484 38.268466949462891 -41.485477447509766
   vertex -31.804107666015625 38.268466949462891 -41.445423126220703
   vertex -32.062679290771484 38.009895324707031 -41.462451934814453
  endloop
 endfacet
 facet normal 0.10314966517931956 -0.08822476883386296 -0.99074544497444228
  outer loop
   vertex -32.062679290771484 38.268466949462891 -41.485477447509766
   vertex -32.062679290771484 38.009895324707031 -41.462451934814453
   vertex -32.321247100830078 38.009895324707031 -41.489372253417969
  endloop
 endfacet
 facet normal 0.098809263716898924 -0.29921410877570215 -0.94905618722670293
  outer loop
   vertex -32.321247100830078 38.009895324707031 -41.489372253417969
   vertex -32.062679290771484 38.009895324707031 -41.462451934814453
   vertex -32.321247100830078 37.751327514648438 -41.407852172851562
  endloop
 endfacet
 facet normal 0.14909156071042307 -0.29732490269591466 -0.94306394733432319
  outer loop
   vertex -32.321247100830078 38.009895324707031 -41.489372253417969
   vertex -32.321247100830078 37.751327514648438 -41.407852172851562
   vertex -32.579818725585938 37.751327514648438 -41.44873046875
  endloop
 endfacet
 facet normal 0.38706461985605733 0.47493569697555538 0.79032718781149691
  outer loop
   vertex -33.2464599609375 38.009895324707031 -38.526927947998047
   vertex -33.35552978515625 38.098785400390625 -38.526927947998047
   vertex -33.35552978515625 38.009895324707031 -38.4735107421875
  endloop
 endfacet
 facet normal -0.32876058926939972 0.48645336698221747 0.80949341979716005
  outer loop
   vertex -33.35552978515625 38.009895324707031 -38.4735107421875
   vertex -33.35552978515625 38.098785400390625 -38.526927947998047
   vertex -33.487056732177734 38.009895324707031 -38.526927947998047
  endloop
 endfacet
 facet normal -0.31575939361071181 0.54389255593084296 0.77748112063870112
  outer loop
   vertex -33.35552978515625 38.009895324707031 -38.4735107421875
   vertex -33.487056732177734 38.009895324707031 -38.526927947998047
   vertex -33.614097595214844 37.751327514648438 -38.397640228271484
  endloop
 endfacet
 facet normal -0.27587499101887097 0.53487016509876351 0.79862813362513052
  outer loop
   vertex -33.614097595214844 37.751327514648438 -38.397640228271484
   vertex -33.487056732177734 38.009895324707031 -38.526927947998047
   vertex -33.614097595214844 37.944370269775391 -38.526927947998047
  endloop
 endfacet
 facet normal -0.31359151537684482 0.52839539837775229 0.78896049613201213
  outer loop
   vertex -33.614097595214844 37.751327514648438 -38.397640228271484
   vertex -33.614097595214844 37.944370269775391 -38.526927947998047
   vertex -33.872669219970703 37.751327514648438 -38.500415802001953
  endloop
 endfacet
 facet normal -0.30824429183661201 0.52209507567807978 0.79523719009038163
  outer loop
   vertex -33.872669219970703 37.751327514648438 -38.500415802001953
   vertex -33.614097595214844 37.944370269775391 -38.526927947998047
   vertex -33.872669219970703 37.791709899902344 -38.526927947998047
  endloop
 endfacet
 facet normal -0.46170008979517174 0.48682187816868566 0.74151027371132472
  outer loop
   vertex -33.872669219970703 37.751327514648438 -38.500415802001953
   vertex -33.872669219970703 37.791709899902344 -38.526927947998047
   vertex -33.915248870849609 37.751327514648438 -38.526927947998047
  endloop
 endfacet
 facet normal -0.45162239688213213 0.47619584300003392 0.75450296867800659
  outer loop
   vertex -33.915248870849609 37.751327514648438 -38.526927947998047
   vertex -33.872669219970703 37.791709899902344 -38.526927947998047
   vertex -34.131237030029297 37.751327514648438 -38.656211853027344
  endloop
 endfacet
 facet normal -0.49555777122048944 0.26267493153683025 0.82790360291830023
  outer loop
   vertex -33.915248870849609 37.751327514648438 -38.526927947998047
   vertex -34.131237030029297 37.751327514648438 -38.656211853027344
   vertex -34.131237030029297 37.492755889892578 -38.574172973632812
  endloop
 endfacet
 facet normal -0.55631231412644333 0.25130340757022535 0.79206262788675652
  outer loop
   vertex -34.131237030029297 37.492755889892578 -38.574172973632812
   vertex -34.131237030029297 37.751327514648438 -38.656211853027344
   vertex -34.389808654785156 37.492755889892578 -38.755783081054688
  endloop
 endfacet
 facet normal -0.5591357453345086 0.23155946464646426 0.79608255389869353
  outer loop
   vertex -34.131237030029297 37.492755889892578 -38.574172973632812
   vertex -34.389808654785156 37.492755889892578 -38.755783081054688
   vertex -34.389808654785156 37.234188079833984 -38.680572509765625
  endloop
 endfacet
 facet normal -0.6925622922325414 0.20147400800057275 0.69265120766356369
  outer loop
   vertex -34.389808654785156 37.234188079833984 -38.680572509765625
   vertex -34.389808654785156 37.492755889892578 -38.755783081054688
   vertex -34.419525146484375 37.492755889892578 -38.785495758056641
  endloop
 endfacet
 facet normal -0.72048109749761302 0.18805511163624219 0.66748952286617613
  outer loop
   vertex -34.389808654785156 37.234188079833984 -38.680572509765625
   vertex -34.419525146484375 37.492755889892578 -38.785495758056641
   vertex -34.487014770507812 37.234188079833984 -38.785495758056641
  endloop
 endfacet
 facet normal -0.81023218063654978 0.21148133338971759 0.54662551997564901
  outer loop
   vertex -34.487014770507812 37.234188079833984 -38.785495758056641
   vertex -34.419525146484375 37.492755889892578 -38.785495758056641
   vertex -34.593971252441406 37.492755889892578 -39.0440673828125
  endloop
 endfacet
 facet normal -0.82793366766145193 0.18645657323087417 0.52892323474362157
  outer loop
   vertex -34.487014770507812 37.234188079833984 -38.785495758056641
   vertex -34.593971252441406 37.492755889892578 -39.0440673828125
   vertex -34.64837646484375 37.234188079833984 -39.038078308105469
  endloop
 endfacet
 facet normal -0.82650898903310488 0.18621030917318518 0.53123310495967924
  outer loop
   vertex -34.64837646484375 37.234188079833984 -39.038078308105469
   vertex -34.593971252441406 37.492755889892578 -39.0440673828125
   vertex -34.64837646484375 37.251274108886719 -39.0440673828125
  endloop
 endfacet
 facet normal -0.81329095918894689 0.19247341298063936 0.54910090238234632
  outer loop
   vertex -34.64837646484375 37.234188079833984 -39.038078308105469
   vertex -34.64837646484375 37.251274108886719 -39.0440673828125
   vertex -34.652420043945312 37.234188079833984 -39.0440673828125
  endloop
 endfacet
 facet normal 0.43346666288382046 0.5318718919051667 0.72747435883994094
  outer loop
   vertex -33.35552978515625 38.098785400390625 -38.526927947998047
   vertex -33.2464599609375 38.009895324707031 -38.526927947998047
   vertex -33.35552978515625 38.268466949462891 -38.650985717773438
  endloop
 endfacet
 facet normal 0.37649194881675829 0.52502110948067482 0.76328673974846495
  outer loop
   vertex -33.35552978515625 38.268466949462891 -38.650985717773438
   vertex -33.2464599609375 38.009895324707031 -38.526927947998047
   vertex -33.096958160400391 38.009895324707031 -38.600669860839844
  endloop
 endfacet
 facet normal -0.33156845826662745 0.53986392404947958 0.77369845611361365
  outer loop
   vertex -33.35552978515625 38.268466949462891 -38.650985717773438
   vertex -33.614097595214844 38.009895324707031 -38.581371307373047
   vertex -33.487056732177734 38.009895324707031 -38.526927947998047
  endloop
 endfacet
 facet normal -0.31305096342822603 0.60694744338651752 0.73048880570699348
  outer loop
   vertex -33.487056732177734 38.009895324707031 -38.526927947998047
   vertex -33.614097595214844 38.009895324707031 -38.581371307373047
   vertex -33.614097595214844 37.944370269775391 -38.526927947998047
  endloop
 endfacet
 facet normal -0.37049132771854681 0.54820060460079723 0.74980815759810771
  outer loop
   vertex -33.35552978515625 38.268466949462891 -38.650985717773438
   vertex -33.487056732177734 38.009895324707031 -38.526927947998047
   vertex -33.35552978515625 38.098785400390625 -38.526927947998047
  endloop
 endfacet
 facet normal 0.78648640530380465 0.065243432534268481 0.61415179620631732
  outer loop
   vertex -31.008502960205078 38.009895324707031 -39.0440673828125
   vertex -31.028398513793945 38.249729156494141 -39.0440673828125
   vertex -31.028398513793945 38.009895324707031 -39.018589019775391
  endloop
 endfacet
 facet normal 0.68724059369761148 0.076739307459048445 0.72236517431619029
  outer loop
   vertex -31.028398513793945 38.009895324707031 -39.018589019775391
   vertex -31.028398513793945 38.249729156494141 -39.0440673828125
   vertex -31.273405075073242 38.009895324707031 -38.785495758056641
  endloop
 endfacet
 facet normal 0.58858670617292286 -0.52039811661850088 0.61866912767361082
  outer loop
   vertex -31.028398513793945 38.009895324707031 -39.018589019775391
   vertex -31.273405075073242 38.009895324707031 -38.785495758056641
   vertex -31.230230331420898 37.751327514648438 -39.0440673828125
  endloop
 endfacet
 facet normal 0.74708171793341782 -0.4035118206374626 0.52824910538068415
  outer loop
   vertex -31.230230331420898 37.751327514648438 -39.0440673828125
   vertex -31.273405075073242 38.009895324707031 -38.785495758056641
   vertex -31.286968231201172 37.751327514648438 -38.963825225830078
  endloop
 endfacet
 facet normal 0.58299411953678459 -0.70013427831492658 0.41222548309628554
  outer loop
   vertex -31.230230331420898 37.751327514648438 -39.0440673828125
   vertex -31.286968231201172 37.751327514648438 -38.963825225830078
   vertex -31.286968231201172 37.704082489013672 -39.0440673828125
  endloop
 endfacet
 facet normal 0.35518655133283844 -0.8055401390369894 0.4742864094116051
  outer loop
   vertex -31.286968231201172 37.704082489013672 -39.0440673828125
   vertex -31.286968231201172 37.751327514648438 -38.963825225830078
   vertex -31.545537948608398 37.742313385009766 -38.785495758056641
  endloop
 endfacet
 facet normal 0.40395978355007528 -0.75557835559709097 0.51567222324590267
  outer loop
   vertex -31.286968231201172 37.704082489013672 -39.0440673828125
   vertex -31.545537948608398 37.742313385009766 -38.785495758056641
   vertex -31.545537948608398 37.565841674804688 -39.0440673828125
  endloop
 endfacet
 facet normal 0.20209311888210485 -0.808927414115169 0.55208224930117922
  outer loop
   vertex -31.545537948608398 37.565841674804688 -39.0440673828125
   vertex -31.545537948608398 37.742313385009766 -38.785495758056641
   vertex -31.804107666015625 37.677715301513672 -38.785495758056641
  endloop
 endfacet
 facet normal 0.39957625206931346 -0.62545498258952326 0.67018272399113632
  outer loop
   vertex -31.545537948608398 37.565841674804688 -39.0440673828125
   vertex -31.804107666015625 37.677715301513672 -38.785495758056641
   vertex -31.659938812255859 37.492755889892578 -39.0440673828125
  endloop
 endfacet
 facet normal 0.59223247325093586 -0.46163639566117459 0.66041845509346486
  outer loop
   vertex -31.659938812255859 37.492755889892578 -39.0440673828125
   vertex -31.804107666015625 37.677715301513672 -38.785495758056641
   vertex -31.804107666015625 37.492755889892578 -38.914783477783203
  endloop
 endfacet
 facet normal 0.47462995999542856 -0.70327335050996753 0.5292759162641183
  outer loop
   vertex -31.659938812255859 37.492755889892578 -39.0440673828125
   vertex -31.804107666015625 37.492755889892578 -38.914783477783203
   vertex -31.804107666015625 37.395458221435547 -39.0440673828125
  endloop
 endfacet
 facet normal 0.52571164490179567 -0.67968462217433878 0.51152329447873135
  outer loop
   vertex -31.804107666015625 37.395458221435547 -39.0440673828125
   vertex -31.804107666015625 37.492755889892578 -38.914783477783203
   vertex -32.012611389160156 37.234188079833984 -39.0440673828125
  endloop
 endfacet
 facet normal 0.5864519534141156 -0.75821484695119534 0.28492867914540226
  outer loop
   vertex -31.804107666015625 37.395458221435547 -39.0440673828125
   vertex -32.012611389160156 37.234188079833984 -39.0440673828125
   vertex -31.886985778808594 37.234188079833984 -39.302635192871094
  endloop
 endfacet
 facet normal 0.56780125117890834 -0.77556368214415361 0.27586720373880691
  outer loop
   vertex -31.886985778808594 37.234188079833984 -39.302635192871094
   vertex -32.012611389160156 37.234188079833984 -39.0440673828125
   vertex -32.062679290771484 37.197532653808594 -39.0440673828125
  endloop
 endfacet
 facet normal 0.49139918377706204 -0.84417650903469399 0.21422619769121259
  outer loop
   vertex -31.886985778808594 37.234188079833984 -39.302635192871094
   vertex -32.062679290771484 37.197532653808594 -39.0440673828125
   vertex -32.062679290771484 37.131916046142578 -39.302635192871094
  endloop
 endfacet
 facet normal 0.23688775770810908 -0.94168822901712801 0.23897169200264995
  outer loop
   vertex -32.062679290771484 37.131916046142578 -39.302635192871094
   vertex -32.062679290771484 37.197532653808594 -39.0440673828125
   vertex -32.321247100830078 37.066871643066406 -39.302635192871094
  endloop
 endfacet
 facet normal 0.23909670896122359 -0.95046936407305482 0.19859695798897475
  outer loop
   vertex -32.062679290771484 37.131916046142578 -39.302635192871094
   vertex -32.321247100830078 37.066871643066406 -39.302635192871094
   vertex -32.062679290771484 37.077888488769531 -39.561206817626953
  endloop
 endfacet
 facet normal 0.42293814772255883 -0.81886883148014111 0.38804272964631004
  outer loop
   vertex -32.062679290771484 37.077888488769531 -39.561206817626953
   vertex -32.321247100830078 37.066871643066406 -39.302635192871094
   vertex -32.260692596435547 36.975616455078125 -39.561206817626953
  endloop
 endfacet
 facet normal 0.45358140020901372 -0.87819855733120045 0.15176036137881507
  outer loop
   vertex -32.062679290771484 37.077888488769531 -39.561206817626953
   vertex -32.260692596435547 36.975616455078125 -39.561206817626953
   vertex -32.174179077148438 36.975616455078125 -39.819778442382812
  endloop
 endfacet
 facet normal 0.51110905103943249 -0.84233233764534376 0.17100810186216733
  outer loop
   vertex -32.174179077148438 36.975616455078125 -39.819778442382812
   vertex -32.260692596435547 36.975616455078125 -39.561206817626953
   vertex -32.321247100830078 36.938873291015625 -39.561206817626953
  endloop
 endfacet
 facet normal 0.6001785246768272 -0.76529461425056122 0.23261533035428222
  outer loop
   vertex -32.174179077148438 36.975616455078125 -39.819778442382812
   vertex -32.321247100830078 36.938873291015625 -39.561206817626953
   vertex -32.321247100830078 36.860279083251953 -39.819778442382812
  endloop
 endfacet
 facet normal 0.46313010002417543 -0.84798345677846254 0.25774903972982405
  outer loop
   vertex -32.321247100830078 36.860279083251953 -39.819778442382812
   vertex -32.321247100830078 36.938873291015625 -39.561206817626953
   vertex -32.579818725585938 36.797653198242188 -39.561206817626953
  endloop
 endfacet
 facet normal 0.54874853920972433 -0.75121903729781225 0.36680376049945512
  outer loop
   vertex -32.321247100830078 36.860279083251953 -39.819778442382812
   vertex -32.579818725585938 36.797653198242188 -39.561206817626953
   vertex -32.517330169677734 36.717044830322266 -39.819778442382812
  endloop
 endfacet
 facet normal 0.58141773140742026 -0.7261832711902888 0.36689409677510504
  outer loop
   vertex -32.517330169677734 36.717044830322266 -39.819778442382812
   vertex -32.579818725585938 36.797653198242188 -39.561206817626953
   vertex -32.579818725585938 36.717044830322266 -39.720752716064453
  endloop
 endfacet
 facet normal 0.54027957689403772 -0.76932543020699162 0.34093454097234993
  outer loop
   vertex -32.517330169677734 36.717044830322266 -39.819778442382812
   vertex -32.579818725585938 36.717044830322266 -39.720752716064453
   vertex -32.579818725585938 36.673160552978516 -39.819778442382812
  endloop
 endfacet
 facet normal 0.595950635520621 -0.73415938014452031 0.3253503412759568
  outer loop
   vertex -32.579818725585938 36.673160552978516 -39.819778442382812
   vertex -32.579818725585938 36.717044830322266 -39.720752716064453
   vertex -32.838386535644531 36.577857971191406 -39.561206817626953
  endloop
 endfacet
 facet normal 0.39796639631316094 -0.91539833972100837 0.060569192181649127
  outer loop
   vertex -32.579818725585938 36.673160552978516 -39.819778442382812
   vertex -32.838386535644531 36.577857971191406 -39.561206817626953
   vertex -32.838386535644531 36.560749053955078 -39.819778442382812
  endloop
 endfacet
 facet normal 0.48249059162603203 -0.87399004445082507 0.057829328140713017
  outer loop
   vertex -32.838386535644531 36.560749053955078 -39.819778442382812
   vertex -32.838386535644531 36.577857971191406 -39.561206817626953
   vertex -33.023643493652344 36.458477020263672 -39.819778442382812
  endloop
 endfacet
 facet normal 0.46611045390703593 -0.84431883937117846 -0.26432317764714303
  outer loop
   vertex -32.838386535644531 36.560749053955078 -39.819778442382812
   vertex -33.023643493652344 36.458477020263672 -39.819778442382812
   vertex -33.096958160400391 36.458477020263672 -39.949062347412109
  endloop
 endfacet
 facet normal 0.49310717129876136 -0.8238027403677759 -0.27963254920748559
  outer loop
   vertex -33.096958160400391 36.458477020263672 -39.949062347412109
   vertex -33.023643493652344 36.458477020263672 -39.819778442382812
   vertex -33.096958160400391 36.414592742919922 -39.819778442382812
  endloop
 endfacet
 facet normal 0.42430702109183877 -0.85746606626765198 -0.29105926724921272
  outer loop
   vertex -33.096958160400391 36.458477020263672 -39.949062347412109
   vertex -33.096958160400391 36.414592742919922 -39.819778442382812
   vertex -33.185642242431641 36.458477020263672 -40.078346252441406
  endloop
 endfacet
 facet normal 0.39802615193960506 -0.87213257941600553 -0.284534613524146
  outer loop
   vertex -33.185642242431641 36.458477020263672 -40.078346252441406
   vertex -33.096958160400391 36.414592742919922 -39.819778442382812
   vertex -33.35552978515625 36.380943298339844 -40.078346252441406
  endloop
 endfacet
 facet normal 0.39538028729564406 -0.86633510921089829 -0.30518503725863577
  outer loop
   vertex -33.185642242431641 36.458477020263672 -40.078346252441406
   vertex -33.35552978515625 36.380943298339844 -40.078346252441406
   vertex -33.35552978515625 36.458477020263672 -40.298442840576172
  endloop
 endfacet
 facet normal -0.12619618944331318 -0.93564794048945943 -0.3296019618082095
  outer loop
   vertex -33.35552978515625 36.458477020263672 -40.298442840576172
   vertex -33.35552978515625 36.380943298339844 -40.078346252441406
   vertex -33.614097595214844 36.458477020263672 -40.199443817138672
  endloop
 endfacet
 facet normal -0.14282383661632062 -0.91676041702831235 -0.37303041359153222
  outer loop
   vertex -33.35552978515625 36.458477020263672 -40.298442840576172
   vertex -33.614097595214844 36.458477020263672 -40.199443817138672
   vertex -33.35552978515625 36.474132537841797 -40.336917877197266
  endloop
 endfacet
 facet normal -0.18602491032166801 -0.87375375728801197 -0.44938747686700992
  outer loop
   vertex -33.35552978515625 36.474132537841797 -40.336917877197266
   vertex -33.614097595214844 36.458477020263672 -40.199443817138672
   vertex -33.614097595214844 36.529182434082031 -40.336917877197266
  endloop
 endfacet
 facet normal -0.19037758827499904 -0.89419816287547538 -0.40517406061188038
  outer loop
   vertex -33.35552978515625 36.474132537841797 -40.336917877197266
   vertex -33.614097595214844 36.529182434082031 -40.336917877197266
   vertex -33.614097595214844 36.646343231201172 -40.595485687255859
  endloop
 endfacet
 facet normal -0.38150176341262199 -0.8419670507406557 -0.38150739177654475
  outer loop
   vertex -33.614097595214844 36.646343231201172 -40.595485687255859
   vertex -33.614097595214844 36.529182434082031 -40.336917877197266
   vertex -33.872669219970703 36.646343231201172 -40.336917877197266
  endloop
 endfacet
 facet normal 0.45047639245193283 0.40021709479331513 0.79805845454997282
  outer loop
   vertex -31.286968231201172 38.025161743164062 -38.785495758056641
   vertex -31.273405075073242 38.009895324707031 -38.785495758056641
   vertex -31.028398513793945 38.249729156494141 -39.0440673828125
  endloop
 endfacet
 facet normal -0.042902198582378002 0.80868735442417361 0.58667210957333693
  outer loop
   vertex -31.804107666015625 38.101150512695312 -39.0440673828125
   vertex -32.062679290771484 38.087432861328125 -39.0440673828125
   vertex -32.062679290771484 38.009895324707031 -38.937187194824219
  endloop
 endfacet
 facet normal 0 0.80943261780385722 0.5872127699864802
  outer loop
   vertex -32.062679290771484 38.009895324707031 -38.937187194824219
   vertex -32.062679290771484 38.087432861328125 -39.0440673828125
   vertex -32.321247100830078 38.009895324707031 -38.937187194824219
  endloop
 endfacet
 facet normal -0 0.80943261780385722 0.5872127699864802
  outer loop
   vertex -32.062679290771484 38.087432861328125 -39.0440673828125
   vertex -32.321247100830078 38.087432861328125 -39.0440673828125
   vertex -32.321247100830078 38.009895324707031 -38.937187194824219
  endloop
 endfacet
 facet normal 0.13562135160484073 0.80195406146388992 0.58178736002980325
  outer loop
   vertex -32.321247100830078 38.009895324707031 -38.937187194824219
   vertex -32.321247100830078 38.087432861328125 -39.0440673828125
   vertex -32.579818725585938 38.009895324707031 -38.876911163330078
  endloop
 endfacet
 facet normal 0.57803113198015288 0.4884527420713442 0.65367723627546337
  outer loop
   vertex -32.838386535644531 38.075424194335938 -38.785495758056641
   vertex -32.709102630615234 38.268466949462891 -39.0440673828125
   vertex -32.838386535644531 38.268466949462891 -38.929744720458984
  endloop
 endfacet
 facet normal -0.21538528868369852 0.69051038276721077 0.69051038276721077
  outer loop
   vertex -33.614097595214844 38.268466949462891 -38.820178985595703
   vertex -33.872669219970703 38.268466949462891 -38.900833129882812
   vertex -33.614097595214844 38.233783721923828 -38.785495758056641
  endloop
 endfacet
 facet normal -0.2366388209358771 0.64680387110353477 0.72501504863799882
  outer loop
   vertex -33.614097595214844 38.233783721923828 -38.785495758056641
   vertex -33.872669219970703 38.268466949462891 -38.900833129882812
   vertex -33.872669219970703 38.139183044433594 -38.785495758056641
  endloop
 endfacet
 facet normal -0.53706510143510522 0.47946359842156805 0.6940286266496084
  outer loop
   vertex -34.182327270507812 38.009895324707031 -38.785495758056641
   vertex -34.131237030029297 38.067123413085938 -38.785495758056641
   vertex -34.389808654785156 38.009895324707031 -38.946052551269531
  endloop
 endfacet
 facet normal -0.54460029272654331 0.41350602394401259 0.72967341278422415
  outer loop
   vertex -34.389808654785156 38.009895324707031 -38.946052551269531
   vertex -34.131237030029297 38.067123413085938 -38.785495758056641
   vertex -34.131237030029297 38.268466949462891 -38.89959716796875
  endloop
 endfacet
 facet normal 0.71207009945949762 -0.35433575440290649 0.6061372341371748
  outer loop
   vertex -30.749147415161133 38.268466949462891 -39.302635192871094
   vertex -30.769828796386719 38.268466949462891 -39.278339385986328
   vertex -30.769828796386719 38.226905822753906 -39.302635192871094
  endloop
 endfacet
 facet normal 0.74758255063067858 -0.33518869230174031 0.57338370272059358
  outer loop
   vertex -30.769828796386719 38.226905822753906 -39.302635192871094
   vertex -30.769828796386719 38.268466949462891 -39.278339385986328
   vertex -30.867128372192383 38.009895324707031 -39.302635192871094
  endloop
 endfacet
 facet normal 0.87509852970391833 0.072594302328112897 0.47846904871635632
  outer loop
   vertex -31.028398513793945 38.249729156494141 -39.0440673828125
   vertex -31.008502960205078 38.009895324707031 -39.0440673828125
   vertex -30.867128372192383 38.009895324707031 -39.302635192871094
  endloop
 endfacet
 facet normal 0.7238170160884686 -0.56521450028588238 0.39575433779980956
  outer loop
   vertex -30.867128372192383 38.009895324707031 -39.302635192871094
   vertex -31.008502960205078 38.009895324707031 -39.0440673828125
   vertex -31.028398513793945 37.984416961669922 -39.0440673828125
  endloop
 endfacet
 facet normal 0.69438597233786958 -0.61573666764317003 0.37241975986791542
  outer loop
   vertex -30.867128372192383 38.009895324707031 -39.302635192871094
   vertex -31.028398513793945 37.984416961669922 -39.0440673828125
   vertex -31.028398513793945 37.828025817871094 -39.302635192871094
  endloop
 endfacet
 facet normal 0.65013313443549825 -0.65014930207536781 0.39323376319943137
  outer loop
   vertex -31.028398513793945 37.828025817871094 -39.302635192871094
   vertex -31.028398513793945 37.984416961669922 -39.0440673828125
   vertex -31.105098724365234 37.751327514648438 -39.302635192871094
  endloop
 endfacet
 facet normal 0.65205097071699403 -0.65206718604999703 0.38683060435268618
  outer loop
   vertex -31.028398513793945 37.828025817871094 -39.302635192871094
   vertex -31.105098724365234 37.751327514648438 -39.302635192871094
   vertex -31.028398513793945 37.751327514648438 -39.431922912597656
  endloop
 endfacet
 facet normal 0.63090817340316585 -0.67960552716054623 0.37428759555443042
  outer loop
   vertex -31.028398513793945 37.751327514648438 -39.431922912597656
   vertex -31.105098724365234 37.751327514648438 -39.302635192871094
   vertex -31.230230331420898 37.492755889892578 -39.561206817626953
  endloop
 endfacet
 facet normal 0.65059955991489971 -0.309960500987357 0.69328543938712961
  outer loop
   vertex -31.028398513793945 38.249729156494141 -39.0440673828125
   vertex -30.867128372192383 38.009895324707031 -39.302635192871094
   vertex -30.769828796386719 38.268466949462891 -39.278339385986328
  endloop
 endfacet
 facet normal 0.39126101751101339 0.8329670757232055 0.3912552452522241
  outer loop
   vertex -32.321247100830078 38.268466949462891 -39.496913909912109
   vertex -32.321247100830078 38.177211761474609 -39.302635192871094
   vertex -32.062679290771484 38.177211761474609 -39.561206817626953
  endloop
 endfacet
 facet normal 0.73939733648970696 -0.56517790405083046 0.3658763665019063
  outer loop
   vertex -30.456851959228516 38.268466949462891 -39.819778442382812
   vertex -30.511259078979492 38.268466949462891 -39.709827423095703
   vertex -30.511259078979492 38.197288513183594 -39.819778442382812
  endloop
 endfacet
 facet normal 0.73941276293276892 -0.56516368203359135 0.36586715966640465
  outer loop
   vertex -30.511259078979492 38.197288513183594 -39.819778442382812
   vertex -30.511259078979492 38.268466949462891 -39.709827423095703
   vertex -30.654491424560547 38.009895324707031 -39.819778442382812
  endloop
 endfacet
 facet normal 0.77698206500951972 -0.59387944967724415 0.20882066445779737
  outer loop
   vertex -30.511259078979492 38.197288513183594 -39.819778442382812
   vertex -30.654491424560547 38.009895324707031 -39.819778442382812
   vertex -30.584999084472656 38.009895324707031 -40.078346252441406
  endloop
 endfacet
 facet normal 0.71986851366421412 -0.66660207989456721 0.19347090250244886
  outer loop
   vertex -30.584999084472656 38.009895324707031 -40.078346252441406
   vertex -30.654491424560547 38.009895324707031 -39.819778442382812
   vertex -30.769828796386719 37.885341644287109 -39.819778442382812
  endloop
 endfacet
 facet normal 0.68604623741763104 -0.71251634003599118 0.14717685044471854
  outer loop
   vertex -30.584999084472656 38.009895324707031 -40.078346252441406
   vertex -30.769828796386719 37.885341644287109 -39.819778442382812
   vertex -30.769828796386719 37.831932067871094 -40.078346252441406
  endloop
 endfacet
 facet normal 0.65356513640195768 -0.74122266581810281 0.15310640795667371
  outer loop
   vertex -30.769828796386719 37.831932067871094 -40.078346252441406
   vertex -30.769828796386719 37.885341644287109 -39.819778442382812
   vertex -30.861244201660156 37.751327514648438 -40.078346252441406
  endloop
 endfacet
 facet normal 0.62930409883563287 -0.71370768691420283 0.3075673728278901
  outer loop
   vertex -30.769828796386719 37.831932067871094 -40.078346252441406
   vertex -30.861244201660156 37.751327514648438 -40.078346252441406
   vertex -30.769828796386719 37.751327514648438 -40.265388488769531
  endloop
 endfacet
 facet normal 0.58616772167495679 -0.75784817397067428 0.28648481159688904
  outer loop
   vertex -30.769828796386719 37.751327514648438 -40.265388488769531
   vertex -30.861244201660156 37.751327514648438 -40.078346252441406
   vertex -31.028398513793945 37.622039794921875 -40.078346252441406
  endloop
 endfacet
 facet normal 0.59208882398477802 -0.74710766051416055 0.30209430334480109
  outer loop
   vertex -30.769828796386719 37.751327514648438 -40.265388488769531
   vertex -31.028398513793945 37.622039794921875 -40.078346252441406
   vertex -30.769828796386719 37.722404479980469 -40.336917877197266
  endloop
 endfacet
 facet normal 0.39780850114738936 -0.91650367863168891 0.042064277831066553
  outer loop
   vertex -30.769828796386719 37.722404479980469 -40.336917877197266
   vertex -31.028398513793945 37.622039794921875 -40.078346252441406
   vertex -31.028398513793945 37.610172271728516 -40.336917877197266
  endloop
 endfacet
 facet normal 0.39815749666577505 -0.91730772297841334 -0.0041411608278214638
  outer loop
   vertex -30.769828796386719 37.722404479980469 -40.336917877197266
   vertex -31.028398513793945 37.610172271728516 -40.336917877197266
   vertex -31.028398513793945 37.611339569091797 -40.595485687255859
  endloop
 endfacet
 facet normal 0.39644726991030638 -0.91804813886424586 -0.0041445034152497598
  outer loop
   vertex -31.028398513793945 37.611339569091797 -40.595485687255859
   vertex -31.028398513793945 37.610172271728516 -40.336917877197266
   vertex -31.286968231201172 37.499679565429688 -40.595485687255859
  endloop
 endfacet
 facet normal 0.35635003818089922 -0.82519546523852283 -0.43825460001949729
  outer loop
   vertex -31.028398513793945 37.611339569091797 -40.595485687255859
   vertex -31.286968231201172 37.499679565429688 -40.595485687255859
   vertex -31.286968231201172 37.637004852294922 -40.854057312011719
  endloop
 endfacet
 facet normal 0.30948548327041359 -0.83981343407569586 -0.44601808437648049
  outer loop
   vertex -31.286968231201172 37.637004852294922 -40.854057312011719
   vertex -31.286968231201172 37.499679565429688 -40.595485687255859
   vertex -31.545537948608398 37.541717529296875 -40.854057312011719
  endloop
 endfacet
 facet normal 0.28954805953860607 -0.78571165161437873 -0.54664350516111759
  outer loop
   vertex -31.286968231201172 37.637004852294922 -40.854057312011719
   vertex -31.545537948608398 37.541717529296875 -40.854057312011719
   vertex -31.545537948608398 37.721611022949219 -41.112625122070312
  endloop
 endfacet
 facet normal 0.27377961744635032 -0.78951146222323942 -0.54928714902958786
  outer loop
   vertex -31.545537948608398 37.721611022949219 -41.112625122070312
   vertex -31.545537948608398 37.541717529296875 -40.854057312011719
   vertex -31.804107666015625 37.631946563720703 -41.112625122070312
  endloop
 endfacet
 facet normal -0.82952682259766664 0.4520413046740494 -0.32793888067687654
  outer loop
   vertex -34.64837646484375 38.009895324707031 -39.926658630371094
   vertex -34.64837646484375 38.087432861328125 -39.819778442382812
   vertex -34.588409423828125 38.009895324707031 -40.078346252441406
  endloop
 endfacet
 facet normal -0.84489970642892831 0.42589482641534071 -0.32366353348648563
  outer loop
   vertex -34.588409423828125 38.009895324707031 -40.078346252441406
   vertex -34.64837646484375 38.087432861328125 -39.819778442382812
   vertex -34.557121276855469 38.268466949462891 -39.819778442382812
  endloop
 endfacet
 facet normal 0.80778194799641534 -0.57051045836349634 0.14834467091537146
  outer loop
   vertex -30.335325241088867 38.268466949462891 -40.336917877197266
   vertex -30.511259078979492 38.086597442626953 -40.078346252441406
   vertex -30.511259078979492 38.019363403320312 -40.336917877197266
  endloop
 endfacet
 facet normal 0.84931888776115017 -0.51089165972094974 0.13284253430184173
  outer loop
   vertex -30.511259078979492 38.019363403320312 -40.336917877197266
   vertex -30.511259078979492 38.086597442626953 -40.078346252441406
   vertex -30.51695442199707 38.009895324707031 -40.336917877197266
  endloop
 endfacet
 facet normal 0.74753619414519812 -0.66286685425963576 0.042393065079653326
  outer loop
   vertex -30.34998893737793 38.268466949462891 -40.078346252441406
   vertex -30.511259078979492 38.086597442626953 -40.078346252441406
   vertex -30.335325241088867 38.268466949462891 -40.336917877197266
  endloop
 endfacet
 facet normal -0.51431712316746925 0.85760007976721775 0
  outer loop
   vertex -31.416254043579102 38.268466949462891 -40.336917877197266
   vertex -31.545537948608398 38.190933227539062 -40.336917877197266
   vertex -31.545537948608398 38.190933227539062 -40.078346252441406
  endloop
 endfacet
 facet normal -0.052992231677601871 0.99859492457243504 0
  outer loop
   vertex -31.545537948608398 38.190933227539062 -40.078346252441406
   vertex -31.545537948608398 38.190933227539062 -40.336917877197266
   vertex -31.804107666015625 38.177211761474609 -40.336917877197266
  endloop
 endfacet
 facet normal -0.15445811057444545 0.98268789938167345 0.10230925904631646
  outer loop
   vertex -31.545537948608398 38.190933227539062 -40.078346252441406
   vertex -31.804107666015625 38.177211761474609 -40.336917877197266
   vertex -31.804107666015625 38.150291442871094 -40.078346252441406
  endloop
 endfacet
 facet normal 0.27477006935343623 0.956340929960666 0.099566232576492927
  outer loop
   vertex -31.804107666015625 38.150291442871094 -40.078346252441406
   vertex -31.804107666015625 38.177211761474609 -40.336917877197266
   vertex -32.062679290771484 38.224582672119141 -40.078346252441406
  endloop
 endfacet
 facet normal -0.051009986748194978 0.96124115283834477 0.2709491231614502
  outer loop
   vertex -31.804107666015625 38.177211761474609 -40.336917877197266
   vertex -31.545537948608398 38.190933227539062 -40.336917877197266
   vertex -31.804107666015625 38.250095367431641 -40.595485687255859
  endloop
 endfacet
 facet normal 0.68372058360134702 0.17451351838789822 -0.7085698239832896
  outer loop
   vertex -30.721504211425781 38.268466949462891 -40.595485687255859
   vertex -30.655506134033203 38.009895324707031 -40.595485687255859
   vertex -30.769828796386719 38.009895324707031 -40.705799102783203
  endloop
 endfacet
 facet normal 0.66305012400794339 -0.29697138280718044 -0.68714811419856336
  outer loop
   vertex -30.769828796386719 38.009895324707031 -40.705799102783203
   vertex -30.655506134033203 38.009895324707031 -40.595485687255859
   vertex -30.769828796386719 37.754646301269531 -40.595485687255859
  endloop
 endfacet
 facet normal 0.48994796317846484 0.48994796317846484 -0.72104229193199709
  outer loop
   vertex -30.769828796386719 38.009895324707031 -40.705799102783203
   vertex -30.988016128540039 38.009895324707031 -40.854057312011719
   vertex -31.028398513793945 38.050277709960938 -40.854057312011719
  endloop
 endfacet
 facet normal 0.48108620328483981 0.48108620328483981 -0.73287934205976601
  outer loop
   vertex -31.028398513793945 38.050277709960938 -40.854057312011719
   vertex -30.988016128540039 38.009895324707031 -40.854057312011719
   vertex -31.028398513793945 38.009895324707031 -40.880565643310547
  endloop
 endfacet
 facet normal 0.12700659885293947 0.94825966561085961 0.29098613441775795
  outer loop
   vertex -31.804107666015625 38.268466949462891 -40.625637054443359
   vertex -31.545537948608398 38.224582672119141 -40.595485687255859
   vertex -31.545537948608398 38.268466949462891 -40.738494873046875
  endloop
 endfacet
 facet normal -0.97266746417977457 0.12657893131802653 -0.19466838025851352
  outer loop
   vertex -34.519092559814453 38.009895324707031 -40.595485687255859
   vertex -34.433692932128906 38.268466949462891 -40.854057312011719
   vertex -34.467342376708984 38.009895324707031 -40.854057312011719
  endloop
 endfacet
 facet normal -0.81373764457084852 0.10589646021509014 -0.57150414304902575
  outer loop
   vertex -34.467342376708984 38.009895324707031 -40.854057312011719
   vertex -34.433692932128906 38.268466949462891 -40.854057312011719
   vertex -34.389808654785156 38.268466949462891 -40.916542053222656
  endloop
 endfacet
 facet normal 0.34125293931623979 0.64283258999389492 -0.68579347667484247
  outer loop
   vertex -31.286968231201172 38.177051544189453 -40.854057312011719
   vertex -31.286968231201172 38.009895324707031 -41.0107421875
   vertex -31.459171295166016 38.268466949462891 -40.854057312011719
  endloop
 endfacet
 facet normal 0.56060273866866084 0.66903898156033381 -0.48796660802754582
  outer loop
   vertex -31.459171295166016 38.268466949462891 -40.854057312011719
   vertex -31.286968231201172 38.009895324707031 -41.0107421875
   vertex -31.375650405883789 38.009895324707031 -41.112625122070312
  endloop
 endfacet
 facet normal 0.92438988873863837 0.37393311824895764 -0.075348236040261085
  outer loop
   vertex -31.459171295166016 38.268466949462891 -40.854057312011719
   vertex -31.375650405883789 38.009895324707031 -41.112625122070312
   vertex -31.480247497558594 38.268466949462891 -41.112625122070312
  endloop
 endfacet
 facet normal 0.77868648686428987 0.31499334828165465 -0.54261086029793226
  outer loop
   vertex -31.480247497558594 38.268466949462891 -41.112625122070312
   vertex -31.375650405883789 38.009895324707031 -41.112625122070312
   vertex -31.545537948608398 38.009895324707031 -41.356426239013672
  endloop
 endfacet
 facet normal 0.052987519715207147 0.012771804168219238 -0.9985134970408357
  outer loop
   vertex -31.804107666015625 38.268466949462891 -41.445423126220703
   vertex -31.804107666015625 38.009895324707031 -41.44873046875
   vertex -32.062679290771484 38.009895324707031 -41.462451934814453
  endloop
 endfacet
 facet normal 0.042914833820314628 -0.58665287986280146 -0.80870063409574267
  outer loop
   vertex -32.062679290771484 38.009895324707031 -41.462451934814453
   vertex -31.804107666015625 38.009895324707031 -41.44873046875
   vertex -31.804107666015625 37.90301513671875 -41.371196746826172
  endloop
 endfacet
 facet normal 0.090981038879895546 -0.51013051190304903 -0.85527148402707087
  outer loop
   vertex -32.062679290771484 38.009895324707031 -41.462451934814453
   vertex -31.804107666015625 37.90301513671875 -41.371196746826172
   vertex -32.062679290771484 37.856899261474609 -41.371196746826172
  endloop
 endfacet
 facet normal 0.057873619190438846 -0.042849095549388351 -0.99740392981599946
  outer loop
   vertex -32.062679290771484 38.268466949462891 -41.485477447509766
   vertex -32.321247100830078 38.009895324707031 -41.489372253417969
   vertex -32.321247100830078 38.268466949462891 -41.500480651855469
  endloop
 endfacet
 facet normal 0.042881554393999141 -0.042881554393999141 -0.99815947853311948
  outer loop
   vertex -32.321247100830078 38.268466949462891 -41.500480651855469
   vertex -32.321247100830078 38.009895324707031 -41.489372253417969
   vertex -32.579818725585938 38.009895324707031 -41.500480651855469
  endloop
 endfacet
 facet normal 0.44947310213277003 0.48118802336359462 0.7526167793974442
  outer loop
   vertex -32.934032440185547 37.751327514648438 -38.526927947998047
   vertex -33.096958160400391 37.903514862060547 -38.526927947998047
   vertex -33.096958160400391 37.751327514648438 -38.42962646484375
  endloop
 endfacet
 facet normal 0.36791594897952717 0.50088448593047374 0.7834236314029972
  outer loop
   vertex -33.096958160400391 37.751327514648438 -38.42962646484375
   vertex -33.096958160400391 37.903514862060547 -38.526927947998047
   vertex -33.35552978515625 38.009895324707031 -38.4735107421875
  endloop
 endfacet
 facet normal 0.33379647772233861 0.47226146328429008 0.81581187890146678
  outer loop
   vertex -33.096958160400391 37.751327514648438 -38.42962646484375
   vertex -33.35552978515625 38.009895324707031 -38.4735107421875
   vertex -33.35552978515625 37.751327514648438 -38.323829650878906
  endloop
 endfacet
 facet normal -0.23983981139841298 0.48637317275574593 0.84018926539910221
  outer loop
   vertex -33.35552978515625 37.751327514648438 -38.323829650878906
   vertex -33.35552978515625 38.009895324707031 -38.4735107421875
   vertex -33.614097595214844 37.751327514648438 -38.397640228271484
  endloop
 endfacet
 facet normal -0.26161762151863327 0.30268992130315464 0.91647969516646866
  outer loop
   vertex -33.35552978515625 37.751327514648438 -38.323829650878906
   vertex -33.614097595214844 37.751327514648438 -38.397640228271484
   vertex -33.614097595214844 37.492755889892578 -38.312240600585938
  endloop
 endfacet
 facet normal -0.29924195899728723 0.29924195899728723 0.90604001012699875
  outer loop
   vertex -33.614097595214844 37.492755889892578 -38.312240600585938
   vertex -33.614097595214844 37.751327514648438 -38.397640228271484
   vertex -33.872669219970703 37.492755889892578 -38.397640228271484
  endloop
 endfacet
 facet normal -0.28393098657915433 0.42465348393633223 0.85968169309397502
  outer loop
   vertex -33.614097595214844 37.492755889892578 -38.312240600585938
   vertex -33.872669219970703 37.492755889892578 -38.397640228271484
   vertex -33.872669219970703 37.234188079833984 -38.269916534423828
  endloop
 endfacet
 facet normal -0.52180866691775585 0.37780464029366628 0.7648394399493843
  outer loop
   vertex -33.872669219970703 37.234188079833984 -38.269916534423828
   vertex -33.872669219970703 37.492755889892578 -38.397640228271484
   vertex -34.131237030029297 37.234188079833984 -38.446323394775391
  endloop
 endfacet
 facet normal -0.56105668568273104 0.09448674433205316 0.82236710208777086
  outer loop
   vertex -33.872669219970703 37.234188079833984 -38.269916534423828
   vertex -34.131237030029297 37.234188079833984 -38.446323394775391
   vertex -34.131237030029297 36.975616455078125 -38.416614532470703
  endloop
 endfacet
 facet normal -0.67419138846157411 0.084302637142276649 0.73372953947289909
  outer loop
   vertex -34.131237030029297 36.975616455078125 -38.416614532470703
   vertex -34.131237030029297 37.234188079833984 -38.446323394775391
   vertex -34.218959808349609 37.234188079833984 -38.526927947998047
  endloop
 endfacet
 facet normal -0.70576129482489336 0.061660274522417402 0.70576129482489336
  outer loop
   vertex -34.131237030029297 36.975616455078125 -38.416614532470703
   vertex -34.218959808349609 37.234188079833984 -38.526927947998047
   vertex -34.241550445556641 36.975616455078125 -38.526927947998047
  endloop
 endfacet
 facet normal -0.78239826166416582 0.068355819387976191 0.61901570424399577
  outer loop
   vertex -34.241550445556641 36.975616455078125 -38.526927947998047
   vertex -34.218959808349609 37.234188079833984 -38.526927947998047
   vertex -34.389808654785156 36.975616455078125 -38.714317321777344
  endloop
 endfacet
 facet normal -0.73449930405851205 -0.35044445912268879 0.58111913873814858
  outer loop
   vertex -34.241550445556641 36.975616455078125 -38.526927947998047
   vertex -34.389808654785156 36.975616455078125 -38.714317321777344
   vertex -34.389808654785156 36.857585906982422 -38.785495758056641
  endloop
 endfacet
 facet normal -0.7460406510584987 -0.34388131493475677 0.5702359057503783
  outer loop
   vertex -34.389808654785156 36.857585906982422 -38.785495758056641
   vertex -34.389808654785156 36.975616455078125 -38.714317321777344
   vertex -34.4442138671875 36.975616455078125 -38.785495758056641
  endloop
 endfacet
 facet normal -0.83772701925793314 -0.38614339383525559 0.38614339383525559
  outer loop
   vertex -34.389808654785156 36.857585906982422 -38.785495758056641
   vertex -34.4442138671875 36.975616455078125 -38.785495758056641
   vertex -34.389808654785156 36.717044830322266 -38.926036834716797
  endloop
 endfacet
 facet normal -0.83772701925793303 -0.38614339383525553 0.38614339383525553
  outer loop
   vertex -34.389808654785156 36.717044830322266 -38.926036834716797
   vertex -34.4442138671875 36.975616455078125 -38.785495758056641
   vertex -34.4442138671875 36.717044830322266 -39.0440673828125
  endloop
 endfacet
 facet normal -0.75677777342156705 -0.55281523276676858 0.34883050336247662
  outer loop
   vertex -34.389808654785156 36.717044830322266 -38.926036834716797
   vertex -34.4442138671875 36.717044830322266 -39.0440673828125
   vertex -34.389808654785156 36.642566680908203 -39.0440673828125
  endloop
 endfacet
 facet normal -0.80328106143742184 -0.58678521297994823 0.10209138143861984
  outer loop
   vertex -34.389808654785156 36.642566680908203 -39.0440673828125
   vertex -34.4442138671875 36.717044830322266 -39.0440673828125
   vertex -34.389808654785156 36.597579956054688 -39.302635192871094
  endloop
 endfacet
 facet normal -0.81429075597178258 -0.57186638506858312 0.099495740448995326
  outer loop
   vertex -34.389808654785156 36.642566680908203 -39.0440673828125
   vertex -34.389808654785156 36.597579956054688 -39.302635192871094
   vertex -34.260524749755859 36.458477020263672 -39.0440673828125
  endloop
 endfacet
 facet normal -0.72008437408121262 -0.69376125682767487 -0.013183805556560516
  outer loop
   vertex -34.260524749755859 36.458477020263672 -39.0440673828125
   vertex -34.389808654785156 36.597579956054688 -39.302635192871094
   vertex -34.255790710449219 36.458477020263672 -39.302635192871094
  endloop
 endfacet
 facet normal -0.67938683488543394 -0.73367486508497781 -0.012438686702853611
  outer loop
   vertex -34.260524749755859 36.458477020263672 -39.0440673828125
   vertex -34.255790710449219 36.458477020263672 -39.302635192871094
   vertex -34.131237030029297 36.3431396484375 -39.302635192871094
  endloop
 endfacet
 facet normal -0.67747063043715272 -0.73160554173651304 -0.076071520265537734
  outer loop
   vertex -34.131237030029297 36.3431396484375 -39.302635192871094
   vertex -34.255790710449219 36.458477020263672 -39.302635192871094
   vertex -34.131237030029297 36.370025634765625 -39.561206817626953
  endloop
 endfacet
 facet normal -0.29030657305319096 -0.95180227022788955 -0.098967328099466914
  outer loop
   vertex -34.131237030029297 36.3431396484375 -39.302635192871094
   vertex -34.131237030029297 36.370025634765625 -39.561206817626953
   vertex -33.872669219970703 36.291160583496094 -39.561206817626953
  endloop
 endfacet
 facet normal -0.28240382826097188 -0.92589224567984896 -0.25094148157184698
  outer loop
   vertex -33.872669219970703 36.291160583496094 -39.561206817626953
   vertex -34.131237030029297 36.370025634765625 -39.561206817626953
   vertex -34.131237030029297 36.440105438232422 -39.819778442382812
  endloop
 endfacet
 facet normal -0.26104136104139658 -0.92609156987898789 -0.27241845022818612
  outer loop
   vertex -33.872669219970703 36.291160583496094 -39.561206817626953
   vertex -34.131237030029297 36.440105438232422 -39.819778442382812
   vertex -33.872669219970703 36.367221832275391 -39.819778442382812
  endloop
 endfacet
 facet normal -0.22639925935615179 -0.80319243157535236 -0.55102204422605372
  outer loop
   vertex -33.872669219970703 36.367221832275391 -39.819778442382812
   vertex -34.131237030029297 36.440105438232422 -39.819778442382812
   vertex -34.131237030029297 36.458477020263672 -39.8465576171875
  endloop
 endfacet
 facet normal -0.25409318960591215 -0.85347916535971202 -0.45498347804374539
  outer loop
   vertex -33.872669219970703 36.367221832275391 -39.819778442382812
   vertex -34.131237030029297 36.458477020263672 -39.8465576171875
   vertex -33.872669219970703 36.458477020263672 -39.990959167480469
  endloop
 endfacet
 facet normal -0.28308668897628125 -0.81419567776571211 -0.50689971871375006
  outer loop
   vertex -33.872669219970703 36.458477020263672 -39.990959167480469
   vertex -34.131237030029297 36.458477020263672 -39.8465576171875
   vertex -33.872669219970703 36.512882232666016 -40.078346252441406
  endloop
 endfacet
 facet normal -0.36438832318106407 -0.79055556695193419 -0.49218192316520365
  outer loop
   vertex -33.872669219970703 36.458477020263672 -39.990959167480469
   vertex -33.872669219970703 36.512882232666016 -40.078346252441406
   vertex -33.754634857177734 36.458477020263672 -40.078346252441406
  endloop
 endfacet
 facet normal 0.37413180134762902 0.52578618806665933 0.76392033593739972
  outer loop
   vertex -33.35552978515625 38.009895324707031 -38.4735107421875
   vertex -33.096958160400391 37.903514862060547 -38.526927947998047
   vertex -33.2464599609375 38.009895324707031 -38.526927947998047
  endloop
 endfacet
 facet normal 0.37568456071532391 0.52796835869739522 0.76164986907010812
  outer loop
   vertex -33.2464599609375 38.009895324707031 -38.526927947998047
   vertex -33.096958160400391 37.903514862060547 -38.526927947998047
   vertex -33.096958160400391 38.009895324707031 -38.600669860839844
  endloop
 endfacet
 facet normal 0.47461649466442335 -0.48165970740143332 0.7367110079660959
  outer loop
   vertex -31.286968231201172 37.988849639892578 -38.785495758056641
   vertex -31.286968231201172 38.009895324707031 -38.771736145019531
   vertex -31.52801513671875 37.751327514648438 -38.785495758056641
  endloop
 endfacet
 facet normal 0.40225978172292892 -0.41833799299460112 0.81435888380091404
  outer loop
   vertex -31.52801513671875 37.751327514648438 -38.785495758056641
   vertex -31.286968231201172 38.009895324707031 -38.771736145019531
   vertex -31.545537948608398 37.751327514648438 -38.776840209960938
  endloop
 endfacet
 facet normal 0.032043164478952051 -0.051746558171264709 0.99814604609125346
  outer loop
   vertex -31.286968231201172 38.009895324707031 -38.771736145019531
   vertex -31.545537948608398 38.009895324707031 -38.763435363769531
   vertex -31.545537948608398 37.751327514648438 -38.776840209960938
  endloop
 endfacet
 facet normal 0.10751545357272763 -0.05147303689356502 0.99287005882744006
  outer loop
   vertex -31.545537948608398 37.751327514648438 -38.776840209960938
   vertex -31.545537948608398 38.009895324707031 -38.763435363769531
   vertex -31.804107666015625 37.751327514648438 -38.74884033203125
  endloop
 endfacet
 facet normal -0.33002247930728806 0.39314176390240074 0.8582101820810446
  outer loop
   vertex -31.591407775878906 38.009895324707031 -38.785495758056641
   vertex -31.804107666015625 37.831344604492188 -38.785495758056641
   vertex -31.804107666015625 37.751327514648438 -38.74884033203125
  endloop
 endfacet
 facet normal 0.091544012033296832 0.41472684443132868 0.90532940876173906
  outer loop
   vertex -31.804107666015625 37.751327514648438 -38.74884033203125
   vertex -31.804107666015625 37.831344604492188 -38.785495758056641
   vertex -32.062679290771484 37.751327514648438 -38.722694396972656
  endloop
 endfacet
 facet normal 0.10060194160714044 0.0060619495015682813 0.99490828829250078
  outer loop
   vertex -31.804107666015625 37.751327514648438 -38.74884033203125
   vertex -32.062679290771484 37.751327514648438 -38.722694396972656
   vertex -32.062679290771484 37.492755889892578 -38.721118927001953
  endloop
 endfacet
 facet normal 0.43095618096395782 0.0054980315375530997 0.9023561058352586
  outer loop
   vertex -32.062679290771484 37.492755889892578 -38.721118927001953
   vertex -32.062679290771484 37.751327514648438 -38.722694396972656
   vertex -32.321247100830078 37.492755889892578 -38.597629547119141
  endloop
 endfacet
 facet normal 0.42403145401483006 -0.17862711412332377 0.88785679031364173
  outer loop
   vertex -32.062679290771484 37.492755889892578 -38.721118927001953
   vertex -32.321247100830078 37.492755889892578 -38.597629547119141
   vertex -32.321247100830078 37.234188079833984 -38.649650573730469
  endloop
 endfacet
 facet normal 0.55803196427367208 -0.16367103154865478 0.81351835890818502
  outer loop
   vertex -32.321247100830078 37.234188079833984 -38.649650573730469
   vertex -32.321247100830078 37.492755889892578 -38.597629547119141
   vertex -32.500156402587891 37.234188079833984 -38.526927947998047
  endloop
 endfacet
 facet normal 0.34513501195149815 -0.79228915626944441 0.50314979517345637
  outer loop
   vertex -32.321247100830078 37.234188079833984 -38.649650573730469
   vertex -32.500156402587891 37.234188079833984 -38.526927947998047
   vertex -32.579818725585938 37.199485778808594 -38.526927947998047
  endloop
 endfacet
 facet normal -0.39007936378071445 0.4358645190640959 0.811085822199758
  outer loop
   vertex -31.591407775878906 38.009895324707031 -38.785495758056641
   vertex -31.804107666015625 37.751327514648438 -38.74884033203125
   vertex -31.545537948608398 38.009895324707031 -38.763435363769531
  endloop
 endfacet
 facet normal 0.025707325869099046 0.56447025247332061 0.82505300888449939
  outer loop
   vertex -31.804107666015625 37.831344604492188 -38.785495758056641
   vertex -32.062679290771484 37.843120574951172 -38.785495758056641
   vertex -32.062679290771484 37.751327514648438 -38.722694396972656
  endloop
 endfacet
 facet normal 0.081587543744135002 0.56277439992578493 0.82257428083667394
  outer loop
   vertex -32.062679290771484 37.751327514648438 -38.722694396972656
   vertex -32.062679290771484 37.843120574951172 -38.785495758056641
   vertex -32.321247100830078 37.751327514648438 -38.697048187255859
  endloop
 endfacet
 facet normal 0.092184102967200685 0.35735038636173538 0.92940991630563685
  outer loop
   vertex -32.062679290771484 37.751327514648438 -38.722694396972656
   vertex -32.321247100830078 37.751327514648438 -38.697048187255859
   vertex -32.321247100830078 37.492755889892578 -38.597629547119141
  endloop
 endfacet
 facet normal 0.14583386016741276 0.35504176213760963 0.92340556223519277
  outer loop
   vertex -32.321247100830078 37.492755889892578 -38.597629547119141
   vertex -32.321247100830078 37.751327514648438 -38.697048187255859
   vertex -32.579818725585938 37.751327514648438 -38.656211853027344
  endloop
 endfacet
 facet normal 0.34552274550573431 0.52217478144480611 0.77970990115635219
  outer loop
   vertex -32.321247100830078 37.492755889892578 -38.597629547119141
   vertex -32.579818725585938 37.751327514648438 -38.656211853027344
   vertex -32.480792999267578 37.492755889892578 -38.526927947998047
  endloop
 endfacet
 facet normal 0.050301402860282493 0.61588325301222324 0.78622998386564291
  outer loop
   vertex -32.062679290771484 37.843120574951172 -38.785495758056641
   vertex -32.321247100830078 37.864238739013672 -38.785495758056641
   vertex -32.321247100830078 37.751327514648438 -38.697048187255859
  endloop
 endfacet
 facet normal 0.12337716927992544 0.6119524942282718 0.78121201917806504
  outer loop
   vertex -32.321247100830078 37.751327514648438 -38.697048187255859
   vertex -32.321247100830078 37.864238739013672 -38.785495758056641
   vertex -32.579818725585938 37.751327514648438 -38.656211853027344
  endloop
 endfacet
 facet normal 0.12729571649549901 0.60682787476013844 0.78457359818948236
  outer loop
   vertex -32.321247100830078 37.864238739013672 -38.785495758056641
   vertex -32.579818725585938 37.918479919433594 -38.785495758056641
   vertex -32.579818725585938 37.751327514648438 -38.656211853027344
  endloop
 endfacet
 facet normal 0.33941247439716243 0.57548683575751614 0.74405246729877672
  outer loop
   vertex -32.579818725585938 37.751327514648438 -38.656211853027344
   vertex -32.579818725585938 37.918479919433594 -38.785495758056641
   vertex -32.838386535644531 38.009895324707031 -38.738250732421875
  endloop
 endfacet
 facet normal 0.46977580242014461 0.50292328666159614 0.72551971936950654
  outer loop
   vertex -33.096958160400391 37.903514862060547 -38.526927947998047
   vertex -32.934032440185547 37.751327514648438 -38.526927947998047
   vertex -33.096958160400391 38.009895324707031 -38.600669860839844
  endloop
 endfacet
 facet normal 0.4314946413596174 0.48823053751723428 0.75857980246877621
  outer loop
   vertex -33.096958160400391 38.009895324707031 -38.600669860839844
   vertex -32.934032440185547 37.751327514648438 -38.526927947998047
   vertex -32.838386535644531 37.751327514648438 -38.581333160400391
  endloop
 endfacet
 facet normal -0.25535113543189597 0.61788323453095884 0.7436505268734781
  outer loop
   vertex -33.614097595214844 38.009895324707031 -38.581371307373047
   vertex -33.872669219970703 38.009895324707031 -38.670158386230469
   vertex -33.614097595214844 37.944370269775391 -38.526927947998047
  endloop
 endfacet
 facet normal -0.30822484304405134 0.52206213388777656 0.79526635443165283
  outer loop
   vertex -33.614097595214844 37.944370269775391 -38.526927947998047
   vertex -33.872669219970703 38.009895324707031 -38.670158386230469
   vertex -33.872669219970703 37.791709899902344 -38.526927947998047
  endloop
 endfacet
 facet normal -0.44984827939299066 0.49011843026054913 0.74660595352977255
  outer loop
   vertex -33.872669219970703 37.791709899902344 -38.526927947998047
   vertex -33.872669219970703 38.009895324707031 -38.670158386230469
   vertex -34.131237030029297 37.751327514648438 -38.656211853027344
  endloop
 endfacet
 facet normal -0.27513787748577218 0.3239610624631048 0.90517864445666218
  outer loop
   vertex -34.131237030029297 37.751327514648438 -38.656211853027344
   vertex -33.872669219970703 38.009895324707031 -38.670158386230469
   vertex -34.131237030029297 38.009895324707031 -38.748752593994141
  endloop
 endfacet
 facet normal 0.67122434388167085 -0.52414591488469153 0.52414591488469153
  outer loop
   vertex -31.008502960205078 38.009895324707031 -39.0440673828125
   vertex -31.028398513793945 38.009895324707031 -39.018589019775391
   vertex -31.028398513793945 37.984416961669922 -39.0440673828125
  endloop
 endfacet
 facet normal 0.63251111338371879 -0.54769046524751941 0.54769046524751941
  outer loop
   vertex -31.028398513793945 37.984416961669922 -39.0440673828125
   vertex -31.028398513793945 38.009895324707031 -39.018589019775391
   vertex -31.230230331420898 37.751327514648438 -39.0440673828125
  endloop
 endfacet
 facet normal 0.70995598306763841 -0.61474986675164367 0.34357692506234999
  outer loop
   vertex -31.028398513793945 37.984416961669922 -39.0440673828125
   vertex -31.230230331420898 37.751327514648438 -39.0440673828125
   vertex -31.105098724365234 37.751327514648438 -39.302635192871094
  endloop
 endfacet
 facet normal 0.6112546613083244 -0.73407316955747781 0.29581129249013471
  outer loop
   vertex -31.105098724365234 37.751327514648438 -39.302635192871094
   vertex -31.230230331420898 37.751327514648438 -39.0440673828125
   vertex -31.286968231201172 37.704082489013672 -39.0440673828125
  endloop
 endfacet
 facet normal 0.63005302450312584 -0.71053098675870541 0.31333512916710132
  outer loop
   vertex -31.105098724365234 37.751327514648438 -39.302635192871094
   vertex -31.286968231201172 37.704082489013672 -39.0440673828125
   vertex -31.286968231201172 37.590057373046875 -39.302635192871094
  endloop
 endfacet
 facet normal 0.43942308981348233 -0.82190997503469643 0.36245184656342555
  outer loop
   vertex -31.286968231201172 37.590057373046875 -39.302635192871094
   vertex -31.286968231201172 37.704082489013672 -39.0440673828125
   vertex -31.545537948608398 37.565841674804688 -39.0440673828125
  endloop
 endfacet
 facet normal 0.50397871457812049 -0.74673099776731522 0.4340486979886185
  outer loop
   vertex -31.286968231201172 37.590057373046875 -39.302635192871094
   vertex -31.545537948608398 37.565841674804688 -39.0440673828125
   vertex -31.431137084960938 37.492755889892578 -39.302635192871094
  endloop
 endfacet
 facet normal 0.48603484829583177 -0.76078825006356532 0.43008297432851927
  outer loop
   vertex -31.431137084960938 37.492755889892578 -39.302635192871094
   vertex -31.545537948608398 37.565841674804688 -39.0440673828125
   vertex -31.545537948608398 37.492755889892578 -39.173351287841797
  endloop
 endfacet
 facet normal 0.47668170146348959 -0.77126764963794558 0.42180655295032077
  outer loop
   vertex -31.431137084960938 37.492755889892578 -39.302635192871094
   vertex -31.545537948608398 37.492755889892578 -39.173351287841797
   vertex -31.545537948608398 37.422050476074219 -39.302635192871094
  endloop
 endfacet
 facet normal 0.49524043165612042 -0.76221326851640481 0.41685470868229213
  outer loop
   vertex -31.545537948608398 37.422050476074219 -39.302635192871094
   vertex -31.545537948608398 37.492755889892578 -39.173351287841797
   vertex -31.804107666015625 37.395458221435547 -39.0440673828125
  endloop
 endfacet
 facet normal 0.43053078887718921 -0.83414186643041532 0.34474713413858626
  outer loop
   vertex -31.545537948608398 37.422050476074219 -39.302635192871094
   vertex -31.804107666015625 37.395458221435547 -39.0440673828125
   vertex -31.804107666015625 37.288593292236328 -39.302635192871094
  endloop
 endfacet
 facet normal 0.51868649166548741 -0.79014042335747992 0.32656153285439266
  outer loop
   vertex -31.804107666015625 37.288593292236328 -39.302635192871094
   vertex -31.804107666015625 37.395458221435547 -39.0440673828125
   vertex -31.886985778808594 37.234188079833984 -39.302635192871094
  endloop
 endfacet
 facet normal 0.51207301741096667 -0.78006579555957523 0.35955330541886954
  outer loop
   vertex -31.804107666015625 37.288593292236328 -39.302635192871094
   vertex -31.886985778808594 37.234188079833984 -39.302635192871094
   vertex -31.804107666015625 37.234188079833984 -39.420669555664062
  endloop
 endfacet
 facet normal 0.47435408736532642 -0.81489467369581636 0.33306886762649734
  outer loop
   vertex -31.804107666015625 37.234188079833984 -39.420669555664062
   vertex -31.886985778808594 37.234188079833984 -39.302635192871094
   vertex -32.062679290771484 37.131916046142578 -39.302635192871094
  endloop
 endfacet
 facet normal 0.47715695267882147 -0.80830048400025623 0.34492255663440263
  outer loop
   vertex -31.804107666015625 37.234188079833984 -39.420669555664062
   vertex -32.062679290771484 37.131916046142578 -39.302635192871094
   vertex -31.804107666015625 37.174217224121094 -39.561206817626953
  endloop
 endfacet
 facet normal 0.34259763064092058 -0.91962201796822118 0.1921515223652526
  outer loop
   vertex -31.804107666015625 37.174217224121094 -39.561206817626953
   vertex -32.062679290771484 37.131916046142578 -39.302635192871094
   vertex -32.062679290771484 37.077888488769531 -39.561206817626953
  endloop
 endfacet
 facet normal 0.34770846814752809 -0.93334084810881901 0.089295478217041022
  outer loop
   vertex -31.804107666015625 37.174217224121094 -39.561206817626953
   vertex -32.062679290771484 37.077888488769531 -39.561206817626953
   vertex -32.062679290771484 37.053150177001953 -39.819778442382812
  endloop
 endfacet
 facet normal 0.56915581262251957 -0.81849226308209722 0.078307574555381149
  outer loop
   vertex -32.062679290771484 37.053150177001953 -39.819778442382812
   vertex -32.062679290771484 37.077888488769531 -39.561206817626953
   vertex -32.174179077148438 36.975616455078125 -39.819778442382812
  endloop
 endfacet
 facet normal 0.57087923699380216 -0.82097068723699107 0.01019938561859335
  outer loop
   vertex -32.062679290771484 37.053150177001953 -39.819778442382812
   vertex -32.174179077148438 36.975616455078125 -39.819778442382812
   vertex -32.169559478759766 36.975616455078125 -40.078346252441406
  endloop
 endfacet
 facet normal 0.61706898084904094 -0.78683183127742928 0.011024616207963597
  outer loop
   vertex -32.169559478759766 36.975616455078125 -40.078346252441406
   vertex -32.174179077148438 36.975616455078125 -39.819778442382812
   vertex -32.321247100830078 36.860279083251953 -39.819778442382812
  endloop
 endfacet
 facet normal 0.64811980897674104 -0.76043303780210481 0.041015950933942565
  outer loop
   vertex -32.169559478759766 36.975616455078125 -40.078346252441406
   vertex -32.321247100830078 36.860279083251953 -39.819778442382812
   vertex -32.321247100830078 36.846332550048828 -40.078346252441406
  endloop
 endfacet
 facet normal 0.64812144697083585 -0.76043164578057609 0.041015875851609367
  outer loop
   vertex -32.321247100830078 36.846332550048828 -40.078346252441406
   vertex -32.321247100830078 36.860279083251953 -39.819778442382812
   vertex -32.472938537597656 36.717044830322266 -40.078346252441406
  endloop
 endfacet
 facet normal 0.64468201516542589 -0.75639620952003894 -0.11067914684330969
  outer loop
   vertex -32.321247100830078 36.846332550048828 -40.078346252441406
   vertex -32.472938537597656 36.717044830322266 -40.078346252441406
   vertex -32.517330169677734 36.717044830322266 -40.336917877197266
  endloop
 endfacet
 facet normal 0.58423269335140127 -0.80536440847820712 -0.10030119428957492
  outer loop
   vertex -32.517330169677734 36.717044830322266 -40.336917877197266
   vertex -32.472938537597656 36.717044830322266 -40.078346252441406
   vertex -32.579818725585938 36.639511108398438 -40.078346252441406
  endloop
 endfacet
 facet normal 0.57148064920294372 -0.81375386948830153 -0.10589857165891606
  outer loop
   vertex -32.517330169677734 36.717044830322266 -40.336917877197266
   vertex -32.579818725585938 36.639511108398438 -40.078346252441406
   vertex -32.579818725585938 36.673160552978516 -40.336917877197266
  endloop
 endfacet
 facet normal 0.27401101599810701 -0.95368496464101093 -0.12410862713509815
  outer loop
   vertex -32.579818725585938 36.673160552978516 -40.336917877197266
   vertex -32.579818725585938 36.639511108398438 -40.078346252441406
   vertex -32.838386535644531 36.598869323730469 -40.336917877197266
  endloop
 endfacet
 facet normal 0.2642794981668754 -0.91981478535287031 -0.28999501287939039
  outer loop
   vertex -32.579818725585938 36.673160552978516 -40.336917877197266
   vertex -32.838386535644531 36.598869323730469 -40.336917877197266
   vertex -32.838386535644531 36.680389404296875 -40.595485687255859
  endloop
 endfacet
 facet normal 0.23521807764439212 -0.9269643579633623 -0.29224909754325706
  outer loop
   vertex -32.838386535644531 36.680389404296875 -40.595485687255859
   vertex -32.838386535644531 36.598869323730469 -40.336917877197266
   vertex -33.096958160400391 36.614776611328125 -40.595485687255859
  endloop
 endfacet
 facet normal 0.20830726202477448 -0.82091227568751679 -0.53170585873515108
  outer loop
   vertex -32.838386535644531 36.680389404296875 -40.595485687255859
   vertex -33.096958160400391 36.614776611328125 -40.595485687255859
   vertex -33.096958160400391 36.717044830322266 -40.753379821777344
  endloop
 endfacet
 facet normal 0.16356800051411402 -0.82802019817162598 -0.53630966859421425
  outer loop
   vertex -33.096958160400391 36.717044830322266 -40.753379821777344
   vertex -33.096958160400391 36.614776611328125 -40.595485687255859
   vertex -33.35552978515625 36.717044830322266 -40.832241058349609
  endloop
 endfacet
 facet normal 0.18724858947017045 -0.76681056709020079 -0.61395400474321882
  outer loop
   vertex -33.096958160400391 36.717044830322266 -40.753379821777344
   vertex -33.35552978515625 36.717044830322266 -40.832241058349609
   vertex -33.096958160400391 36.797653198242188 -40.854057312011719
  endloop
 endfacet
 facet normal 0.19771537018504359 -0.79094316201916959 -0.57906609885893745
  outer loop
   vertex -33.096958160400391 36.797653198242188 -40.854057312011719
   vertex -33.35552978515625 36.717044830322266 -40.832241058349609
   vertex -33.35552978515625 36.733016967773438 -40.854057312011719
  endloop
 endfacet
 facet normal 0.17406022350840569 -0.69631280276618646 -0.69631280276618646
  outer loop
   vertex -33.096958160400391 36.797653198242188 -40.854057312011719
   vertex -33.35552978515625 36.733016967773438 -40.854057312011719
   vertex -33.35552978515625 36.975616455078125 -41.096656799316406
  endloop
 endfacet
 facet normal -0.6774844548228377 0.28640814748677251 0.6774844548228377
  outer loop
   vertex -34.291637420654297 37.751327514648438 -38.785495758056641
   vertex -34.182327270507812 38.009895324707031 -38.785495758056641
   vertex -34.389808654785156 37.751327514648438 -38.8836669921875
  endloop
 endfacet
 facet normal -0.60115086597182987 0.18743191514861268 0.77684420157779532
  outer loop
   vertex -34.389808654785156 37.751327514648438 -38.8836669921875
   vertex -34.182327270507812 38.009895324707031 -38.785495758056641
   vertex -34.389808654785156 38.009895324707031 -38.946052551269531
  endloop
 endfacet
 facet normal -0.75410264550823924 0.15403787497696725 0.63843678865652409
  outer loop
   vertex -34.389808654785156 37.751327514648438 -38.8836669921875
   vertex -34.389808654785156 38.009895324707031 -38.946052551269531
   vertex -34.472789764404297 38.009895324707031 -39.0440673828125
  endloop
 endfacet
 facet normal -0.7711231434485476 0.13808817555071362 0.62153097542367597
  outer loop
   vertex -34.472789764404297 38.009895324707031 -39.0440673828125
   vertex -34.519092559814453 37.751327514648438 -39.0440673828125
   vertex -34.389808654785156 37.751327514648438 -38.8836669921875
  endloop
 endfacet
 facet normal -0.74261012766603651 0.30044794211118048 0.59854927313379103
  outer loop
   vertex -34.389808654785156 37.751327514648438 -38.8836669921875
   vertex -34.519092559814453 37.751327514648438 -39.0440673828125
   vertex -34.389808654785156 37.555751800537109 -38.785495758056641
  endloop
 endfacet
 facet normal -0.66637588051723984 0.3344942028342891 0.66637588051723984
  outer loop
   vertex -34.389808654785156 37.751327514648438 -38.8836669921875
   vertex -34.389808654785156 37.555751800537109 -38.785495758056641
   vertex -34.291637420654297 37.751327514648438 -38.785495758056641
  endloop
 endfacet
 facet normal -0.7975518917424792 0.31529815255486804 0.51429374385994608
  outer loop
   vertex -34.64837646484375 37.858207702636719 -39.302635192871094
   vertex -34.64837646484375 37.751327514648438 -39.237110137939453
   vertex -34.588409423828125 38.009895324707031 -39.302635192871094
  endloop
 endfacet
 facet normal -0.78815155176522 0.31655035973813445 0.52783804447930194
  outer loop
   vertex -34.588409423828125 38.009895324707031 -39.302635192871094
   vertex -34.64837646484375 37.751327514648438 -39.237110137939453
   vertex -34.519092559814453 37.751327514648438 -39.0440673828125
  endloop
 endfacet
 facet normal -0.90093222330123202 0.16133361845962577 0.40285554802214513
  outer loop
   vertex -34.588409423828125 38.009895324707031 -39.302635192871094
   vertex -34.519092559814453 37.751327514648438 -39.0440673828125
   vertex -34.472789764404297 38.009895324707031 -39.0440673828125
  endloop
 endfacet
 facet normal -0.78637137925990763 0.32287873320743726 0.52665869168108392
  outer loop
   vertex -34.64837646484375 37.751327514648438 -39.237110137939453
   vertex -34.64837646484375 37.858207702636719 -39.302635192871094
   vertex -34.6922607421875 37.751327514648438 -39.302635192871094
  endloop
 endfacet
 facet normal -0.86478255755940858 0.35507382904430851 0.3550685906537232
  outer loop
   vertex -34.6922607421875 37.751327514648438 -39.302635192871094
   vertex -34.64837646484375 37.858207702636719 -39.302635192871094
   vertex -34.6922607421875 38.009895324707031 -39.561206817626953
  endloop
 endfacet
 facet normal -0.92644194207561736 0.26618360068930763 0.26617967369285289
  outer loop
   vertex -34.6922607421875 37.751327514648438 -39.302635192871094
   vertex -34.6922607421875 38.009895324707031 -39.561206817626953
   vertex -34.766551971435547 37.751327514648438 -39.561206817626953
  endloop
 endfacet
 facet normal 0.70709369262490851 -0.58883271229784206 0.39152847505390759
  outer loop
   vertex -30.72258186340332 38.009895324707031 -39.561206817626953
   vertex -30.769828796386719 38.009895324707031 -39.475879669189453
   vertex -30.769828796386719 37.953159332275391 -39.561206817626953
  endloop
 endfacet
 facet normal 0.67276938029353683 -0.61608961857703415 0.40965222179435934
  outer loop
   vertex -30.769828796386719 37.953159332275391 -39.561206817626953
   vertex -30.769828796386719 38.009895324707031 -39.475879669189453
   vertex -30.954656600952148 37.751327514648438 -39.561206817626953
  endloop
 endfacet
 facet normal 0.72840640895294406 -0.66703931511432024 0.15646934360472894
  outer loop
   vertex -30.769828796386719 37.953159332275391 -39.561206817626953
   vertex -30.954656600952148 37.751327514648438 -39.561206817626953
   vertex -30.899112701416016 37.751327514648438 -39.819778442382812
  endloop
 endfacet
 facet normal 0.69908816591060108 -0.69908816591060108 0.15017147721023422
  outer loop
   vertex -30.899112701416016 37.751327514648438 -39.819778442382812
   vertex -30.954656600952148 37.751327514648438 -39.561206817626953
   vertex -31.028398513793945 37.677585601806641 -39.561206817626953
  endloop
 endfacet
 facet normal 0.69909289757479076 -0.69908258403623336 0.15017543493429908
  outer loop
   vertex -30.899112701416016 37.751327514648438 -39.819778442382812
   vertex -31.028398513793945 37.677585601806641 -39.561206817626953
   vertex -31.028398513793945 37.622039794921875 -39.819778442382812
  endloop
 endfacet
 facet normal 0.68613452706662814 -0.71124886068989546 0.15278896862790919
  outer loop
   vertex -31.028398513793945 37.622039794921875 -39.819778442382812
   vertex -31.028398513793945 37.677585601806641 -39.561206817626953
   vertex -31.16241455078125 37.492755889892578 -39.819778442382812
  endloop
 endfacet
 facet normal 0.69255070853526735 -0.71789989132532961 -0.070663018208815154
  outer loop
   vertex -31.028398513793945 37.622039794921875 -39.819778442382812
   vertex -31.16241455078125 37.492755889892578 -39.819778442382812
   vertex -31.188796997070312 37.492755889892578 -40.078346252441406
  endloop
 endfacet
 facet normal 0.67781257147469254 -0.73197480639061308 -0.069159242045365638
  outer loop
   vertex -31.188796997070312 37.492755889892578 -40.078346252441406
   vertex -31.16241455078125 37.492755889892578 -39.819778442382812
   vertex -31.286968231201172 37.377418518066406 -39.819778442382812
  endloop
 endfacet
 facet normal 0.69177755617708514 -0.71974511454284562 -0.058401908028468487
  outer loop
   vertex -31.188796997070312 37.492755889892578 -40.078346252441406
   vertex -31.286968231201172 37.377418518066406 -39.819778442382812
   vertex -31.286968231201172 37.398399353027344 -40.078346252441406
  endloop
 endfacet
 facet normal 0.70018645079118791 -0.71162118665910457 -0.05774271232222529
  outer loop
   vertex -31.286968231201172 37.398399353027344 -40.078346252441406
   vertex -31.286968231201172 37.377418518066406 -39.819778442382812
   vertex -31.453861236572266 37.234188079833984 -40.078346252441406
  endloop
 endfacet
 facet normal 0.69246436083258378 -0.70377298734930527 -0.1587346567519391
  outer loop
   vertex -31.286968231201172 37.398399353027344 -40.078346252441406
   vertex -31.453861236572266 37.234188079833984 -40.078346252441406
   vertex -31.513134002685547 37.234188079833984 -40.336917877197266
  endloop
 endfacet
 facet normal 0.61119297245782023 -0.77898255783795955 -0.14010469300635278
  outer loop
   vertex -31.513134002685547 37.234188079833984 -40.336917877197266
   vertex -31.453861236572266 37.234188079833984 -40.078346252441406
   vertex -31.545537948608398 37.162258148193359 -40.078346252441406
  endloop
 endfacet
 facet normal 0.6407219085024134 -0.75665400413926742 -0.13019275703755037
  outer loop
   vertex -31.513134002685547 37.234188079833984 -40.336917877197266
   vertex -31.545537948608398 37.162258148193359 -40.078346252441406
   vertex -31.545537948608398 37.206748962402344 -40.336917877197266
  endloop
 endfacet
 facet normal 0.326841033267533 -0.93139251397698464 -0.16025892761479385
  outer loop
   vertex -31.545537948608398 37.206748962402344 -40.336917877197266
   vertex -31.545537948608398 37.162258148193359 -40.078346252441406
   vertex -31.804107666015625 37.116012573242188 -40.336917877197266
  endloop
 endfacet
 facet normal 0.32227676438020092 -0.91838580600357222 -0.22957612783518525
  outer loop
   vertex -31.545537948608398 37.206748962402344 -40.336917877197266
   vertex -31.804107666015625 37.116012573242188 -40.336917877197266
   vertex -31.804107666015625 37.180648803710938 -40.595485687255859
  endloop
 endfacet
 facet normal 0.35973981667596544 -0.90519875245923842 -0.22627965627555011
  outer loop
   vertex -31.804107666015625 37.180648803710938 -40.595485687255859
   vertex -31.804107666015625 37.116012573242188 -40.336917877197266
   vertex -32.062679290771484 37.077888488769531 -40.595485687255859
  endloop
 endfacet
 facet normal 0.33616599992882029 -0.84588091072741944 -0.41409890770057328
  outer loop
   vertex -31.804107666015625 37.180648803710938 -40.595485687255859
   vertex -32.062679290771484 37.077888488769531 -40.595485687255859
   vertex -32.062679290771484 37.204471588134766 -40.854057312011719
  endloop
 endfacet
 facet normal 0.31401757310763334 -0.85271980851654994 -0.41744687319836354
  outer loop
   vertex -32.062679290771484 37.204471588134766 -40.854057312011719
   vertex -32.062679290771484 37.077888488769531 -40.595485687255859
   vertex -32.321247100830078 37.1092529296875 -40.854057312011719
  endloop
 endfacet
 facet normal 0.26731158402896171 -0.7258889382897753 -0.63374266568731985
  outer loop
   vertex -32.062679290771484 37.204471588134766 -40.854057312011719
   vertex -32.321247100830078 37.1092529296875 -40.854057312011719
   vertex -32.321247100830078 37.234188079833984 -40.997158050537109
  endloop
 endfacet
 facet normal 0.32620181372570306 -0.71209599128918499 -0.62170063206653947
  outer loop
   vertex -32.321247100830078 37.234188079833984 -40.997158050537109
   vertex -32.321247100830078 37.1092529296875 -40.854057312011719
   vertex -32.541313171386719 37.234188079833984 -41.112625122070312
  endloop
 endfacet
 facet normal 0.37049559286912576 -0.60343083729607561 -0.70611914027642131
  outer loop
   vertex -32.321247100830078 37.234188079833984 -40.997158050537109
   vertex -32.541313171386719 37.234188079833984 -41.112625122070312
   vertex -32.321247100830078 37.369304656982422 -41.112625122070312
  endloop
 endfacet
 facet normal 0.35937363787875981 -0.5853163691583223 -0.72681176132001635
  outer loop
   vertex -32.321247100830078 37.369304656982422 -41.112625122070312
   vertex -32.541313171386719 37.234188079833984 -41.112625122070312
   vertex -32.579818725585938 37.234188079833984 -41.131664276123047
  endloop
 endfacet
 facet normal 0.35627585704885828 -0.57839757452329721 -0.73384178095122687
  outer loop
   vertex -32.321247100830078 37.369304656982422 -41.112625122070312
   vertex -32.579818725585938 37.234188079833984 -41.131664276123047
   vertex -32.321247100830078 37.492755889892578 -41.209926605224609
  endloop
 endfacet
 facet normal 0.2362701347290504 -0.4902098977686094 -0.83897001112364311
  outer loop
   vertex -32.321247100830078 37.492755889892578 -41.209926605224609
   vertex -32.579818725585938 37.234188079833984 -41.131664276123047
   vertex -32.579818725585938 37.492755889892578 -41.282745361328125
  endloop
 endfacet
 facet normal 0.21743220174290728 -0.5971750091450051 -0.77207852327201454
  outer loop
   vertex -32.321247100830078 37.492755889892578 -41.209926605224609
   vertex -32.579818725585938 37.492755889892578 -41.282745361328125
   vertex -32.321247100830078 37.701259613037109 -41.371196746826172
  endloop
 endfacet
 facet normal 0.15265895959995399 -0.54034894300593639 -0.82747704611440853
  outer loop
   vertex -32.321247100830078 37.701259613037109 -41.371196746826172
   vertex -32.579818725585938 37.492755889892578 -41.282745361328125
   vertex -32.579818725585938 37.628208160400391 -41.371196746826172
  endloop
 endfacet
 facet normal 0.69622240840380745 -0.6173651006309121 0.36624403143175732
  outer loop
   vertex -30.867128372192383 38.009895324707031 -39.302635192871094
   vertex -31.028398513793945 37.828025817871094 -39.302635192871094
   vertex -31.028398513793945 37.751327514648438 -39.431922912597656
  endloop
 endfacet
 facet normal -0.87284906673364748 0.34506557008985361 0.34505689246958227
  outer loop
   vertex -34.588409423828125 38.009895324707031 -39.302635192871094
   vertex -34.64837646484375 38.009895324707031 -39.454326629638672
   vertex -34.64837646484375 37.858207702636719 -39.302635192871094
  endloop
 endfacet
 facet normal -0.86477820714451048 0.35508097227860885 0.35507204279357729
  outer loop
   vertex -34.64837646484375 37.858207702636719 -39.302635192871094
   vertex -34.64837646484375 38.009895324707031 -39.454326629638672
   vertex -34.6922607421875 38.009895324707031 -39.561206817626953
  endloop
 endfacet
 facet normal -0.90660038441724955 0.22275332983806131 -0.35840856158935624
  outer loop
   vertex -34.64837646484375 38.009895324707031 -39.926658630371094
   vertex -34.588409423828125 38.009895324707031 -40.078346252441406
   vertex -34.64837646484375 37.765830993652344 -40.078346252441406
  endloop
 endfacet
 facet normal -0.90034311965452574 0.22121590873662308 -0.37476097530637625
  outer loop
   vertex -34.64837646484375 37.765830993652344 -40.078346252441406
   vertex -34.588409423828125 38.009895324707031 -40.078346252441406
   vertex -34.5443115234375 37.751327514648438 -40.336917877197266
  endloop
 endfacet
 facet normal -0.9072787267593686 0.21912985801212156 -0.35892536452232848
  outer loop
   vertex -34.6922607421875 38.009895324707031 -39.819778442382812
   vertex -34.652420043945312 37.751327514648438 -40.078346252441406
   vertex -34.754711151123047 37.751327514648438 -39.819778442382812
  endloop
 endfacet
 facet normal -0.92851518210728556 -0.054135874772258424 -0.36732664436291146
  outer loop
   vertex -34.754711151123047 37.751327514648438 -39.819778442382812
   vertex -34.652420043945312 37.751327514648438 -40.078346252441406
   vertex -34.739635467529297 37.492755889892578 -39.819778442382812
  endloop
 endfacet
 facet normal 0.63225393237077032 -0.71150554293316337 0.30661837416743637
  outer loop
   vertex -30.769828796386719 37.831932067871094 -40.078346252441406
   vertex -30.769828796386719 37.751327514648438 -40.265388488769531
   vertex -30.735139846801758 37.751327514648438 -40.336917877197266
  endloop
 endfacet
 facet normal 0.61157374249949847 -0.73349325078068972 0.29658929270007944
  outer loop
   vertex -30.735139846801758 37.751327514648438 -40.336917877197266
   vertex -30.769828796386719 37.751327514648438 -40.265388488769531
   vertex -30.769828796386719 37.722404479980469 -40.336917877197266
  endloop
 endfacet
 facet normal 0.63780149285428467 -0.76494960106442067 -0.089785096448293855
  outer loop
   vertex -30.735139846801758 37.751327514648438 -40.336917877197266
   vertex -30.769828796386719 37.722404479980469 -40.336917877197266
   vertex -30.769828796386719 37.751327514648438 -40.583335876464844
  endloop
 endfacet
 facet normal 0.53455908578852296 -0.83936904543264179 -0.098519994774839234
  outer loop
   vertex -30.769828796386719 37.751327514648438 -40.583335876464844
   vertex -30.769828796386719 37.722404479980469 -40.336917877197266
   vertex -30.772068023681641 37.751327514648438 -40.595485687255859
  endloop
 endfacet
 facet normal 0.66105812000306652 -0.68656409222302539 0.3027076299797945
  outer loop
   vertex -30.769828796386719 37.831932067871094 -40.078346252441406
   vertex -30.735139846801758 37.751327514648438 -40.336917877197266
   vertex -30.584999084472656 38.009895324707031 -40.078346252441406
  endloop
 endfacet
 facet normal 0.55334438903601457 -0.14297604353097379 -0.82058993297419192
  outer loop
   vertex -31.028398513793945 37.764179229736328 -40.854057312011719
   vertex -31.028398513793945 37.751327514648438 -40.851818084716797
   vertex -31.031719207763672 37.751327514648438 -40.854057312011719
  endloop
 endfacet
 facet normal 0.3075407931055163 -0.83511496034298172 -0.45607199386431335
  outer loop
   vertex -31.031719207763672 37.751327514648438 -40.854057312011719
   vertex -31.028398513793945 37.751327514648438 -40.851818084716797
   vertex -31.028398513793945 37.611339569091797 -40.595485687255859
  endloop
 endfacet
 facet normal 0.36570213290473469 -0.81650575984923113 -0.44674410362304423
  outer loop
   vertex -31.031719207763672 37.751327514648438 -40.854057312011719
   vertex -31.028398513793945 37.611339569091797 -40.595485687255859
   vertex -31.286968231201172 37.637004852294922 -40.854057312011719
  endloop
 endfacet
 facet normal -0.97968563300596512 -0.042088527386524008 -0.19607298728824221
  outer loop
   vertex -34.519092559814453 38.009895324707031 -40.595485687255859
   vertex -34.467342376708984 38.009895324707031 -40.854057312011719
   vertex -34.507984161376953 37.751327514648438 -40.595485687255859
  endloop
 endfacet
 facet normal 0.40649922587972476 -0.10503341529483538 -0.90759372024639262
  outer loop
   vertex -31.028398513793945 37.764179229736328 -40.854057312011719
   vertex -31.031719207763672 37.751327514648438 -40.854057312011719
   vertex -31.286968231201172 37.751327514648438 -40.968379974365234
  endloop
 endfacet
 facet normal 0.30192385863219617 -0.67410755209708395 -0.67410755209708395
  outer loop
   vertex -31.286968231201172 37.751327514648438 -40.968379974365234
   vertex -31.031719207763672 37.751327514648438 -40.854057312011719
   vertex -31.286968231201172 37.637004852294922 -40.854057312011719
  endloop
 endfacet
 facet normal 0.42701114200694013 -0.6393987349854271 -0.6393987349854271
  outer loop
   vertex -31.286968231201172 37.751327514648438 -40.968379974365234
   vertex -31.286968231201172 37.637004852294922 -40.854057312011719
   vertex -31.502958297729492 37.751327514648438 -41.112625122070312
  endloop
 endfacet
 facet normal 0.43808139650070727 -0.62771046825942167 -0.64347824988691549
  outer loop
   vertex -31.502958297729492 37.751327514648438 -41.112625122070312
   vertex -31.286968231201172 37.637004852294922 -40.854057312011719
   vertex -31.545537948608398 37.721611022949219 -41.112625122070312
  endloop
 endfacet
 facet normal 0.74469986484697559 -0.41968538774778563 -0.51892801678834721
  outer loop
   vertex -31.375650405883789 38.009895324707031 -41.112625122070312
   vertex -31.545537948608398 37.751327514648438 -41.147308349609375
   vertex -31.545537948608398 38.009895324707031 -41.356426239013672
  endloop
 endfacet
 facet normal 0.26089819754927657 -0.60705788594033205 -0.75060832238471309
  outer loop
   vertex -31.545537948608398 38.009895324707031 -41.356426239013672
   vertex -31.545537948608398 37.751327514648438 -41.147308349609375
   vertex -31.804107666015625 37.751327514648438 -41.2371826171875
  endloop
 endfacet
 facet normal 0.31414944353971097 -0.48632136940446496 -0.81535369796442092
  outer loop
   vertex -32.062679290771484 37.856899261474609 -41.371196746826172
   vertex -32.321247100830078 37.751327514648438 -41.407852172851562
   vertex -32.062679290771484 38.009895324707031 -41.462451934814453
  endloop
 endfacet
 facet normal 0.042087883684422712 -0.1960757739012858 -0.97968510294684907
  outer loop
   vertex -32.321247100830078 38.009895324707031 -41.489372253417969
   vertex -32.579818725585938 37.751327514648438 -41.44873046875
   vertex -32.579818725585938 38.009895324707031 -41.500480651855469
  endloop
 endfacet
 facet normal 0.05196493504697431 -0.1959845173331258 -0.9792291429952773
  outer loop
   vertex -32.579818725585938 38.009895324707031 -41.500480651855469
   vertex -32.579818725585938 37.751327514648438 -41.44873046875
   vertex -32.838386535644531 37.751327514648438 -41.462451934814453
  endloop
 endfacet
 facet normal 0.29287220797608604 0.21115353544908319 0.93254493417881212
  outer loop
   vertex -33.342666625976562 37.492755889892578 -38.268356323242188
   vertex -33.35552978515625 37.510597229003906 -38.268356323242188
   vertex -33.35552978515625 37.492755889892578 -38.264316558837891
  endloop
 endfacet
 facet normal -0.19229338521651593 0.21671550854741406 0.95710900233829599
  outer loop
   vertex -33.35552978515625 37.492755889892578 -38.264316558837891
   vertex -33.35552978515625 37.510597229003906 -38.268356323242188
   vertex -33.375637054443359 37.492755889892578 -38.268356323242188
  endloop
 endfacet
 facet normal -0.19246250528996645 -0.21281096399903779 0.9579507699560087
  outer loop
   vertex -33.35552978515625 37.492755889892578 -38.264316558837891
   vertex -33.375637054443359 37.492755889892578 -38.268356323242188
   vertex -33.35552978515625 37.474571228027344 -38.268356323242188
  endloop
 endfacet
 facet normal -0.17747312437738222 -0.19623680272565172 0.96436217645640998
  outer loop
   vertex -33.35552978515625 37.474571228027344 -38.268356323242188
   vertex -33.375637054443359 37.492755889892578 -38.268356323242188
   vertex -33.614097595214844 37.492755889892578 -38.312240600585938
  endloop
 endfacet
 facet normal -0.17777833249825506 -0.2052390142145572 0.96243015930423592
  outer loop
   vertex -33.35552978515625 37.474571228027344 -38.268356323242188
   vertex -33.614097595214844 37.492755889892578 -38.312240600585938
   vertex -33.35552978515625 37.234188079833984 -38.319618225097656
  endloop
 endfacet
 facet normal 0.2052390142145572 0.17777833249825506 0.96243015930423592
  outer loop
   vertex -33.35552978515625 37.234188079833984 -38.319618225097656
   vertex -33.614097595214844 37.492755889892578 -38.312240600585938
   vertex -33.595912933349609 37.234188079833984 -38.268356323242188
  endloop
 endfacet
 facet normal 0.20004715495182954 -0.28280687652887648 0.93808390156939558
  outer loop
   vertex -33.35552978515625 37.234188079833984 -38.319618225097656
   vertex -33.595912933349609 37.234188079833984 -38.268356323242188
   vertex -33.614097595214844 37.221324920654297 -38.268356323242188
  endloop
 endfacet
 facet normal 0.2073399565967827 -0.29311671800025596 0.93332348734359127
  outer loop
   vertex -33.614097595214844 37.221324920654297 -38.268356323242188
   vertex -33.595912933349609 37.234188079833984 -38.268356323242188
   vertex -33.614097595214844 37.234188079833984 -38.264316558837891
  endloop
 endfacet
 facet normal -0.020270866862200313 -0.29956638122098633 0.95386009204642674
  outer loop
   vertex -33.614097595214844 37.221324920654297 -38.268356323242188
   vertex -33.614097595214844 37.234188079833984 -38.264316558837891
   vertex -33.804191589355469 37.234188079833984 -38.268356323242188
  endloop
 endfacet
 facet normal -0.020830539326180973 0.19693178442463485 0.98019587885009474
  outer loop
   vertex -33.804191589355469 37.234188079833984 -38.268356323242188
   vertex -33.614097595214844 37.234188079833984 -38.264316558837891
   vertex -33.614097595214844 37.254295349121094 -38.268356323242188
  endloop
 endfacet
 facet normal -0.022267860660406816 0.21052021104712437 0.97733585993878436
  outer loop
   vertex -33.804191589355469 37.234188079833984 -38.268356323242188
   vertex -33.614097595214844 37.254295349121094 -38.268356323242188
   vertex -33.872669219970703 37.234188079833984 -38.269916534423828
  endloop
 endfacet
 facet normal -0.020004777946971527 0.18095602140572253 0.98328771332520171
  outer loop
   vertex -33.872669219970703 37.234188079833984 -38.269916534423828
   vertex -33.614097595214844 37.254295349121094 -38.268356323242188
   vertex -33.614097595214844 37.492755889892578 -38.312240600585938
  endloop
 endfacet
 facet normal 0.20958696297304266 0.49190524668416818 0.84504587640927764
  outer loop
   vertex -32.838386535644531 37.492755889892578 -38.424655914306641
   vertex -32.579818725585938 37.558280944824219 -38.526927947998047
   vertex -32.838386535644531 37.668449401855469 -38.526927947998047
  endloop
 endfacet
 facet normal 0.22767574311611874 0.53436001453936144 0.8140166649756112
  outer loop
   vertex -32.838386535644531 37.668449401855469 -38.526927947998047
   vertex -32.579818725585938 37.558280944824219 -38.526927947998047
   vertex -32.838386535644531 37.751327514648438 -38.581333160400391
  endloop
 endfacet
 facet normal 0.42943748739859139 0.49559450066946892 0.75496326753224519
  outer loop
   vertex -32.838386535644531 37.668449401855469 -38.526927947998047
   vertex -32.838386535644531 37.751327514648438 -38.581333160400391
   vertex -32.934032440185547 37.751327514648438 -38.526927947998047
  endloop
 endfacet
 facet normal 0.18440355821820734 0.54691964647023117 0.81662367588831364
  outer loop
   vertex -32.579818725585938 37.558280944824219 -38.526927947998047
   vertex -32.838386535644531 37.492755889892578 -38.424655914306641
   vertex -32.579818725585938 37.492755889892578 -38.483043670654297
  endloop
 endfacet
 facet normal 0.21976725095393448 -0.067268363433894099 0.97323035438126149
  outer loop
   vertex -32.579818725585938 37.492755889892578 -38.483043670654297
   vertex -32.838386535644531 37.492755889892578 -38.424655914306641
   vertex -32.838386535644531 37.234188079833984 -38.442527770996094
  endloop
 endfacet
 facet normal 0.19314720286087028 -0.039529077835761456 0.98037319936464806
  outer loop
   vertex -32.579818725585938 37.492755889892578 -38.483043670654297
   vertex -32.838386535644531 37.234188079833984 -38.442527770996094
   vertex -32.579818725585938 37.234188079833984 -38.49346923828125
  endloop
 endfacet
 facet normal 0.13413052629227601 -0.72006714469164668 0.68081738304201389
  outer loop
   vertex -32.579818725585938 37.234188079833984 -38.49346923828125
   vertex -32.838386535644531 37.234188079833984 -38.442527770996094
   vertex -32.838386535644531 37.154388427734375 -38.526927947998047
  endloop
 endfacet
 facet normal 0.44126999770058312 0.5092498689287821 0.7388811542632181
  outer loop
   vertex -32.934032440185547 37.751327514648438 -38.526927947998047
   vertex -33.096958160400391 37.751327514648438 -38.42962646484375
   vertex -32.838386535644531 37.668449401855469 -38.526927947998047
  endloop
 endfacet
 facet normal 0.43745025860614623 0.45238972884715373 0.77716201945219543
  outer loop
   vertex -32.838386535644531 37.668449401855469 -38.526927947998047
   vertex -33.096958160400391 37.751327514648438 -38.42962646484375
   vertex -32.838386535644531 37.492755889892578 -38.424655914306641
  endloop
 endfacet
 facet normal 0.29820385112320758 0.31552088552972957 0.90084462254587672
  outer loop
   vertex -32.838386535644531 37.492755889892578 -38.424655914306641
   vertex -33.096958160400391 37.751327514648438 -38.42962646484375
   vertex -33.096958160400391 37.492755889892578 -38.339061737060547
  endloop
 endfacet
 facet normal 0.36023210089373114 0.30836771858794515 0.8804215942482071
  outer loop
   vertex -33.096958160400391 37.492755889892578 -38.339061737060547
   vertex -33.096958160400391 37.751327514648438 -38.42962646484375
   vertex -33.35552978515625 37.751327514648438 -38.323829650878906
  endloop
 endfacet
 facet normal 0.2700847954654102 0.21479485639302059 0.93857198601146685
  outer loop
   vertex -33.096958160400391 37.492755889892578 -38.339061737060547
   vertex -33.35552978515625 37.751327514648438 -38.323829650878906
   vertex -33.342666625976562 37.492755889892578 -38.268356323242188
  endloop
 endfacet
 facet normal 0.29736768306069683 0.21439466052612136 0.93038023979929962
  outer loop
   vertex -33.342666625976562 37.492755889892578 -38.268356323242188
   vertex -33.35552978515625 37.751327514648438 -38.323829650878906
   vertex -33.35552978515625 37.510597229003906 -38.268356323242188
  endloop
 endfacet
 facet normal -0.1773404948515003 0.19986353396670045 0.96364148762709789
  outer loop
   vertex -33.375637054443359 37.492755889892578 -38.268356323242188
   vertex -33.35552978515625 37.510597229003906 -38.268356323242188
   vertex -33.614097595214844 37.492755889892578 -38.312240600585938
  endloop
 endfacet
 facet normal -0.17799219988285225 0.22096706314074002 0.95890162883781727
  outer loop
   vertex -33.614097595214844 37.492755889892578 -38.312240600585938
   vertex -33.35552978515625 37.510597229003906 -38.268356323242188
   vertex -33.35552978515625 37.751327514648438 -38.323829650878906
  endloop
 endfacet
 facet normal -0.3464860727864818 0.3464860727864818 0.87171945184789901
  outer loop
   vertex -33.614097595214844 37.751327514648438 -38.397640228271484
   vertex -33.872669219970703 37.751327514648438 -38.500415802001953
   vertex -33.872669219970703 37.492755889892578 -38.397640228271484
  endloop
 endfacet
 facet normal -0.50082206972198207 0.31970521297649895 0.80434186219234016
  outer loop
   vertex -33.872669219970703 37.492755889892578 -38.397640228271484
   vertex -33.872669219970703 37.751327514648438 -38.500415802001953
   vertex -33.915248870849609 37.751327514648438 -38.526927947998047
  endloop
 endfacet
 facet normal -0.52940207984803411 0.30805963494454375 0.79046359762509644
  outer loop
   vertex -33.872669219970703 37.492755889892578 -38.397640228271484
   vertex -33.915248870849609 37.751327514648438 -38.526927947998047
   vertex -34.065711975097656 37.492755889892578 -38.526927947998047
  endloop
 endfacet
 facet normal -0.55366580766311502 0.32217872404078085 0.76788999420503246
  outer loop
   vertex -34.065711975097656 37.492755889892578 -38.526927947998047
   vertex -33.915248870849609 37.751327514648438 -38.526927947998047
   vertex -34.131237030029297 37.492755889892578 -38.574172973632812
  endloop
 endfacet
 facet normal -0.54543196173568353 0.36091085198712725 0.7564703114036202
  outer loop
   vertex -34.065711975097656 37.492755889892578 -38.526927947998047
   vertex -34.131237030029297 37.492755889892578 -38.574172973632812
   vertex -34.131237030029297 37.393730163574219 -38.526927947998047
  endloop
 endfacet
 facet normal -0.62563732806113093 0.33591828811915853 0.70408581681754023
  outer loop
   vertex -34.131237030029297 37.393730163574219 -38.526927947998047
   vertex -34.131237030029297 37.492755889892578 -38.574172973632812
   vertex -34.389808654785156 37.234188079833984 -38.680572509765625
  endloop
 endfacet
 facet normal -0.62760252075323975 0.34508159546760159 0.69787804694926014
  outer loop
   vertex -34.131237030029297 37.393730163574219 -38.526927947998047
   vertex -34.389808654785156 37.234188079833984 -38.680572509765625
   vertex -34.218959808349609 37.234188079833984 -38.526927947998047
  endloop
 endfacet
 facet normal -0.66555144686881484 -0.096583433065202104 0.74007628797858849
  outer loop
   vertex -34.218959808349609 37.234188079833984 -38.526927947998047
   vertex -34.389808654785156 37.234188079833984 -38.680572509765625
   vertex -34.389808654785156 36.975616455078125 -38.714317321777344
  endloop
 endfacet
 facet normal 0.57140594423425428 -0.470173071632426 0.67263105013483437
  outer loop
   vertex -31.804107666015625 37.677715301513672 -38.785495758056641
   vertex -31.956298828125 37.492755889892578 -38.785495758056641
   vertex -31.804107666015625 37.492755889892578 -38.914783477783203
  endloop
 endfacet
 facet normal 0.4804815037241027 -0.67024995579755986 0.56559925860311588
  outer loop
   vertex -31.804107666015625 37.492755889892578 -38.914783477783203
   vertex -31.956298828125 37.492755889892578 -38.785495758056641
   vertex -32.012611389160156 37.234188079833984 -39.0440673828125
  endloop
 endfacet
 facet normal 0.48603484829583177 -0.76078825006356532 0.43008297432851927
  outer loop
   vertex -31.545537948608398 37.565841674804688 -39.0440673828125
   vertex -31.659938812255859 37.492755889892578 -39.0440673828125
   vertex -31.545537948608398 37.492755889892578 -39.173351287841797
  endloop
 endfacet
 facet normal 0.50134683182297168 -0.7428605353675829 0.44363225673349888
  outer loop
   vertex -31.545537948608398 37.492755889892578 -39.173351287841797
   vertex -31.659938812255859 37.492755889892578 -39.0440673828125
   vertex -31.804107666015625 37.395458221435547 -39.0440673828125
  endloop
 endfacet
 facet normal -0.81019960701730842 0.22171492399610129 0.54260398935724929
  outer loop
   vertex -34.519092559814453 37.751327514648438 -39.0440673828125
   vertex -34.64837646484375 37.751327514648438 -39.237110137939453
   vertex -34.64837646484375 37.492755889892578 -39.131454467773438
  endloop
 endfacet
 facet normal -0.81019281076496596 0.2217184772609202 0.54261268527916218
  outer loop
   vertex -34.64837646484375 37.492755889892578 -39.131454467773438
   vertex -34.64837646484375 37.751327514648438 -39.237110137939453
   vertex -34.6922607421875 37.751327514648438 -39.302635192871094
  endloop
 endfacet
 facet normal -0.8711211137832886 0.15960422395105942 0.46440768384894621
  outer loop
   vertex -34.64837646484375 37.492755889892578 -39.131454467773438
   vertex -34.6922607421875 37.751327514648438 -39.302635192871094
   vertex -34.739635467529297 37.492755889892578 -39.302635192871094
  endloop
 endfacet
 facet normal -0.94655311255391295 0.17342465079455091 0.27195789308510177
  outer loop
   vertex -34.739635467529297 37.492755889892578 -39.302635192871094
   vertex -34.6922607421875 37.751327514648438 -39.302635192871094
   vertex -34.766551971435547 37.751327514648438 -39.561206817626953
  endloop
 endfacet
 facet normal -0.98846416004808069 0.042479620232507544 0.14537567253617154
  outer loop
   vertex -34.739635467529297 37.492755889892578 -39.302635192871094
   vertex -34.766551971435547 37.751327514648438 -39.561206817626953
   vertex -34.777664184570312 37.492755889892578 -39.561206817626953
  endloop
 endfacet
 facet normal 0.60170295787805372 -0.69128418289714022 0.40009964878394283
  outer loop
   vertex -31.230230331420898 37.492755889892578 -39.561206817626953
   vertex -31.105098724365234 37.751327514648438 -39.302635192871094
   vertex -31.286968231201172 37.492755889892578 -39.475879669189453
  endloop
 endfacet
 facet normal 0.61165193389955663 -0.68977948719356752 0.38740956467788901
  outer loop
   vertex -31.286968231201172 37.492755889892578 -39.475879669189453
   vertex -31.105098724365234 37.751327514648438 -39.302635192871094
   vertex -31.286968231201172 37.590057373046875 -39.302635192871094
  endloop
 endfacet
 facet normal 0.5071597836145445 -0.75144429772785826 0.42204315098853856
  outer loop
   vertex -31.286968231201172 37.492755889892578 -39.475879669189453
   vertex -31.286968231201172 37.590057373046875 -39.302635192871094
   vertex -31.431137084960938 37.492755889892578 -39.302635192871094
  endloop
 endfacet
 facet normal -0.83380834649715641 -0.18785186777679838 -0.51911012038337889
  outer loop
   vertex -34.64837646484375 37.492755889892578 -39.990959167480469
   vertex -34.64837646484375 37.734241485595703 -40.078346252441406
   vertex -34.593971252441406 37.492755889892578 -40.078346252441406
  endloop
 endfacet
 facet normal -0.87645259081964866 -0.19745935249383656 -0.43913626604761363
  outer loop
   vertex -34.593971252441406 37.492755889892578 -40.078346252441406
   vertex -34.64837646484375 37.734241485595703 -40.078346252441406
   vertex -34.64837646484375 37.751327514648438 -40.086029052734375
  endloop
 endfacet
 facet normal -0.86991733195119336 -0.16782430682189831 -0.46376592976486158
  outer loop
   vertex -34.64837646484375 37.734241485595703 -40.078346252441406
   vertex -34.64837646484375 37.492755889892578 -39.990959167480469
   vertex -34.739635467529297 37.492755889892578 -39.819778442382812
  endloop
 endfacet
 facet normal -0.86164818091526785 -0.21576162660698769 -0.45935752177287409
  outer loop
   vertex -34.739635467529297 37.492755889892578 -39.819778442382812
   vertex -34.64837646484375 37.492755889892578 -39.990959167480469
   vertex -34.674888610839844 37.234188079833984 -39.819778442382812
  endloop
 endfacet
 facet normal -0.84958234228426199 -0.20106213056961769 -0.48763086790070337
  outer loop
   vertex -34.739635467529297 37.492755889892578 -39.819778442382812
   vertex -34.652420043945312 37.751327514648438 -40.078346252441406
   vertex -34.64837646484375 37.734241485595703 -40.078346252441406
  endloop
 endfacet
 facet normal -0.86612839764528893 -0.20497791951417868 -0.45585705139225735
  outer loop
   vertex -34.64837646484375 37.734241485595703 -40.078346252441406
   vertex -34.652420043945312 37.751327514648438 -40.078346252441406
   vertex -34.64837646484375 37.751327514648438 -40.086029052734375
  endloop
 endfacet
 facet normal 0.47013303011247592 -0.88166744521434381 0.040465417908056939
  outer loop
   vertex -31.028398513793945 37.622039794921875 -40.078346252441406
   vertex -31.24859619140625 37.492755889892578 -40.336917877197266
   vertex -31.028398513793945 37.610172271728516 -40.336917877197266
  endloop
 endfacet
 facet normal 0.46867529579290995 -0.87893367240747355 -0.088425486268046152
  outer loop
   vertex -31.028398513793945 37.610172271728516 -40.336917877197266
   vertex -31.24859619140625 37.492755889892578 -40.336917877197266
   vertex -31.286968231201172 37.492755889892578 -40.540298461914062
  endloop
 endfacet
 facet normal 0.48089529891969196 -0.8699583198393821 -0.109143177611701
  outer loop
   vertex -31.028398513793945 37.610172271728516 -40.336917877197266
   vertex -31.286968231201172 37.492755889892578 -40.540298461914062
   vertex -31.286968231201172 37.499679565429688 -40.595485687255859
  endloop
 endfacet
 facet normal 0.49787007446025533 -0.86050601850238073 -0.10795731136944915
  outer loop
   vertex -31.286968231201172 37.499679565429688 -40.595485687255859
   vertex -31.286968231201172 37.492755889892578 -40.540298461914062
   vertex -31.298934936523438 37.492755889892578 -40.595485687255859
  endloop
 endfacet
 facet normal 0.42185831439565252 -0.72912921887557136 -0.53889344471533329
  outer loop
   vertex -31.286968231201172 37.499679565429688 -40.595485687255859
   vertex -31.298934936523438 37.492755889892578 -40.595485687255859
   vertex -31.545537948608398 37.492755889892578 -40.788532257080078
  endloop
 endfacet
 facet normal 0.47681448868921972 -0.87309011566930439 -0.1017919117444932
  outer loop
   vertex -30.769828796386719 37.722404479980469 -40.336917877197266
   vertex -31.028398513793945 37.611339569091797 -40.595485687255859
   vertex -30.772068023681641 37.751327514648438 -40.595485687255859
  endloop
 endfacet
 facet normal 0.43222159314762626 -0.7914365223955997 -0.43221837702171739
  outer loop
   vertex -30.772068023681641 37.751327514648438 -40.595485687255859
   vertex -31.028398513793945 37.611339569091797 -40.595485687255859
   vertex -31.028398513793945 37.751327514648438 -40.851818084716797
  endloop
 endfacet
 facet normal 0.42413064713962834 -0.72544765607572015 -0.54206908457424863
  outer loop
   vertex -31.286968231201172 37.499679565429688 -40.595485687255859
   vertex -31.545537948608398 37.492755889892578 -40.788532257080078
   vertex -31.545537948608398 37.541717529296875 -40.854057312011719
  endloop
 endfacet
 facet normal 0.41765926886468668 -0.72785303438495363 -0.54386643164294579
  outer loop
   vertex -31.545537948608398 37.541717529296875 -40.854057312011719
   vertex -31.545537948608398 37.492755889892578 -40.788532257080078
   vertex -31.630863189697266 37.492755889892578 -40.854057312011719
  endloop
 endfacet
 facet normal 0.38536276507810269 -0.671570054373546 -0.63284216149058159
  outer loop
   vertex -31.545537948608398 37.541717529296875 -40.854057312011719
   vertex -31.630863189697266 37.492755889892578 -40.854057312011719
   vertex -31.804107666015625 37.492755889892578 -40.959552764892578
  endloop
 endfacet
 facet normal 0.40576673182885475 -0.62556507997852662 -0.66634952543870685
  outer loop
   vertex -31.804107666015625 37.492755889892578 -40.959552764892578
   vertex -31.630863189697266 37.492755889892578 -40.854057312011719
   vertex -31.804107666015625 37.380382537841797 -40.854057312011719
  endloop
 endfacet
 facet normal 0.42592972972323684 -0.61925422185431811 -0.65962722355395065
  outer loop
   vertex -31.804107666015625 37.492755889892578 -40.959552764892578
   vertex -31.804107666015625 37.380382537841797 -40.854057312011719
   vertex -32.062679290771484 37.234188079833984 -40.883773803710938
  endloop
 endfacet
 facet normal 0.42402757134445568 -0.61479793417508677 -0.66499933749874396
  outer loop
   vertex -32.062679290771484 37.234188079833984 -40.883773803710938
   vertex -31.804107666015625 37.380382537841797 -40.854057312011719
   vertex -32.016075134277344 37.234188079833984 -40.854057312011719
  endloop
 endfacet
 facet normal -0.84733797254842635 -0.37551189080874814 -0.37551189080874814
  outer loop
   vertex -34.389808654785156 37.492755889892578 -40.694511413574219
   vertex -34.389808654785156 37.652301788330078 -40.854057312011719
   vertex -34.319103240966797 37.492755889892578 -40.854057312011719
  endloop
 endfacet
 facet normal -0.76930730273484538 -0.34093130394487275 -0.5403074309587883
  outer loop
   vertex -34.319103240966797 37.492755889892578 -40.854057312011719
   vertex -34.389808654785156 37.652301788330078 -40.854057312011719
   vertex -34.389808654785156 37.751327514648438 -40.916542053222656
  endloop
 endfacet
 facet normal -0.74958059677666444 -0.34192877444169212 -0.56675712800523448
  outer loop
   vertex -34.319103240966797 37.492755889892578 -40.854057312011719
   vertex -34.389808654785156 37.751327514648438 -40.916542053222656
   vertex -34.241550445556641 37.751327514648438 -41.112625122070312
  endloop
 endfacet
 facet normal 0.38297310593189493 -0.68345113428361504 -0.62147095441325151
  outer loop
   vertex -31.545537948608398 37.541717529296875 -40.854057312011719
   vertex -31.804107666015625 37.492755889892578 -40.959552764892578
   vertex -31.804107666015625 37.631946563720703 -41.112625122070312
  endloop
 endfacet
 facet normal 0.26546667552415054 -0.71331221775043985 -0.64862402375652428
  outer loop
   vertex -31.804107666015625 37.631946563720703 -41.112625122070312
   vertex -31.804107666015625 37.492755889892578 -40.959552764892578
   vertex -32.062679290771484 37.492755889892578 -41.065380096435547
  endloop
 endfacet
 facet normal 0.19991961327746724 -0.62696174455383369 -0.75296156548193149
  outer loop
   vertex -31.804107666015625 37.631946563720703 -41.112625122070312
   vertex -32.062679290771484 37.492755889892578 -41.065380096435547
   vertex -32.062679290771484 37.549495697021484 -41.112625122070312
  endloop
 endfacet
 facet normal 0.33428002206853341 -0.57661711997193121 -0.74549953977258521
  outer loop
   vertex -32.321247100830078 37.701259613037109 -41.371196746826172
   vertex -32.234882354736328 37.751327514648438 -41.371196746826172
   vertex -32.321247100830078 37.492755889892578 -41.209926605224609
  endloop
 endfacet
 facet normal 0.34624484198101729 -0.57700585664462811 -0.73971531740213359
  outer loop
   vertex -32.321247100830078 37.492755889892578 -41.209926605224609
   vertex -32.234882354736328 37.751327514648438 -41.371196746826172
   vertex -32.062679290771484 37.751327514648438 -41.290592193603516
  endloop
 endfacet
 facet normal 0.38955832458116013 -0.60593394798661904 -0.69360533621568143
  outer loop
   vertex -32.321247100830078 37.492755889892578 -41.209926605224609
   vertex -32.062679290771484 37.751327514648438 -41.290592193603516
   vertex -32.148002624511719 37.492755889892578 -41.112625122070312
  endloop
 endfacet
 facet normal 0.1096700336120225 -0.48960378174867342 -0.86502058971156015
  outer loop
   vertex -32.838386535644531 37.570289611816406 -41.371196746826172
   vertex -32.579818725585938 37.628208160400391 -41.371196746826172
   vertex -32.838386535644531 37.492755889892578 -41.327312469482422
  endloop
 endfacet
 facet normal 0.14283685538811045 -0.54115120981920917 -0.82870561772805795
  outer loop
   vertex -32.838386535644531 37.492755889892578 -41.327312469482422
   vertex -32.579818725585938 37.628208160400391 -41.371196746826172
   vertex -32.579818725585938 37.492755889892578 -41.282745361328125
  endloop
 endfacet
 facet normal 0.15180491447554698 -0.44861905993175855 -0.88073617332718701
  outer loop
   vertex -32.838386535644531 37.492755889892578 -41.327312469482422
   vertex -32.579818725585938 37.492755889892578 -41.282745361328125
   vertex -32.838386535644531 37.234188079833984 -41.195606231689453
  endloop
 endfacet
 facet normal 0.2088097434387072 -0.49337250261842253 -0.84438265301052684
  outer loop
   vertex -32.838386535644531 37.234188079833984 -41.195606231689453
   vertex -32.579818725585938 37.492755889892578 -41.282745361328125
   vertex -32.579818725585938 37.234188079833984 -41.131664276123047
  endloop
 endfacet
 facet normal 0.1790055280808471 -0.66632029689703309 -0.72386067917766239
  outer loop
   vertex -32.838386535644531 37.234188079833984 -41.195606231689453
   vertex -32.579818725585938 37.234188079833984 -41.131664276123047
   vertex -32.579818725585938 37.213504791259766 -41.112625122070312
  endloop
 endfacet
 facet normal 0.3418708982471787 -0.63645238784710834 -0.69141351370607529
  outer loop
   vertex -32.579818725585938 37.213504791259766 -41.112625122070312
   vertex -32.579818725585938 37.234188079833984 -41.131664276123047
   vertex -32.541313171386719 37.234188079833984 -41.112625122070312
  endloop
 endfacet
 facet normal 0.36440786220256094 -0.67840888252907605 -0.63794066971044383
  outer loop
   vertex -32.579818725585938 37.213504791259766 -41.112625122070312
   vertex -32.541313171386719 37.234188079833984 -41.112625122070312
   vertex -32.321247100830078 37.1092529296875 -40.854057312011719
  endloop
 endfacet
 facet normal 0.2832951526001819 -0.47239553810210899 -0.83461746452758734
  outer loop
   vertex -32.838386535644531 37.570289611816406 -41.371196746826172
   vertex -32.838386535644531 37.492755889892578 -41.327312469482422
   vertex -32.967674255371094 37.492755889892578 -41.371196746826172
  endloop
 endfacet
 facet normal 0.27143787894192345 -0.53556128096521016 -0.79968468298849693
  outer loop
   vertex -32.967674255371094 37.492755889892578 -41.371196746826172
   vertex -32.838386535644531 37.492755889892578 -41.327312469482422
   vertex -33.096958160400391 37.234188079833984 -41.241912841796875
  endloop
 endfacet
 facet normal -0.28330284071946571 -0.47239441942550608 -0.83461548807574859
  outer loop
   vertex -33.614097595214844 37.492755889892578 -41.327312469482422
   vertex -33.614097595214844 37.570289611816406 -41.371196746826172
   vertex -33.484813690185547 37.492755889892578 -41.371196746826172
  endloop
 endfacet
 facet normal -0.26061398121552909 -0.43456179273680184 -0.86211159433588913
  outer loop
   vertex -33.484813690185547 37.492755889892578 -41.371196746826172
   vertex -33.614097595214844 37.570289611816406 -41.371196746826172
   vertex -33.614097595214844 37.751327514648438 -41.462451934814453
  endloop
 endfacet
 facet normal -0.19282663325211044 -0.48333073704978224 -0.85393752003971002
  outer loop
   vertex -33.614097595214844 37.570289611816406 -41.371196746826172
   vertex -33.614097595214844 37.492755889892578 -41.327312469482422
   vertex -33.872669219970703 37.492755889892578 -41.268924713134766
  endloop
 endfacet
 facet normal -0.20076074434179461 -0.41139114604010635 -0.88907392746111746
  outer loop
   vertex -33.872669219970703 37.492755889892578 -41.268924713134766
   vertex -33.614097595214844 37.492755889892578 -41.327312469482422
   vertex -33.872669219970703 37.234188079833984 -41.149280548095703
  endloop
 endfacet
 facet normal -0.69053158784684643 -0.21524927960721743 -0.69053158784684643
  outer loop
   vertex -34.131237030029297 37.751327514648438 -41.222942352294922
   vertex -34.131237030029297 37.492755889892578 -41.142341613769531
   vertex -34.160953521728516 37.492755889892578 -41.112625122070312
  endloop
 endfacet
 facet normal -0.64461420120636603 -0.41102927293096436 -0.64461420120636603
  outer loop
   vertex -34.160953521728516 37.492755889892578 -41.112625122070312
   vertex -34.131237030029297 37.492755889892578 -41.142341613769531
   vertex -34.131237030029297 37.446151733398438 -41.112625122070312
  endloop
 endfacet
 facet normal -0.70673620998093933 -0.45064050714181203 -0.54538707614385973
  outer loop
   vertex -34.160953521728516 37.492755889892578 -41.112625122070312
   vertex -34.131237030029297 37.446151733398438 -41.112625122070312
   vertex -34.19561767578125 37.234188079833984 -40.854057312011719
  endloop
 endfacet
 facet normal -0.73980631771084215 -0.41822183716314082 -0.52704564052367597
  outer loop
   vertex -34.19561767578125 37.234188079833984 -40.854057312011719
   vertex -34.131237030029297 37.446151733398438 -41.112625122070312
   vertex -34.131237030029297 37.234188079833984 -40.944427490234375
  endloop
 endfacet
 facet normal -0.70446001260079616 -0.50186456870678076 -0.50186456870678076
  outer loop
   vertex -34.19561767578125 37.234188079833984 -40.854057312011719
   vertex -34.131237030029297 37.234188079833984 -40.944427490234375
   vertex -34.131237030029297 37.143817901611328 -40.854057312011719
  endloop
 endfacet
 facet normal -0.5149250065462343 -0.60615684341322118 -0.60615684341322118
  outer loop
   vertex -34.131237030029297 37.143817901611328 -40.854057312011719
   vertex -34.131237030029297 37.234188079833984 -40.944427490234375
   vertex -33.933238983154297 37.234188079833984 -41.112625122070312
  endloop
 endfacet
 facet normal 0.29311671800025596 -0.2073399565967827 0.93332348734359127
  outer loop
   vertex -33.35552978515625 37.492755889892578 -38.264316558837891
   vertex -33.35552978515625 37.474571228027344 -38.268356323242188
   vertex -33.342666625976562 37.492755889892578 -38.268356323242188
  endloop
 endfacet
 facet normal 0.2713957476160373 -0.19197534318466075 0.94312767735077307
  outer loop
   vertex -33.342666625976562 37.492755889892578 -38.268356323242188
   vertex -33.35552978515625 37.474571228027344 -38.268356323242188
   vertex -33.096958160400391 37.492755889892578 -38.339061737060547
  endloop
 endfacet
 facet normal 0.21281096399903779 0.19246250528996645 0.9579507699560087
  outer loop
   vertex -33.614097595214844 37.234188079833984 -38.264316558837891
   vertex -33.595912933349609 37.234188079833984 -38.268356323242188
   vertex -33.614097595214844 37.254295349121094 -38.268356323242188
  endloop
 endfacet
 facet normal 0.19623680272565172 0.17747312437738222 0.96436217645640998
  outer loop
   vertex -33.614097595214844 37.254295349121094 -38.268356323242188
   vertex -33.595912933349609 37.234188079833984 -38.268356323242188
   vertex -33.614097595214844 37.492755889892578 -38.312240600585938
  endloop
 endfacet
 facet normal 0.31309754249079386 -0.085803778952645099 0.945837005198925
  outer loop
   vertex -32.838386535644531 37.492755889892578 -38.424655914306641
   vertex -33.096958160400391 37.492755889892578 -38.339061737060547
   vertex -33.096958160400391 37.234188079833984 -38.362518310546875
  endloop
 endfacet
 facet normal 0.16302285300850688 -0.08913767669769726 0.98258741290019769
  outer loop
   vertex -33.096958160400391 37.234188079833984 -38.362518310546875
   vertex -33.096958160400391 37.492755889892578 -38.339061737060547
   vertex -33.35552978515625 37.234188079833984 -38.319618225097656
  endloop
 endfacet
 facet normal 0.1463648140865545 -0.44758011350138793 0.88218443830952542
  outer loop
   vertex -33.096958160400391 37.234188079833984 -38.362518310546875
   vertex -33.35552978515625 37.234188079833984 -38.319618225097656
   vertex -33.35552978515625 36.975616455078125 -38.4508056640625
  endloop
 endfacet
 facet normal 0.35961646922035384 -0.42218372729005155 0.83212793215764946
  outer loop
   vertex -33.35552978515625 36.975616455078125 -38.4508056640625
   vertex -33.35552978515625 37.234188079833984 -38.319618225097656
   vertex -33.614097595214844 36.975616455078125 -38.339061737060547
  endloop
 endfacet
 facet normal 0.36628442691560992 -0.38403467168131417 0.84755713054975146
  outer loop
   vertex -33.35552978515625 36.975616455078125 -38.4508056640625
   vertex -33.614097595214844 36.975616455078125 -38.339061737060547
   vertex -33.614097595214844 36.717044830322266 -38.456222534179688
  endloop
 endfacet
 facet normal 0.2481656516431317 -0.3998065284785724 0.88236531500872828
  outer loop
   vertex -33.614097595214844 36.717044830322266 -38.456222534179688
   vertex -33.614097595214844 36.975616455078125 -38.339061737060547
   vertex -33.872669219970703 36.717044830322266 -38.383499145507812
  endloop
 endfacet
 facet normal 0.25159605419499437 -0.36940188057947493 0.89456228186630837
  outer loop
   vertex -33.614097595214844 36.717044830322266 -38.456222534179688
   vertex -33.872669219970703 36.717044830322266 -38.383499145507812
   vertex -33.872669219970703 36.458477020263672 -38.490272521972656
  endloop
 endfacet
 facet normal -0.25479719387244959 -0.36908210197639413 0.89378788982364943
  outer loop
   vertex -33.872669219970703 36.458477020263672 -38.490272521972656
   vertex -33.872669219970703 36.717044830322266 -38.383499145507812
   vertex -34.131237030029297 36.717044830322266 -38.457210540771484
  endloop
 endfacet
 facet normal -0.17111876054151137 -0.29146007544785019 0.94115322568148818
  outer loop
   vertex -33.872669219970703 36.458477020263672 -38.490272521972656
   vertex -34.131237030029297 36.717044830322266 -38.457210540771484
   vertex -34.131237030029297 36.491920471191406 -38.526927947998047
  endloop
 endfacet
 facet normal -0.69073949617974506 -0.21391095538729171 0.69073949617974506
  outer loop
   vertex -34.131237030029297 36.491920471191406 -38.526927947998047
   vertex -34.131237030029297 36.717044830322266 -38.457210540771484
   vertex -34.200954437255859 36.717044830322266 -38.526927947998047
  endloop
 endfacet
 facet normal -0.84554875387124351 -0.26185290224097002 0.46527450221860239
  outer loop
   vertex -34.131237030029297 36.491920471191406 -38.526927947998047
   vertex -34.200954437255859 36.717044830322266 -38.526927947998047
   vertex -34.131237030029297 36.458477020263672 -38.545749664306641
  endloop
 endfacet
 facet normal -0.87188524339299323 -0.265059713085189 0.41177599596472164
  outer loop
   vertex -34.131237030029297 36.458477020263672 -38.545749664306641
   vertex -34.200954437255859 36.717044830322266 -38.526927947998047
   vertex -34.244464874267578 36.458477020263672 -38.785495758056641
  endloop
 endfacet
 facet normal -0.79058864622426339 -0.48534130707815071 0.37338104947219619
  outer loop
   vertex -34.131237030029297 36.458477020263672 -38.545749664306641
   vertex -34.244464874267578 36.458477020263672 -38.785495758056641
   vertex -34.131237030029297 36.274036407470703 -38.785495758056641
  endloop
 endfacet
 facet normal -0.85121667234468812 -0.52256077080734298 -0.048584128433794248
  outer loop
   vertex -34.131237030029297 36.274036407470703 -38.785495758056641
   vertex -34.244464874267578 36.458477020263672 -38.785495758056641
   vertex -34.131237030029297 36.298076629638672 -39.0440673828125
  endloop
 endfacet
 facet normal -0.35767089868367341 -0.92983758562749852 -0.086449942679204167
  outer loop
   vertex -34.131237030029297 36.274036407470703 -38.785495758056641
   vertex -34.131237030029297 36.298076629638672 -39.0440673828125
   vertex -33.938518524169922 36.199905395507812 -38.785495758056641
  endloop
 endfacet
 facet normal -0.60872608933421668 -0.77737644942564732 0.15855095093453517
  outer loop
   vertex -33.938518524169922 36.199905395507812 -38.785495758056641
   vertex -34.131237030029297 36.298076629638672 -39.0440673828125
   vertex -34.005867004394531 36.199905395507812 -39.0440673828125
  endloop
 endfacet
 facet normal -0.49880820982005897 -0.8569193732982533 0.12992135114074535
  outer loop
   vertex -33.938518524169922 36.199905395507812 -38.785495758056641
   vertex -34.005867004394531 36.199905395507812 -39.0440673828125
   vertex -33.872669219970703 36.122371673583984 -39.0440673828125
  endloop
 endfacet
 facet normal -0.49591153638716795 -0.85194308073951996 -0.16812119217449792
  outer loop
   vertex -33.872669219970703 36.122371673583984 -39.0440673828125
   vertex -34.005867004394531 36.199905395507812 -39.0440673828125
   vertex -33.872669219970703 36.173397064208984 -39.302635192871094
  endloop
 endfacet
 facet normal 0.12664562690362507 -0.97317997147811119 -0.19204590154452827
  outer loop
   vertex -33.872669219970703 36.122371673583984 -39.0440673828125
   vertex -33.872669219970703 36.173397064208984 -39.302635192871094
   vertex -33.614097595214844 36.156021118164062 -39.0440673828125
  endloop
 endfacet
 facet normal 0 -0.99774964979585201 -0.067049506577263968
  outer loop
   vertex -33.614097595214844 36.156021118164062 -39.0440673828125
   vertex -33.872669219970703 36.173397064208984 -39.302635192871094
   vertex -33.614097595214844 36.173397064208984 -39.302635192871094
  endloop
 endfacet
 facet normal 0.480108143490308 -0.87523528014609608 -0.058816451285967776
  outer loop
   vertex -33.614097595214844 36.156021118164062 -39.0440673828125
   vertex -33.614097595214844 36.173397064208984 -39.302635192871094
   vertex -33.565773010253906 36.199905395507812 -39.302635192871094
  endloop
 endfacet
 facet normal 0.43837758717416037 -0.79916063812379678 -0.41129960556378786
  outer loop
   vertex -33.565773010253906 36.199905395507812 -39.302635192871094
   vertex -33.614097595214844 36.173397064208984 -39.302635192871094
   vertex -33.614097595214844 36.199905395507812 -39.354141235351562
  endloop
 endfacet
 facet normal 0.40467973107279204 -0.83191043261267661 -0.37968321976226704
  outer loop
   vertex -33.565773010253906 36.199905395507812 -39.302635192871094
   vertex -33.614097595214844 36.199905395507812 -39.354141235351562
   vertex -33.35552978515625 36.302177429199219 -39.302635192871094
  endloop
 endfacet
 facet normal 0.40448109348905836 -0.8368798690340109 -0.36881855947811587
  outer loop
   vertex -33.35552978515625 36.302177429199219 -39.302635192871094
   vertex -33.614097595214844 36.199905395507812 -39.354141235351562
   vertex -33.614097595214844 36.291160583496094 -39.561206817626953
  endloop
 endfacet
 facet normal 0.1033602398124244 -0.99276799985344344 -0.061060292276662369
  outer loop
   vertex -33.35552978515625 36.302177429199219 -39.302635192871094
   vertex -33.614097595214844 36.291160583496094 -39.561206817626953
   vertex -33.35552978515625 36.318080902099609 -39.561206817626953
  endloop
 endfacet
 facet normal 0.101751583766679 -0.97731696909069532 -0.18573679530009496
  outer loop
   vertex -33.35552978515625 36.318080902099609 -39.561206817626953
   vertex -33.614097595214844 36.291160583496094 -39.561206817626953
   vertex -33.614097595214844 36.340301513671875 -39.819778442382812
  endloop
 endfacet
 facet normal 0 -0.99632782856846402 -0.085620429922123584
  outer loop
   vertex -33.35552978515625 36.318080902099609 -39.561206817626953
   vertex -33.614097595214844 36.340301513671875 -39.819778442382812
   vertex -33.35552978515625 36.340301513671875 -39.819778442382812
  endloop
 endfacet
 facet normal 0 -0.97558493674471025 -0.21962247425256756
  outer loop
   vertex -33.35552978515625 36.340301513671875 -39.819778442382812
   vertex -33.614097595214844 36.340301513671875 -39.819778442382812
   vertex -33.614097595214844 36.398509979248047 -40.078346252441406
  endloop
 endfacet
 facet normal 0.29495843857344395 -0.065886367495194553 0.95323580823036858
  outer loop
   vertex -32.838386535644531 37.492755889892578 -38.424655914306641
   vertex -33.096958160400391 37.234188079833984 -38.362518310546875
   vertex -32.838386535644531 37.234188079833984 -38.442527770996094
  endloop
 endfacet
 facet normal 0.21879176424017646 -0.67243109059620054 0.70708315798092314
  outer loop
   vertex -32.838386535644531 37.234188079833984 -38.442527770996094
   vertex -33.096958160400391 37.234188079833984 -38.362518310546875
   vertex -33.096958160400391 37.061305999755859 -38.526927947998047
  endloop
 endfacet
 facet normal 0.25306402916756882 -0.7029809880359541 0.66466256672199431
  outer loop
   vertex -32.838386535644531 37.234188079833984 -38.442527770996094
   vertex -33.096958160400391 37.061305999755859 -38.526927947998047
   vertex -32.838386535644531 37.154388427734375 -38.526927947998047
  endloop
 endfacet
 facet normal 0.2715039882880857 -0.20072715713903919 0.94127264526838483
  outer loop
   vertex -33.35552978515625 37.474571228027344 -38.268356323242188
   vertex -33.35552978515625 37.234188079833984 -38.319618225097656
   vertex -33.096958160400391 37.492755889892578 -38.339061737060547
  endloop
 endfacet
 facet normal -0.56315173478626479 0.37263597782748448 0.73756528635489271
  outer loop
   vertex -34.065711975097656 37.492755889892578 -38.526927947998047
   vertex -34.131237030029297 37.393730163574219 -38.526927947998047
   vertex -34.131237030029297 37.234188079833984 -38.446323394775391
  endloop
 endfacet
 facet normal -0.6341388968570022 0.34867556301852148 0.69013999394811276
  outer loop
   vertex -34.131237030029297 37.234188079833984 -38.446323394775391
   vertex -34.131237030029297 37.393730163574219 -38.526927947998047
   vertex -34.218959808349609 37.234188079833984 -38.526927947998047
  endloop
 endfacet
 facet normal -0.51665940312082859 0.37141315245186834 0.77143718561694596
  outer loop
   vertex -34.065711975097656 37.492755889892578 -38.526927947998047
   vertex -34.131237030029297 37.234188079833984 -38.446323394775391
   vertex -33.872669219970703 37.492755889892578 -38.397640228271484
  endloop
 endfacet
 facet normal 0.66161293417630485 -0.50956417660443121 0.55010242251063457
  outer loop
   vertex -32.062679290771484 37.492755889892578 -38.721118927001953
   vertex -32.321247100830078 37.234188079833984 -38.649650573730469
   vertex -32.208297729492188 37.234188079833984 -38.785495758056641
  endloop
 endfacet
 facet normal 0.49957219948934961 -0.7601928900544842 0.41537258865744159
  outer loop
   vertex -32.208297729492188 37.234188079833984 -38.785495758056641
   vertex -32.321247100830078 37.234188079833984 -38.649650573730469
   vertex -32.321247100830078 37.159961700439453 -38.785495758056641
  endloop
 endfacet
 facet normal 0.40495806277494933 -0.03032615040343517 0.91383220122474806
  outer loop
   vertex -32.500156402587891 37.234188079833984 -38.526927947998047
   vertex -32.321247100830078 37.492755889892578 -38.597629547119141
   vertex -32.480792999267578 37.492755889892578 -38.526927947998047
  endloop
 endfacet
 facet normal 0.64305021927011941 -0.6069996823733681 0.466945179967929
  outer loop
   vertex -32.012611389160156 37.234188079833984 -39.0440673828125
   vertex -31.956298828125 37.492755889892578 -38.785495758056641
   vertex -32.062679290771484 37.234188079833984 -38.975116729736328
  endloop
 endfacet
 facet normal 0.58863349454566027 -0.62138858547128095 0.51709460927857753
  outer loop
   vertex -32.062679290771484 37.234188079833984 -38.975116729736328
   vertex -31.956298828125 37.492755889892578 -38.785495758056641
   vertex -32.062679290771484 37.391983032226562 -38.785495758056641
  endloop
 endfacet
 facet normal 0.58880789521203902 -0.70711620746356585 0.39152513543617051
  outer loop
   vertex -31.230230331420898 37.492755889892578 -39.561206817626953
   vertex -31.286968231201172 37.492755889892578 -39.475879669189453
   vertex -31.286968231201172 37.445510864257812 -39.561206817626953
  endloop
 endfacet
 facet normal 0.49110596845289844 -0.76208014412376468 0.42195827007210412
  outer loop
   vertex -31.286968231201172 37.445510864257812 -39.561206817626953
   vertex -31.286968231201172 37.492755889892578 -39.475879669189453
   vertex -31.545537948608398 37.422050476074219 -39.302635192871094
  endloop
 endfacet
 facet normal 0.44388702236735972 -0.81620519473769249 0.36982886779839708
  outer loop
   vertex -31.286968231201172 37.445510864257812 -39.561206817626953
   vertex -31.545537948608398 37.422050476074219 -39.302635192871094
   vertex -31.545537948608398 37.304889678955078 -39.561206817626953
  endloop
 endfacet
 facet normal 0.42545554334292679 -0.82430871421014529 0.37350063496062719
  outer loop
   vertex -31.545537948608398 37.304889678955078 -39.561206817626953
   vertex -31.545537948608398 37.422050476074219 -39.302635192871094
   vertex -31.804107666015625 37.288593292236328 -39.302635192871094
  endloop
 endfacet
 facet normal 0.42444938622794698 -0.82531061729161292 0.37243134067429956
  outer loop
   vertex -31.545537948608398 37.304889678955078 -39.561206817626953
   vertex -31.804107666015625 37.288593292236328 -39.302635192871094
   vertex -31.683012008666992 37.234188079833984 -39.561206817626953
  endloop
 endfacet
 facet normal 0.43697032737269415 -0.81687758207492911 0.37652084789453294
  outer loop
   vertex -31.683012008666992 37.234188079833984 -39.561206817626953
   vertex -31.804107666015625 37.288593292236328 -39.302635192871094
   vertex -31.804107666015625 37.234188079833984 -39.420669555664062
  endloop
 endfacet
 facet normal 0.41452048553896753 -0.8370170824497013 0.3571766660294714
  outer loop
   vertex -31.683012008666992 37.234188079833984 -39.561206817626953
   vertex -31.804107666015625 37.234188079833984 -39.420669555664062
   vertex -31.804107666015625 37.174217224121094 -39.561206817626953
  endloop
 endfacet
 facet normal 0.48166024281565101 -0.77932289462745974 0.40082319843073649
  outer loop
   vertex -31.286968231201172 37.492755889892578 -39.475879669189453
   vertex -31.431137084960938 37.492755889892578 -39.302635192871094
   vertex -31.545537948608398 37.422050476074219 -39.302635192871094
  endloop
 endfacet
 facet normal -0.98931472637336382 0.0092681663457420266 0.14550076726046449
  outer loop
   vertex -34.739635467529297 37.492755889892578 -39.302635192871094
   vertex -34.777664184570312 37.492755889892578 -39.561206817626953
   vertex -34.742057800292969 37.234188079833984 -39.302635192871094
  endloop
 endfacet
 facet normal -0.98931441863050351 -0.14550286859826339 -0.0092680267298639735
  outer loop
   vertex -34.742057800292969 37.234188079833984 -39.302635192871094
   vertex -34.777664184570312 37.492755889892578 -39.561206817626953
   vertex -34.739635467529297 37.234188079833984 -39.561206817626953
  endloop
 endfacet
 facet normal 0.42550304497547697 -0.8273593792395727 0.36663826355265494
  outer loop
   vertex -31.545537948608398 37.304889678955078 -39.561206817626953
   vertex -31.683012008666992 37.234188079833984 -39.561206817626953
   vertex -31.545537948608398 37.234188079833984 -39.720752716064453
  endloop
 endfacet
 facet normal 0.41452072492122866 -0.83701756582036402 0.35717525546842094
  outer loop
   vertex -31.545537948608398 37.234188079833984 -39.720752716064453
   vertex -31.683012008666992 37.234188079833984 -39.561206817626953
   vertex -31.804107666015625 37.174217224121094 -39.561206817626953
  endloop
 endfacet
 facet normal 0.58854931490972873 -0.80572647308679457 0.066442113801440564
  outer loop
   vertex -31.286968231201172 37.377418518066406 -39.819778442382812
   vertex -31.483051300048828 37.234188079833984 -39.819778442382812
   vertex -31.453861236572266 37.234188079833984 -40.078346252441406
  endloop
 endfacet
 facet normal 0.57351817019461226 -0.81663024920661043 0.064745227911970335
  outer loop
   vertex -31.453861236572266 37.234188079833984 -40.078346252441406
   vertex -31.483051300048828 37.234188079833984 -39.819778442382812
   vertex -31.545537948608398 37.190303802490234 -39.819778442382812
  endloop
 endfacet
 facet normal 0.61504610319758357 -0.78389348085998756 0.085025299803526438
  outer loop
   vertex -31.453861236572266 37.234188079833984 -40.078346252441406
   vertex -31.545537948608398 37.190303802490234 -39.819778442382812
   vertex -31.545537948608398 37.162258148193359 -40.078346252441406
  endloop
 endfacet
 facet normal 0.21535887154092781 -0.9708408293577373 0.10530261393051378
  outer loop
   vertex -31.545537948608398 37.162258148193359 -40.078346252441406
   vertex -31.545537948608398 37.190303802490234 -39.819778442382812
   vertex -31.804107666015625 37.104900360107422 -40.078346252441406
  endloop
 endfacet
 facet normal 0.2163725599737242 -0.97541055110527808 -0.041918636462972649
  outer loop
   vertex -31.545537948608398 37.162258148193359 -40.078346252441406
   vertex -31.804107666015625 37.104900360107422 -40.078346252441406
   vertex -31.804107666015625 37.116012573242188 -40.336917877197266
  endloop
 endfacet
 facet normal 0.2360273537583453 -0.97085030158395047 -0.04172265801917955
  outer loop
   vertex -31.804107666015625 37.116012573242188 -40.336917877197266
   vertex -31.804107666015625 37.104900360107422 -40.078346252441406
   vertex -32.062679290771484 37.053150177001953 -40.336917877197266
  endloop
 endfacet
 facet normal 0.23521877545276787 -0.96752437990866957 -0.092567283404262513
  outer loop
   vertex -31.804107666015625 37.116012573242188 -40.336917877197266
   vertex -32.062679290771484 37.053150177001953 -40.336917877197266
   vertex -32.062679290771484 37.077888488769531 -40.595485687255859
  endloop
 endfacet
 facet normal 0.45724760034667339 -0.88529684590806135 -0.08470021607084148
  outer loop
   vertex -32.062679290771484 37.077888488769531 -40.595485687255859
   vertex -32.062679290771484 37.053150177001953 -40.336917877197266
   vertex -32.260692596435547 36.975616455078125 -40.595485687255859
  endloop
 endfacet
 facet normal 0.40760978025283789 -0.7891909165745733 -0.45938215489766054
  outer loop
   vertex -32.062679290771484 37.077888488769531 -40.595485687255859
   vertex -32.260692596435547 36.975616455078125 -40.595485687255859
   vertex -32.321247100830078 36.975616455078125 -40.649215698242188
  endloop
 endfacet
 facet normal 0.44783092664511231 -0.73804694036176421 -0.5047119722800506
  outer loop
   vertex -32.321247100830078 36.975616455078125 -40.649215698242188
   vertex -32.260692596435547 36.975616455078125 -40.595485687255859
   vertex -32.321247100830078 36.938873291015625 -40.595485687255859
  endloop
 endfacet
 facet normal 0.302934098714567 -0.78666017555960399 -0.53795603911892831
  outer loop
   vertex -32.321247100830078 36.975616455078125 -40.649215698242188
   vertex -32.321247100830078 36.938873291015625 -40.595485687255859
   vertex -32.579818725585938 36.975616455078125 -40.794822692871094
  endloop
 endfacet
 facet normal 0.35063707861919852 -0.72807355410014496 -0.5890352611833839
  outer loop
   vertex -32.579818725585938 36.975616455078125 -40.794822692871094
   vertex -32.321247100830078 36.938873291015625 -40.595485687255859
   vertex -32.579818725585938 36.814346313476562 -40.595485687255859
  endloop
 endfacet
 facet normal 0.37854724524469224 -0.71957665475885635 -0.58216099237556995
  outer loop
   vertex -32.579818725585938 36.975616455078125 -40.794822692871094
   vertex -32.579818725585938 36.814346313476562 -40.595485687255859
   vertex -32.764778137207031 36.717044830322266 -40.595485687255859
  endloop
 endfacet
 facet normal 0.41691294801348666 -0.79250563364495685 -0.44510494764685488
  outer loop
   vertex -32.764778137207031 36.717044830322266 -40.595485687255859
   vertex -32.579818725585938 36.814346313476562 -40.595485687255859
   vertex -32.579818725585938 36.717044830322266 -40.4222412109375
  endloop
 endfacet
 facet normal -0.83134021585648554 -0.2474933005735945 -0.49761482259964945
  outer loop
   vertex -34.64837646484375 37.234188079833984 -39.862358093261719
   vertex -34.64837646484375 37.492755889892578 -39.990959167480469
   vertex -34.519092559814453 37.234188079833984 -40.078346252441406
  endloop
 endfacet
 facet normal -0.82437544050970191 -0.23873101297932989 -0.51323740756719782
  outer loop
   vertex -34.519092559814453 37.234188079833984 -40.078346252441406
   vertex -34.64837646484375 37.492755889892578 -39.990959167480469
   vertex -34.593971252441406 37.492755889892578 -40.078346252441406
  endloop
 endfacet
 facet normal -0.82099911688760818 -0.25424687024449477 -0.51119368055625125
  outer loop
   vertex -34.64837646484375 37.234188079833984 -39.862358093261719
   vertex -34.674888610839844 37.234188079833984 -39.819778442382812
   vertex -34.64837646484375 37.492755889892578 -39.990959167480469
  endloop
 endfacet
 facet normal 0.60853422713194927 -0.78517775663420697 -0.1148128254847656
  outer loop
   vertex -31.24859619140625 37.492755889892578 -40.336917877197266
   vertex -31.286968231201172 37.463016510009766 -40.336917877197266
   vertex -31.286968231201172 37.492755889892578 -40.540298461914062
  endloop
 endfacet
 facet normal 0.50603836736570218 -0.75818073040858192 -0.41120208023666899
  outer loop
   vertex -31.545537948608398 37.345367431640625 -40.595485687255859
   vertex -31.545537948608398 37.234188079833984 -40.390491485595703
   vertex -31.712114334106445 37.234188079833984 -40.595485687255859
  endloop
 endfacet
 facet normal 0.48926634374005812 -0.77624346976021974 -0.39757328951760612
  outer loop
   vertex -31.712114334106445 37.234188079833984 -40.595485687255859
   vertex -31.545537948608398 37.234188079833984 -40.390491485595703
   vertex -31.545537948608398 37.206748962402344 -40.336917877197266
  endloop
 endfacet
 facet normal 0.46446059134953055 -0.79805481942925571 -0.3839073641765452
  outer loop
   vertex -31.712114334106445 37.234188079833984 -40.595485687255859
   vertex -31.545537948608398 37.206748962402344 -40.336917877197266
   vertex -31.804107666015625 37.180648803710938 -40.595485687255859
  endloop
 endfacet
 facet normal 0.44691671379753273 -0.68900545037392047 -0.57055844598379701
  outer loop
   vertex -31.804107666015625 37.380382537841797 -40.854057312011719
   vertex -31.630863189697266 37.492755889892578 -40.854057312011719
   vertex -31.804107666015625 37.234188079833984 -40.677513122558594
  endloop
 endfacet
 facet normal 0.44166157292535424 -0.68860010103957514 -0.57512168786213314
  outer loop
   vertex -31.804107666015625 37.234188079833984 -40.677513122558594
   vertex -31.630863189697266 37.492755889892578 -40.854057312011719
   vertex -31.545537948608398 37.492755889892578 -40.788532257080078
  endloop
 endfacet
 facet normal 0.46912858430721582 -0.68018993099923686 -0.56325840353532319
  outer loop
   vertex -31.804107666015625 37.234188079833984 -40.677513122558594
   vertex -32.016075134277344 37.234188079833984 -40.854057312011719
   vertex -31.804107666015625 37.380382537841797 -40.854057312011719
  endloop
 endfacet
 facet normal -0.81220039954539147 -0.45910090523521374 -0.35994009194658166
  outer loop
   vertex -34.389808654785156 37.492755889892578 -40.694511413574219
   vertex -34.319103240966797 37.492755889892578 -40.854057312011719
   vertex -34.28753662109375 37.234188079833984 -40.595485687255859
  endloop
 endfacet
 facet normal 0.31758288268583162 -0.5450000487284723 -0.77596137758970973
  outer loop
   vertex -31.804107666015625 37.492755889892578 -40.959552764892578
   vertex -32.062679290771484 37.234188079833984 -40.883773803710938
   vertex -32.062679290771484 37.492755889892578 -41.065380096435547
  endloop
 endfacet
 facet normal 0.42010690076806756 -0.58955425803046135 -0.68988112654659683
  outer loop
   vertex -32.321247100830078 37.234188079833984 -40.997158050537109
   vertex -32.321247100830078 37.369304656982422 -41.112625122070312
   vertex -32.148002624511719 37.492755889892578 -41.112625122070312
  endloop
 endfacet
 facet normal 0.4035828258701476 -0.56636530612733305 -0.71857584337212344
  outer loop
   vertex -32.148002624511719 37.492755889892578 -41.112625122070312
   vertex -32.321247100830078 37.369304656982422 -41.112625122070312
   vertex -32.321247100830078 37.492755889892578 -41.209926605224609
  endloop
 endfacet
 facet normal -0.55399252243840558 -0.51749172832975798 -0.65214614634498325
  outer loop
   vertex -34.131237030029297 37.234188079833984 -40.944427490234375
   vertex -34.131237030029297 37.446151733398438 -41.112625122070312
   vertex -33.933238983154297 37.234188079833984 -41.112625122070312
  endloop
 endfacet
 facet normal -0.49883633972874186 -0.46596960995735837 -0.73077672976239372
  outer loop
   vertex -33.933238983154297 37.234188079833984 -41.112625122070312
   vertex -34.131237030029297 37.446151733398438 -41.112625122070312
   vertex -34.131237030029297 37.492755889892578 -41.142341613769531
  endloop
 endfacet
 facet normal 0.15758331372641823 -0.44820839918098943 -0.87992995751856062
  outer loop
   vertex -32.838386535644531 37.492755889892578 -41.327312469482422
   vertex -32.838386535644531 37.234188079833984 -41.195606231689453
   vertex -33.096958160400391 37.234188079833984 -41.241912841796875
  endloop
 endfacet
 facet normal 0.1354237369385059 -0.64018162784009736 -0.75619302750661055
  outer loop
   vertex -33.096958160400391 37.234188079833984 -41.241912841796875
   vertex -32.838386535644531 37.234188079833984 -41.195606231689453
   vertex -32.838386535644531 37.13616943359375 -41.112625122070312
  endloop
 endfacet
 facet normal 0.1614408816455612 -0.60378212759771988 -0.78063050422531832
  outer loop
   vertex -33.096958160400391 37.234188079833984 -41.241912841796875
   vertex -32.838386535644531 37.13616943359375 -41.112625122070312
   vertex -33.096958160400391 37.067031860351562 -41.112625122070312
  endloop
 endfacet
 facet normal 0.17413519661565932 -0.65125833327075899 -0.73860646940371355
  outer loop
   vertex -33.096958160400391 37.067031860351562 -41.112625122070312
   vertex -32.838386535644531 37.13616943359375 -41.112625122070312
   vertex -33.096958160400391 36.975616455078125 -41.032020568847656
  endloop
 endfacet
 facet normal 0.41546767633668252 -0.62683590877115736 0.65913834162066065
  outer loop
   vertex -33.096958160400391 37.234188079833984 -38.362518310546875
   vertex -33.226242065429688 36.975616455078125 -38.526927947998047
   vertex -33.096958160400391 37.061305999755859 -38.526927947998047
  endloop
 endfacet
 facet normal 0.45340098018391062 -0.68406769440470616 0.5713833569855693
  outer loop
   vertex -33.096958160400391 37.061305999755859 -38.526927947998047
   vertex -33.226242065429688 36.975616455078125 -38.526927947998047
   vertex -33.096958160400391 36.975616455078125 -38.6295166015625
  endloop
 endfacet
 facet normal 0.39588016381038565 -0.62545635227337859 0.67237136115567975
  outer loop
   vertex -33.096958160400391 37.234188079833984 -38.362518310546875
   vertex -33.35552978515625 36.975616455078125 -38.4508056640625
   vertex -33.226242065429688 36.975616455078125 -38.526927947998047
  endloop
 endfacet
 facet normal 0.44014936717253195 -0.4974172174795416 0.74755912564326998
  outer loop
   vertex -33.226242065429688 36.975616455078125 -38.526927947998047
   vertex -33.35552978515625 36.975616455078125 -38.4508056640625
   vertex -33.35552978515625 36.861213684082031 -38.526927947998047
  endloop
 endfacet
 facet normal 0.4524390657436711 -0.51130592918254425 0.73066075477732417
  outer loop
   vertex -33.226242065429688 36.975616455078125 -38.526927947998047
   vertex -33.35552978515625 36.861213684082031 -38.526927947998047
   vertex -33.35552978515625 36.717044830322266 -38.627815246582031
  endloop
 endfacet
 facet normal 0.49739139419294737 -0.49739139419294737 0.7107767595846054
  outer loop
   vertex -33.35552978515625 36.717044830322266 -38.627815246582031
   vertex -33.35552978515625 36.861213684082031 -38.526927947998047
   vertex -33.499698638916016 36.717044830322266 -38.526927947998047
  endloop
 endfacet
 facet normal 0.50392085967935396 -0.47697910298117818 0.72010742427730279
  outer loop
   vertex -33.35552978515625 36.717044830322266 -38.627815246582031
   vertex -33.499698638916016 36.717044830322266 -38.526927947998047
   vertex -33.374946594238281 36.458477020263672 -38.785495758056641
  endloop
 endfacet
 facet normal 0.47837002617692392 -0.49473389564627923 0.72553462395267243
  outer loop
   vertex -33.374946594238281 36.458477020263672 -38.785495758056641
   vertex -33.499698638916016 36.717044830322266 -38.526927947998047
   vertex -33.614097595214844 36.458477020263672 -38.627815246582031
  endloop
 endfacet
 facet normal 0.42255293800329075 -0.64087791917992742 0.64087791917992742
  outer loop
   vertex -33.374946594238281 36.458477020263672 -38.785495758056641
   vertex -33.614097595214844 36.458477020263672 -38.627815246582031
   vertex -33.614097595214844 36.300796508789062 -38.785495758056641
  endloop
 endfacet
 facet normal 0.31230082101558271 -0.67173960624374118 0.67173960624374118
  outer loop
   vertex -33.614097595214844 36.300796508789062 -38.785495758056641
   vertex -33.614097595214844 36.458477020263672 -38.627815246582031
   vertex -33.831108093261719 36.199905395507812 -38.785495758056641
  endloop
 endfacet
 facet normal 0.37279181096485292 -0.8018519563735842 0.46696863463984484
  outer loop
   vertex -33.614097595214844 36.300796508789062 -38.785495758056641
   vertex -33.831108093261719 36.199905395507812 -38.785495758056641
   vertex -33.614097595214844 36.199905395507812 -38.958740234375
  endloop
 endfacet
 facet normal 0.3606830984464251 -0.81595563903110491 0.45180094912298208
  outer loop
   vertex -33.614097595214844 36.199905395507812 -38.958740234375
   vertex -33.831108093261719 36.199905395507812 -38.785495758056641
   vertex -33.872669219970703 36.181533813476562 -38.785495758056641
  endloop
 endfacet
 facet normal 0.34669455606149335 -0.83412553484813945 0.42899589381674696
  outer loop
   vertex -33.614097595214844 36.199905395507812 -38.958740234375
   vertex -33.872669219970703 36.181533813476562 -38.785495758056641
   vertex -33.614097595214844 36.156021118164062 -39.0440673828125
  endloop
 endfacet
 facet normal 0.12584906687676545 -0.96705898425436942 0.22126665663663478
  outer loop
   vertex -33.614097595214844 36.156021118164062 -39.0440673828125
   vertex -33.872669219970703 36.181533813476562 -38.785495758056641
   vertex -33.872669219970703 36.122371673583984 -39.0440673828125
  endloop
 endfacet
 facet normal 0.20014571053032226 -0.27094399101345906 0.94155777745713043
  outer loop
   vertex -33.35552978515625 37.234188079833984 -38.319618225097656
   vertex -33.614097595214844 37.221324920654297 -38.268356323242188
   vertex -33.614097595214844 36.975616455078125 -38.339061737060547
  endloop
 endfacet
 facet normal -0.018709419811159447 -0.27649104627215226 0.96083435562101971
  outer loop
   vertex -33.614097595214844 36.975616455078125 -38.339061737060547
   vertex -33.614097595214844 37.221324920654297 -38.268356323242188
   vertex -33.804191589355469 37.234188079833984 -38.268356323242188
  endloop
 endfacet
 facet normal -0.021876267082242849 -0.27863176100940462 0.96014882736758289
  outer loop
   vertex -33.614097595214844 36.975616455078125 -38.339061737060547
   vertex -33.804191589355469 37.234188079833984 -38.268356323242188
   vertex -33.872669219970703 37.234188079833984 -38.269916534423828
  endloop
 endfacet
 facet normal 0.20793771387230492 -0.053241622393331488 0.97669198665417811
  outer loop
   vertex -33.614097595214844 36.975616455078125 -38.339061737060547
   vertex -33.872669219970703 37.234188079833984 -38.269916534423828
   vertex -33.872669219970703 36.975616455078125 -38.284011840820312
  endloop
 endfacet
 facet normal -0.45579116522832414 -0.048448649617172802 0.88876720351849103
  outer loop
   vertex -33.872669219970703 36.975616455078125 -38.284011840820312
   vertex -33.872669219970703 37.234188079833984 -38.269916534423828
   vertex -34.131237030029297 36.975616455078125 -38.416614532470703
  endloop
 endfacet
 facet normal -0.4519382290791687 -0.13835780556078639 0.88125419416714745
  outer loop
   vertex -33.872669219970703 36.975616455078125 -38.284011840820312
   vertex -34.131237030029297 36.975616455078125 -38.416614532470703
   vertex -34.131237030029297 36.717044830322266 -38.457210540771484
  endloop
 endfacet
 facet normal -0.70278922449421988 -0.11033862365294378 0.70278922449421988
  outer loop
   vertex -34.131237030029297 36.717044830322266 -38.457210540771484
   vertex -34.131237030029297 36.975616455078125 -38.416614532470703
   vertex -34.241550445556641 36.975616455078125 -38.526927947998047
  endloop
 endfacet
 facet normal -0.70278922449421988 -0.11033862365294378 0.70278922449421988
  outer loop
   vertex -34.131237030029297 36.717044830322266 -38.457210540771484
   vertex -34.241550445556641 36.975616455078125 -38.526927947998047
   vertex -34.200954437255859 36.717044830322266 -38.526927947998047
  endloop
 endfacet
 facet normal -0.88626945716725014 -0.1391452069571113 0.44177489819288129
  outer loop
   vertex -34.200954437255859 36.717044830322266 -38.526927947998047
   vertex -34.241550445556641 36.975616455078125 -38.526927947998047
   vertex -34.329841613769531 36.717044830322266 -38.785495758056641
  endloop
 endfacet
 facet normal -0.85828402926641256 -0.28339758134920157 0.42782512314219528
  outer loop
   vertex -34.200954437255859 36.717044830322266 -38.526927947998047
   vertex -34.329841613769531 36.717044830322266 -38.785495758056641
   vertex -34.244464874267578 36.458477020263672 -38.785495758056641
  endloop
 endfacet
 facet normal -0.9479274781831446 -0.31299703297655662 0.058875745882463727
  outer loop
   vertex -34.244464874267578 36.458477020263672 -38.785495758056641
   vertex -34.329841613769531 36.717044830322266 -38.785495758056641
   vertex -34.260524749755859 36.458477020263672 -39.0440673828125
  endloop
 endfacet
 facet normal -0.77766424023524916 -0.62682164264776119 0.048300701523839293
  outer loop
   vertex -34.244464874267578 36.458477020263672 -38.785495758056641
   vertex -34.260524749755859 36.458477020263672 -39.0440673828125
   vertex -34.131237030029297 36.298076629638672 -39.0440673828125
  endloop
 endfacet
 facet normal -0.77395778284612093 -0.62383412234162694 -0.10872137864361688
  outer loop
   vertex -34.131237030029297 36.298076629638672 -39.0440673828125
   vertex -34.260524749755859 36.458477020263672 -39.0440673828125
   vertex -34.131237030029297 36.3431396484375 -39.302635192871094
  endloop
 endfacet
 facet normal -0.61080127016472474 -0.780026568640516 -0.13594248997300781
  outer loop
   vertex -34.131237030029297 36.298076629638672 -39.0440673828125
   vertex -34.131237030029297 36.3431396484375 -39.302635192871094
   vertex -34.005867004394531 36.199905395507812 -39.0440673828125
  endloop
 endfacet
 facet normal -0.53844242731068792 -0.82019689657137806 -0.19327908145077377
  outer loop
   vertex -34.005867004394531 36.199905395507812 -39.0440673828125
   vertex -34.131237030029297 36.3431396484375 -39.302635192871094
   vertex -33.913051605224609 36.199905395507812 -39.302635192871094
  endloop
 endfacet
 facet normal -0.53841679728790137 -0.82021588949341262 -0.1932698813078978
  outer loop
   vertex -34.005867004394531 36.199905395507812 -39.0440673828125
   vertex -33.913051605224609 36.199905395507812 -39.302635192871094
   vertex -33.872669219970703 36.173397064208984 -39.302635192871094
  endloop
 endfacet
 facet normal -0.50408662409363481 -0.76791783028568406 -0.39522004167199065
  outer loop
   vertex -33.872669219970703 36.173397064208984 -39.302635192871094
   vertex -33.913051605224609 36.199905395507812 -39.302635192871094
   vertex -33.872669219970703 36.199905395507812 -39.354141235351562
  endloop
 endfacet
 facet normal 0 -0.88915078423973826 -0.45761433859294487
  outer loop
   vertex -33.872669219970703 36.173397064208984 -39.302635192871094
   vertex -33.872669219970703 36.199905395507812 -39.354141235351562
   vertex -33.614097595214844 36.173397064208984 -39.302635192871094
  endloop
 endfacet
 facet normal 0 -0.88915078423973826 -0.45761433859294487
  outer loop
   vertex -33.614097595214844 36.173397064208984 -39.302635192871094
   vertex -33.872669219970703 36.199905395507812 -39.354141235351562
   vertex -33.614097595214844 36.199905395507812 -39.354141235351562
  endloop
 endfacet
 facet normal 0.32643169783246073 -0.82947378606145761 0.45322796128117271
  outer loop
   vertex -32.321247100830078 37.234188079833984 -38.649650573730469
   vertex -32.579818725585938 37.199485778808594 -38.526927947998047
   vertex -32.321247100830078 37.159961700439453 -38.785495758056641
  endloop
 endfacet
 facet normal 0.22056917332888248 -0.90682600083408993 0.3591877558997027
  outer loop
   vertex -32.321247100830078 37.159961700439453 -38.785495758056641
   vertex -32.579818725585938 37.199485778808594 -38.526927947998047
   vertex -32.579818725585938 37.097068786621094 -38.785495758056641
  endloop
 endfacet
 facet normal 0.23430110023633233 -0.96328206934671645 0.13111311644206963
  outer loop
   vertex -32.321247100830078 37.159961700439453 -38.785495758056641
   vertex -32.579818725585938 37.097068786621094 -38.785495758056641
   vertex -32.579818725585938 37.061874389648438 -39.0440673828125
  endloop
 endfacet
 facet normal 0.25186154227921936 -0.95892147721002352 0.13051959265213514
  outer loop
   vertex -32.579818725585938 37.061874389648438 -39.0440673828125
   vertex -32.579818725585938 37.097068786621094 -38.785495758056641
   vertex -32.838386535644531 37.029155731201172 -38.785495758056641
  endloop
 endfacet
 facet normal 0.49890394721482051 -0.76792640557278558 0.40172613442186361
  outer loop
   vertex -32.579818725585938 37.061874389648438 -39.0440673828125
   vertex -32.838386535644531 37.029155731201172 -38.785495758056641
   vertex -32.712589263916016 36.975616455078125 -39.0440673828125
  endloop
 endfacet
 facet normal 0.52510933779828051 -0.74581781046271722 0.4098975200628201
  outer loop
   vertex -32.712589263916016 36.975616455078125 -39.0440673828125
   vertex -32.838386535644531 37.029155731201172 -38.785495758056641
   vertex -32.838386535644531 36.975616455078125 -38.882911682128906
  endloop
 endfacet
 facet normal 0.60174768910012177 -0.64595812315933321 0.46972100420050927
  outer loop
   vertex -32.712589263916016 36.975616455078125 -39.0440673828125
   vertex -32.838386535644531 36.975616455078125 -38.882911682128906
   vertex -32.838386535644531 36.858428955078125 -39.0440673828125
  endloop
 endfacet
 facet normal 0.66250287895554083 -0.60582110389232358 0.44053459053098948
  outer loop
   vertex -32.838386535644531 36.858428955078125 -39.0440673828125
   vertex -32.838386535644531 36.975616455078125 -38.882911682128906
   vertex -32.967674255371094 36.717044830322266 -39.0440673828125
  endloop
 endfacet
 facet normal 0.65483963629095643 -0.59881350546834022 0.46109373928849423
  outer loop
   vertex -32.838386535644531 36.858428955078125 -39.0440673828125
   vertex -32.967674255371094 36.717044830322266 -39.0440673828125
   vertex -32.838386535644531 36.717044830322266 -39.227680206298828
  endloop
 endfacet
 facet normal 0.23722237220478495 -0.90318524028448766 0.35774567482750469
  outer loop
   vertex -32.838386535644531 37.029155731201172 -38.785495758056641
   vertex -32.579818725585938 37.097068786621094 -38.785495758056641
   vertex -32.579818725585938 37.199485778808594 -38.526927947998047
  endloop
 endfacet
 facet normal -0.7307007112384577 -0.088346132212793846 0.67695748132260969
  outer loop
   vertex -34.389808654785156 37.234188079833984 -38.680572509765625
   vertex -34.487014770507812 37.234188079833984 -38.785495758056641
   vertex -34.389808654785156 36.975616455078125 -38.714317321777344
  endloop
 endfacet
 facet normal -0.78771176532656106 -0.13038853410093998 0.60208720708973762
  outer loop
   vertex -34.389808654785156 36.975616455078125 -38.714317321777344
   vertex -34.487014770507812 37.234188079833984 -38.785495758056641
   vertex -34.4442138671875 36.975616455078125 -38.785495758056641
  endloop
 endfacet
 facet normal 0.54288666933979446 -0.74153268134923533 0.39421231176126154
  outer loop
   vertex -32.062679290771484 37.234188079833984 -38.975116729736328
   vertex -32.062679290771484 37.197532653808594 -39.0440673828125
   vertex -32.012611389160156 37.234188079833984 -39.0440673828125
  endloop
 endfacet
 facet normal 0.20215208734939846 -0.96550697130808039 0.16410613009811301
  outer loop
   vertex -32.579818725585938 37.061874389648438 -39.0440673828125
   vertex -32.321247100830078 37.116012573242188 -39.0440673828125
   vertex -32.321247100830078 37.159961700439453 -38.785495758056641
  endloop
 endfacet
 facet normal 0.47762120617471715 -0.76994512217335065 0.42315776284226714
  outer loop
   vertex -32.838386535644531 37.029155731201172 -38.785495758056641
   vertex -32.924694061279297 36.975616455078125 -38.785495758056641
   vertex -32.838386535644531 36.975616455078125 -38.882911682128906
  endloop
 endfacet
 facet normal 0.58802701561796067 -0.61871673168228714 0.5209739291364045
  outer loop
   vertex -32.838386535644531 36.975616455078125 -38.882911682128906
   vertex -32.924694061279297 36.975616455078125 -38.785495758056641
   vertex -32.967674255371094 36.717044830322266 -39.0440673828125
  endloop
 endfacet
 facet normal -0.81742338394625469 -0.24313990670594679 0.52220876777863223
  outer loop
   vertex -34.64837646484375 37.234188079833984 -39.038078308105469
   vertex -34.64837646484375 37.221324920654297 -39.0440673828125
   vertex -34.487014770507812 37.234188079833984 -38.785495758056641
  endloop
 endfacet
 facet normal -0.81914746185809684 -0.23570630883044769 0.52291487998426989
  outer loop
   vertex -34.487014770507812 37.234188079833984 -38.785495758056641
   vertex -34.64837646484375 37.221324920654297 -39.0440673828125
   vertex -34.577674865722656 36.975616455078125 -39.0440673828125
  endloop
 endfacet
 facet normal -0.879154448105394 -0.14552487950876355 0.45377303337732638
  outer loop
   vertex -34.487014770507812 37.234188079833984 -38.785495758056641
   vertex -34.577674865722656 36.975616455078125 -39.0440673828125
   vertex -34.4442138671875 36.975616455078125 -38.785495758056641
  endloop
 endfacet
 facet normal -0.80770920279822234 -0.41689677602199088 0.41689677602199088
  outer loop
   vertex -34.4442138671875 36.975616455078125 -38.785495758056641
   vertex -34.577674865722656 36.975616455078125 -39.0440673828125
   vertex -34.4442138671875 36.717044830322266 -39.0440673828125
  endloop
 endfacet
 facet normal -0.80201511054539609 -0.25211625657714115 0.54148790903064958
  outer loop
   vertex -34.64837646484375 37.234188079833984 -39.038078308105469
   vertex -34.652420043945312 37.234188079833984 -39.0440673828125
   vertex -34.64837646484375 37.221324920654297 -39.0440673828125
  endloop
 endfacet
 facet normal -0.91377134422746953 -0.28724721971563394 0.28724721971563394
  outer loop
   vertex -34.64837646484375 37.221324920654297 -39.0440673828125
   vertex -34.652420043945312 37.234188079833984 -39.0440673828125
   vertex -34.64837646484375 36.975616455078125 -39.289775848388672
  endloop
 endfacet
 facet normal -0.92624545586848384 -0.26652331556824888 0.26652331556824888
  outer loop
   vertex -34.64837646484375 37.221324920654297 -39.0440673828125
   vertex -34.64837646484375 36.975616455078125 -39.289775848388672
   vertex -34.577674865722656 36.975616455078125 -39.0440673828125
  endloop
 endfacet
 facet normal -0.82633052092025483 -0.51053087411025022 0.23777320449513284
  outer loop
   vertex -34.577674865722656 36.975616455078125 -39.0440673828125
   vertex -34.64837646484375 36.975616455078125 -39.289775848388672
   vertex -34.64837646484375 36.969627380371094 -39.302635192871094
  endloop
 endfacet
 facet normal -0.82625763712797495 -0.51065674454489285 0.2377561909572655
  outer loop
   vertex -34.577674865722656 36.975616455078125 -39.0440673828125
   vertex -34.64837646484375 36.969627380371094 -39.302635192871094
   vertex -34.492271423339844 36.717044830322266 -39.302635192871094
  endloop
 endfacet
 facet normal -0.84041243312269354 -0.51940491426527813 -0.15467862583393147
  outer loop
   vertex -34.492271423339844 36.717044830322266 -39.302635192871094
   vertex -34.64837646484375 36.969627380371094 -39.302635192871094
   vertex -34.64837646484375 36.975616455078125 -39.322746276855469
  endloop
 endfacet
 facet normal -0.8404150843963426 -0.51940529499750165 -0.15466294141663908
  outer loop
   vertex -34.492271423339844 36.717044830322266 -39.302635192871094
   vertex -34.64837646484375 36.975616455078125 -39.322746276855469
   vertex -34.6044921875 36.975616455078125 -39.561206817626953
  endloop
 endfacet
 facet normal -0.85931889061170252 -0.48637660603183397 -0.15814183931783246
  outer loop
   vertex -34.6044921875 36.975616455078125 -39.561206817626953
   vertex -34.64837646484375 36.975616455078125 -39.322746276855469
   vertex -34.64837646484375 37.053150177001953 -39.561206817626953
  endloop
 endfacet
 facet normal 0.52411285192387691 -0.80672863131127437 0.27293705111409494
  outer loop
   vertex -32.579818725585938 37.061874389648438 -39.0440673828125
   vertex -32.712589263916016 36.975616455078125 -39.0440673828125
   vertex -32.579818725585938 36.975616455078125 -39.299022674560547
  endloop
 endfacet
 facet normal 0.71792814889948076 -0.58719813666262288 0.37386832082660926
  outer loop
   vertex -32.579818725585938 36.975616455078125 -39.299022674560547
   vertex -32.712589263916016 36.975616455078125 -39.0440673828125
   vertex -32.789424896240234 36.717044830322266 -39.302635192871094
  endloop
 endfacet
 facet normal -0.91372772146570869 -0.28731447515639547 0.28731871395836583
  outer loop
   vertex -34.652420043945312 37.234188079833984 -39.0440673828125
   vertex -34.652420043945312 36.975616455078125 -39.302635192871094
   vertex -34.64837646484375 36.975616455078125 -39.289775848388672
  endloop
 endfacet
 facet normal -0.80199998616384771 -0.54147769766476339 0.25218629051725855
  outer loop
   vertex -34.64837646484375 36.975616455078125 -39.289775848388672
   vertex -34.652420043945312 36.975616455078125 -39.302635192871094
   vertex -34.64837646484375 36.969627380371094 -39.302635192871094
  endloop
 endfacet
 facet normal 0.41142189284415615 -0.82497055342097614 0.38749917687244184
  outer loop
   vertex -32.260692596435547 36.975616455078125 -39.561206817626953
   vertex -32.321247100830078 37.066871643066406 -39.302635192871094
   vertex -32.321247100830078 36.975616455078125 -39.496913909912109
  endloop
 endfacet
 facet normal 0.30787654510968415 -0.861158573128467 0.40449715066816916
  outer loop
   vertex -32.321247100830078 36.975616455078125 -39.496913909912109
   vertex -32.321247100830078 37.066871643066406 -39.302635192871094
   vertex -32.576496124267578 36.975616455078125 -39.302635192871094
  endloop
 endfacet
 facet normal 0.40667643343548199 -0.74103592787093053 0.53430331469369063
  outer loop
   vertex -32.321247100830078 36.975616455078125 -39.496913909912109
   vertex -32.576496124267578 36.975616455078125 -39.302635192871094
   vertex -32.579818725585938 36.973793029785156 -39.302635192871094
  endloop
 endfacet
 facet normal -0.83834889540710078 -0.51841928925111913 -0.16856028625408323
  outer loop
   vertex -34.64837646484375 37.053150177001953 -39.561206817626953
   vertex -34.64837646484375 36.975616455078125 -39.322746276855469
   vertex -34.652420043945312 36.975616455078125 -39.302635192871094
  endloop
 endfacet
 facet normal -0.81751474613283248 -0.55195263114700788 -0.16437132604339955
  outer loop
   vertex -34.652420043945312 36.975616455078125 -39.302635192871094
   vertex -34.64837646484375 36.975616455078125 -39.322746276855469
   vertex -34.64837646484375 36.969627380371094 -39.302635192871094
  endloop
 endfacet
 facet normal 0.27590885570017759 -0.9602974075223254 0.04126975226627326
  outer loop
   vertex -31.545537948608398 37.190303802490234 -39.819778442382812
   vertex -31.804107666015625 37.116012573242188 -39.819778442382812
   vertex -31.804107666015625 37.104900360107422 -40.078346252441406
  endloop
 endfacet
 facet normal 0.19607286799165397 -0.97968503693633213 0.042102955247640017
  outer loop
   vertex -31.804107666015625 37.104900360107422 -40.078346252441406
   vertex -31.804107666015625 37.116012573242188 -39.819778442382812
   vertex -32.062679290771484 37.053150177001953 -40.078346252441406
  endloop
 endfacet
 facet normal 0.19624688453125042 -0.98055451674640615 0
  outer loop
   vertex -31.804107666015625 37.104900360107422 -40.078346252441406
   vertex -32.062679290771484 37.053150177001953 -40.078346252441406
   vertex -32.062679290771484 37.053150177001953 -40.336917877197266
  endloop
 endfacet
 facet normal 0.57090893287120525 -0.82101339231943216 0
  outer loop
   vertex -32.062679290771484 37.053150177001953 -40.336917877197266
   vertex -32.062679290771484 37.053150177001953 -40.078346252441406
   vertex -32.174179077148438 36.975616455078125 -40.336917877197266
  endloop
 endfacet
 facet normal 0.56076984579025035 -0.80643256199769875 -0.18762649866744988
  outer loop
   vertex -32.062679290771484 37.053150177001953 -40.336917877197266
   vertex -32.174179077148438 36.975616455078125 -40.336917877197266
   vertex -32.260692596435547 36.975616455078125 -40.595485687255859
  endloop
 endfacet
 facet normal 0.60435832947337498 -0.77062433193937574 -0.20221065406932034
  outer loop
   vertex -32.260692596435547 36.975616455078125 -40.595485687255859
   vertex -32.174179077148438 36.975616455078125 -40.336917877197266
   vertex -32.321247100830078 36.860279083251953 -40.336917877197266
  endloop
 endfacet
 facet normal 0.50207509823441732 -0.82744394823226119 -0.25150965839646627
  outer loop
   vertex -32.260692596435547 36.975616455078125 -40.595485687255859
   vertex -32.321247100830078 36.860279083251953 -40.336917877197266
   vertex -32.321247100830078 36.938873291015625 -40.595485687255859
  endloop
 endfacet
 facet normal 0.41849005459011634 -0.86896554865463349 -0.2641305538185863
  outer loop
   vertex -32.321247100830078 36.938873291015625 -40.595485687255859
   vertex -32.321247100830078 36.860279083251953 -40.336917877197266
   vertex -32.579818725585938 36.814346313476562 -40.595485687255859
  endloop
 endfacet
 facet normal 0.60187898167390519 -0.71078284579855244 -0.36404592778617118
  outer loop
   vertex -31.513134002685547 37.234188079833984 -40.336917877197266
   vertex -31.545537948608398 37.206748962402344 -40.336917877197266
   vertex -31.545537948608398 37.234188079833984 -40.390491485595703
  endloop
 endfacet
 facet normal 0.406417129631574 -0.76523903478729727 -0.49923374923961034
  outer loop
   vertex -32.062679290771484 37.077888488769531 -40.595485687255859
   vertex -32.321247100830078 36.975616455078125 -40.649215698242188
   vertex -32.321247100830078 37.1092529296875 -40.854057312011719
  endloop
 endfacet
 facet normal 0.29408023085388407 -0.80049317848379253 -0.52223317495333577
  outer loop
   vertex -32.321247100830078 37.1092529296875 -40.854057312011719
   vertex -32.321247100830078 36.975616455078125 -40.649215698242188
   vertex -32.579818725585938 36.975616455078125 -40.794822692871094
  endloop
 endfacet
 facet normal 0.25272388219846553 -0.75640848267137328 -0.6033049367519937
  outer loop
   vertex -32.321247100830078 37.1092529296875 -40.854057312011719
   vertex -32.579818725585938 36.975616455078125 -40.794822692871094
   vertex -32.579818725585938 37.022861480712891 -40.854057312011719
  endloop
 endfacet
 facet normal 0.34947112668021596 -0.73249261021330048 -0.58422984141497458
  outer loop
   vertex -32.579818725585938 37.022861480712891 -40.854057312011719
   vertex -32.579818725585938 36.975616455078125 -40.794822692871094
   vertex -32.678844451904297 36.975616455078125 -40.854057312011719
  endloop
 endfacet
 facet normal 0.33900808884435368 -0.71056204911671994 -0.61658340072787143
  outer loop
   vertex -32.579818725585938 37.022861480712891 -40.854057312011719
   vertex -32.678844451904297 36.975616455078125 -40.854057312011719
   vertex -32.838386535644531 36.975616455078125 -40.941776275634766
  endloop
 endfacet
 facet normal 0.34866946547465594 -0.69012792496670772 -0.63415538397680082
  outer loop
   vertex -32.838386535644531 36.975616455078125 -40.941776275634766
   vertex -32.678844451904297 36.975616455078125 -40.854057312011719
   vertex -32.838386535644531 36.895011901855469 -40.854057312011719
  endloop
 endfacet
 facet normal 0.22982509233795628 -0.71662586100628189 -0.65850421583225649
  outer loop
   vertex -32.838386535644531 36.975616455078125 -40.941776275634766
   vertex -32.838386535644531 36.895011901855469 -40.854057312011719
   vertex -33.096958160400391 36.975616455078125 -41.032020568847656
  endloop
 endfacet
 facet normal -0.72159740500563307 -0.55484377868821078 -0.41405985840228954
  outer loop
   vertex -34.131237030029297 36.975616455078125 -40.628665924072266
   vertex -34.150276184082031 36.975616455078125 -40.595485687255859
   vertex -34.131237030029297 37.143817901611328 -40.854057312011719
  endloop
 endfacet
 facet normal -0.74619422718267225 -0.53159645302498781 -0.4007485326866545
  outer loop
   vertex -34.131237030029297 37.143817901611328 -40.854057312011719
   vertex -34.150276184082031 36.975616455078125 -40.595485687255859
   vertex -34.19561767578125 37.234188079833984 -40.854057312011719
  endloop
 endfacet
 facet normal 0.25969185624499147 -0.77726379175406257 -0.57308039386121734
  outer loop
   vertex -32.321247100830078 37.1092529296875 -40.854057312011719
   vertex -32.579818725585938 37.022861480712891 -40.854057312011719
   vertex -32.579818725585938 37.213504791259766 -41.112625122070312
  endloop
 endfacet
 facet normal 0.23404571946894015 -0.78252291012892528 -0.57695796755190421
  outer loop
   vertex -32.579818725585938 37.213504791259766 -41.112625122070312
   vertex -32.579818725585938 37.022861480712891 -40.854057312011719
   vertex -32.838386535644531 37.13616943359375 -41.112625122070312
  endloop
 endfacet
 facet normal 0.18974233508316396 -0.63439623916573862 -0.7493592316169565
  outer loop
   vertex -32.579818725585938 37.213504791259766 -41.112625122070312
   vertex -32.838386535644531 37.13616943359375 -41.112625122070312
   vertex -32.838386535644531 37.234188079833984 -41.195606231689453
  endloop
 endfacet
 facet normal 0.34326512430914707 -0.68444502907179949 -0.64319830271225786
  outer loop
   vertex -32.579818725585938 37.022861480712891 -40.854057312011719
   vertex -32.838386535644531 36.975616455078125 -40.941776275634766
   vertex -32.838386535644531 37.13616943359375 -41.112625122070312
  endloop
 endfacet
 facet normal 0.23245825600367831 -0.70876094029231018 -0.66604886362164806
  outer loop
   vertex -32.838386535644531 37.13616943359375 -41.112625122070312
   vertex -32.838386535644531 36.975616455078125 -40.941776275634766
   vertex -33.096958160400391 36.975616455078125 -41.032020568847656
  endloop
 endfacet
 facet normal -0.19400423467550335 -0.62720571567180039 -0.75430454536387137
  outer loop
   vertex -33.35552978515625 36.996315002441406 -41.112625122070312
   vertex -33.614097595214844 36.975616455078125 -41.028911590576172
   vertex -33.614097595214844 37.0762939453125 -41.112625122070312
  endloop
 endfacet
 facet normal -0.33138955021062072 -0.6032257134872252 -0.72546516429049202
  outer loop
   vertex -33.614097595214844 37.0762939453125 -41.112625122070312
   vertex -33.614097595214844 36.975616455078125 -41.028911590576172
   vertex -33.872669219970703 36.975616455078125 -40.910797119140625
  endloop
 endfacet
 facet normal -0.13816249001110764 -0.5141337492440321 -0.8465090751091835
  outer loop
   vertex -33.35552978515625 37.234188079833984 -41.257099151611328
   vertex -33.35552978515625 36.996315002441406 -41.112625122070312
   vertex -33.614097595214844 37.234188079833984 -41.214897155761719
  endloop
 endfacet
 facet normal -0.16582956640663832 -0.53611846180362299 -0.82769411609525401
  outer loop
   vertex -33.614097595214844 37.234188079833984 -41.214897155761719
   vertex -33.35552978515625 36.996315002441406 -41.112625122070312
   vertex -33.614097595214844 37.0762939453125 -41.112625122070312
  endloop
 endfacet
 facet normal 0.48457821435449411 -0.48457821435449411 0.72826362558212376
  outer loop
   vertex -33.35552978515625 36.861213684082031 -38.526927947998047
   vertex -33.35552978515625 36.975616455078125 -38.4508056640625
   vertex -33.499698638916016 36.717044830322266 -38.526927947998047
  endloop
 endfacet
 facet normal 0.46191852106929404 -0.47756848203361402 0.74736846659547118
  outer loop
   vertex -33.499698638916016 36.717044830322266 -38.526927947998047
   vertex -33.35552978515625 36.975616455078125 -38.4508056640625
   vertex -33.614097595214844 36.717044830322266 -38.456222534179688
  endloop
 endfacet
 facet normal 0.46535221077131866 -0.46535221077131866 0.75292405982309552
  outer loop
   vertex -33.499698638916016 36.717044830322266 -38.526927947998047
   vertex -33.614097595214844 36.717044830322266 -38.456222534179688
   vertex -33.614097595214844 36.602645874023438 -38.526927947998047
  endloop
 endfacet
 facet normal 0.37919479822187496 -0.48648265516327971 0.78711240063078469
  outer loop
   vertex -33.614097595214844 36.602645874023438 -38.526927947998047
   vertex -33.614097595214844 36.717044830322266 -38.456222534179688
   vertex -33.799057006835938 36.458477020263672 -38.526927947998047
  endloop
 endfacet
 facet normal 0.40800992020608945 -0.5234506123121333 0.74801561580188503
  outer loop
   vertex -33.614097595214844 36.602645874023438 -38.526927947998047
   vertex -33.799057006835938 36.458477020263672 -38.526927947998047
   vertex -33.614097595214844 36.458477020263672 -38.627815246582031
  endloop
 endfacet
 facet normal 0.34938705737309766 -0.68383934425717385 0.6405407367108561
  outer loop
   vertex -33.614097595214844 36.458477020263672 -38.627815246582031
   vertex -33.799057006835938 36.458477020263672 -38.526927947998047
   vertex -33.831108093261719 36.199905395507812 -38.785495758056641
  endloop
 endfacet
 facet normal 0.19488978478542246 -0.35220882733031794 0.91540532756637039
  outer loop
   vertex -33.614097595214844 36.975616455078125 -38.339061737060547
   vertex -33.872669219970703 36.975616455078125 -38.284011840820312
   vertex -33.872669219970703 36.717044830322266 -38.383499145507812
  endloop
 endfacet
 facet normal -0.25711660486133442 -0.34702179409555212 0.90192401338875794
  outer loop
   vertex -33.872669219970703 36.717044830322266 -38.383499145507812
   vertex -33.872669219970703 36.975616455078125 -38.284011840820312
   vertex -34.131237030029297 36.717044830322266 -38.457210540771484
  endloop
 endfacet
 facet normal 0.50909701060448764 -0.57376395688933635 0.6415724086712784
  outer loop
   vertex -33.096958160400391 36.975616455078125 -38.6295166015625
   vertex -33.226242065429688 36.975616455078125 -38.526927947998047
   vertex -33.191806793212891 36.717044830322266 -38.785495758056641
  endloop
 endfacet
 facet normal 0.58748645018605672 -0.53175204084590388 0.6099995392654014
  outer loop
   vertex -33.191806793212891 36.717044830322266 -38.785495758056641
   vertex -33.226242065429688 36.975616455078125 -38.526927947998047
   vertex -33.35552978515625 36.717044830322266 -38.627815246582031
  endloop
 endfacet
 facet normal 0.62661894286200892 -0.42898389601056852 0.65063162958012732
  outer loop
   vertex -33.191806793212891 36.717044830322266 -38.785495758056641
   vertex -33.35552978515625 36.717044830322266 -38.627815246582031
   vertex -33.35552978515625 36.477893829345703 -38.785495758056641
  endloop
 endfacet
 facet normal 0.48222484643094332 -0.48222484643094332 0.73138115573844675
  outer loop
   vertex -33.35552978515625 36.477893829345703 -38.785495758056641
   vertex -33.35552978515625 36.717044830322266 -38.627815246582031
   vertex -33.374946594238281 36.458477020263672 -38.785495758056641
  endloop
 endfacet
 facet normal 0.60079587614439567 -0.60079587614439567 0.52734109494308912
  outer loop
   vertex -33.35552978515625 36.477893829345703 -38.785495758056641
   vertex -33.374946594238281 36.458477020263672 -38.785495758056641
   vertex -33.35552978515625 36.458477020263672 -38.8076171875
  endloop
 endfacet
 facet normal 0.48967266675932264 -0.75860999873844714 0.42980408239437012
  outer loop
   vertex -33.35552978515625 36.458477020263672 -38.8076171875
   vertex -33.374946594238281 36.458477020263672 -38.785495758056641
   vertex -33.548572540283203 36.199905395507812 -39.0440673828125
  endloop
 endfacet
 facet normal 0.5220621917445849 -0.75411632498600512 0.3984465288347262
  outer loop
   vertex -33.35552978515625 36.458477020263672 -38.8076171875
   vertex -33.548572540283203 36.199905395507812 -39.0440673828125
   vertex -33.35552978515625 36.333545684814453 -39.0440673828125
  endloop
 endfacet
 facet normal 0.56878887267589495 -0.8216127908475912 -0.037837022024956625
  outer loop
   vertex -33.35552978515625 36.333545684814453 -39.0440673828125
   vertex -33.548572540283203 36.199905395507812 -39.0440673828125
   vertex -33.565773010253906 36.199905395507812 -39.302635192871094
  endloop
 endfacet
 facet normal 0.43485646765005553 -0.89394551876408646 0.10844935234718781
  outer loop
   vertex -33.35552978515625 36.333545684814453 -39.0440673828125
   vertex -33.565773010253906 36.199905395507812 -39.302635192871094
   vertex -33.35552978515625 36.302177429199219 -39.302635192871094
  endloop
 endfacet
 facet normal -0.75119529562324294 -0.32052521706740622 0.57703484561800999
  outer loop
   vertex -34.241550445556641 36.975616455078125 -38.526927947998047
   vertex -34.389808654785156 36.857585906982422 -38.785495758056641
   vertex -34.329841613769531 36.717044830322266 -38.785495758056641
  endloop
 endfacet
 facet normal -0.85619592819633006 -0.36532761498415695 0.36532761498415695
  outer loop
   vertex -34.329841613769531 36.717044830322266 -38.785495758056641
   vertex -34.389808654785156 36.857585906982422 -38.785495758056641
   vertex -34.389808654785156 36.717044830322266 -38.926036834716797
  endloop
 endfacet
 facet normal -0.78103370170851738 -0.528134653305945 0.33325687505721441
  outer loop
   vertex -34.329841613769531 36.717044830322266 -38.785495758056641
   vertex -34.389808654785156 36.717044830322266 -38.926036834716797
   vertex -34.389808654785156 36.642566680908203 -39.0440673828125
  endloop
 endfacet
 facet normal 0.59227790459165019 -0.61683404341258463 0.51838465121934862
  outer loop
   vertex -32.967674255371094 36.717044830322266 -39.0440673828125
   vertex -32.924694061279297 36.975616455078125 -38.785495758056641
   vertex -33.096958160400391 36.717044830322266 -38.896354675292969
  endloop
 endfacet
 facet normal 0.51846933159166475 -0.60464433851599597 0.60464433851599597
  outer loop
   vertex -33.096958160400391 36.717044830322266 -38.896354675292969
   vertex -32.924694061279297 36.975616455078125 -38.785495758056641
   vertex -33.096958160400391 36.827903747558594 -38.785495758056641
  endloop
 endfacet
 facet normal 0.6551401245002717 -0.62261793417005951 0.42794663840200453
  outer loop
   vertex -32.789424896240234 36.717044830322266 -39.302635192871094
   vertex -32.712589263916016 36.975616455078125 -39.0440673828125
   vertex -32.838386535644531 36.717044830322266 -39.227680206298828
  endloop
 endfacet
 facet normal 0.59385303524650723 -0.63748344867591367 0.49087006956298984
  outer loop
   vertex -32.838386535644531 36.717044830322266 -39.227680206298828
   vertex -32.712589263916016 36.975616455078125 -39.0440673828125
   vertex -32.838386535644531 36.858428955078125 -39.0440673828125
  endloop
 endfacet
 facet normal -0.87673706042762944 -0.45252530569790422 0.16295083484210079
  outer loop
   vertex -34.577674865722656 36.975616455078125 -39.0440673828125
   vertex -34.492271423339844 36.717044830322266 -39.302635192871094
   vertex -34.4442138671875 36.717044830322266 -39.0440673828125
  endloop
 endfacet
 facet normal -0.75161183071057147 -0.64464328552817796 0.13969499045899766
  outer loop
   vertex -34.4442138671875 36.717044830322266 -39.0440673828125
   vertex -34.492271423339844 36.717044830322266 -39.302635192871094
   vertex -34.389808654785156 36.597579956054688 -39.302635192871094
  endloop
 endfacet
 facet normal 0.46609279874884318 -0.76814338531344861 0.43899116455079723
  outer loop
   vertex -32.260692596435547 36.975616455078125 -39.561206817626953
   vertex -32.321247100830078 36.975616455078125 -39.496913909912109
   vertex -32.321247100830078 36.938873291015625 -39.561206817626953
  endloop
 endfacet
 facet normal 0.35434468512911771 -0.8118833678426689 0.46398840625730309
  outer loop
   vertex -32.321247100830078 36.938873291015625 -39.561206817626953
   vertex -32.321247100830078 36.975616455078125 -39.496913909912109
   vertex -32.579818725585938 36.973793029785156 -39.302635192871094
  endloop
 endfacet
 facet normal 0.41140816144229314 -0.75328145345875086 0.513137775430482
  outer loop
   vertex -32.321247100830078 36.938873291015625 -39.561206817626953
   vertex -32.579818725585938 36.973793029785156 -39.302635192871094
   vertex -32.579818725585938 36.797653198242188 -39.561206817626953
  endloop
 endfacet
 facet normal 0.58895761687230286 -0.66791824006094669 0.45498807690090665
  outer loop
   vertex -32.579818725585938 36.797653198242188 -39.561206817626953
   vertex -32.579818725585938 36.973793029785156 -39.302635192871094
   vertex -32.671234130859375 36.717044830322266 -39.561206817626953
  endloop
 endfacet
 facet normal 0.61846234807097999 -0.70137862425691933 0.35436189052154177
  outer loop
   vertex -32.579818725585938 36.797653198242188 -39.561206817626953
   vertex -32.671234130859375 36.717044830322266 -39.561206817626953
   vertex -32.579818725585938 36.717044830322266 -39.720752716064453
  endloop
 endfacet
 facet normal 0.60078663865818671 -0.72149721634347641 0.34423419588764309
  outer loop
   vertex -32.579818725585938 36.717044830322266 -39.720752716064453
   vertex -32.671234130859375 36.717044830322266 -39.561206817626953
   vertex -32.838386535644531 36.577857971191406 -39.561206817626953
  endloop
 endfacet
 facet normal -0.89756263820529558 -0.43819457420724434 -0.048650032202266887
  outer loop
   vertex -34.6044921875 36.975616455078125 -39.561206817626953
   vertex -34.478256225585938 36.717044830322266 -39.561206817626953
   vertex -34.492271423339844 36.717044830322266 -39.302635192871094
  endloop
 endfacet
 facet normal -0.78651087626101068 -0.61610328649575297 -0.042630762276425552
  outer loop
   vertex -34.492271423339844 36.717044830322266 -39.302635192871094
   vertex -34.478256225585938 36.717044830322266 -39.561206817626953
   vertex -34.389808654785156 36.604133605957031 -39.561206817626953
  endloop
 endfacet
 facet normal -0.75895136587302903 -0.65093826635212693 -0.016498413194944959
  outer loop
   vertex -34.492271423339844 36.717044830322266 -39.302635192871094
   vertex -34.389808654785156 36.604133605957031 -39.561206817626953
   vertex -34.389808654785156 36.597579956054688 -39.302635192871094
  endloop
 endfacet
 facet normal -0.72003563765633949 -0.69371430199211626 -0.017582596975974148
  outer loop
   vertex -34.389808654785156 36.597579956054688 -39.302635192871094
   vertex -34.389808654785156 36.604133605957031 -39.561206817626953
   vertex -34.255790710449219 36.458477020263672 -39.302635192871094
  endloop
 endfacet
 facet normal 0.58686137366128077 -0.80339427742988057 0.10075397310932585
  outer loop
   vertex -32.321247100830078 36.860279083251953 -39.819778442382812
   vertex -32.517330169677734 36.717044830322266 -39.819778442382812
   vertex -32.472938537597656 36.717044830322266 -40.078346252441406
  endloop
 endfacet
 facet normal 0.57193502459606427 -0.81440087255807792 0.098191376489693422
  outer loop
   vertex -32.472938537597656 36.717044830322266 -40.078346252441406
   vertex -32.517330169677734 36.717044830322266 -39.819778442382812
   vertex -32.579818725585938 36.673160552978516 -39.819778442382812
  endloop
 endfacet
 facet normal 0.58396283049597808 -0.80499240269797356 0.1047599360331478
  outer loop
   vertex -32.472938537597656 36.717044830322266 -40.078346252441406
   vertex -32.579818725585938 36.673160552978516 -39.819778442382812
   vertex -32.579818725585938 36.639511108398438 -40.078346252441406
  endloop
 endfacet
 facet normal 0.2343564704929402 -0.9640217431091439 0.12545566368601926
  outer loop
   vertex -32.579818725585938 36.639511108398438 -40.078346252441406
   vertex -32.579818725585938 36.673160552978516 -39.819778442382812
   vertex -32.838386535644531 36.576652526855469 -40.078346252441406
  endloop
 endfacet
 facet normal 0.2354037957199169 -0.96832989934988511 -0.083200114096657438
  outer loop
   vertex -32.579818725585938 36.639511108398438 -40.078346252441406
   vertex -32.838386535644531 36.576652526855469 -40.078346252441406
   vertex -32.838386535644531 36.598869323730469 -40.336917877197266
  endloop
 endfacet
 facet normal 0.18603026950725313 -0.9789371755306373 -0.084111504511314522
  outer loop
   vertex -32.838386535644531 36.598869323730469 -40.336917877197266
   vertex -32.838386535644531 36.576652526855469 -40.078346252441406
   vertex -33.096958160400391 36.549732208251953 -40.336917877197266
  endloop
 endfacet
 facet normal 0.18123925966630897 -0.95372569970976018 -0.23991586122792366
  outer loop
   vertex -32.838386535644531 36.598869323730469 -40.336917877197266
   vertex -33.096958160400391 36.549732208251953 -40.336917877197266
   vertex -33.096958160400391 36.614776611328125 -40.595485687255859
  endloop
 endfacet
 facet normal 0.109208030425165 -0.96398592607226963 -0.24249688745475598
  outer loop
   vertex -33.096958160400391 36.614776611328125 -40.595485687255859
   vertex -33.096958160400391 36.549732208251953 -40.336917877197266
   vertex -33.35552978515625 36.585483551025391 -40.595485687255859
  endloop
 endfacet
 facet normal 0.098544112293897562 -0.86985487219914803 -0.48336483037516464
  outer loop
   vertex -33.096958160400391 36.614776611328125 -40.595485687255859
   vertex -33.35552978515625 36.585483551025391 -40.595485687255859
   vertex -33.35552978515625 36.717044830322266 -40.832241058349609
  endloop
 endfacet
 facet normal -0.2240031131750225 -0.85189694505072111 -0.47338588941913623
  outer loop
   vertex -33.35552978515625 36.717044830322266 -40.832241058349609
   vertex -33.35552978515625 36.585483551025391 -40.595485687255859
   vertex -33.614097595214844 36.717044830322266 -40.709888458251953
  endloop
 endfacet
 facet normal -0.26920867238748153 -0.77708305025493973 -0.56891881997157423
  outer loop
   vertex -33.35552978515625 36.717044830322266 -40.832241058349609
   vertex -33.614097595214844 36.717044830322266 -40.709888458251953
   vertex -33.35552978515625 36.733016967773438 -40.854057312011719
  endloop
 endfacet
 facet normal -0.76857512010476392 -0.46512904651028447 -0.43925761786038636
  outer loop
   vertex -34.389808654785156 36.717044830322266 -39.883914947509766
   vertex -34.426464080810547 36.717044830322266 -39.819778442382812
   vertex -34.389808654785156 36.900661468505859 -40.078346252441406
  endloop
 endfacet
 facet normal -0.75708796217396213 -0.4772016088108566 -0.44620224347218101
  outer loop
   vertex -34.389808654785156 36.900661468505859 -40.078346252441406
   vertex -34.426464080810547 36.717044830322266 -39.819778442382812
   vertex -34.437053680419922 36.975616455078125 -40.078346252441406
  endloop
 endfacet
 facet normal -0.7222209836130058 -0.45522453468609475 -0.5207374327325538
  outer loop
   vertex -34.389808654785156 36.900661468505859 -40.078346252441406
   vertex -34.437053680419922 36.975616455078125 -40.078346252441406
   vertex -34.389808654785156 36.975616455078125 -40.143871307373047
  endloop
 endfacet
 facet normal -0.84758331555778255 -0.39218687737565899 -0.35748003636903436
  outer loop
   vertex -34.437053680419922 36.975616455078125 -40.078346252441406
   vertex -34.426464080810547 36.717044830322266 -39.819778442382812
   vertex -34.546108245849609 36.975616455078125 -39.819778442382812
  endloop
 endfacet
 facet normal 0.54177577500300333 -0.73284766144054325 -0.41159848729195059
  outer loop
   vertex -32.579818725585938 36.717044830322266 -40.4222412109375
   vertex -32.579818725585938 36.814346313476562 -40.595485687255859
   vertex -32.321247100830078 36.860279083251953 -40.336917877197266
  endloop
 endfacet
 facet normal -0.43259572907847027 -0.79101885351645618 -0.43260849340319008
  outer loop
   vertex -33.872669219970703 36.717044830322266 -40.466201782226562
   vertex -33.872669219970703 36.787750244140625 -40.595485687255859
   vertex -33.743381500244141 36.717044830322266 -40.595485687255859
  endloop
 endfacet
 facet normal -0.41684424865027914 -0.76221663206124957 -0.49524405920353043
  outer loop
   vertex -33.743381500244141 36.717044830322266 -40.595485687255859
   vertex -33.872669219970703 36.787750244140625 -40.595485687255859
   vertex -33.614097595214844 36.814346313476562 -40.854057312011719
  endloop
 endfacet
 facet normal -0.47668784313871437 -0.7712647276982415 -0.42180495494045339
  outer loop
   vertex -33.872669219970703 36.717044830322266 -40.466201782226562
   vertex -33.987068176269531 36.717044830322266 -40.336917877197266
   vertex -33.872669219970703 36.787750244140625 -40.595485687255859
  endloop
 endfacet
 facet normal -0.54482000713673395 -0.71581375038131712 -0.43678579943556145
  outer loop
   vertex -33.872669219970703 36.787750244140625 -40.595485687255859
   vertex -33.987068176269531 36.717044830322266 -40.336917877197266
   vertex -34.131237030029297 36.826774597167969 -40.336917877197266
  endloop
 endfacet
 facet normal -0.50128237042689028 -0.77527372697824348 -0.38427416431040756
  outer loop
   vertex -33.872669219970703 36.787750244140625 -40.595485687255859
   vertex -34.131237030029297 36.826774597167969 -40.336917877197266
   vertex -34.131237030029297 36.954936981201172 -40.595485687255859
  endloop
 endfacet
 facet normal -0.72978976873682533 -0.61255356312806986 -0.30361987047318995
  outer loop
   vertex -34.131237030029297 36.954936981201172 -40.595485687255859
   vertex -34.131237030029297 36.826774597167969 -40.336917877197266
   vertex -34.256168365478516 36.975616455078125 -40.336917877197266
  endloop
 endfacet
 facet normal 0.36008112480426613 -0.71271523344480936 -0.60197888632028052
  outer loop
   vertex -32.838386535644531 36.895011901855469 -40.854057312011719
   vertex -32.678844451904297 36.975616455078125 -40.854057312011719
   vertex -32.838386535644531 36.717044830322266 -40.643352508544922
  endloop
 endfacet
 facet normal 0.3600861228541708 -0.71271556306736028 -0.60197550638661901
  outer loop
   vertex -32.838386535644531 36.717044830322266 -40.643352508544922
   vertex -32.678844451904297 36.975616455078125 -40.854057312011719
   vertex -32.579818725585938 36.975616455078125 -40.794822692871094
  endloop
 endfacet
 facet normal 0.37856468595104303 -0.71957856601659564 -0.5821472888198379
  outer loop
   vertex -32.838386535644531 36.717044830322266 -40.643352508544922
   vertex -32.579818725585938 36.975616455078125 -40.794822692871094
   vertex -32.764778137207031 36.717044830322266 -40.595485687255859
  endloop
 endfacet
 facet normal -0.36123834251606468 -0.81917027101021755 -0.44549627045497614
  outer loop
   vertex -33.614097595214844 36.814346313476562 -40.854057312011719
   vertex -33.872669219970703 36.787750244140625 -40.595485687255859
   vertex -33.872669219970703 36.928371429443359 -40.854057312011719
  endloop
 endfacet
 facet normal -0.49390425369436336 -0.76386287274765186 -0.41541798206182506
  outer loop
   vertex -33.872669219970703 36.928371429443359 -40.854057312011719
   vertex -33.872669219970703 36.787750244140625 -40.595485687255859
   vertex -34.131237030029297 36.954936981201172 -40.595485687255859
  endloop
 endfacet
 facet normal -0.29583455656138202 -0.70218080399415084 -0.64762954970126141
  outer loop
   vertex -33.614097595214844 36.975616455078125 -41.028911590576172
   vertex -33.614097595214844 36.814346313476562 -40.854057312011719
   vertex -33.872669219970703 36.975616455078125 -40.910797119140625
  endloop
 endfacet
 facet normal -0.32095415293670415 -0.72781892036093188 -0.60602644404128958
  outer loop
   vertex -33.872669219970703 36.975616455078125 -40.910797119140625
   vertex -33.614097595214844 36.814346313476562 -40.854057312011719
   vertex -33.872669219970703 36.928371429443359 -40.854057312011719
  endloop
 endfacet
 facet normal 0.38831391636090679 -0.49101175156684806 0.77982033968325715
  outer loop
   vertex -33.614097595214844 36.717044830322266 -38.456222534179688
   vertex -33.872669219970703 36.458477020263672 -38.490272521972656
   vertex -33.799057006835938 36.458477020263672 -38.526927947998047
  endloop
 endfacet
 facet normal 0.367658232337288 -0.56540491786839708 0.73833915177569431
  outer loop
   vertex -33.799057006835938 36.458477020263672 -38.526927947998047
   vertex -33.872669219970703 36.458477020263672 -38.490272521972656
   vertex -33.872669219970703 36.410610198974609 -38.526927947998047
  endloop
 endfacet
 facet normal 0.43447216675223405 -0.66815503680410115 0.60398905876756503
  outer loop
   vertex -33.799057006835938 36.458477020263672 -38.526927947998047
   vertex -33.872669219970703 36.410610198974609 -38.526927947998047
   vertex -33.872669219970703 36.199905395507812 -38.760017395019531
  endloop
 endfacet
 facet normal -0.18299983519580329 -0.72930233772925135 0.65926410527265766
  outer loop
   vertex -33.872669219970703 36.199905395507812 -38.760017395019531
   vertex -33.872669219970703 36.410610198974609 -38.526927947998047
   vertex -34.131237030029297 36.458477020263672 -38.545749664306641
  endloop
 endfacet
 facet normal -0.27614557292158515 -0.7617719141396273 0.5860436616702358
  outer loop
   vertex -33.872669219970703 36.199905395507812 -38.760017395019531
   vertex -34.131237030029297 36.458477020263672 -38.545749664306641
   vertex -34.131237030029297 36.274036407470703 -38.785495758056641
  endloop
 endfacet
 facet normal -0.17053165756483429 -0.28445933161037262 0.94339908969002617
  outer loop
   vertex -33.872669219970703 36.458477020263672 -38.490272521972656
   vertex -34.131237030029297 36.491920471191406 -38.526927947998047
   vertex -34.075450897216797 36.458477020263672 -38.526927947998047
  endloop
 endfacet
 facet normal -0.28208421130181044 -0.47053718559115731 0.836076105812257
  outer loop
   vertex -34.075450897216797 36.458477020263672 -38.526927947998047
   vertex -34.131237030029297 36.491920471191406 -38.526927947998047
   vertex -34.131237030029297 36.458477020263672 -38.545749664306641
  endloop
 endfacet
 facet normal -0.18989424112778694 -0.80446270878792625 0.56283205963776983
  outer loop
   vertex -34.075450897216797 36.458477020263672 -38.526927947998047
   vertex -34.131237030029297 36.458477020263672 -38.545749664306641
   vertex -33.872669219970703 36.410610198974609 -38.526927947998047
  endloop
 endfacet
 facet normal 0.49739139419294742 -0.49739139419294742 0.71077675958460551
  outer loop
   vertex -33.499698638916016 36.717044830322266 -38.526927947998047
   vertex -33.614097595214844 36.602645874023438 -38.526927947998047
   vertex -33.614097595214844 36.458477020263672 -38.627815246582031
  endloop
 endfacet
 facet normal 0.61990611786780292 -0.56686736389449333 0.5425659377268145
  outer loop
   vertex -33.096958160400391 36.717044830322266 -38.896354675292969
   vertex -33.096958160400391 36.575664520263672 -39.0440673828125
   vertex -32.967674255371094 36.717044830322266 -39.0440673828125
  endloop
 endfacet
 facet normal 0.73160813129411306 -0.50264878241117239 0.46053636530126651
  outer loop
   vertex -33.206687927246094 36.458477020263672 -39.0440673828125
   vertex -33.191806793212891 36.717044830322266 -38.785495758056641
   vertex -33.35552978515625 36.458477020263672 -38.8076171875
  endloop
 endfacet
 facet normal 0.73926992918040346 -0.50610486330781812 0.44422723818534132
  outer loop
   vertex -33.35552978515625 36.458477020263672 -38.8076171875
   vertex -33.191806793212891 36.717044830322266 -38.785495758056641
   vertex -33.35552978515625 36.477893829345703 -38.785495758056641
  endloop
 endfacet
 facet normal -0.77111780708629951 -0.54154655393845119 0.33482033616822726
  outer loop
   vertex -34.389808654785156 36.642566680908203 -39.0440673828125
   vertex -34.260524749755859 36.458477020263672 -39.0440673828125
   vertex -34.329841613769531 36.717044830322266 -38.785495758056641
  endloop
 endfacet
 facet normal 0.68192039666337034 -0.71191205711878736 0.16782668304941273
  outer loop
   vertex -32.838386535644531 36.660308837890625 -39.302635192871094
   vertex -33.049095153808594 36.458477020263672 -39.302635192871094
   vertex -32.985458374023438 36.458477020263672 -39.561206817626953
  endloop
 endfacet
 facet normal 0.60132326160674165 -0.78518086828804112 0.14799101028463868
  outer loop
   vertex -32.985458374023438 36.458477020263672 -39.561206817626953
   vertex -33.049095153808594 36.458477020263672 -39.302635192871094
   vertex -33.096958160400391 36.421821594238281 -39.302635192871094
  endloop
 endfacet
 facet normal 0.56615978552449076 -0.81418373289521973 0.12871653484952236
  outer loop
   vertex -32.985458374023438 36.458477020263672 -39.561206817626953
   vertex -33.096958160400391 36.421821594238281 -39.302635192871094
   vertex -33.096958160400391 36.380943298339844 -39.561206817626953
  endloop
 endfacet
 facet normal 0.23349406412234663 -0.96043013219279216 0.15183702840797783
  outer loop
   vertex -33.096958160400391 36.380943298339844 -39.561206817626953
   vertex -33.096958160400391 36.421821594238281 -39.302635192871094
   vertex -33.35552978515625 36.318080902099609 -39.561206817626953
  endloop
 endfacet
 facet normal 0.23541372948995237 -0.96832628351340744 -0.083214089100004399
  outer loop
   vertex -33.096958160400391 36.380943298339844 -39.561206817626953
   vertex -33.35552978515625 36.318080902099609 -39.561206817626953
   vertex -33.35552978515625 36.340301513671875 -39.819778442382812
  endloop
 endfacet
 facet normal -0.70674890067555163 -0.70674890067555163 -0.03181167690956594
  outer loop
   vertex -34.389808654785156 36.604133605957031 -39.561206817626953
   vertex -34.244152069091797 36.458477020263672 -39.561206817626953
   vertex -34.255790710449219 36.458477020263672 -39.302635192871094
  endloop
 endfacet
 facet normal -0.61643005042301979 -0.78692066643038705 -0.02774630930824297
  outer loop
   vertex -34.255790710449219 36.458477020263672 -39.302635192871094
   vertex -34.244152069091797 36.458477020263672 -39.561206817626953
   vertex -34.131237030029297 36.370025634765625 -39.561206817626953
  endloop
 endfacet
 facet normal -0.69617794779208753 -0.69617794779208753 -0.17513574739611223
  outer loop
   vertex -34.389808654785156 36.604133605957031 -39.561206817626953
   vertex -34.389808654785156 36.669181823730469 -39.819778442382812
   vertex -34.244152069091797 36.458477020263672 -39.561206817626953
  endloop
 endfacet
 facet normal -0.65398636129248844 -0.72346390212826872 -0.22113756252782904
  outer loop
   vertex -34.244152069091797 36.458477020263672 -39.561206817626953
   vertex -34.389808654785156 36.669181823730469 -39.819778442382812
   vertex -34.156719207763672 36.458477020263672 -39.819778442382812
  endloop
 endfacet
 facet normal -0.57370674976112579 -0.79575603995106314 -0.19399198478268892
  outer loop
   vertex -34.244152069091797 36.458477020263672 -39.561206817626953
   vertex -34.156719207763672 36.458477020263672 -39.819778442382812
   vertex -34.131237030029297 36.440105438232422 -39.819778442382812
  endloop
 endfacet
 facet normal -0.51101826286585361 -0.7088044011511424 -0.48626809059029941
  outer loop
   vertex -34.131237030029297 36.440105438232422 -39.819778442382812
   vertex -34.156719207763672 36.458477020263672 -39.819778442382812
   vertex -34.131237030029297 36.458477020263672 -39.8465576171875
  endloop
 endfacet
 facet normal -0.77792142279901855 -0.6093748474278875 -0.15329890825635245
  outer loop
   vertex -34.389808654785156 36.604133605957031 -39.561206817626953
   vertex -34.478256225585938 36.717044830322266 -39.561206817626953
   vertex -34.389808654785156 36.669181823730469 -39.819778442382812
  endloop
 endfacet
 facet normal 0.39806565763537199 -0.91562665962538303 -0.056316537487507326
  outer loop
   vertex -32.579818725585938 36.673160552978516 -39.819778442382812
   vertex -32.838386535644531 36.560749053955078 -39.819778442382812
   vertex -32.838386535644531 36.576652526855469 -40.078346252441406
  endloop
 endfacet
 facet normal 0.27566100636450785 -0.95944184823647938 -0.059011434677316732
  outer loop
   vertex -32.838386535644531 36.576652526855469 -40.078346252441406
   vertex -32.838386535644531 36.560749053955078 -39.819778442382812
   vertex -33.096958160400391 36.502361297607422 -40.078346252441406
  endloop
 endfacet
 facet normal 0.27195855168368238 -0.94655540481514977 -0.17341110628025508
  outer loop
   vertex -32.838386535644531 36.576652526855469 -40.078346252441406
   vertex -33.096958160400391 36.502361297607422 -40.078346252441406
   vertex -33.096958160400391 36.549732208251953 -40.336917877197266
  endloop
 endfacet
 facet normal 0.27638541275497286 -0.94531397884601498 -0.1731836742149184
  outer loop
   vertex -33.096958160400391 36.549732208251953 -40.336917877197266
   vertex -33.096958160400391 36.502361297607422 -40.078346252441406
   vertex -33.35552978515625 36.474132537841797 -40.336917877197266
  endloop
 endfacet
 facet normal 0.25934438355271255 -0.88702898124702367 -0.38199486534184035
  outer loop
   vertex -33.096958160400391 36.549732208251953 -40.336917877197266
   vertex -33.35552978515625 36.474132537841797 -40.336917877197266
   vertex -33.35552978515625 36.585483551025391 -40.595485687255859
  endloop
 endfacet
 facet normal -0.21129762246421588 -0.89771690145853578 -0.38659756799112832
  outer loop
   vertex -33.35552978515625 36.585483551025391 -40.595485687255859
   vertex -33.35552978515625 36.474132537841797 -40.336917877197266
   vertex -33.614097595214844 36.646343231201172 -40.595485687255859
  endloop
 endfacet
 facet normal -0.19632551101898188 -0.83410654305432053 -0.51548284991559767
  outer loop
   vertex -33.35552978515625 36.585483551025391 -40.595485687255859
   vertex -33.614097595214844 36.646343231201172 -40.595485687255859
   vertex -33.614097595214844 36.717044830322266 -40.709888458251953
  endloop
 endfacet
 facet normal 0.47190307080249222 -0.83486469301574695 -0.28338743113077669
  outer loop
   vertex -32.838386535644531 36.560749053955078 -39.819778442382812
   vertex -33.096958160400391 36.458477020263672 -39.949062347412109
   vertex -33.096958160400391 36.502361297607422 -40.078346252441406
  endloop
 endfacet
 facet normal 0.42430702109183877 -0.85746606626765198 -0.29105926724921272
  outer loop
   vertex -33.096958160400391 36.502361297607422 -40.078346252441406
   vertex -33.096958160400391 36.458477020263672 -39.949062347412109
   vertex -33.185642242431641 36.458477020263672 -40.078346252441406
  endloop
 endfacet
 facet normal 0.41960253919194002 -0.84795895611389271 -0.32388164173029876
  outer loop
   vertex -33.096958160400391 36.502361297607422 -40.078346252441406
   vertex -33.185642242431641 36.458477020263672 -40.078346252441406
   vertex -33.35552978515625 36.458477020263672 -40.298442840576172
  endloop
 endfacet
 facet normal -0.33356543748304979 -0.76453969781476627 -0.55155520973158023
  outer loop
   vertex -33.872669219970703 36.512882232666016 -40.078346252441406
   vertex -34.131237030029297 36.458477020263672 -39.8465576171875
   vertex -34.131237030029297 36.625694274902344 -40.078346252441406
  endloop
 endfacet
 facet normal -0.52376228440305483 -0.69085136803261327 -0.49839488031515755
  outer loop
   vertex -34.131237030029297 36.625694274902344 -40.078346252441406
   vertex -34.131237030029297 36.458477020263672 -39.8465576171875
   vertex -34.156719207763672 36.458477020263672 -39.819778442382812
  endloop
 endfacet
 facet normal -0.58861295917000478 -0.65114542670706621 -0.47910793937859436
  outer loop
   vertex -34.131237030029297 36.625694274902344 -40.078346252441406
   vertex -34.156719207763672 36.458477020263672 -39.819778442382812
   vertex -34.389808654785156 36.669181823730469 -39.819778442382812
  endloop
 endfacet
 facet normal -0.56739557196334622 -0.68856569577929616 -0.45159666463821552
  outer loop
   vertex -34.389808654785156 36.669181823730469 -39.819778442382812
   vertex -34.242095947265625 36.717044830322266 -40.078346252441406
   vertex -34.131237030029297 36.625694274902344 -40.078346252441406
  endloop
 endfacet
 facet normal 0.43127529188988606 -0.83568729754338567 -0.34004170822110397
  outer loop
   vertex -33.35552978515625 36.458477020263672 -40.298442840576172
   vertex -33.35552978515625 36.474132537841797 -40.336917877197266
   vertex -33.096958160400391 36.502361297607422 -40.078346252441406
  endloop
 endfacet
 facet normal -0.14206058997831122 -0.60182155260336856 0.78589414528744594
  outer loop
   vertex -33.872669219970703 36.458477020263672 -38.490272521972656
   vertex -34.075450897216797 36.458477020263672 -38.526927947998047
   vertex -33.872669219970703 36.410610198974609 -38.526927947998047
  endloop
 endfacet
 facet normal 0.38514235053747514 -0.67598742574118964 0.62825661163434521
  outer loop
   vertex -33.799057006835938 36.458477020263672 -38.526927947998047
   vertex -33.872669219970703 36.199905395507812 -38.760017395019531
   vertex -33.831108093261719 36.199905395507812 -38.785495758056641
  endloop
 endfacet
 facet normal 0.33750869127696892 -0.76352931716415628 0.55055505187342069
  outer loop
   vertex -33.831108093261719 36.199905395507812 -38.785495758056641
   vertex -33.872669219970703 36.199905395507812 -38.760017395019531
   vertex -33.872669219970703 36.181533813476562 -38.785495758056641
  endloop
 endfacet
 facet normal -0.26317443758294268 -0.68417499030979601 0.68017923964017923
  outer loop
   vertex -34.131237030029297 36.274036407470703 -38.785495758056641
   vertex -33.938518524169922 36.199905395507812 -38.785495758056641
   vertex -33.872669219970703 36.199905395507812 -38.760017395019531
  endloop
 endfacet
 facet normal -0.22071796558310691 -0.7911199173371245 0.57044969634609843
  outer loop
   vertex -33.872669219970703 36.199905395507812 -38.760017395019531
   vertex -33.938518524169922 36.199905395507812 -38.785495758056641
   vertex -33.872669219970703 36.181533813476562 -38.785495758056641
  endloop
 endfacet
 facet normal 0.59595010746643917 -0.71000858910306941 0.37514167032017171
  outer loop
   vertex -33.35552978515625 36.458477020263672 -38.8076171875
   vertex -33.35552978515625 36.333545684814453 -39.0440673828125
   vertex -33.206687927246094 36.458477020263672 -39.0440673828125
  endloop
 endfacet
 facet normal 0.60069316262869465 -0.71565941433424152 0.3563696494454977
  outer loop
   vertex -33.206687927246094 36.458477020263672 -39.0440673828125
   vertex -33.35552978515625 36.333545684814453 -39.0440673828125
   vertex -33.096958160400391 36.458477020263672 -39.229026794433594
  endloop
 endfacet
 facet normal 0.52259350402223048 -0.75222550356719498 0.4013138688568425
  outer loop
   vertex -33.548572540283203 36.199905395507812 -39.0440673828125
   vertex -33.374946594238281 36.458477020263672 -38.785495758056641
   vertex -33.614097595214844 36.199905395507812 -38.958740234375
  endloop
 endfacet
 facet normal 0.49504551863000273 -0.7508260228366308 0.43725303648537289
  outer loop
   vertex -33.614097595214844 36.199905395507812 -38.958740234375
   vertex -33.374946594238281 36.458477020263672 -38.785495758056641
   vertex -33.614097595214844 36.300796508789062 -38.785495758056641
  endloop
 endfacet
 facet normal 0.56543161294945499 -0.73831516782982742 0.3676653424376457
  outer loop
   vertex -33.049095153808594 36.458477020263672 -39.302635192871094
   vertex -33.096958160400391 36.458477020263672 -39.229026794433594
   vertex -33.096958160400391 36.421821594238281 -39.302635192871094
  endloop
 endfacet
 facet normal 0.60069647083880939 -0.71565175991054097 0.35637944449525233
  outer loop
   vertex -33.096958160400391 36.421821594238281 -39.302635192871094
   vertex -33.096958160400391 36.458477020263672 -39.229026794433594
   vertex -33.35552978515625 36.333545684814453 -39.0440673828125
  endloop
 endfacet
 facet normal 0.41741357909235849 -0.90210255807987927 0.10943892678131137
  outer loop
   vertex -33.096958160400391 36.421821594238281 -39.302635192871094
   vertex -33.35552978515625 36.333545684814453 -39.0440673828125
   vertex -33.35552978515625 36.302177429199219 -39.302635192871094
  endloop
 endfacet
 facet normal 0.41928322566641035 -0.906143185988595 -0.055732424684455578
  outer loop
   vertex -33.35552978515625 36.302177429199219 -39.302635192871094
   vertex -33.35552978515625 36.318080902099609 -39.561206817626953
   vertex -33.096958160400391 36.421821594238281 -39.302635192871094
  endloop
 endfacet
 facet normal -0 -0.91507648537747821 -0.40328033166669797
  outer loop
   vertex -33.872669219970703 36.291160583496094 -39.561206817626953
   vertex -33.614097595214844 36.291160583496094 -39.561206817626953
   vertex -33.872669219970703 36.199905395507812 -39.354141235351562
  endloop
 endfacet
 facet normal 0 -0.91507648537747821 -0.40328033166669797
  outer loop
   vertex -33.872669219970703 36.199905395507812 -39.354141235351562
   vertex -33.614097595214844 36.291160583496094 -39.561206817626953
   vertex -33.614097595214844 36.199905395507812 -39.354141235351562
  endloop
 endfacet
 facet normal -0.45740530750993746 -0.81373939090705749 -0.35862039588951256
  outer loop
   vertex -33.872669219970703 36.199905395507812 -39.354141235351562
   vertex -33.913051605224609 36.199905395507812 -39.302635192871094
   vertex -33.872669219970703 36.291160583496094 -39.561206817626953
  endloop
 endfacet
 facet normal -0.51287516851600223 -0.78125088256208752 -0.35581753753242934
  outer loop
   vertex -33.872669219970703 36.291160583496094 -39.561206817626953
   vertex -33.913051605224609 36.199905395507812 -39.302635192871094
   vertex -34.131237030029297 36.3431396484375 -39.302635192871094
  endloop
 endfacet
 facet normal 0 -0.95935468303982885 -0.28220310439389151
  outer loop
   vertex -33.872669219970703 36.291160583496094 -39.561206817626953
   vertex -33.872669219970703 36.367221832275391 -39.819778442382812
   vertex -33.614097595214844 36.291160583496094 -39.561206817626953
  endloop
 endfacet
 facet normal -0.10175009817097598 -0.97731711836804092 -0.18573682366990402
  outer loop
   vertex -33.614097595214844 36.291160583496094 -39.561206817626953
   vertex -33.872669219970703 36.367221832275391 -39.819778442382812
   vertex -33.614097595214844 36.340301513671875 -39.819778442382812
  endloop
 endfacet
 facet normal -0.60309325510806333 -0.76989521504285474 -0.2086621276065132
  outer loop
   vertex -34.131237030029297 36.370025634765625 -39.561206817626953
   vertex -34.244152069091797 36.458477020263672 -39.561206817626953
   vertex -34.131237030029297 36.440105438232422 -39.819778442382812
  endloop
 endfacet
 facet normal -0.3467552724511071 -0.81264700969282666 -0.46836483500009407
  outer loop
   vertex -33.754634857177734 36.458477020263672 -40.078346252441406
   vertex -33.614097595214844 36.398509979248047 -40.078346252441406
   vertex -33.872669219970703 36.458477020263672 -39.990959167480469
  endloop
 endfacet
 facet normal -0.34174377263298245 -0.82931212539822752 -0.44210020643972897
  outer loop
   vertex -33.872669219970703 36.458477020263672 -39.990959167480469
   vertex -33.614097595214844 36.398509979248047 -40.078346252441406
   vertex -33.872669219970703 36.367221832275391 -39.819778442382812
  endloop
 endfacet
 facet normal -0.10104985913824331 -0.97059127135716972 -0.21849830647722188
  outer loop
   vertex -33.872669219970703 36.367221832275391 -39.819778442382812
   vertex -33.614097595214844 36.398509979248047 -40.078346252441406
   vertex -33.614097595214844 36.340301513671875 -39.819778442382812
  endloop
 endfacet
 facet normal 0.5117008998184801 -0.76403740926478025 0.3929491396719435
  outer loop
   vertex -33.614097595214844 36.199905395507812 -38.958740234375
   vertex -33.614097595214844 36.156021118164062 -39.0440673828125
   vertex -33.548572540283203 36.199905395507812 -39.0440673828125
  endloop
 endfacet
 facet normal 0.55608178100988748 -0.83030395970156801 -0.036991719786574354
  outer loop
   vertex -33.548572540283203 36.199905395507812 -39.0440673828125
   vertex -33.614097595214844 36.156021118164062 -39.0440673828125
   vertex -33.565773010253906 36.199905395507812 -39.302635192871094
  endloop
 endfacet
 facet normal -0.26243384059528818 -0.94064222515694862 0.21522240487967656
  outer loop
   vertex -33.872669219970703 36.181533813476562 -38.785495758056641
   vertex -33.938518524169922 36.199905395507812 -38.785495758056641
   vertex -33.872669219970703 36.122371673583984 -39.0440673828125
  endloop
 endfacet
endsolid
